time,x,y,z,step,clearWeight,rainWeight,snowWeight,support,bodyClear
5.7510,-0.0003,0.8000,-0.0025,0.00256,1.0000,0.0000,0.0000,True,True
5.7586,-0.0005,0.8000,-0.0042,0.00168,1.0000,0.0000,0.0000,True,True
5.7668,-0.0008,0.8000,-0.0064,0.00220,1.0000,0.0000,0.0000,True,True
5.7792,-0.0013,0.8000,-0.0106,0.00428,1.0000,0.0000,0.0000,True,True
5.7835,-0.0015,0.8000,-0.0124,0.00178,1.0000,0.0000,0.0000,True,True
5.7921,-0.0019,0.8000,-0.0161,0.00376,1.0000,0.0000,0.0000,True,True
5.8003,-0.0024,0.8000,-0.0204,0.00428,1.0000,0.0000,0.0000,True,True
5.8086,-0.0030,0.8000,-0.0252,0.00480,1.0000,0.0000,0.0000,True,True
5.8169,-0.0036,0.8000,-0.0304,0.00532,1.0000,0.0000,0.0000,True,True
5.8253,-0.0043,0.8000,-0.0362,0.00584,1.0000,0.0000,0.0000,True,True
5.8336,-0.0050,0.8000,-0.0426,0.00637,1.0000,0.0000,0.0000,True,True
5.8420,-0.0059,0.8000,-0.0494,0.00688,1.0000,0.0000,0.0000,True,True
5.8503,-0.0067,0.8000,-0.0567,0.00740,1.0000,0.0000,0.0000,True,True
5.8586,-0.0077,0.8000,-0.0646,0.00792,1.0000,0.0000,0.0000,True,True
5.8669,-0.0087,0.8000,-0.0730,0.00845,1.0000,0.0000,0.0000,True,True
5.8752,-0.0097,0.8000,-0.0819,0.00897,1.0000,0.0000,0.0000,True,True
5.8835,-0.0108,0.8000,-0.0913,0.00948,1.0000,0.0000,0.0000,True,True
5.8918,-0.0120,0.8000,-0.1013,0.01001,1.0000,0.0000,0.0000,True,True
5.9002,-0.0132,0.8000,-0.1117,0.01053,1.0000,0.0000,0.0000,True,True
5.9085,-0.0145,0.8000,-0.1227,0.01105,1.0000,0.0000,0.0000,True,True
5.9168,-0.0159,0.8000,-0.1342,0.01157,1.0000,0.0000,0.0000,True,True
5.9254,-0.0173,0.8000,-0.1463,0.01215,1.0000,0.0000,0.0000,True,True
5.9335,-0.0188,0.8000,-0.1587,0.01256,1.0000,0.0000,0.0000,True,True
5.9419,-0.0204,0.8000,-0.1718,0.01314,1.0000,0.0000,0.0000,True,True
5.9502,-0.0220,0.8000,-0.1853,0.01365,1.0000,0.0000,0.0000,True,True
5.9585,-0.0236,0.8000,-0.1994,0.01418,1.0000,0.0000,0.0000,True,True
5.9668,-0.0254,0.8000,-0.2140,0.01469,1.0000,0.0000,0.0000,True,True
5.9752,-0.0272,0.8000,-0.2291,0.01522,1.0000,0.0000,0.0000,True,True
5.9835,-0.0290,0.8000,-0.2447,0.01574,1.0000,0.0000,0.0000,True,True
5.9918,-0.0309,0.8000,-0.2609,0.01626,1.0000,0.0000,0.0000,True,True
6.0002,-0.0329,0.8000,-0.2776,0.01678,1.0000,0.0000,0.0000,True,True
6.0085,-0.0349,0.8000,-0.2947,0.01730,1.0000,0.0000,0.0000,True,True
6.0168,-0.0370,0.8000,-0.3124,0.01782,1.0000,0.0000,0.0000,True,True
6.0252,-0.0392,0.8000,-0.3307,0.01835,1.0000,0.0000,0.0000,True,True
6.0335,-0.0414,0.8000,-0.3494,0.01886,1.0000,0.0000,0.0000,True,True
6.0419,-0.0437,0.8000,-0.3686,0.01939,1.0000,0.0000,0.0000,True,True
6.0502,-0.0460,0.8000,-0.3884,0.01991,1.0000,0.0000,0.0000,True,True
6.0585,-0.0484,0.8000,-0.4087,0.02042,1.0000,0.0000,0.0000,True,True
6.0670,-0.0509,0.8000,-0.4295,0.02097,1.0000,0.0000,0.0000,True,True
6.0752,-0.0534,0.8000,-0.4508,0.02145,1.0000,0.0000,0.0000,True,True
6.0835,-0.0560,0.8000,-0.4726,0.02199,1.0000,0.0000,0.0000,True,True
6.0919,-0.0587,0.8000,-0.4950,0.02252,1.0000,0.0000,0.0000,True,True
6.1002,-0.0614,0.8000,-0.5179,0.02303,1.0000,0.0000,0.0000,True,True
6.1085,-0.0642,0.8000,-0.5413,0.02355,1.0000,0.0000,0.0000,True,True
6.1169,-0.0670,0.8000,-0.5652,0.02407,1.0000,0.0000,0.0000,True,True
6.1252,-0.0699,0.8000,-0.5896,0.02460,1.0000,0.0000,0.0000,True,True
6.1335,-0.0728,0.8000,-0.6145,0.02511,1.0000,0.0000,0.0000,True,True
6.1419,-0.0759,0.8000,-0.6400,0.02563,1.0000,0.0000,0.0000,True,True
6.1503,-0.0789,0.8000,-0.6660,0.02616,1.0000,0.0000,0.0000,True,True
6.1586,-0.0821,0.8000,-0.6925,0.02668,1.0000,0.0000,0.0000,True,True
6.1669,-0.0853,0.8000,-0.7195,0.02720,1.0000,0.0000,0.0000,True,True
6.1753,-0.0885,0.8000,-0.7470,0.02772,1.0000,0.0000,0.0000,True,True
6.1836,-0.0919,0.8000,-0.7750,0.02824,1.0000,0.0000,0.0000,True,True
6.1920,-0.0952,0.8000,-0.8036,0.02877,1.0000,0.0000,0.0000,True,True
6.2002,-0.0987,0.8000,-0.8327,0.02927,1.0000,0.0000,0.0000,True,True
6.2087,-0.1022,0.8000,-0.8623,0.02981,1.0000,0.0000,0.0000,True,True
6.2169,-0.1058,0.8000,-0.8924,0.03032,1.0000,0.0000,0.0000,True,True
6.2253,-0.1094,0.8000,-0.9230,0.03085,1.0000,0.0000,0.0000,True,True
6.2336,-0.1131,0.8000,-0.9542,0.03136,1.0000,0.0000,0.0000,True,True
6.2419,-0.1168,0.8000,-0.9858,0.03189,1.0000,0.0000,0.0000,True,True
6.2502,-0.1207,0.8000,-1.0180,0.03240,1.0000,0.0000,0.0000,True,True
6.2589,-0.1246,0.8000,-1.0516,0.03387,1.0000,0.0000,0.0000,True,True
6.2671,-0.1286,0.8000,-1.0848,0.03341,1.0000,0.0000,0.0000,True,True
6.2755,-0.1326,0.8000,-1.1186,0.03399,1.0000,0.0000,0.0000,True,True
6.2838,-0.1366,0.8000,-1.1528,0.03450,1.0000,0.0000,0.0000,True,True
6.2922,-0.1408,0.8000,-1.1876,0.03504,1.0000,0.0000,0.0000,True,True
6.3005,-0.1449,0.8000,-1.2229,0.03553,1.0000,0.0000,0.0000,True,True
6.3089,-0.1492,0.8000,-1.2587,0.03609,1.0000,0.0000,0.0000,True,True
6.3171,-0.1535,0.8000,-1.2950,0.03655,1.0000,0.0000,0.0000,True,True
6.3256,-0.1579,0.8000,-1.3319,0.03711,1.0000,0.0000,0.0000,True,True
6.3338,-0.1623,0.8000,-1.3693,0.03764,1.0000,0.0000,0.0000,True,True
6.3421,-0.1668,0.8000,-1.4072,0.03815,1.0000,0.0000,0.0000,True,True
6.3505,-0.1713,0.8000,-1.4456,0.03867,1.0000,0.0000,0.0000,True,True
6.3588,-0.1759,0.8000,-1.4845,0.03919,1.0000,0.0000,0.0000,True,True
6.3671,-0.1806,0.8000,-1.5239,0.03971,1.0000,0.0000,0.0000,True,True
6.3755,-0.1854,0.8000,-1.5639,0.04027,1.0000,0.0000,0.0000,True,True
6.3837,-0.1902,0.8000,-1.6043,0.04072,1.0000,0.0000,0.0000,True,True
6.3921,-0.1950,0.8000,-1.6453,0.04129,1.0000,0.0000,0.0000,True,True
6.4004,-0.1999,0.8000,-1.6868,0.04179,1.0000,0.0000,0.0000,True,True
6.4089,-0.2049,0.8000,-1.7289,0.04232,1.0000,0.0000,0.0000,True,True
6.4172,-0.2100,0.8000,-1.7714,0.04284,1.0000,0.0000,0.0000,True,True
6.4255,-0.2151,0.8000,-1.8145,0.04335,1.0000,0.0000,0.0000,True,True
6.4338,-0.2202,0.8000,-1.8580,0.04388,1.0000,0.0000,0.0000,True,True
6.4422,-0.2254,0.8000,-1.9021,0.04440,1.0000,0.0000,0.0000,True,True
6.4505,-0.2307,0.8000,-1.9467,0.04493,1.0000,0.0000,0.0000,True,True
6.4591,-0.2360,0.8000,-1.9916,0.04512,1.0000,0.0000,0.0000,True,True
6.4671,-0.2413,0.8000,-2.0362,0.04497,1.0000,0.0000,0.0000,True,True
6.4755,-0.2466,0.8000,-2.0809,0.04501,1.0000,0.0000,0.0000,True,True
6.4838,-0.2519,0.8000,-2.1256,0.04502,1.0000,0.0000,0.0000,True,True
6.4922,-0.2572,0.8000,-2.1703,0.04504,1.0000,0.0000,0.0000,True,True
6.5004,-0.2625,0.8000,-2.2150,0.04494,1.0000,0.0000,0.0000,True,True
6.5088,-0.2678,0.8000,-2.2597,0.04502,1.0000,0.0000,0.0000,True,True
6.5171,-0.2731,0.8000,-2.3044,0.04499,1.0000,0.0000,0.0000,True,True
6.5254,-0.2784,0.8000,-2.3490,0.04499,1.0000,0.0000,0.0000,True,True
6.5339,-0.2837,0.8000,-2.3938,0.04505,1.0000,0.0000,0.0000,True,True
6.5421,-0.2890,0.8000,-2.4384,0.04497,1.0000,0.0000,0.0000,True,True
6.5504,-0.2943,0.8000,-2.4831,0.04499,1.0000,0.0000,0.0000,True,True
6.5588,-0.2996,0.8000,-2.5278,0.04502,1.0000,0.0000,0.0000,True,True
6.5673,-0.3049,0.8000,-2.5725,0.04499,1.0000,0.0000,0.0000,True,True
6.5754,-0.3102,0.8000,-2.6172,0.04501,1.0000,0.0000,0.0000,True,True
6.5838,-0.3155,0.8000,-2.6619,0.04499,1.0000,0.0000,0.0000,True,True
6.5921,-0.3208,0.8000,-2.7066,0.04500,1.0000,0.0000,0.0000,True,True
6.6004,-0.3261,0.8000,-2.7512,0.04500,1.0000,0.0000,0.0000,True,True
6.6088,-0.3314,0.8000,-2.7959,0.04501,1.0000,0.0000,0.0000,True,True
6.6171,-0.3367,0.8000,-2.8406,0.04501,1.0000,0.0000,0.0000,True,True
6.6255,-0.3420,0.8000,-2.8853,0.04500,1.0000,0.0000,0.0000,True,True
6.6338,-0.3473,0.8000,-2.9300,0.04500,1.0000,0.0000,0.0000,True,True
6.6422,-0.3526,0.8000,-2.9747,0.04501,1.0000,0.0000,0.0000,True,True
6.6504,-0.3579,0.8000,-3.0194,0.04500,1.0000,0.0000,0.0000,True,True
6.6588,-0.3632,0.8000,-3.0641,0.04503,1.0000,0.0000,0.0000,True,True
6.6671,-0.3685,0.8000,-3.1088,0.04496,1.0000,0.0000,0.0000,True,True
6.6755,-0.3737,0.8000,-3.1530,0.04456,1.0000,0.0000,0.0000,True,True
6.6838,-0.3789,0.8000,-3.1967,0.04403,1.0000,0.0000,0.0000,True,True
6.6924,-0.3840,0.8000,-3.2399,0.04350,1.0000,0.0000,0.0000,True,True
6.7006,-0.3891,0.8000,-3.2826,0.04300,1.0000,0.0000,0.0000,True,True
6.7088,-0.3941,0.8000,-3.3248,0.04245,1.0000,0.0000,0.0000,True,True
6.7171,-0.3990,0.8000,-3.3664,0.04195,1.0000,0.0000,0.0000,True,True
6.7255,-0.4039,0.8000,-3.4076,0.04142,1.0000,0.0000,0.0000,True,True
6.7338,-0.4087,0.8000,-3.4482,0.04091,1.0000,0.0000,0.0000,True,True
6.7421,-0.4134,0.8000,-3.4883,0.04038,1.0000,0.0000,0.0000,True,True
6.7505,-0.4181,0.8000,-3.5279,0.03986,1.0000,0.0000,0.0000,True,True
6.7588,-0.4228,0.8000,-3.5669,0.03934,1.0000,0.0000,0.0000,True,True
6.7672,-0.4273,0.8000,-3.6055,0.03885,1.0000,0.0000,0.0000,True,True
6.7755,-0.4318,0.8000,-3.6435,0.03827,1.0000,0.0000,0.0000,True,True
6.7839,-0.4363,0.8000,-3.6811,0.03780,1.0000,0.0000,0.0000,True,True
6.7922,-0.4407,0.8000,-3.7180,0.03723,1.0000,0.0000,0.0000,True,True
6.8005,-0.4450,0.8000,-3.7545,0.03674,1.0000,0.0000,0.0000,True,True
6.8089,-0.4493,0.8000,-3.7905,0.03625,1.0000,0.0000,0.0000,True,True
6.8173,-0.4535,0.8000,-3.8259,0.03566,1.0000,0.0000,0.0000,True,True
6.8256,-0.4576,0.8000,-3.8609,0.03520,1.0000,0.0000,0.0000,True,True
6.8338,-0.4617,0.8000,-3.8953,0.03462,1.0000,0.0000,0.0000,True,True
6.8422,-0.4657,0.8000,-3.9292,0.03413,1.0000,0.0000,0.0000,True,True
6.8505,-0.4697,0.8000,-3.9625,0.03362,1.0000,0.0000,0.0000,True,True
6.8589,-0.4735,0.8000,-3.9954,0.03309,1.0000,0.0000,0.0000,True,True
6.8672,-0.4774,0.8000,-4.0277,0.03257,1.0000,0.0000,0.0000,True,True
6.8755,-0.4812,0.8000,-4.0596,0.03205,1.0000,0.0000,0.0000,True,True
6.8839,-0.4849,0.8000,-4.0909,0.03153,1.0000,0.0000,0.0000,True,True
6.8922,-0.4885,0.8000,-4.1217,0.03100,1.0000,0.0000,0.0000,True,True
6.9005,-0.4921,0.8000,-4.1519,0.03048,1.0000,0.0000,0.0000,True,True
6.9089,-0.4956,0.8000,-4.1819,0.03015,1.0000,0.0000,0.0000,True,True
6.9172,-0.4991,0.8000,-4.2111,0.02944,1.0000,0.0000,0.0000,True,True
6.9256,-0.5025,0.8000,-4.2398,0.02892,1.0000,0.0000,0.0000,True,True
6.9340,-0.5059,0.8000,-4.2680,0.02840,1.0000,0.0000,0.0000,True,True
6.9423,-0.5091,0.8000,-4.2958,0.02793,1.0000,0.0000,0.0000,True,True
6.9505,-0.5124,0.8000,-4.3229,0.02731,1.0000,0.0000,0.0000,True,True
6.9589,-0.5155,0.8000,-4.3495,0.02684,1.0000,0.0000,0.0000,True,True
6.9672,-0.5186,0.8000,-4.3757,0.02631,1.0000,0.0000,0.0000,True,True
6.9755,-0.5217,0.8000,-4.4013,0.02580,1.0000,0.0000,0.0000,True,True
6.9839,-0.5246,0.8000,-4.4264,0.02527,1.0000,0.0000,0.0000,True,True
6.9922,-0.5275,0.8000,-4.4510,0.02475,1.0000,0.0000,0.0000,True,True
7.0005,-0.5304,0.8000,-4.4750,0.02423,1.0000,0.0000,0.0000,True,True
7.0089,-0.5332,0.8000,-4.4986,0.02372,1.0000,0.0000,0.0000,True,True
7.0172,-0.5359,0.8000,-4.5216,0.02318,1.0000,0.0000,0.0000,True,True
7.0256,-0.5386,0.8000,-4.5441,0.02268,1.0000,0.0000,0.0000,True,True
7.0339,-0.5412,0.8000,-4.5661,0.02214,1.0000,0.0000,0.0000,True,True
7.0423,-0.5437,0.8000,-4.5876,0.02163,1.0000,0.0000,0.0000,True,True
7.0506,-0.5462,0.8000,-4.6085,0.02111,1.0000,0.0000,0.0000,True,True
7.0590,-0.5486,0.8000,-4.6290,0.02060,1.0000,0.0000,0.0000,True,True
7.0674,-0.5510,0.8000,-4.6489,0.02005,1.0000,0.0000,0.0000,True,True
7.0756,-0.5533,0.8000,-4.6683,0.01955,1.0000,0.0000,0.0000,True,True
7.0839,-0.5555,0.8000,-4.6872,0.01902,1.0000,0.0000,0.0000,True,True
7.0922,-0.5577,0.8000,-4.7056,0.01850,1.0000,0.0000,0.0000,True,True
7.1005,-0.5598,0.8000,-4.7234,0.01798,1.0000,0.0000,0.0000,True,True
7.1090,-0.5619,0.8000,-4.7408,0.01746,1.0000,0.0000,0.0000,True,True
7.1173,-0.5639,0.8000,-4.7576,0.01694,1.0000,0.0000,0.0000,True,True
7.1256,-0.5658,0.8000,-4.7739,0.01642,1.0000,0.0000,0.0000,True,True
7.1338,-0.5677,0.8000,-4.7897,0.01590,1.0000,0.0000,0.0000,True,True
7.1422,-0.5695,0.8000,-4.8049,0.01537,1.0000,0.0000,0.0000,True,True
7.1505,-0.5712,0.8000,-4.8197,0.01486,1.0000,0.0000,0.0000,True,True
7.1589,-0.5729,0.8000,-4.8339,0.01433,1.0000,0.0000,0.0000,True,True
7.1672,-0.5746,0.8000,-4.8477,0.01382,1.0000,0.0000,0.0000,True,True
7.1755,-0.5761,0.8000,-4.8609,0.01329,1.0000,0.0000,0.0000,True,True
7.1839,-0.5776,0.8000,-4.8735,0.01277,1.0000,0.0000,0.0000,True,True
7.1922,-0.5791,0.8000,-4.8857,0.01225,1.0000,0.0000,0.0000,True,True
7.2005,-0.5804,0.8000,-4.8974,0.01173,1.0000,0.0000,0.0000,True,True
7.2088,-0.5818,0.8000,-4.9085,0.01121,1.0000,0.0000,0.0000,True,True
7.2172,-0.5830,0.8000,-4.9191,0.01069,1.0000,0.0000,0.0000,True,True
7.2256,-0.5842,0.8000,-4.9292,0.01017,1.0000,0.0000,0.0000,True,True
7.2339,-0.5854,0.8000,-4.9388,0.00964,1.0000,0.0000,0.0000,True,True
7.2423,-0.5864,0.8000,-4.9478,0.00913,1.0000,0.0000,0.0000,True,True
7.2505,-0.5874,0.8000,-4.9564,0.00860,1.0000,0.0000,0.0000,True,True
7.2590,-0.5884,0.8000,-4.9645,0.00814,1.0000,0.0000,0.0000,True,True
7.2672,-0.5893,0.8000,-4.9722,0.00779,1.0000,0.0000,0.0000,True,True
7.2757,-0.5902,0.8000,-4.9796,0.00749,1.0000,0.0000,0.0000,True,True
7.2839,-0.5902,0.8000,-4.9796,0.00000,1.0000,0.0000,0.0000,True,True
7.2922,-0.5903,0.8000,-4.9801,0.00052,1.0000,0.0000,0.0000,True,True
7.3006,-0.5906,0.8000,-4.9811,0.00105,1.0000,0.0000,0.0000,True,True
7.3090,-0.5911,0.8000,-4.9826,0.00157,1.0000,0.0000,0.0000,True,True
7.3173,-0.5917,0.8000,-4.9846,0.00209,1.0000,0.0000,0.0000,True,True
7.3256,-0.5924,0.8000,-4.9871,0.00261,1.0000,0.0000,0.0000,True,True
7.3340,-0.5933,0.8000,-4.9901,0.00313,1.0000,0.0000,0.0000,True,True
7.3423,-0.5943,0.8000,-4.9936,0.00365,1.0000,0.0000,0.0000,True,True
7.3506,-0.5955,0.8000,-4.9976,0.00417,1.0000,0.0000,0.0000,True,True
7.3590,-0.5969,0.8000,-5.0021,0.00469,1.0000,0.0000,0.0000,True,True
7.3673,-0.5983,0.8000,-5.0071,0.00521,1.0000,0.0000,0.0000,True,True
7.3757,-0.6000,0.8000,-5.0126,0.00573,1.0000,0.0000,0.0000,True,True
7.3840,-0.6017,0.8000,-5.0186,0.00625,1.0000,0.0000,0.0000,True,True
7.3923,-0.6036,0.8000,-5.0251,0.00677,1.0000,0.0000,0.0000,True,True
7.4008,-0.6057,0.8000,-5.0321,0.00729,1.0000,0.0000,0.0000,True,True
7.4090,-0.6079,0.8000,-5.0396,0.00782,1.0000,0.0000,0.0000,True,True
7.4176,-0.6103,0.8000,-5.0476,0.00834,1.0000,0.0000,0.0000,True,True
7.4259,-0.6128,0.8000,-5.0561,0.00886,1.0000,0.0000,0.0000,True,True
7.4341,-0.6155,0.8000,-5.0651,0.00938,1.0000,0.0000,0.0000,True,True
7.4423,-0.6183,0.8000,-5.0746,0.00989,1.0000,0.0000,0.0000,True,True
7.4507,-0.6212,0.8000,-5.0846,0.01043,1.0000,0.0000,0.0000,True,True
7.4589,-0.6243,0.8000,-5.0951,0.01094,1.0000,0.0000,0.0000,True,True
7.4673,-0.6276,0.8000,-5.1061,0.01146,1.0000,0.0000,0.0000,True,True
7.4757,-0.6310,0.8000,-5.1176,0.01199,1.0000,0.0000,0.0000,True,True
7.4840,-0.6345,0.8000,-5.1296,0.01250,1.0000,0.0000,0.0000,True,True
7.4923,-0.6382,0.8000,-5.1421,0.01302,1.0000,0.0000,0.0000,True,True
7.5007,-0.6420,0.8000,-5.1550,0.01355,1.0000,0.0000,0.0000,True,True
7.5090,-0.6460,0.8000,-5.1685,0.01407,1.0000,0.0000,0.0000,True,True
7.5173,-0.6502,0.8000,-5.1825,0.01458,1.0000,0.0000,0.0000,True,True
7.5256,-0.6544,0.8000,-5.1970,0.01511,1.0000,0.0000,0.0000,True,True
7.5340,-0.6589,0.8000,-5.2120,0.01563,1.0000,0.0000,0.0000,True,True
7.5424,-0.6635,0.8000,-5.2275,0.01614,1.0000,0.0000,0.0000,True,True
7.5506,-0.6682,0.8000,-5.2435,0.01668,1.0000,0.0000,0.0000,True,True
7.5590,-0.6731,0.8000,-5.2600,0.01719,1.0000,0.0000,0.0000,True,True
7.5673,-0.6781,0.8000,-5.2770,0.01771,1.0000,0.0000,0.0000,True,True
7.5756,-0.6832,0.8000,-5.2944,0.01823,1.0000,0.0000,0.0000,True,True
7.5840,-0.6886,0.8000,-5.3124,0.01876,1.0000,0.0000,0.0000,True,True
7.5923,-0.6940,0.8000,-5.3309,0.01927,1.0000,0.0000,0.0000,True,True
7.6006,-0.6996,0.8000,-5.3499,0.01980,1.0000,0.0000,0.0000,True,True
7.6089,-0.7054,0.8000,-5.3694,0.02031,1.0000,0.0000,0.0000,True,True
7.6173,-0.7113,0.8000,-5.3894,0.02085,1.0000,0.0000,0.0000,True,True
7.6256,-0.7174,0.8000,-5.4099,0.02136,1.0000,0.0000,0.0000,True,True
7.6340,-0.7236,0.8000,-5.4308,0.02188,1.0000,0.0000,0.0000,True,True
7.6423,-0.7299,0.8000,-5.4523,0.02240,1.0000,0.0000,0.0000,True,True
7.6507,-0.7364,0.8000,-5.4743,0.02294,1.0000,0.0000,0.0000,True,True
7.6590,-0.7431,0.8000,-5.4968,0.02344,1.0000,0.0000,0.0000,True,True
7.6675,-0.7500,0.8000,-5.5203,0.02451,1.0000,0.0000,0.0000,True,True
7.6759,-0.7569,0.8000,-5.5438,0.02449,1.0000,0.0000,0.0000,True,True
7.6842,-0.7640,0.8000,-5.5678,0.02504,1.0000,0.0000,0.0000,True,True
7.6925,-0.7713,0.8000,-5.5923,0.02551,1.0000,0.0000,0.0000,True,True
7.7009,-0.7787,0.8000,-5.6173,0.02606,1.0000,0.0000,0.0000,True,True
7.7091,-0.7862,0.8000,-5.6427,0.02657,1.0000,0.0000,0.0000,True,True
7.7175,-0.7939,0.8000,-5.6687,0.02710,1.0000,0.0000,0.0000,True,True
7.7258,-0.8017,0.8000,-5.6952,0.02762,1.0000,0.0000,0.0000,True,True
7.7341,-0.8097,0.8000,-5.7222,0.02814,1.0000,0.0000,0.0000,True,True
7.7425,-0.8178,0.8000,-5.7497,0.02867,1.0000,0.0000,0.0000,True,True
7.7509,-0.8261,0.8000,-5.7777,0.02919,1.0000,0.0000,0.0000,True,True
7.7591,-0.8345,0.8000,-5.8062,0.02970,1.0000,0.0000,0.0000,True,True
7.7675,-0.8431,0.8000,-5.8352,0.03024,1.0000,0.0000,0.0000,True,True
7.7758,-0.8518,0.8000,-5.8647,0.03075,1.0000,0.0000,0.0000,True,True
7.7842,-0.8607,0.8000,-5.8947,0.03128,1.0000,0.0000,0.0000,True,True
7.7924,-0.8697,0.8000,-5.9251,0.03177,1.0000,0.0000,0.0000,True,True
7.8008,-0.8788,0.8000,-5.9561,0.03231,1.0000,0.0000,0.0000,True,True
7.8091,-0.8881,0.8000,-5.9876,0.03283,1.0000,0.0000,0.0000,True,True
7.8175,-0.8976,0.8000,-6.0196,0.03336,1.0000,0.0000,0.0000,True,True
7.8258,-0.9072,0.8000,-6.0521,0.03386,1.0000,0.0000,0.0000,True,True
7.8341,-0.9169,0.8000,-6.0851,0.03442,1.0000,0.0000,0.0000,True,True
7.8425,-0.9268,0.8000,-6.1185,0.03490,1.0000,0.0000,0.0000,True,True
7.8508,-0.9369,0.8000,-6.1525,0.03544,1.0000,0.0000,0.0000,True,True
7.8592,-0.9471,0.8000,-6.1870,0.03595,1.0000,0.0000,0.0000,True,True
7.8675,-0.9574,0.8000,-6.2220,0.03647,1.0000,0.0000,0.0000,True,True
7.8759,-0.9679,0.8000,-6.2575,0.03700,1.0000,0.0000,0.0000,True,True
7.8842,-0.9785,0.8000,-6.2934,0.03752,1.0000,0.0000,0.0000,True,True
7.8925,-0.9893,0.8000,-6.3299,0.03802,1.0000,0.0000,0.0000,True,True
7.9009,-1.0002,0.8000,-6.3669,0.03857,1.0000,0.0000,0.0000,True,True
7.9091,-1.0113,0.8000,-6.4044,0.03908,1.0000,0.0000,0.0000,True,True
7.9175,-1.0225,0.8000,-6.4423,0.03960,1.0000,0.0000,0.0000,True,True
7.9258,-1.0339,0.8000,-6.4808,0.04012,1.0000,0.0000,0.0000,True,True
7.9342,-1.0454,0.8000,-6.5198,0.04067,1.0000,0.0000,0.0000,True,True
7.9425,-1.0571,0.8000,-6.5593,0.04114,1.0000,0.0000,0.0000,True,True
7.9508,-1.0689,0.8000,-6.5993,0.04169,1.0000,0.0000,0.0000,True,True
7.9592,-1.0809,0.8000,-6.6397,0.04220,1.0000,0.0000,0.0000,True,True
7.9675,-1.0930,0.8000,-6.6807,0.04272,1.0000,0.0000,0.0000,True,True
7.9758,-1.1052,0.8000,-6.7222,0.04325,1.0000,0.0000,0.0000,True,True
7.9843,-1.1176,0.8000,-6.7641,0.04378,1.0000,0.0000,0.0000,True,True
7.9925,-1.1302,0.8000,-6.8066,0.04427,1.0000,0.0000,0.0000,True,True
8.0011,-1.1429,0.8000,-6.8496,0.04488,1.0000,0.0000,0.0000,True,True
8.0092,-1.1557,0.8000,-6.8927,0.04495,1.0000,0.0000,0.0000,True,True
8.0175,-1.1684,0.8000,-6.9359,0.04500,1.0000,0.0000,0.0000,True,True
8.0258,-1.1812,0.8000,-6.9791,0.04501,1.0000,0.0000,0.0000,True,True
8.0342,-1.1939,0.8000,-7.0222,0.04500,1.0000,0.0000,0.0000,True,True
8.0425,-1.2067,0.8000,-7.0654,0.04501,1.0000,0.0000,0.0000,True,True
8.0509,-1.2194,0.8000,-7.1085,0.04499,1.0000,0.0000,0.0000,True,True
8.0592,-1.2322,0.8000,-7.1517,0.04500,1.0000,0.0000,0.0000,True,True
8.0675,-1.2450,0.8000,-7.1948,0.04502,1.0000,0.0000,0.0000,True,True
8.0758,-1.2577,0.8000,-7.2380,0.04499,1.0000,0.0000,0.0000,True,True
8.0843,-1.2705,0.8000,-7.2811,0.04500,1.0000,0.0000,0.0000,True,True
8.0925,-1.2832,0.8000,-7.3243,0.04500,1.0000,0.0000,0.0000,True,True
8.1010,-1.2960,0.8000,-7.3675,0.04500,1.0000,0.0000,0.0000,True,True
8.1092,-1.3087,0.8000,-7.4106,0.04500,1.0000,0.0000,0.0000,True,True
8.1176,-1.3215,0.8000,-7.4538,0.04501,1.0000,0.0000,0.0000,True,True
8.1260,-1.3342,0.8000,-7.4969,0.04500,1.0000,0.0000,0.0000,True,True
8.1342,-1.3470,0.8000,-7.5401,0.04500,1.0000,0.0000,0.0000,True,True
8.1426,-1.3598,0.8000,-7.5833,0.04501,1.0000,0.0000,0.0000,True,True
8.1508,-1.3725,0.8000,-7.6264,0.04499,1.0000,0.0000,0.0000,True,True
8.1593,-1.3853,0.8000,-7.6696,0.04500,1.0000,0.0000,0.0000,True,True
8.1676,-1.3980,0.8000,-7.7127,0.04502,1.0000,0.0000,0.0000,True,True
8.1758,-1.4108,0.8000,-7.7559,0.04499,1.0000,0.0000,0.0000,True,True
8.1843,-1.4235,0.8000,-7.7990,0.04501,1.0000,0.0000,0.0000,True,True
8.1925,-1.4363,0.8000,-7.8422,0.04501,1.0000,0.0000,0.0000,True,True
8.2009,-1.4490,0.8000,-7.8853,0.04500,1.0000,0.0000,0.0000,True,True
8.2091,-1.4618,0.8000,-7.9285,0.04500,1.0000,0.0000,0.0000,True,True
8.2175,-1.4746,0.8000,-7.9717,0.04501,1.0000,0.0000,0.0000,True,True
8.2258,-1.4873,0.8000,-8.0148,0.04500,1.0000,0.0000,0.0000,True,True
8.2342,-1.5001,0.8000,-8.0580,0.04500,1.0000,0.0000,0.0000,True,True
8.2425,-1.5128,0.8000,-8.1011,0.04499,1.0000,0.0000,0.0000,True,True
8.2508,-1.5256,0.8000,-8.1443,0.04501,1.0000,0.0000,0.0000,True,True
8.2592,-1.5383,0.8000,-8.1873,0.04491,1.0000,0.0000,0.0000,True,True
8.2676,-1.5509,0.8000,-8.2301,0.04455,1.0000,0.0000,0.0000,True,True
8.2760,-1.5633,0.8000,-8.2720,0.04376,1.0000,0.0000,0.0000,True,True
8.2843,-1.5756,0.8000,-8.3136,0.04335,1.0000,0.0000,0.0000,True,True
8.2925,-1.5878,0.8000,-8.3547,0.04283,1.0000,0.0000,0.0000,True,True
8.3009,-1.5998,0.8000,-8.3952,0.04231,1.0000,0.0000,0.0000,True,True
8.3093,-1.6116,0.8000,-8.4353,0.04177,1.0000,0.0000,0.0000,True,True
8.3176,-1.6233,0.8000,-8.4749,0.04127,1.0000,0.0000,0.0000,True,True
8.3259,-1.6348,0.8000,-8.5140,0.04074,1.0000,0.0000,0.0000,True,True
8.3342,-1.6462,0.8000,-8.5525,0.04024,1.0000,0.0000,0.0000,True,True
8.3425,-1.6575,0.8000,-8.5906,0.03968,1.0000,0.0000,0.0000,True,True
8.3508,-1.6686,0.8000,-8.6282,0.03919,1.0000,0.0000,0.0000,True,True
8.3592,-1.6796,0.8000,-8.6652,0.03865,1.0000,0.0000,0.0000,True,True
8.3676,-1.6904,0.8000,-8.7018,0.03814,1.0000,0.0000,0.0000,True,True
8.3758,-1.7010,0.8000,-8.7379,0.03761,1.0000,0.0000,0.0000,True,True
8.3843,-1.7116,0.8000,-8.7735,0.03711,1.0000,0.0000,0.0000,True,True
8.3926,-1.7219,0.8000,-8.8086,0.03657,1.0000,0.0000,0.0000,True,True
8.4009,-1.7321,0.8000,-8.8431,0.03606,1.0000,0.0000,0.0000,True,True
8.4092,-1.7422,0.8000,-8.8772,0.03553,1.0000,0.0000,0.0000,True,True
8.4176,-1.7521,0.8000,-8.9108,0.03502,1.0000,0.0000,0.0000,True,True
8.4258,-1.7619,0.8000,-8.9439,0.03448,1.0000,0.0000,0.0000,True,True
8.4342,-1.7715,0.8000,-8.9764,0.03398,1.0000,0.0000,0.0000,True,True
8.4425,-1.7810,0.8000,-9.0085,0.03345,1.0000,0.0000,0.0000,True,True
8.4509,-1.7904,0.8000,-9.0401,0.03294,1.0000,0.0000,0.0000,True,True
8.4592,-1.7995,0.8000,-9.0712,0.03240,1.0000,0.0000,0.0000,True,True
8.4675,-1.8086,0.8000,-9.1018,0.03189,1.0000,0.0000,0.0000,True,True
8.4758,-1.8175,0.8000,-9.1318,0.03136,1.0000,0.0000,0.0000,True,True
8.4843,-1.8262,0.8000,-9.1614,0.03085,1.0000,0.0000,0.0000,True,True
8.4925,-1.8348,0.8000,-9.1905,0.03033,1.0000,0.0000,0.0000,True,True
8.5009,-1.8433,0.8000,-9.2191,0.02980,1.0000,0.0000,0.0000,True,True
8.5092,-1.8516,0.8000,-9.2472,0.02928,1.0000,0.0000,0.0000,True,True
8.5178,-1.8597,0.8000,-9.2748,0.02879,1.0000,0.0000,0.0000,True,True
8.5260,-1.8677,0.8000,-9.3018,0.02821,1.0000,0.0000,0.0000,True,True
8.5342,-1.8756,0.8000,-9.3284,0.02772,1.0000,0.0000,0.0000,True,True
8.5425,-1.8833,0.8000,-9.3545,0.02720,1.0000,0.0000,0.0000,True,True
8.5509,-1.8909,0.8000,-9.3801,0.02669,1.0000,0.0000,0.0000,True,True
8.5592,-1.8983,0.8000,-9.4052,0.02614,1.0000,0.0000,0.0000,True,True
8.5676,-1.9055,0.8000,-9.4298,0.02564,1.0000,0.0000,0.0000,True,True
8.5759,-1.9126,0.8000,-9.4538,0.02511,1.0000,0.0000,0.0000,True,True
8.5842,-1.9196,0.8000,-9.4774,0.02461,1.0000,0.0000,0.0000,True,True
8.5925,-1.9264,0.8000,-9.5005,0.02406,1.0000,0.0000,0.0000,True,True
8.6009,-1.9331,0.8000,-9.5231,0.02356,1.0000,0.0000,0.0000,True,True
8.6092,-1.9396,0.8000,-9.5452,0.02302,1.0000,0.0000,0.0000,True,True
8.6177,-1.9460,0.8000,-9.5668,0.02253,1.0000,0.0000,0.0000,True,True
8.6259,-1.9523,0.8000,-9.5879,0.02198,1.0000,0.0000,0.0000,True,True
8.6343,-1.9583,0.8000,-9.6085,0.02147,1.0000,0.0000,0.0000,True,True
8.6426,-1.9643,0.8000,-9.6286,0.02095,1.0000,0.0000,0.0000,True,True
8.6510,-1.9701,0.8000,-9.6481,0.02043,1.0000,0.0000,0.0000,True,True
8.6592,-1.9757,0.8000,-9.6672,0.01990,1.0000,0.0000,0.0000,True,True
8.6677,-1.9812,0.8000,-9.6858,0.01940,1.0000,0.0000,0.0000,True,True
8.6759,-1.9866,0.8000,-9.7039,0.01885,1.0000,0.0000,0.0000,True,True
8.6843,-1.9918,0.8000,-9.7215,0.01834,1.0000,0.0000,0.0000,True,True
8.6926,-1.9968,0.8000,-9.7386,0.01782,1.0000,0.0000,0.0000,True,True
8.7009,-2.0017,0.8000,-9.7552,0.01730,1.0000,0.0000,0.0000,True,True
8.7092,-2.0065,0.8000,-9.7713,0.01678,1.0000,0.0000,0.0000,True,True
8.7176,-2.0111,0.8000,-9.7869,0.01628,1.0000,0.0000,0.0000,True,True
8.7259,-2.0155,0.8000,-9.8020,0.01573,1.0000,0.0000,0.0000,True,True
8.7342,-2.0199,0.8000,-9.8166,0.01522,1.0000,0.0000,0.0000,True,True
8.7426,-2.0240,0.8000,-9.8307,0.01470,1.0000,0.0000,0.0000,True,True
8.7509,-2.0280,0.8000,-9.8443,0.01418,1.0000,0.0000,0.0000,True,True
8.7593,-2.0319,0.8000,-9.8574,0.01365,1.0000,0.0000,0.0000,True,True
8.7677,-2.0356,0.8000,-9.8700,0.01314,1.0000,0.0000,0.0000,True,True
8.7759,-2.0392,0.8000,-9.8821,0.01261,1.0000,0.0000,0.0000,True,True
8.7843,-2.0426,0.8000,-9.8937,0.01209,1.0000,0.0000,0.0000,True,True
8.7926,-2.0459,0.8000,-9.9048,0.01157,1.0000,0.0000,0.0000,True,True
8.8009,-2.0491,0.8000,-9.9153,0.01105,1.0000,0.0000,0.0000,True,True
8.8092,-2.0521,0.8000,-9.9255,0.01057,1.0000,0.0000,0.0000,True,True
8.8175,-2.0549,0.8000,-9.9352,0.01014,1.0000,0.0000,0.0000,True,True
8.8258,-2.0577,0.8000,-9.9445,0.00973,1.0000,0.0000,0.0000,True,True
8.8342,-2.0603,0.8000,-9.9535,0.00935,1.0000,0.0000,0.0000,True,True
8.8425,-2.0629,0.8000,-9.9621,0.00900,1.0000,0.0000,0.0000,True,True
8.8509,-2.0654,0.8000,-9.9705,0.00870,1.0000,0.0000,0.0000,True,True
8.8592,-2.0677,0.8000,-9.9786,0.00842,1.0000,0.0000,0.0000,True,True
8.8676,-2.0677,0.8000,-9.9786,0.00000,1.0000,0.0000,0.0000,True,True
8.8759,-2.0679,0.8000,-9.9790,0.00052,1.0000,0.0000,0.0000,True,True
8.8843,-2.0683,0.8000,-9.9800,0.00104,1.0000,0.0000,0.0000,True,True
8.8926,-2.0689,0.8000,-9.9815,0.00156,1.0000,0.0000,0.0000,True,True
8.9009,-2.0696,0.8000,-9.9834,0.00208,1.0000,0.0000,0.0000,True,True
8.9093,-2.0705,0.8000,-9.9858,0.00260,1.0000,0.0000,0.0000,True,True
8.9176,-2.0717,0.8000,-9.9888,0.00312,1.0000,0.0000,0.0000,True,True
8.9259,-2.0730,0.8000,-9.9922,0.00364,1.0000,0.0000,0.0000,True,True
8.9343,-2.0745,0.8000,-9.9960,0.00417,1.0000,0.0000,0.0000,True,True
8.9425,-2.0762,0.8000,-10.0004,0.00469,1.0000,0.0000,0.0000,True,True
8.9509,-2.0780,0.8000,-10.0053,0.00521,1.0000,0.0000,0.0000,True,True
8.9592,-2.0801,0.8000,-10.0106,0.00573,1.0000,0.0000,0.0000,True,True
8.9677,-2.0823,0.8000,-10.0165,0.00625,1.0000,0.0000,0.0000,True,True
8.9758,-2.0848,0.8000,-10.0228,0.00677,1.0000,0.0000,0.0000,True,True
8.9843,-2.0874,0.8000,-10.0296,0.00729,1.0000,0.0000,0.0000,True,True
8.9926,-2.0902,0.8000,-10.0369,0.00781,1.0000,0.0000,0.0000,True,True
9.0010,-2.0932,0.8000,-10.0447,0.00833,1.0000,0.0000,0.0000,True,True
9.0092,-2.0964,0.8000,-10.0529,0.00885,1.0000,0.0000,0.0000,True,True
9.0176,-2.0997,0.8000,-10.0617,0.00937,1.0000,0.0000,0.0000,True,True
9.0259,-2.1033,0.8000,-10.0709,0.00990,1.0000,0.0000,0.0000,True,True
9.0343,-2.1070,0.8000,-10.0806,0.01041,1.0000,0.0000,0.0000,True,True
9.0425,-2.1109,0.8000,-10.0908,0.01093,1.0000,0.0000,0.0000,True,True
9.0509,-2.1151,0.8000,-10.1015,0.01146,1.0000,0.0000,0.0000,True,True
9.0592,-2.1194,0.8000,-10.1127,0.01198,1.0000,0.0000,0.0000,True,True
9.0675,-2.1238,0.8000,-10.1244,0.01250,1.0000,0.0000,0.0000,True,True
9.0759,-2.1285,0.8000,-10.1365,0.01302,1.0000,0.0000,0.0000,True,True
9.0842,-2.1334,0.8000,-10.1492,0.01355,1.0000,0.0000,0.0000,True,True
9.0925,-2.1384,0.8000,-10.1623,0.01405,1.0000,0.0000,0.0000,True,True
9.1009,-2.1437,0.8000,-10.1759,0.01460,1.0000,0.0000,0.0000,True,True
9.1094,-2.1492,0.8000,-10.1903,0.01543,1.0000,0.0000,0.0000,True,True
9.1177,-2.1548,0.8000,-10.2049,0.01563,1.0000,0.0000,0.0000,True,True
9.1261,-2.1606,0.8000,-10.2200,0.01616,1.0000,0.0000,0.0000,True,True
9.1345,-2.1666,0.8000,-10.2355,0.01668,1.0000,0.0000,0.0000,True,True
9.1427,-2.1728,0.8000,-10.2516,0.01719,1.0000,0.0000,0.0000,True,True
9.1511,-2.1792,0.8000,-10.2681,0.01773,1.0000,0.0000,0.0000,True,True
9.1594,-2.1857,0.8000,-10.2851,0.01823,1.0000,0.0000,0.0000,True,True
9.1678,-2.1925,0.8000,-10.3026,0.01877,1.0000,0.0000,0.0000,True,True
9.1760,-2.1994,0.8000,-10.3206,0.01928,1.0000,0.0000,0.0000,True,True
9.1845,-2.2065,0.8000,-10.3391,0.01983,1.0000,0.0000,0.0000,True,True
9.1927,-2.2138,0.8000,-10.3581,0.02030,1.0000,0.0000,0.0000,True,True
9.2011,-2.2213,0.8000,-10.3775,0.02084,1.0000,0.0000,0.0000,True,True
9.2094,-2.2289,0.8000,-10.3975,0.02136,1.0000,0.0000,0.0000,True,True
9.2179,-2.2368,0.8000,-10.4179,0.02189,1.0000,0.0000,0.0000,True,True
9.2261,-2.2449,0.8000,-10.4388,0.02241,1.0000,0.0000,0.0000,True,True
9.2345,-2.2531,0.8000,-10.4602,0.02293,1.0000,0.0000,0.0000,True,True
9.2428,-2.2615,0.8000,-10.4821,0.02345,1.0000,0.0000,0.0000,True,True
9.2513,-2.2701,0.8000,-10.5045,0.02397,1.0000,0.0000,0.0000,True,True
9.2595,-2.2789,0.8000,-10.5274,0.02453,1.0000,0.0000,0.0000,True,True
9.2678,-2.2879,0.8000,-10.5507,0.02501,1.0000,0.0000,0.0000,True,True
9.2762,-2.2971,0.8000,-10.5745,0.02551,1.0000,0.0000,0.0000,True,True
9.2845,-2.3064,0.8000,-10.5989,0.02607,1.0000,0.0000,0.0000,True,True
9.2928,-2.3160,0.8000,-10.6237,0.02657,1.0000,0.0000,0.0000,True,True
9.3011,-2.3257,0.8000,-10.6489,0.02710,1.0000,0.0000,0.0000,True,True
9.3094,-2.3356,0.8000,-10.6747,0.02761,1.0000,0.0000,0.0000,True,True
9.3179,-2.3457,0.8000,-10.7010,0.02815,1.0000,0.0000,0.0000,True,True
9.3261,-2.3560,0.8000,-10.7277,0.02865,1.0000,0.0000,0.0000,True,True
9.3345,-2.3665,0.8000,-10.7550,0.02918,1.0000,0.0000,0.0000,True,True
9.3428,-2.3772,0.8000,-10.7827,0.02969,1.0000,0.0000,0.0000,True,True
9.3512,-2.3880,0.8000,-10.8109,0.03023,1.0000,0.0000,0.0000,True,True
9.3595,-2.3991,0.8000,-10.8396,0.03075,1.0000,0.0000,0.0000,True,True
9.3678,-2.4103,0.8000,-10.8688,0.03128,1.0000,0.0000,0.0000,True,True
9.3761,-2.4217,0.8000,-10.8984,0.03176,1.0000,0.0000,0.0000,True,True
9.3845,-2.4333,0.8000,-10.9286,0.03231,1.0000,0.0000,0.0000,True,True
9.3928,-2.4451,0.8000,-10.9592,0.03282,1.0000,0.0000,0.0000,True,True
9.4013,-2.4571,0.8000,-10.9903,0.03335,1.0000,0.0000,0.0000,True,True
9.4094,-2.4692,0.8000,-11.0220,0.03388,1.0000,0.0000,0.0000,True,True
9.4178,-2.4816,0.8000,-11.0540,0.03438,1.0000,0.0000,0.0000,True,True
9.4261,-2.4941,0.8000,-11.0866,0.03491,1.0000,0.0000,0.0000,True,True
9.4344,-2.5068,0.8000,-11.1197,0.03542,1.0000,0.0000,0.0000,True,True
9.4427,-2.5198,0.8000,-11.1532,0.03595,1.0000,0.0000,0.0000,True,True
9.4511,-2.5329,0.8000,-11.1873,0.03649,1.0000,0.0000,0.0000,True,True
9.4594,-2.5461,0.8000,-11.2218,0.03698,1.0000,0.0000,0.0000,True,True
9.4678,-2.5596,0.8000,-11.2569,0.03759,1.0000,0.0000,0.0000,True,True
9.4761,-2.5733,0.8000,-11.2924,0.03803,1.0000,0.0000,0.0000,True,True
9.4845,-2.5872,0.8000,-11.3284,0.03857,1.0000,0.0000,0.0000,True,True
9.4929,-2.6012,0.8000,-11.3648,0.03906,1.0000,0.0000,0.0000,True,True
9.5014,-2.6154,0.8000,-11.4018,0.03961,1.0000,0.0000,0.0000,True,True
9.5095,-2.6298,0.8000,-11.4392,0.04012,1.0000,0.0000,0.0000,True,True
9.5178,-2.6444,0.8000,-11.4772,0.04064,1.0000,0.0000,0.0000,True,True
9.5262,-2.6592,0.8000,-11.5156,0.04115,1.0000,0.0000,0.0000,True,True
9.5345,-2.6742,0.8000,-11.5545,0.04168,1.0000,0.0000,0.0000,True,True
9.5428,-2.6893,0.8000,-11.5939,0.04220,1.0000,0.0000,0.0000,True,True
9.5513,-2.7047,0.8000,-11.6337,0.04273,1.0000,0.0000,0.0000,True,True
9.5595,-2.7202,0.8000,-11.6742,0.04331,1.0000,0.0000,0.0000,True,True
9.5679,-2.7359,0.8000,-11.7150,0.04370,1.0000,0.0000,0.0000,True,True
9.5761,-2.7518,0.8000,-11.7563,0.04428,1.0000,0.0000,0.0000,True,True
9.5845,-2.7679,0.8000,-11.7981,0.04481,1.0000,0.0000,0.0000,True,True
9.5928,-2.7841,0.8000,-11.8401,0.04500,1.0000,0.0000,0.0000,True,True
9.6012,-2.8002,0.8000,-11.8821,0.04501,1.0000,0.0000,0.0000,True,True
9.6095,-2.8164,0.8000,-11.9241,0.04500,1.0000,0.0000,0.0000,True,True
9.6178,-2.8326,0.8000,-11.9661,0.04500,1.0000,0.0000,0.0000,True,True
9.6261,-2.8487,0.8000,-12.0081,0.04500,1.0000,0.0000,0.0000,True,True
9.6344,-2.8649,0.8000,-12.0501,0.04500,1.0000,0.0000,0.0000,True,True
9.6428,-2.8810,0.8000,-12.0921,0.04499,1.0000,0.0000,0.0000,True,True
9.6511,-2.8972,0.8000,-12.1341,0.04500,1.0000,0.0000,0.0000,True,True
9.6594,-2.9134,0.8000,-12.1761,0.04501,1.0000,0.0000,0.0000,True,True
9.6678,-2.9295,0.8000,-12.2181,0.04499,1.0000,0.0000,0.0000,True,True
9.6761,-2.9457,0.8000,-12.2601,0.04500,1.0000,0.0000,0.0000,True,True
9.6844,-2.9618,0.8000,-12.3021,0.04500,1.0000,0.0000,0.0000,True,True
9.6928,-2.9780,0.8000,-12.3441,0.04499,1.0000,0.0000,0.0000,True,True
9.7011,-2.9942,0.8000,-12.3861,0.04501,1.0000,0.0000,0.0000,True,True
9.7094,-3.0103,0.8000,-12.4281,0.04500,1.0000,0.0000,0.0000,True,True
9.7178,-3.0265,0.8000,-12.4701,0.04501,1.0000,0.0000,0.0000,True,True
9.7261,-3.0427,0.8000,-12.5121,0.04500,1.0000,0.0000,0.0000,True,True
9.7345,-3.0588,0.8000,-12.5541,0.04500,1.0000,0.0000,0.0000,True,True
9.7428,-3.0750,0.8000,-12.5961,0.04500,1.0000,0.0000,0.0000,True,True
9.7511,-3.0911,0.8000,-12.6381,0.04500,1.0000,0.0000,0.0000,True,True
9.7595,-3.1073,0.8000,-12.6801,0.04500,1.0000,0.0000,0.0000,True,True
9.7678,-3.1235,0.8000,-12.7221,0.04502,1.0000,0.0000,0.0000,True,True
9.7762,-3.1396,0.8000,-12.7641,0.04500,1.0000,0.0000,0.0000,True,True
9.7845,-3.1558,0.8000,-12.8061,0.04500,1.0000,0.0000,0.0000,True,True
9.7928,-3.1720,0.8000,-12.8481,0.04500,1.0000,0.0000,0.0000,True,True
9.8012,-3.1881,0.8000,-12.8901,0.04500,1.0000,0.0000,0.0000,True,True
9.8094,-3.2043,0.8000,-12.9321,0.04500,1.0000,0.0000,0.0000,True,True
9.8178,-3.2204,0.8000,-12.9741,0.04501,1.0000,0.0000,0.0000,True,True
9.8261,-3.2366,0.8000,-13.0161,0.04499,1.0000,0.0000,0.0000,True,True
9.8345,-3.2528,0.8000,-13.0581,0.04502,1.0000,0.0000,0.0000,True,True
9.8430,-3.2689,0.8000,-13.1001,0.04499,1.0000,0.0000,0.0000,True,True
9.8512,-3.2851,0.8000,-13.1421,0.04500,1.0000,0.0000,0.0000,True,True
9.8595,-3.3012,0.8000,-13.1841,0.04499,1.0000,0.0000,0.0000,True,True
9.8678,-3.3174,0.8000,-13.2261,0.04501,1.0000,0.0000,0.0000,True,True
9.8762,-3.3334,0.8000,-13.2676,0.04451,1.0000,0.0000,0.0000,True,True
9.8845,-3.3492,0.8000,-13.3087,0.04399,1.0000,0.0000,0.0000,True,True
9.8929,-3.3648,0.8000,-13.3493,0.04346,1.0000,0.0000,0.0000,True,True
9.9012,-3.3802,0.8000,-13.3893,0.04296,1.0000,0.0000,0.0000,True,True
9.9095,-3.3955,0.8000,-13.4289,0.04242,1.0000,0.0000,0.0000,True,True
9.9179,-3.4105,0.8000,-13.4681,0.04191,1.0000,0.0000,0.0000,True,True
9.9261,-3.4254,0.8000,-13.5067,0.04138,1.0000,0.0000,0.0000,True,True
9.9345,-3.4401,0.8000,-13.5448,0.04086,1.0000,0.0000,0.0000,True,True
9.9428,-3.4546,0.8000,-13.5825,0.04039,1.0000,0.0000,0.0000,True,True
9.9512,-3.4689,0.8000,-13.6197,0.03983,1.0000,0.0000,0.0000,True,True
9.9596,-3.4830,0.8000,-13.6564,0.03930,1.0000,0.0000,0.0000,True,True
9.9679,-3.4969,0.8000,-13.6926,0.03878,1.0000,0.0000,0.0000,True,True
9.9762,-3.5106,0.8000,-13.7283,0.03826,1.0000,0.0000,0.0000,True,True
9.9846,-3.5242,0.8000,-13.7635,0.03775,1.0000,0.0000,0.0000,True,True
9.9930,-3.5376,0.8000,-13.7982,0.03721,1.0000,0.0000,0.0000,True,True
10.0012,-3.5507,0.8000,-13.8325,0.03670,1.0000,0.0000,0.0000,True,True
10.0095,-3.5637,0.8000,-13.8662,0.03618,1.0000,0.0000,0.0000,True,True
10.0180,-3.5765,0.8000,-13.8995,0.03565,1.0000,0.0000,0.0000,True,True
10.0262,-3.5892,0.8000,-13.9323,0.03512,1.0000,0.0000,0.0000,True,True
10.0345,-3.6016,0.8000,-13.9646,0.03462,1.0000,0.0000,0.0000,True,True
10.0429,-3.6138,0.8000,-13.9964,0.03409,1.0000,0.0000,0.0000,True,True
10.0511,-3.6259,0.8000,-14.0277,0.03357,1.0000,0.0000,0.0000,True,True
10.0596,-3.6378,0.8000,-14.0586,0.03305,1.0000,0.0000,0.0000,True,True
10.0678,-3.6494,0.8000,-14.0890,0.03253,1.0000,0.0000,0.0000,True,True
10.0761,-3.6609,0.8000,-14.1188,0.03201,1.0000,0.0000,0.0000,True,True
10.0845,-3.6722,0.8000,-14.1482,0.03148,1.0000,0.0000,0.0000,True,True
10.0928,-3.6834,0.8000,-14.1771,0.03096,1.0000,0.0000,0.0000,True,True
10.1012,-3.6943,0.8000,-14.2055,0.03045,1.0000,0.0000,0.0000,True,True
10.1095,-3.7050,0.8000,-14.2334,0.02992,1.0000,0.0000,0.0000,True,True
10.1179,-3.7156,0.8000,-14.2609,0.02941,1.0000,0.0000,0.0000,True,True
10.1262,-3.7260,0.8000,-14.2878,0.02888,1.0000,0.0000,0.0000,True,True
10.1345,-3.7362,0.8000,-14.3143,0.02836,1.0000,0.0000,0.0000,True,True
10.1429,-3.7462,0.8000,-14.3403,0.02783,1.0000,0.0000,0.0000,True,True
10.1512,-3.7560,0.8000,-14.3658,0.02732,1.0000,0.0000,0.0000,True,True
10.1595,-3.7656,0.8000,-14.3908,0.02680,1.0000,0.0000,0.0000,True,True
10.1679,-3.7750,0.8000,-14.4153,0.02628,1.0000,0.0000,0.0000,True,True
10.1761,-3.7843,0.8000,-14.4394,0.02575,1.0000,0.0000,0.0000,True,True
10.1845,-3.7933,0.8000,-14.4629,0.02524,1.0000,0.0000,0.0000,True,True
10.1928,-3.8022,0.8000,-14.4860,0.02471,1.0000,0.0000,0.0000,True,True
10.2012,-3.8109,0.8000,-14.5086,0.02420,1.0000,0.0000,0.0000,True,True
10.2095,-3.8194,0.8000,-14.5306,0.02367,1.0000,0.0000,0.0000,True,True
10.2178,-3.8277,0.8000,-14.5523,0.02315,1.0000,0.0000,0.0000,True,True
10.2262,-3.8358,0.8000,-14.5734,0.02262,1.0000,0.0000,0.0000,True,True
10.2345,-3.8438,0.8000,-14.5940,0.02211,1.0000,0.0000,0.0000,True,True
10.2428,-3.8515,0.8000,-14.6142,0.02159,1.0000,0.0000,0.0000,True,True
10.2512,-3.8591,0.8000,-14.6338,0.02107,1.0000,0.0000,0.0000,True,True
10.2595,-3.8665,0.8000,-14.6530,0.02054,1.0000,0.0000,0.0000,True,True
10.2678,-3.8737,0.8000,-14.6717,0.02003,1.0000,0.0000,0.0000,True,True
10.2761,-3.8807,0.8000,-14.6899,0.01950,1.0000,0.0000,0.0000,True,True
10.2845,-3.8875,0.8000,-14.7076,0.01899,1.0000,0.0000,0.0000,True,True
10.2928,-3.8941,0.8000,-14.7248,0.01846,1.0000,0.0000,0.0000,True,True
10.3012,-3.9006,0.8000,-14.7416,0.01794,1.0000,0.0000,0.0000,True,True
10.3095,-3.9068,0.8000,-14.7578,0.01742,1.0000,0.0000,0.0000,True,True
10.3178,-3.9129,0.8000,-14.7736,0.01690,1.0000,0.0000,0.0000,True,True
10.3261,-3.9188,0.8000,-14.7889,0.01637,1.0000,0.0000,0.0000,True,True
10.3345,-3.9245,0.8000,-14.8037,0.01586,1.0000,0.0000,0.0000,True,True
10.3428,-3.9300,0.8000,-14.8180,0.01533,1.0000,0.0000,0.0000,True,True
10.3511,-3.9353,0.8000,-14.8318,0.01482,1.0000,0.0000,0.0000,True,True
10.3595,-3.9404,0.8000,-14.8452,0.01430,1.0000,0.0000,0.0000,True,True
10.3679,-3.9454,0.8000,-14.8580,0.01377,1.0000,0.0000,0.0000,True,True
10.3761,-3.9501,0.8000,-14.8704,0.01325,1.0000,0.0000,0.0000,True,True
10.3845,-3.9547,0.8000,-14.8823,0.01273,1.0000,0.0000,0.0000,True,True
10.3929,-3.9591,0.8000,-14.8937,0.01222,1.0000,0.0000,0.0000,True,True
10.4012,-3.9633,0.8000,-14.9046,0.01169,1.0000,0.0000,0.0000,True,True
10.4095,-3.9673,0.8000,-14.9150,0.01118,1.0000,0.0000,0.0000,True,True
10.4179,-3.9712,0.8000,-14.9250,0.01074,1.0000,0.0000,0.0000,True,True
10.4262,-3.9749,0.8000,-14.9347,0.01031,1.0000,0.0000,0.0000,True,True
10.4346,-3.9784,0.8000,-14.9439,0.00991,1.0000,0.0000,0.0000,True,True
10.4428,-3.9819,0.8000,-14.9528,0.00952,1.0000,0.0000,0.0000,True,True
10.4513,-3.9851,0.8000,-14.9614,0.00917,1.0000,0.0000,0.0000,True,True
10.4596,-3.9883,0.8000,-14.9696,0.00886,1.0000,0.0000,0.0000,True,True
10.4681,-3.9914,0.8000,-14.9776,0.00859,1.0000,0.0000,0.0000,True,True
10.4762,-3.9914,0.8000,-14.9776,0.00000,1.0000,0.0000,0.0000,True,True
10.4875,-3.9917,0.8000,-14.9785,0.00091,1.0000,0.0000,0.0000,True,True
10.4957,-3.9922,0.8000,-14.9796,0.00122,1.0000,0.0000,0.0000,True,True
10.5040,-3.9928,0.8000,-14.9813,0.00174,1.0000,0.0000,0.0000,True,True
10.5155,-3.9940,0.8000,-14.9843,0.00328,1.0000,0.0000,0.0000,True,True
10.5208,-3.9947,0.8000,-14.9861,0.00188,1.0000,0.0000,0.0000,True,True
10.5292,-3.9958,0.8000,-14.9892,0.00331,1.0000,0.0000,0.0000,True,True
10.5375,-3.9972,0.8000,-14.9927,0.00383,1.0000,0.0000,0.0000,True,True
10.5458,-3.9988,0.8000,-14.9968,0.00435,1.0000,0.0000,0.0000,True,True
10.5541,-4.0005,0.8000,-15.0013,0.00487,1.0000,0.0000,0.0000,True,True
10.5625,-4.0025,0.8000,-15.0064,0.00539,1.0000,0.0000,0.0000,True,True
10.5708,-4.0046,0.8000,-15.0119,0.00591,1.0000,0.0000,0.0000,True,True
10.5792,-4.0069,0.8000,-15.0179,0.00643,1.0000,0.0000,0.0000,True,True
10.5875,-4.0094,0.8000,-15.0244,0.00695,1.0000,0.0000,0.0000,True,True
10.5958,-4.0121,0.8000,-15.0314,0.00748,1.0000,0.0000,0.0000,True,True
10.6042,-4.0150,0.8000,-15.0388,0.00799,1.0000,0.0000,0.0000,True,True
10.6125,-4.0180,0.8000,-15.0468,0.00852,1.0000,0.0000,0.0000,True,True
10.6209,-4.0213,0.8000,-15.0552,0.00904,1.0000,0.0000,0.0000,True,True
10.6291,-4.0247,0.8000,-15.0641,0.00956,1.0000,0.0000,0.0000,True,True
10.6377,-4.0283,0.8000,-15.0735,0.01008,1.0000,0.0000,0.0000,True,True
10.6458,-4.0322,0.8000,-15.0834,0.01061,1.0000,0.0000,0.0000,True,True
10.6541,-4.0361,0.8000,-15.0938,0.01112,1.0000,0.0000,0.0000,True,True
10.6625,-4.0403,0.8000,-15.1046,0.01164,1.0000,0.0000,0.0000,True,True
10.6708,-4.0447,0.8000,-15.1160,0.01217,1.0000,0.0000,0.0000,True,True
10.6791,-4.0493,0.8000,-15.1278,0.01268,1.0000,0.0000,0.0000,True,True
10.6874,-4.0540,0.8000,-15.1402,0.01321,1.0000,0.0000,0.0000,True,True
10.6958,-4.0589,0.8000,-15.1530,0.01372,1.0000,0.0000,0.0000,True,True
10.7041,-4.0641,0.8000,-15.1663,0.01424,1.0000,0.0000,0.0000,True,True
10.7124,-4.0694,0.8000,-15.1800,0.01477,1.0000,0.0000,0.0000,True,True
10.7208,-4.0749,0.8000,-15.1943,0.01529,1.0000,0.0000,0.0000,True,True
10.7292,-4.0805,0.8000,-15.2091,0.01581,1.0000,0.0000,0.0000,True,True
10.7376,-4.0864,0.8000,-15.2244,0.01640,1.0000,0.0000,0.0000,True,True
10.7459,-4.0925,0.8000,-15.2401,0.01686,1.0000,0.0000,0.0000,True,True
10.7542,-4.0987,0.8000,-15.2563,0.01737,1.0000,0.0000,0.0000,True,True
10.7626,-4.1052,0.8000,-15.2730,0.01792,1.0000,0.0000,0.0000,True,True
10.7709,-4.1118,0.8000,-15.2902,0.01841,1.0000,0.0000,0.0000,True,True
10.7792,-4.1186,0.8000,-15.3079,0.01894,1.0000,0.0000,0.0000,True,True
10.7876,-4.1256,0.8000,-15.3260,0.01946,1.0000,0.0000,0.0000,True,True
10.7958,-4.1328,0.8000,-15.3447,0.01998,1.0000,0.0000,0.0000,True,True
10.8042,-4.1402,0.8000,-15.3638,0.02049,1.0000,0.0000,0.0000,True,True
10.8125,-4.1477,0.8000,-15.3834,0.02102,1.0000,0.0000,0.0000,True,True
10.8208,-4.1555,0.8000,-15.4035,0.02154,1.0000,0.0000,0.0000,True,True
10.8292,-4.1634,0.8000,-15.4241,0.02207,1.0000,0.0000,0.0000,True,True
10.8376,-4.1715,0.8000,-15.4452,0.02258,1.0000,0.0000,0.0000,True,True
10.8459,-4.1798,0.8000,-15.4667,0.02310,1.0000,0.0000,0.0000,True,True
10.8542,-4.1883,0.8000,-15.4888,0.02363,1.0000,0.0000,0.0000,True,True
10.8625,-4.1970,0.8000,-15.5113,0.02415,1.0000,0.0000,0.0000,True,True
10.8708,-4.2058,0.8000,-15.5343,0.02467,1.0000,0.0000,0.0000,True,True
10.8792,-4.2149,0.8000,-15.5578,0.02519,1.0000,0.0000,0.0000,True,True
10.8875,-4.2241,0.8000,-15.5818,0.02571,1.0000,0.0000,0.0000,True,True
10.8958,-4.2336,0.8000,-15.6063,0.02623,1.0000,0.0000,0.0000,True,True
10.9042,-4.2432,0.8000,-15.6313,0.02674,1.0000,0.0000,0.0000,True,True
10.9125,-4.2530,0.8000,-15.6567,0.02728,1.0000,0.0000,0.0000,True,True
10.9208,-4.2630,0.8000,-15.6827,0.02783,1.0000,0.0000,0.0000,True,True
10.9292,-4.2732,0.8000,-15.7091,0.02832,1.0000,0.0000,0.0000,True,True
10.9375,-4.2835,0.8000,-15.7360,0.02883,1.0000,0.0000,0.0000,True,True
10.9458,-4.2941,0.8000,-15.7634,0.02936,1.0000,0.0000,0.0000,True,True
10.9542,-4.3048,0.8000,-15.7913,0.02990,1.0000,0.0000,0.0000,True,True
10.9625,-4.3157,0.8000,-15.8197,0.03040,1.0000,0.0000,0.0000,True,True
10.9709,-4.3269,0.8000,-15.8485,0.03092,1.0000,0.0000,0.0000,True,True
10.9792,-4.3382,0.8000,-15.8779,0.03144,1.0000,0.0000,0.0000,True,True
10.9876,-4.3496,0.8000,-15.9077,0.03195,1.0000,0.0000,0.0000,True,True
10.9961,-4.3613,0.8000,-15.9380,0.03249,1.0000,0.0000,0.0000,True,True
11.0042,-4.3732,0.8000,-15.9688,0.03299,1.0000,0.0000,0.0000,True,True
11.0126,-4.3852,0.8000,-16.0001,0.03353,1.0000,0.0000,0.0000,True,True
11.0209,-4.3975,0.8000,-16.0318,0.03404,1.0000,0.0000,0.0000,True,True
11.0292,-4.4099,0.8000,-16.0641,0.03456,1.0000,0.0000,0.0000,True,True
11.0376,-4.4225,0.8000,-16.0968,0.03508,1.0000,0.0000,0.0000,True,True
11.0459,-4.4353,0.8000,-16.1301,0.03561,1.0000,0.0000,0.0000,True,True
11.0542,-4.4483,0.8000,-16.1638,0.03612,1.0000,0.0000,0.0000,True,True
11.0625,-4.4615,0.8000,-16.1980,0.03665,1.0000,0.0000,0.0000,True,True
11.0709,-4.4748,0.8000,-16.2327,0.03720,1.0000,0.0000,0.0000,True,True
11.0793,-4.4884,0.8000,-16.2679,0.03770,1.0000,0.0000,0.0000,True,True
11.0876,-4.5021,0.8000,-16.3035,0.03821,1.0000,0.0000,0.0000,True,True
11.0959,-4.5160,0.8000,-16.3397,0.03873,1.0000,0.0000,0.0000,True,True
11.1043,-4.5301,0.8000,-16.3763,0.03926,1.0000,0.0000,0.0000,True,True
11.1126,-4.5444,0.8000,-16.4134,0.03976,1.0000,0.0000,0.0000,True,True
11.1209,-4.5589,0.8000,-16.4510,0.04030,1.0000,0.0000,0.0000,True,True
11.1293,-4.5736,0.8000,-16.4891,0.04080,1.0000,0.0000,0.0000,True,True
11.1376,-4.5884,0.8000,-16.5276,0.04133,1.0000,0.0000,0.0000,True,True
11.1459,-4.6035,0.8000,-16.5667,0.04185,1.0000,0.0000,0.0000,True,True
11.1543,-4.6187,0.8000,-16.6063,0.04241,1.0000,0.0000,0.0000,True,True
11.1626,-4.6341,0.8000,-16.6463,0.04287,1.0000,0.0000,0.0000,True,True
11.1712,-4.6497,0.8000,-16.6868,0.04342,1.0000,0.0000,0.0000,True,True
11.1793,-4.6655,0.8000,-16.7278,0.04393,1.0000,0.0000,0.0000,True,True
11.1876,-4.6815,0.8000,-16.7693,0.04446,1.0000,0.0000,0.0000,True,True
11.1959,-4.6977,0.8000,-16.8112,0.04497,1.0000,0.0000,0.0000,True,True
11.2043,-4.7139,0.8000,-16.8532,0.04500,1.0000,0.0000,0.0000,True,True
11.2126,-4.7300,0.8000,-16.8952,0.04501,1.0000,0.0000,0.0000,True,True
11.2209,-4.7462,0.8000,-16.9372,0.04500,1.0000,0.0000,0.0000,True,True
11.2293,-4.7624,0.8000,-16.9792,0.04501,1.0000,0.0000,0.0000,True,True
11.2376,-4.7786,0.8000,-17.0212,0.04499,1.0000,0.0000,0.0000,True,True
11.2460,-4.7947,0.8000,-17.0632,0.04501,1.0000,0.0000,0.0000,True,True
11.2542,-4.8109,0.8000,-17.1052,0.04501,1.0000,0.0000,0.0000,True,True
11.2626,-4.8271,0.8000,-17.1472,0.04499,1.0000,0.0000,0.0000,True,True
11.2709,-4.8433,0.8000,-17.1892,0.04500,1.0000,0.0000,0.0000,True,True
11.2792,-4.8594,0.8000,-17.2312,0.04501,1.0000,0.0000,0.0000,True,True
11.2875,-4.8756,0.8000,-17.2732,0.04499,1.0000,0.0000,0.0000,True,True
11.2959,-4.8918,0.8000,-17.3152,0.04502,1.0000,0.0000,0.0000,True,True
11.3042,-4.9080,0.8000,-17.3572,0.04499,1.0000,0.0000,0.0000,True,True
11.3125,-4.9241,0.8000,-17.3992,0.04500,1.0000,0.0000,0.0000,True,True
11.3209,-4.9403,0.8000,-17.4412,0.04501,1.0000,0.0000,0.0000,True,True
11.3292,-4.9565,0.8000,-17.4832,0.04500,1.0000,0.0000,0.0000,True,True
11.3376,-4.9727,0.8000,-17.5252,0.04500,1.0000,0.0000,0.0000,True,True
11.3459,-4.9888,0.8000,-17.5671,0.04500,1.0000,0.0000,0.0000,True,True
11.3543,-5.0050,0.8000,-17.6092,0.04504,1.0000,0.0000,0.0000,True,True
11.3626,-5.0212,0.8000,-17.6511,0.04497,1.0000,0.0000,0.0000,True,True
11.3709,-5.0374,0.8000,-17.6931,0.04500,1.0000,0.0000,0.0000,True,True
11.3793,-5.0536,0.8000,-17.7351,0.04500,1.0000,0.0000,0.0000,True,True
11.3876,-5.0697,0.8000,-17.7771,0.04500,1.0000,0.0000,0.0000,True,True
11.3960,-5.0859,0.8000,-17.8191,0.04501,1.0000,0.0000,0.0000,True,True
11.4043,-5.1021,0.8000,-17.8611,0.04499,1.0000,0.0000,0.0000,True,True
11.4126,-5.1183,0.8000,-17.9031,0.04501,1.0000,0.0000,0.0000,True,True
11.4209,-5.1344,0.8000,-17.9451,0.04502,1.0000,0.0000,0.0000,True,True
11.4292,-5.1506,0.8000,-17.9871,0.04499,1.0000,0.0000,0.0000,True,True
11.4376,-5.1668,0.8000,-18.0291,0.04500,1.0000,0.0000,0.0000,True,True
11.4459,-5.1830,0.8000,-18.0711,0.04501,1.0000,0.0000,0.0000,True,True
11.4543,-5.1991,0.8000,-18.1131,0.04499,1.0000,0.0000,0.0000,True,True
11.4626,-5.2153,0.8000,-18.1551,0.04503,1.0000,0.0000,0.0000,True,True
11.4709,-5.2315,0.8000,-18.1971,0.04498,1.0000,0.0000,0.0000,True,True
11.4792,-5.2476,0.8000,-18.2390,0.04489,1.0000,0.0000,0.0000,True,True
11.4876,-5.2636,0.8000,-18.2803,0.04434,1.0000,0.0000,0.0000,True,True
11.4959,-5.2793,0.8000,-18.3212,0.04384,1.0000,0.0000,0.0000,True,True
11.5042,-5.2949,0.8000,-18.3617,0.04332,1.0000,0.0000,0.0000,True,True
11.5126,-5.3103,0.8000,-18.4016,0.04279,1.0000,0.0000,0.0000,True,True
11.5209,-5.3255,0.8000,-18.4411,0.04227,1.0000,0.0000,0.0000,True,True
11.5292,-5.3405,0.8000,-18.4800,0.04177,1.0000,0.0000,0.0000,True,True
11.5376,-5.3553,0.8000,-18.5185,0.04123,1.0000,0.0000,0.0000,True,True
11.5459,-5.3699,0.8000,-18.5565,0.04071,1.0000,0.0000,0.0000,True,True
11.5542,-5.3844,0.8000,-18.5940,0.04018,1.0000,0.0000,0.0000,True,True
11.5626,-5.3986,0.8000,-18.6310,0.03968,1.0000,0.0000,0.0000,True,True
11.5709,-5.4127,0.8000,-18.6675,0.03914,1.0000,0.0000,0.0000,True,True
11.5793,-5.4266,0.8000,-18.7036,0.03864,1.0000,0.0000,0.0000,True,True
11.5876,-5.4403,0.8000,-18.7391,0.03810,1.0000,0.0000,0.0000,True,True
11.5959,-5.4538,0.8000,-18.7742,0.03759,1.0000,0.0000,0.0000,True,True
11.6042,-5.4671,0.8000,-18.8088,0.03706,1.0000,0.0000,0.0000,True,True
11.6126,-5.4802,0.8000,-18.8429,0.03654,1.0000,0.0000,0.0000,True,True
11.6210,-5.4932,0.8000,-18.8765,0.03603,1.0000,0.0000,0.0000,True,True
11.6292,-5.5060,0.8000,-18.9096,0.03549,1.0000,0.0000,0.0000,True,True
11.6376,-5.5185,0.8000,-18.9423,0.03498,1.0000,0.0000,0.0000,True,True
11.6460,-5.5309,0.8000,-18.9744,0.03446,1.0000,0.0000,0.0000,True,True
11.6542,-5.5431,0.8000,-19.0061,0.03393,1.0000,0.0000,0.0000,True,True
11.6626,-5.5551,0.8000,-19.0373,0.03342,1.0000,0.0000,0.0000,True,True
11.6709,-5.5669,0.8000,-19.0680,0.03289,1.0000,0.0000,0.0000,True,True
11.6793,-5.5786,0.8000,-19.0982,0.03238,1.0000,0.0000,0.0000,True,True
11.6877,-5.5900,0.8000,-19.1279,0.03185,1.0000,0.0000,0.0000,True,True
11.6960,-5.6013,0.8000,-19.1572,0.03134,1.0000,0.0000,0.0000,True,True
11.7043,-5.6124,0.8000,-19.1859,0.03083,1.0000,0.0000,0.0000,True,True
11.7126,-5.6233,0.8000,-19.2142,0.03028,1.0000,0.0000,0.0000,True,True
11.7210,-5.6340,0.8000,-19.2419,0.02976,1.0000,0.0000,0.0000,True,True
11.7294,-5.6445,0.8000,-19.2692,0.02925,1.0000,0.0000,0.0000,True,True
11.7378,-5.6548,0.8000,-19.2960,0.02872,1.0000,0.0000,0.0000,True,True
11.7460,-5.6649,0.8000,-19.3224,0.02821,1.0000,0.0000,0.0000,True,True
11.7543,-5.6749,0.8000,-19.3482,0.02769,1.0000,0.0000,0.0000,True,True
11.7627,-5.6847,0.8000,-19.3736,0.02717,1.0000,0.0000,0.0000,True,True
11.7711,-5.6942,0.8000,-19.3984,0.02664,1.0000,0.0000,0.0000,True,True
11.7793,-5.7036,0.8000,-19.4228,0.02613,1.0000,0.0000,0.0000,True,True
11.7876,-5.7128,0.8000,-19.4467,0.02560,1.0000,0.0000,0.0000,True,True
11.7960,-5.7218,0.8000,-19.4701,0.02509,1.0000,0.0000,0.0000,True,True
11.8044,-5.7307,0.8000,-19.4930,0.02456,1.0000,0.0000,0.0000,True,True
11.8126,-5.7393,0.8000,-19.5155,0.02404,1.0000,0.0000,0.0000,True,True
11.8210,-5.7478,0.8000,-19.5374,0.02352,1.0000,0.0000,0.0000,True,True
11.8293,-5.7560,0.8000,-19.5589,0.02300,1.0000,0.0000,0.0000,True,True
11.8376,-5.7641,0.8000,-19.5798,0.02248,1.0000,0.0000,0.0000,True,True
11.8460,-5.7720,0.8000,-19.6003,0.02196,1.0000,0.0000,0.0000,True,True
11.8543,-5.7797,0.8000,-19.6203,0.02143,1.0000,0.0000,0.0000,True,True
11.8628,-5.7872,0.8000,-19.6399,0.02092,1.0000,0.0000,0.0000,True,True
11.8710,-5.7946,0.8000,-19.6590,0.02053,1.0000,0.0000,0.0000,True,True
11.8794,-5.8017,0.8000,-19.6776,0.01987,1.0000,0.0000,0.0000,True,True
11.8877,-5.8087,0.8000,-19.6956,0.01934,1.0000,0.0000,0.0000,True,True
11.8960,-5.8155,0.8000,-19.7132,0.01883,1.0000,0.0000,0.0000,True,True
11.9043,-5.8220,0.8000,-19.7303,0.01831,1.0000,0.0000,0.0000,True,True
11.9127,-5.8284,0.8000,-19.7469,0.01778,1.0000,0.0000,0.0000,True,True
11.9210,-5.8346,0.8000,-19.7630,0.01726,1.0000,0.0000,0.0000,True,True
11.9293,-5.8407,0.8000,-19.7786,0.01675,1.0000,0.0000,0.0000,True,True
11.9378,-5.8465,0.8000,-19.7938,0.01624,1.0000,0.0000,0.0000,True,True
11.9460,-5.8521,0.8000,-19.8084,0.01569,1.0000,0.0000,0.0000,True,True
11.9544,-5.8576,0.8000,-19.8226,0.01518,1.0000,0.0000,0.0000,True,True
11.9627,-5.8629,0.8000,-19.8362,0.01467,1.0000,0.0000,0.0000,True,True
11.9710,-5.8679,0.8000,-19.8494,0.01413,1.0000,0.0000,0.0000,True,True
11.9794,-5.8728,0.8000,-19.8621,0.01362,1.0000,0.0000,0.0000,True,True
11.9878,-5.8775,0.8000,-19.8744,0.01309,1.0000,0.0000,0.0000,True,True
11.9961,-5.8821,0.8000,-19.8861,0.01258,1.0000,0.0000,0.0000,True,True
12.0044,-5.8864,0.8000,-19.8973,0.01205,1.0000,0.0000,0.0000,True,True
12.0127,-5.8906,0.8000,-19.9081,0.01158,1.0000,0.0000,0.0000,True,True
12.0210,-5.8946,0.8000,-19.9185,0.01113,1.0000,0.0000,0.0000,True,True
12.0293,-5.8984,0.8000,-19.9285,0.01071,1.0000,0.0000,0.0000,True,True
12.0376,-5.9021,0.8000,-19.9381,0.01029,1.0000,0.0000,0.0000,True,True
12.0460,-5.9057,0.8000,-19.9474,0.00990,1.0000,0.0000,0.0000,True,True
12.0543,-5.9091,0.8000,-19.9563,0.00955,1.0000,0.0000,0.0000,True,True
12.0627,-5.9124,0.8000,-19.9649,0.00922,1.0000,0.0000,0.0000,True,True
12.0710,-5.9156,0.8000,-19.9732,0.00894,1.0000,0.0000,0.0000,True,True
12.0793,-5.9188,0.8000,-19.9814,0.00871,1.0000,0.0000,0.0000,True,True
12.0876,-5.9188,0.8000,-19.9814,0.00000,1.0000,0.0000,0.0000,True,True
12.0960,-5.9189,0.8000,-19.9819,0.00052,1.0000,0.0000,0.0000,True,True
12.1043,-5.9192,0.8000,-19.9829,0.00104,1.0000,0.0000,0.0000,True,True
12.1126,-5.9197,0.8000,-19.9844,0.00156,1.0000,0.0000,0.0000,True,True
12.1216,-5.9203,0.8000,-19.9865,0.00228,1.0000,0.0000,0.0000,True,True
12.1293,-5.9210,0.8000,-19.9888,0.00241,1.0000,0.0000,0.0000,True,True
12.1377,-5.9219,0.8000,-19.9918,0.00313,1.0000,0.0000,0.0000,True,True
12.1460,-5.9229,0.8000,-19.9953,0.00364,1.0000,0.0000,0.0000,True,True
12.1543,-5.9241,0.8000,-19.9993,0.00417,1.0000,0.0000,0.0000,True,True
12.1627,-5.9254,0.8000,-20.0038,0.00469,1.0000,0.0000,0.0000,True,True
12.1713,-5.9269,0.8000,-20.0088,0.00521,1.0000,0.0000,0.0000,True,True
12.1794,-5.9285,0.8000,-20.0143,0.00573,1.0000,0.0000,0.0000,True,True
12.1877,-5.9303,0.8000,-20.0203,0.00625,1.0000,0.0000,0.0000,True,True
12.1962,-5.9322,0.8000,-20.0268,0.00677,1.0000,0.0000,0.0000,True,True
12.2046,-5.9343,0.8000,-20.0338,0.00729,1.0000,0.0000,0.0000,True,True
12.2127,-5.9365,0.8000,-20.0413,0.00781,1.0000,0.0000,0.0000,True,True
12.2212,-5.9389,0.8000,-20.0493,0.00835,1.0000,0.0000,0.0000,True,True
12.2293,-5.9414,0.8000,-20.0578,0.00885,1.0000,0.0000,0.0000,True,True
12.2377,-5.9441,0.8000,-20.0668,0.00938,1.0000,0.0000,0.0000,True,True
12.2460,-5.9469,0.8000,-20.0763,0.00990,1.0000,0.0000,0.0000,True,True
12.2544,-5.9499,0.8000,-20.0862,0.01042,1.0000,0.0000,0.0000,True,True
12.2627,-5.9530,0.8000,-20.0967,0.01094,1.0000,0.0000,0.0000,True,True
12.2710,-5.9562,0.8000,-20.1077,0.01146,1.0000,0.0000,0.0000,True,True
12.2794,-5.9597,0.8000,-20.1192,0.01198,1.0000,0.0000,0.0000,True,True
12.2877,-5.9632,0.8000,-20.1312,0.01250,1.0000,0.0000,0.0000,True,True
12.2961,-5.9669,0.8000,-20.1437,0.01303,1.0000,0.0000,0.0000,True,True
12.3044,-5.9708,0.8000,-20.1567,0.01354,1.0000,0.0000,0.0000,True,True
12.3127,-5.9748,0.8000,-20.1702,0.01407,1.0000,0.0000,0.0000,True,True
12.3211,-5.9789,0.8000,-20.1841,0.01458,1.0000,0.0000,0.0000,True,True
12.3296,-5.9832,0.8000,-20.1986,0.01512,1.0000,0.0000,0.0000,True,True
12.3379,-5.9877,0.8000,-20.2136,0.01565,1.0000,0.0000,0.0000,True,True
12.3462,-5.9922,0.8000,-20.2291,0.01614,1.0000,0.0000,0.0000,True,True
12.3545,-5.9970,0.8000,-20.2451,0.01667,1.0000,0.0000,0.0000,True,True
12.3629,-6.0019,0.8000,-20.2616,0.01720,1.0000,0.0000,0.0000,True,True
12.3714,-6.0069,0.8000,-20.2786,0.01773,1.0000,0.0000,0.0000,True,True
12.3795,-6.0121,0.8000,-20.2960,0.01822,1.0000,0.0000,0.0000,True,True
12.3877,-6.0174,0.8000,-20.3140,0.01878,1.0000,0.0000,0.0000,True,True
12.3962,-6.0229,0.8000,-20.3325,0.01926,1.0000,0.0000,0.0000,True,True
12.4045,-6.0285,0.8000,-20.3515,0.01979,1.0000,0.0000,0.0000,True,True
12.4129,-6.0343,0.8000,-20.3709,0.02032,1.0000,0.0000,0.0000,True,True
12.4213,-6.0402,0.8000,-20.3909,0.02084,1.0000,0.0000,0.0000,True,True
12.4295,-6.0463,0.8000,-20.4114,0.02136,1.0000,0.0000,0.0000,True,True
12.4378,-6.0525,0.8000,-20.4324,0.02187,1.0000,0.0000,0.0000,True,True
12.4461,-6.0589,0.8000,-20.4539,0.02241,1.0000,0.0000,0.0000,True,True
12.4545,-6.0654,0.8000,-20.4758,0.02292,1.0000,0.0000,0.0000,True,True
12.4627,-6.0721,0.8000,-20.4983,0.02345,1.0000,0.0000,0.0000,True,True
12.4713,-6.0789,0.8000,-20.5213,0.02400,1.0000,0.0000,0.0000,True,True
12.4794,-6.0859,0.8000,-20.5448,0.02451,1.0000,0.0000,0.0000,True,True
12.4879,-6.0930,0.8000,-20.5687,0.02495,1.0000,0.0000,0.0000,True,True
12.4961,-6.1002,0.8000,-20.5932,0.02553,1.0000,0.0000,0.0000,True,True
12.5043,-6.1077,0.8000,-20.6182,0.02604,1.0000,0.0000,0.0000,True,True
12.5127,-6.1152,0.8000,-20.6436,0.02658,1.0000,0.0000,0.0000,True,True
12.5210,-6.1229,0.8000,-20.6696,0.02708,1.0000,0.0000,0.0000,True,True
12.5294,-6.1308,0.8000,-20.6961,0.02761,1.0000,0.0000,0.0000,True,True
12.5379,-6.1388,0.8000,-20.7231,0.02822,1.0000,0.0000,0.0000,True,True
12.5463,-6.1469,0.8000,-20.7506,0.02862,1.0000,0.0000,0.0000,True,True
12.5545,-6.1552,0.8000,-20.7786,0.02918,1.0000,0.0000,0.0000,True,True
12.5629,-6.1637,0.8000,-20.8070,0.02969,1.0000,0.0000,0.0000,True,True
12.5714,-6.1723,0.8000,-20.8360,0.03025,1.0000,0.0000,0.0000,True,True
12.5795,-6.1810,0.8000,-20.8655,0.03073,1.0000,0.0000,0.0000,True,True
12.5878,-6.1899,0.8000,-20.8954,0.03124,1.0000,0.0000,0.0000,True,True
12.5964,-6.1989,0.8000,-20.9259,0.03177,1.0000,0.0000,0.0000,True,True
12.6045,-6.2081,0.8000,-20.9569,0.03230,1.0000,0.0000,0.0000,True,True
12.6128,-6.2175,0.8000,-20.9883,0.03283,1.0000,0.0000,0.0000,True,True
12.6214,-6.2269,0.8000,-21.0203,0.03334,1.0000,0.0000,0.0000,True,True
12.6295,-6.2366,0.8000,-21.0528,0.03386,1.0000,0.0000,0.0000,True,True
12.6379,-6.2463,0.8000,-21.0858,0.03442,1.0000,0.0000,0.0000,True,True
12.6460,-6.2563,0.8000,-21.1192,0.03487,1.0000,0.0000,0.0000,True,True
12.6546,-6.2665,0.8000,-21.1536,0.03588,1.0000,0.0000,0.0000,True,True
12.6629,-6.2767,0.8000,-21.1880,0.03593,1.0000,0.0000,0.0000,True,True
12.6713,-6.2871,0.8000,-21.2232,0.03664,1.0000,0.0000,0.0000,True,True
12.6799,-6.2976,0.8000,-21.2587,0.03702,1.0000,0.0000,0.0000,True,True
12.6878,-6.3083,0.8000,-21.2946,0.03750,1.0000,0.0000,0.0000,True,True
12.6962,-6.3191,0.8000,-21.3311,0.03804,1.0000,0.0000,0.0000,True,True
12.7046,-6.3301,0.8000,-21.3681,0.03858,1.0000,0.0000,0.0000,True,True
12.7128,-6.3412,0.8000,-21.4055,0.03906,1.0000,0.0000,0.0000,True,True
12.7214,-6.3525,0.8000,-21.4435,0.03967,1.0000,0.0000,0.0000,True,True
12.7297,-6.3639,0.8000,-21.4820,0.04010,1.0000,0.0000,0.0000,True,True
12.7380,-6.3755,0.8000,-21.5210,0.04073,1.0000,0.0000,0.0000,True,True
12.7462,-6.3871,0.8000,-21.5604,0.04105,1.0000,0.0000,0.0000,True,True
12.7545,-6.3990,0.8000,-21.6004,0.04169,1.0000,0.0000,0.0000,True,True
12.7629,-6.4110,0.8000,-21.6408,0.04220,1.0000,0.0000,0.0000,True,True
12.7712,-6.4231,0.8000,-21.6818,0.04274,1.0000,0.0000,0.0000,True,True
12.7796,-6.4354,0.8000,-21.7232,0.04325,1.0000,0.0000,0.0000,True,True
12.7879,-6.4479,0.8000,-21.7652,0.04376,1.0000,0.0000,0.0000,True,True
12.7962,-6.4605,0.8000,-21.8077,0.04429,1.0000,0.0000,0.0000,True,True
12.8045,-6.4732,0.8000,-21.8506,0.04482,1.0000,0.0000,0.0000,True,True
12.8130,-6.4860,0.8000,-21.8938,0.04503,1.0000,0.0000,0.0000,True,True
12.8213,-6.4988,0.8000,-21.9369,0.04497,1.0000,0.0000,0.0000,True,True
12.8295,-6.5116,0.8000,-21.9801,0.04500,1.0000,0.0000,0.0000,True,True
12.8379,-6.5244,0.8000,-22.0232,0.04500,1.0000,0.0000,0.0000,True,True
12.8463,-6.5372,0.8000,-22.0663,0.04500,1.0000,0.0000,0.0000,True,True
12.8545,-6.5500,0.8000,-22.1095,0.04501,1.0000,0.0000,0.0000,True,True
12.8629,-6.5628,0.8000,-22.1526,0.04500,1.0000,0.0000,0.0000,True,True
12.8712,-6.5756,0.8000,-22.1958,0.04500,1.0000,0.0000,0.0000,True,True
12.8795,-6.5884,0.8000,-22.2389,0.04500,1.0000,0.0000,0.0000,True,True
12.8879,-6.6012,0.8000,-22.2821,0.04502,1.0000,0.0000,0.0000,True,True
12.8962,-6.6140,0.8000,-22.3252,0.04499,1.0000,0.0000,0.0000,True,True
12.9046,-6.6268,0.8000,-22.3684,0.04499,1.0000,0.0000,0.0000,True,True
12.9129,-6.6396,0.8000,-22.4115,0.04501,1.0000,0.0000,0.0000,True,True
12.9213,-6.6524,0.8000,-22.4546,0.04499,1.0000,0.0000,0.0000,True,True
12.9296,-6.6652,0.8000,-22.4978,0.04500,1.0000,0.0000,0.0000,True,True
12.9379,-6.6780,0.8000,-22.5409,0.04500,1.0000,0.0000,0.0000,True,True
12.9462,-6.6908,0.8000,-22.5841,0.04501,1.0000,0.0000,0.0000,True,True
12.9547,-6.7036,0.8000,-22.6272,0.04501,1.0000,0.0000,0.0000,True,True
12.9631,-6.7164,0.8000,-22.6704,0.04499,1.0000,0.0000,0.0000,True,True
12.9715,-6.7292,0.8000,-22.7136,0.04507,1.0000,0.0000,0.0000,True,True
12.9796,-6.7420,0.8000,-22.7566,0.04494,1.0000,0.0000,0.0000,True,True
12.9882,-6.7548,0.8000,-22.7998,0.04504,1.0000,0.0000,0.0000,True,True
12.9962,-6.7676,0.8000,-22.8429,0.04497,1.0000,0.0000,0.0000,True,True
13.0048,-6.7804,0.8000,-22.8861,0.04500,1.0000,0.0000,0.0000,True,True
13.0129,-6.7932,0.8000,-22.9292,0.04499,1.0000,0.0000,0.0000,True,True
13.0214,-6.8060,0.8000,-22.9724,0.04505,1.0000,0.0000,0.0000,True,True
13.0300,-6.8188,0.8000,-23.0155,0.04496,1.0000,0.0000,0.0000,True,True
13.0380,-6.8316,0.8000,-23.0587,0.04500,1.0000,0.0000,0.0000,True,True
13.0463,-6.8444,0.8000,-23.1018,0.04502,1.0000,0.0000,0.0000,True,True
13.0546,-6.8572,0.8000,-23.1450,0.04499,1.0000,0.0000,0.0000,True,True
13.0630,-6.8699,0.8000,-23.1880,0.04492,1.0000,0.0000,0.0000,True,True
13.0713,-6.8826,0.8000,-23.2306,0.04442,1.0000,0.0000,0.0000,True,True
13.0796,-6.8950,0.8000,-23.2726,0.04386,1.0000,0.0000,0.0000,True,True
13.0881,-6.9074,0.8000,-23.3143,0.04340,1.0000,0.0000,0.0000,True,True
13.0962,-6.9196,0.8000,-23.3553,0.04283,1.0000,0.0000,0.0000,True,True
13.1047,-6.9316,0.8000,-23.3960,0.04239,1.0000,0.0000,0.0000,True,True
13.1129,-6.9435,0.8000,-23.4360,0.04177,1.0000,0.0000,0.0000,True,True
13.1212,-6.9552,0.8000,-23.4756,0.04127,1.0000,0.0000,0.0000,True,True
13.1295,-6.9668,0.8000,-23.5146,0.04076,1.0000,0.0000,0.0000,True,True
13.1379,-6.9783,0.8000,-23.5532,0.04023,1.0000,0.0000,0.0000,True,True
13.1462,-6.9895,0.8000,-23.5913,0.03972,1.0000,0.0000,0.0000,True,True
13.1547,-7.0007,0.8000,-23.6289,0.03919,1.0000,0.0000,0.0000,True,True
13.1630,-7.0117,0.8000,-23.6659,0.03868,1.0000,0.0000,0.0000,True,True
13.1712,-7.0225,0.8000,-23.7025,0.03814,1.0000,0.0000,0.0000,True,True
13.1797,-7.0332,0.8000,-23.7386,0.03763,1.0000,0.0000,0.0000,True,True
13.1883,-7.0438,0.8000,-23.7742,0.03711,1.0000,0.0000,0.0000,True,True
13.1963,-7.0542,0.8000,-23.8092,0.03660,1.0000,0.0000,0.0000,True,True
13.2049,-7.0645,0.8000,-23.8438,0.03608,1.0000,0.0000,0.0000,True,True
13.2132,-7.0746,0.8000,-23.8779,0.03555,1.0000,0.0000,0.0000,True,True
13.2215,-7.0845,0.8000,-23.9115,0.03501,1.0000,0.0000,0.0000,True,True
13.2297,-7.0943,0.8000,-23.9446,0.03450,1.0000,0.0000,0.0000,True,True
13.2380,-7.1040,0.8000,-23.9771,0.03399,1.0000,0.0000,0.0000,True,True
13.2462,-7.1135,0.8000,-24.0092,0.03346,1.0000,0.0000,0.0000,True,True
13.2546,-7.1229,0.8000,-24.0408,0.03295,1.0000,0.0000,0.0000,True,True
13.2630,-7.1322,0.8000,-24.0722,0.03275,1.0000,0.0000,0.0000,True,True
13.2715,-7.1413,0.8000,-24.1028,0.03192,1.0000,0.0000,0.0000,True,True
13.2798,-7.1502,0.8000,-24.1329,0.03136,1.0000,0.0000,0.0000,True,True
13.2880,-7.1590,0.8000,-24.1624,0.03084,1.0000,0.0000,0.0000,True,True
13.2964,-7.1676,0.8000,-24.1915,0.03036,1.0000,0.0000,0.0000,True,True
13.3047,-7.1761,0.8000,-24.2201,0.02979,1.0000,0.0000,0.0000,True,True
13.3130,-7.1844,0.8000,-24.2482,0.02929,1.0000,0.0000,0.0000,True,True
13.3213,-7.1926,0.8000,-24.2758,0.02877,1.0000,0.0000,0.0000,True,True
13.3297,-7.2006,0.8000,-24.3028,0.02825,1.0000,0.0000,0.0000,True,True
13.3387,-7.2085,0.8000,-24.3294,0.02773,1.0000,0.0000,0.0000,True,True
13.3463,-7.2162,0.8000,-24.3555,0.02724,1.0000,0.0000,0.0000,True,True
13.3547,-7.2238,0.8000,-24.3811,0.02669,1.0000,0.0000,0.0000,True,True
13.3630,-7.2313,0.8000,-24.4062,0.02615,1.0000,0.0000,0.0000,True,True
13.3714,-7.2386,0.8000,-24.4309,0.02574,1.0000,0.0000,0.0000,True,True
13.3797,-7.2457,0.8000,-24.4550,0.02510,1.0000,0.0000,0.0000,True,True
13.3882,-7.2527,0.8000,-24.4786,0.02462,1.0000,0.0000,0.0000,True,True
13.3964,-7.2596,0.8000,-24.5016,0.02407,1.0000,0.0000,0.0000,True,True
13.4048,-7.2663,0.8000,-24.5242,0.02356,1.0000,0.0000,0.0000,True,True
13.4131,-7.2728,0.8000,-24.5463,0.02303,1.0000,0.0000,0.0000,True,True
13.4214,-7.2793,0.8000,-24.5680,0.02258,1.0000,0.0000,0.0000,True,True
13.4298,-7.2855,0.8000,-24.5890,0.02193,1.0000,0.0000,0.0000,True,True
13.4381,-7.2916,0.8000,-24.6096,0.02148,1.0000,0.0000,0.0000,True,True
13.4465,-7.2976,0.8000,-24.6297,0.02100,1.0000,0.0000,0.0000,True,True
13.4548,-7.3034,0.8000,-24.6493,0.02046,1.0000,0.0000,0.0000,True,True
13.4631,-7.3090,0.8000,-24.6684,0.01989,1.0000,0.0000,0.0000,True,True
13.4716,-7.3146,0.8000,-24.6871,0.01955,1.0000,0.0000,0.0000,True,True
13.4798,-7.3200,0.8000,-24.7052,0.01883,1.0000,0.0000,0.0000,True,True
13.4883,-7.3253,0.8000,-24.7231,0.01869,1.0000,0.0000,0.0000,True,True
13.4966,-7.3303,0.8000,-24.7402,0.01778,1.0000,0.0000,0.0000,True,True
13.5050,-7.3352,0.8000,-24.7567,0.01729,1.0000,0.0000,0.0000,True,True
13.5135,-7.3400,0.8000,-24.7728,0.01677,1.0000,0.0000,0.0000,True,True
13.5217,-7.3447,0.8000,-24.7884,0.01629,1.0000,0.0000,0.0000,True,True
13.5300,-7.3491,0.8000,-24.8036,0.01578,1.0000,0.0000,0.0000,True,True
13.5384,-7.3535,0.8000,-24.8182,0.01530,1.0000,0.0000,0.0000,True,True
13.5468,-7.3577,0.8000,-24.8325,0.01484,1.0000,0.0000,0.0000,True,True
13.5551,-7.3618,0.8000,-24.8462,0.01434,1.0000,0.0000,0.0000,True,True
13.5633,-7.3657,0.8000,-24.8595,0.01389,1.0000,0.0000,0.0000,True,True
13.5719,-7.3696,0.8000,-24.8724,0.01343,1.0000,0.0000,0.0000,True,True
13.5800,-7.3733,0.8000,-24.8849,0.01299,1.0000,0.0000,0.0000,True,True
13.5886,-7.3768,0.8000,-24.8970,0.01264,1.0000,0.0000,0.0000,True,True
13.5967,-7.3803,0.8000,-24.9086,0.01215,1.0000,0.0000,0.0000,True,True
13.6052,-7.3836,0.8000,-24.9199,0.01176,1.0000,0.0000,0.0000,True,True
13.6134,-7.3869,0.8000,-24.9308,0.01140,1.0000,0.0000,0.0000,True,True
13.6219,-7.3900,0.8000,-24.9414,0.01106,1.0000,0.0000,0.0000,True,True
13.6300,-7.3931,0.8000,-24.9517,0.01073,1.0000,0.0000,0.0000,True,True
13.6387,-7.3961,0.8000,-24.9618,0.01047,1.0000,0.0000,0.0000,True,True
13.6467,-7.3990,0.8000,-24.9716,0.01024,1.0000,0.0000,0.0000,True,True
13.6552,-7.4018,0.8000,-24.9812,0.01007,1.0000,0.0000,0.0000,True,True
13.6634,-7.4018,0.8000,-24.9812,0.00000,1.0000,0.0000,0.0000,True,True
13.6718,-7.4019,0.8000,-24.9818,0.00052,1.0000,0.0000,0.0000,True,True
13.6801,-7.4020,0.8000,-24.9828,0.00104,1.0000,0.0000,0.0000,True,True
13.6884,-7.4022,0.8000,-24.9843,0.00156,1.0000,0.0000,0.0000,True,True
13.6968,-7.4025,0.8000,-24.9864,0.00208,1.0000,0.0000,0.0000,True,True
13.7052,-7.4028,0.8000,-24.9890,0.00260,1.0000,0.0000,0.0000,True,True
13.7134,-7.4031,0.8000,-24.9921,0.00312,1.0000,0.0000,0.0000,True,True
13.7217,-7.4036,0.8000,-24.9957,0.00364,1.0000,0.0000,0.0000,True,True
13.7300,-7.4041,0.8000,-24.9998,0.00416,1.0000,0.0000,0.0000,True,True
13.7383,-7.4046,0.8000,-25.0045,0.00469,1.0000,0.0000,0.0000,True,True
13.7467,-7.4052,0.8001,-25.0097,0.00521,1.0000,0.0000,0.0000,True,True
13.7550,-7.4059,0.8002,-25.0154,0.00573,1.0000,0.0000,0.0000,True,True
13.7633,-7.4066,0.8002,-25.0216,0.00625,1.0000,0.0000,0.0000,True,True
13.7717,-7.4074,0.8003,-25.0283,0.00677,1.0000,0.0000,0.0000,True,True
13.7800,-7.4083,0.8004,-25.0355,0.00730,1.0000,0.0000,0.0000,True,True
13.7887,-7.4092,0.8005,-25.0433,0.00780,1.0000,0.0000,0.0000,True,True
13.7967,-7.4102,0.8006,-25.0515,0.00833,1.0000,0.0000,0.0000,True,True
13.8052,-7.4113,0.8007,-25.0603,0.00885,1.0000,0.0000,0.0000,True,True
13.8134,-7.4124,0.8008,-25.0696,0.00938,1.0000,0.0000,0.0000,True,True
13.8218,-7.4135,0.8009,-25.0795,0.00989,1.0000,0.0000,0.0000,True,True
13.8300,-7.4148,0.8010,-25.0898,0.01042,1.0000,0.0000,0.0000,True,True
13.8384,-7.4161,0.8011,-25.1007,0.01094,1.0000,0.0000,0.0000,True,True
13.8468,-7.4174,0.8012,-25.1120,0.01145,1.0000,0.0000,0.0000,True,True
13.8552,-7.4188,0.8013,-25.1239,0.01198,1.0000,0.0000,0.0000,True,True
13.8635,-7.4203,0.8015,-25.1363,0.01250,1.0000,0.0000,0.0000,True,True
13.8716,-7.4219,0.8016,-25.1493,0.01302,1.0000,0.0000,0.0000,True,True
13.8800,-7.4235,0.8018,-25.1627,0.01354,1.0000,0.0000,0.0000,True,True
13.8884,-7.4251,0.8019,-25.1767,0.01406,1.0000,0.0000,0.0000,True,True
13.8967,-7.4269,0.8021,-25.1912,0.01458,1.0000,0.0000,0.0000,True,True
13.9053,-7.4286,0.8022,-25.2062,0.01510,1.0000,0.0000,0.0000,True,True
13.9133,-7.4305,0.8024,-25.2217,0.01562,1.0000,0.0000,0.0000,True,True
13.9217,-7.4324,0.8026,-25.2377,0.01616,1.0000,0.0000,0.0000,True,True
13.9300,-7.4344,0.8027,-25.2542,0.01665,1.0000,0.0000,0.0000,True,True
13.9383,-7.4364,0.8029,-25.2713,0.01721,1.0000,0.0000,0.0000,True,True
13.9466,-7.4385,0.8031,-25.2889,0.01769,1.0000,0.0000,0.0000,True,True
13.9550,-7.4407,0.8033,-25.3070,0.01823,1.0000,0.0000,0.0000,True,True
13.9634,-7.4429,0.8035,-25.3256,0.01875,1.0000,0.0000,0.0000,True,True
13.9719,-7.4452,0.8037,-25.3448,0.01930,1.0000,0.0000,0.0000,True,True
13.9800,-7.4475,0.8039,-25.3644,0.01976,1.0000,0.0000,0.0000,True,True
13.9883,-7.4499,0.8042,-25.3846,0.02033,1.0000,0.0000,0.0000,True,True
13.9967,-7.4524,0.8044,-25.4052,0.02081,1.0000,0.0000,0.0000,True,True
14.0051,-7.4549,0.8046,-25.4265,0.02136,1.0000,0.0000,0.0000,True,True
14.0133,-7.4575,0.8048,-25.4482,0.02188,1.0000,0.0000,0.0000,True,True
14.0217,-7.4601,0.8051,-25.4704,0.02240,1.0000,0.0000,0.0000,True,True
14.0300,-7.4629,0.8053,-25.4932,0.02291,1.0000,0.0000,0.0000,True,True
14.0385,-7.4656,0.8059,-25.5164,0.02344,1.0000,0.0000,0.0000,True,True
14.0467,-7.4685,0.8067,-25.5402,0.02395,1.0000,0.0000,0.0000,True,True
14.0552,-7.4714,0.8074,-25.5650,0.02501,1.0000,0.0000,0.0000,True,True
14.0635,-7.4744,0.8082,-25.5898,0.02501,1.0000,0.0000,0.0000,True,True
14.0720,-7.4774,0.8090,-25.6152,0.02553,1.0000,0.0000,0.0000,True,True
14.0802,-7.4805,0.8098,-25.6410,0.02606,1.0000,0.0000,0.0000,True,True
14.0885,-7.4836,0.8107,-25.6674,0.02656,1.0000,0.0000,0.0000,True,True
14.0969,-7.4868,0.8115,-25.6943,0.02710,1.0000,0.0000,0.0000,True,True
14.1053,-7.4901,0.8124,-25.7217,0.02764,1.0000,0.0000,0.0000,True,True
14.1135,-7.4934,0.8133,-25.7496,0.02809,1.0000,0.0000,0.0000,True,True
14.1219,-7.4968,0.8142,-25.7781,0.02865,1.0000,0.0000,0.0000,True,True
14.1306,-7.5003,0.8151,-25.8070,0.02918,1.0000,0.0000,0.0000,True,True
14.1386,-7.5038,0.8160,-25.8365,0.02969,1.0000,0.0000,0.0000,True,True
14.1471,-7.5074,0.8170,-25.8673,0.03101,1.0000,0.0000,0.0000,True,True
14.1555,-7.5111,0.8179,-25.8978,0.03075,1.0000,0.0000,0.0000,True,True
14.1641,-7.5148,0.8189,-25.9288,0.03126,1.0000,0.0000,0.0000,True,True
14.1722,-7.5186,0.8199,-25.9604,0.03188,1.0000,0.0000,0.0000,True,True
14.1806,-7.5224,0.8209,-25.9925,0.03228,1.0000,0.0000,0.0000,True,True
14.1889,-7.5263,0.8224,-26.0251,0.03285,1.0000,0.0000,0.0000,True,True
14.1971,-7.5302,0.8241,-26.0581,0.03335,1.0000,0.0000,0.0000,True,True
14.2058,-7.5342,0.8258,-26.0917,0.03388,1.0000,0.0000,0.0000,True,True
14.2138,-7.5383,0.8275,-26.1258,0.03439,1.0000,0.0000,0.0000,True,True
14.2221,-7.5424,0.8293,-26.1605,0.03493,1.0000,0.0000,0.0000,True,True
14.2307,-7.5466,0.8311,-26.1956,0.03543,1.0000,0.0000,0.0000,True,True
14.2388,-7.5508,0.8329,-26.2313,0.03595,1.0000,0.0000,0.0000,True,True
14.2471,-7.5551,0.8348,-26.2675,0.03649,1.0000,0.0000,0.0000,True,True
14.2555,-7.5595,0.8366,-26.3041,0.03698,1.0000,0.0000,0.0000,True,True
14.2677,-7.5659,0.8393,-26.3577,0.05406,1.0000,0.0000,0.0000,True,True
14.2733,-7.5691,0.8407,-26.3846,0.02705,1.0000,0.0000,0.0000,True,True
14.2814,-7.5735,0.8426,-26.4216,0.03730,1.0000,0.0000,0.0000,True,True
14.2888,-7.5776,0.8444,-26.4561,0.03487,1.0000,0.0000,0.0000,True,True
14.2972,-7.5823,0.8463,-26.4954,0.03961,1.0000,0.0000,0.0000,True,True
14.3055,-7.5870,0.8490,-26.5352,0.04012,1.0000,0.0000,0.0000,True,True
14.3139,-7.5918,0.8518,-26.5754,0.04065,1.0000,0.0000,0.0000,True,True
14.3221,-7.5967,0.8546,-26.6162,0.04116,1.0000,0.0000,0.0000,True,True
14.3304,-7.6016,0.8574,-26.6575,0.04169,1.0000,0.0000,0.0000,True,True
14.3389,-7.6066,0.8603,-26.6993,0.04220,1.0000,0.0000,0.0000,True,True
14.3471,-7.6117,0.8632,-26.7417,0.04274,1.0000,0.0000,0.0000,True,True
14.3554,-7.6168,0.8662,-26.7845,0.04325,1.0000,0.0000,0.0000,True,True
14.3638,-7.6219,0.8692,-26.8279,0.04377,1.0000,0.0000,0.0000,True,True
14.3721,-7.6272,0.8722,-26.8717,0.04428,1.0000,0.0000,0.0000,True,True
14.3804,-7.6325,0.8753,-26.9161,0.04482,1.0000,0.0000,0.0000,True,True
14.3887,-7.6378,0.8783,-26.9607,0.04499,1.0000,0.0000,0.0000,True,True
14.3971,-7.6431,0.8815,-27.0053,0.04502,1.0000,0.0000,0.0000,True,True
14.4055,-7.6484,0.8853,-27.0498,0.04499,1.0000,0.0000,0.0000,True,True
14.4138,-7.6537,0.8891,-27.0943,0.04500,1.0000,0.0000,0.0000,True,True
14.4222,-7.6590,0.8929,-27.1389,0.04500,1.0000,0.0000,0.0000,True,True
14.4305,-7.6643,0.8967,-27.1834,0.04500,1.0000,0.0000,0.0000,True,True
14.4389,-7.6696,0.9005,-27.2279,0.04500,1.0000,0.0000,0.0000,True,True
14.4471,-7.6749,0.9043,-27.2724,0.04500,1.0000,0.0000,0.0000,True,True
14.4555,-7.6802,0.9082,-27.3170,0.04501,1.0000,0.0000,0.0000,True,True
14.4639,-7.6855,0.9120,-27.3615,0.04502,1.0000,0.0000,0.0000,True,True
14.4721,-7.6908,0.9158,-27.4060,0.04498,1.0000,0.0000,0.0000,True,True
14.4804,-7.6961,0.9196,-27.4505,0.04502,1.0000,0.0000,0.0000,True,True
14.4887,-7.7014,0.9234,-27.4951,0.04498,1.0000,0.0000,0.0000,True,True
14.4971,-7.7067,0.9278,-27.5395,0.04501,1.0000,0.0000,0.0000,True,True
14.5054,-7.7120,0.9323,-27.5840,0.04501,1.0000,0.0000,0.0000,True,True
14.5138,-7.7173,0.9368,-27.6285,0.04500,1.0000,0.0000,0.0000,True,True
14.5221,-7.7226,0.9413,-27.6729,0.04501,1.0000,0.0000,0.0000,True,True
14.5304,-7.7279,0.9458,-27.7174,0.04501,1.0000,0.0000,0.0000,True,True
14.5388,-7.7332,0.9503,-27.7618,0.04499,1.0000,0.0000,0.0000,True,True
14.5471,-7.7385,0.9548,-27.8063,0.04502,1.0000,0.0000,0.0000,True,True
14.5555,-7.7438,0.9592,-27.8508,0.04499,1.0000,0.0000,0.0000,True,True
14.5638,-7.7491,0.9637,-27.8952,0.04501,1.0000,0.0000,0.0000,True,True
14.5722,-7.7544,0.9682,-27.9397,0.04501,1.0000,0.0000,0.0000,True,True
14.5805,-7.7597,0.9727,-27.9842,0.04501,1.0000,0.0000,0.0000,True,True
14.5888,-7.7650,0.9776,-28.0286,0.04499,1.0000,0.0000,0.0000,True,True
14.5971,-7.7703,0.9827,-28.0730,0.04499,1.0000,0.0000,0.0000,True,True
14.6054,-7.7756,0.9878,-28.1174,0.04501,1.0000,0.0000,0.0000,True,True
14.6138,-7.7809,0.9929,-28.1616,0.04481,1.0000,0.0000,0.0000,True,True
14.6221,-7.7861,0.9979,-28.2053,0.04430,1.0000,0.0000,0.0000,True,True
14.6304,-7.7912,1.0029,-28.2485,0.04377,1.0000,0.0000,0.0000,True,True
14.6388,-7.7963,1.0078,-28.2911,0.04325,1.0000,0.0000,0.0000,True,True
14.6471,-7.8014,1.0126,-28.3333,0.04273,1.0000,0.0000,0.0000,True,True
14.6554,-7.8063,1.0174,-28.3749,0.04221,1.0000,0.0000,0.0000,True,True
14.6638,-7.8112,1.0221,-28.4161,0.04170,1.0000,0.0000,0.0000,True,True
14.6721,-7.8161,1.0268,-28.4567,0.04117,1.0000,0.0000,0.0000,True,True
14.6810,-7.8211,1.0317,-28.4988,0.04264,1.0000,0.0000,0.0000,True,True
14.6892,-7.8258,1.0367,-28.5383,0.04010,1.0000,0.0000,0.0000,True,True
14.6975,-7.8304,1.0417,-28.5773,0.03960,1.0000,0.0000,0.0000,True,True
14.7059,-7.8350,1.0466,-28.6158,0.03907,1.0000,0.0000,0.0000,True,True
14.7142,-7.8395,1.0514,-28.6537,0.03856,1.0000,0.0000,0.0000,True,True
14.7226,-7.8440,1.0562,-28.6912,0.03803,1.0000,0.0000,0.0000,True,True
14.7308,-7.8484,1.0609,-28.7282,0.03751,1.0000,0.0000,0.0000,True,True
14.7392,-7.8528,1.0656,-28.7646,0.03699,1.0000,0.0000,0.0000,True,True
14.7476,-7.8570,1.0702,-28.8005,0.03647,1.0000,0.0000,0.0000,True,True
14.7559,-7.8613,1.0747,-28.8359,0.03594,1.0000,0.0000,0.0000,True,True
14.7643,-7.8654,1.0791,-28.8708,0.03543,1.0000,0.0000,0.0000,True,True
14.7726,-7.8695,1.0835,-28.9052,0.03491,1.0000,0.0000,0.0000,True,True
14.7810,-7.8735,1.0879,-28.9391,0.03439,1.0000,0.0000,0.0000,True,True
14.7893,-7.8775,1.0921,-28.9724,0.03386,1.0000,0.0000,0.0000,True,True
14.7976,-7.8814,1.0964,-29.0053,0.03335,1.0000,0.0000,0.0000,True,True
14.8060,-7.8853,1.1009,-29.0376,0.03281,1.0000,0.0000,0.0000,True,True
14.8142,-7.8891,1.1053,-29.0693,0.03230,1.0000,0.0000,0.0000,True,True
14.8227,-7.8928,1.1096,-29.1006,0.03179,1.0000,0.0000,0.0000,True,True
14.8310,-7.8965,1.1139,-29.1313,0.03125,1.0000,0.0000,0.0000,True,True
14.8392,-7.9001,1.1181,-29.1616,0.03074,1.0000,0.0000,0.0000,True,True
14.8476,-7.9036,1.1222,-29.1913,0.03023,1.0000,0.0000,0.0000,True,True
14.8559,-7.9071,1.1263,-29.2205,0.02969,1.0000,0.0000,0.0000,True,True
14.8643,-7.9105,1.1303,-29.2492,0.02917,1.0000,0.0000,0.0000,True,True
14.8726,-7.9139,1.1342,-29.2774,0.02865,1.0000,0.0000,0.0000,True,True
14.8810,-7.9172,1.1380,-29.3051,0.02814,1.0000,0.0000,0.0000,True,True
14.8893,-7.9204,1.1418,-29.3322,0.02761,1.0000,0.0000,0.0000,True,True
14.8976,-7.9236,1.1455,-29.3589,0.02709,1.0000,0.0000,0.0000,True,True
14.9059,-7.9267,1.1492,-29.3850,0.02656,1.0000,0.0000,0.0000,True,True
14.9144,-7.9297,1.1527,-29.4106,0.02604,1.0000,0.0000,0.0000,True,True
14.9226,-7.9327,1.1562,-29.4357,0.02552,1.0000,0.0000,0.0000,True,True
14.9310,-7.9357,1.1596,-29.4603,0.02501,1.0000,0.0000,0.0000,True,True
14.9393,-7.9385,1.1630,-29.4844,0.02449,1.0000,0.0000,0.0000,True,True
14.9477,-7.9413,1.1663,-29.5080,0.02395,1.0000,0.0000,0.0000,True,True
14.9559,-7.9441,1.1698,-29.5310,0.02345,1.0000,0.0000,0.0000,True,True
14.9643,-7.9468,1.1731,-29.5535,0.02293,1.0000,0.0000,0.0000,True,True
14.9727,-7.9494,1.1764,-29.5755,0.02240,1.0000,0.0000,0.0000,True,True
14.9809,-7.9520,1.1796,-29.5970,0.02187,1.0000,0.0000,0.0000,True,True
14.9892,-7.9545,1.1827,-29.6180,0.02136,1.0000,0.0000,0.0000,True,True
14.9976,-7.9569,1.1858,-29.6385,0.02085,1.0000,0.0000,0.0000,True,True
15.0059,-7.9593,1.1887,-29.6584,0.02031,1.0000,0.0000,0.0000,True,True
15.0142,-7.9616,1.1916,-29.6779,0.01979,1.0000,0.0000,0.0000,True,True
15.0227,-7.9639,1.1945,-29.6968,0.01928,1.0000,0.0000,0.0000,True,True
15.0309,-7.9661,1.1972,-29.7152,0.01877,1.0000,0.0000,0.0000,True,True
15.0393,-7.9682,1.1999,-29.7331,0.01823,1.0000,0.0000,0.0000,True,True
15.0476,-7.9703,1.2025,-29.7506,0.01775,1.0000,0.0000,0.0000,True,True
15.0559,-7.9723,1.2050,-29.7675,0.01722,1.0000,0.0000,0.0000,True,True
15.0642,-7.9742,1.2075,-29.7839,0.01674,1.0000,0.0000,0.0000,True,True
15.0726,-7.9761,1.2098,-29.7999,0.01625,1.0000,0.0000,0.0000,True,True
15.0810,-7.9780,1.2121,-29.8154,0.01577,1.0000,0.0000,0.0000,True,True
15.0892,-7.9798,1.2144,-29.8304,0.01528,1.0000,0.0000,0.0000,True,True
15.0975,-7.9815,1.2165,-29.8449,0.01481,1.0000,0.0000,0.0000,True,True
15.1058,-7.9832,1.2186,-29.8590,0.01435,1.0000,0.0000,0.0000,True,True
15.1142,-7.9848,1.2207,-29.8727,0.01389,1.0000,0.0000,0.0000,True,True
15.1225,-7.9864,1.2226,-29.8859,0.01344,1.0000,0.0000,0.0000,True,True
15.1309,-7.9879,1.2246,-29.8986,0.01301,1.0000,0.0000,0.0000,True,True
15.1393,-7.9894,1.2264,-29.9110,0.01259,1.0000,0.0000,0.0000,True,True
15.1475,-7.9908,1.2282,-29.9230,0.01219,1.0000,0.0000,0.0000,True,True
15.1558,-7.9922,1.2299,-29.9346,0.01182,1.0000,0.0000,0.0000,True,True
15.1643,-7.9935,1.2316,-29.9459,0.01147,1.0000,0.0000,0.0000,True,True
15.1726,-7.9948,1.2332,-29.9568,0.01113,1.0000,0.0000,0.0000,True,True
15.1809,-7.9961,1.2348,-29.9675,0.01085,1.0000,0.0000,0.0000,True,True
15.1892,-7.9974,1.2364,-29.9779,0.01059,1.0000,0.0000,0.0000,True,True
15.1975,-7.9974,1.2364,-29.9779,0.00000,1.0000,0.0000,0.0000,True,True
15.2075,-7.9974,1.2365,-29.9786,0.00076,1.0000,0.0000,0.0000,True,True
15.2162,-7.9974,1.2366,-29.9798,0.00120,1.0000,0.0000,0.0000,True,True
15.2243,-7.9974,1.2369,-29.9814,0.00162,1.0000,0.0000,0.0000,True,True
15.2326,-7.9974,1.2372,-29.9836,0.00219,1.0000,0.0000,0.0000,True,True
15.2409,-7.9974,1.2376,-29.9863,0.00271,1.0000,0.0000,0.0000,True,True
15.2493,-7.9974,1.2381,-29.9895,0.00323,1.0000,0.0000,0.0000,True,True
15.2576,-7.9974,1.2386,-29.9932,0.00376,1.0000,0.0000,0.0000,True,True
15.2659,-7.9974,1.2393,-29.9974,0.00427,1.0000,0.0000,0.0000,True,True
15.2743,-7.9974,1.2400,-30.0021,0.00480,1.0000,0.0000,0.0000,True,True
15.2827,-7.9974,1.2408,-30.0074,0.00532,1.0000,0.0000,0.0000,True,True
15.2909,-7.9974,1.2417,-30.0132,0.00584,1.0000,0.0000,0.0000,True,True
15.2993,-7.9974,1.2427,-30.0194,0.00636,1.0000,0.0000,0.0000,True,True
15.3076,-7.9974,1.2438,-30.0262,0.00688,1.0000,0.0000,0.0000,True,True
15.3159,-7.9974,1.2449,-30.0335,0.00740,1.0000,0.0000,0.0000,True,True
15.3243,-7.9974,1.2462,-30.0414,0.00792,1.0000,0.0000,0.0000,True,True
15.3327,-7.9974,1.2475,-30.0497,0.00844,1.0000,0.0000,0.0000,True,True
15.3409,-7.9974,1.2489,-30.0586,0.00896,1.0000,0.0000,0.0000,True,True
15.3494,-7.9974,1.2504,-30.0679,0.00948,1.0000,0.0000,0.0000,True,True
15.3576,-7.9974,1.2519,-30.0778,0.01000,1.0000,0.0000,0.0000,True,True
15.3660,-7.9974,1.2536,-30.0882,0.01053,1.0000,0.0000,0.0000,True,True
15.3743,-7.9974,1.2553,-30.0991,0.01105,1.0000,0.0000,0.0000,True,True
15.3827,-7.9974,1.2571,-30.1106,0.01157,1.0000,0.0000,0.0000,True,True
15.3910,-7.9974,1.2590,-30.1225,0.01209,1.0000,0.0000,0.0000,True,True
15.3993,-7.9974,1.2609,-30.1350,0.01261,1.0000,0.0000,0.0000,True,True
15.4076,-7.9974,1.2630,-30.1479,0.01313,1.0000,0.0000,0.0000,True,True
15.4160,-7.9975,1.2651,-30.1614,0.01365,1.0000,0.0000,0.0000,True,True
15.4244,-7.9975,1.2673,-30.1754,0.01417,1.0000,0.0000,0.0000,True,True
15.4327,-7.9975,1.2696,-30.1899,0.01469,1.0000,0.0000,0.0000,True,True
15.4410,-7.9975,1.2720,-30.2050,0.01522,1.0000,0.0000,0.0000,True,True
15.4493,-7.9975,1.2744,-30.2205,0.01573,1.0000,0.0000,0.0000,True,True
15.4576,-7.9975,1.2770,-30.2366,0.01626,1.0000,0.0000,0.0000,True,True
15.4660,-7.9975,1.2796,-30.2531,0.01678,1.0000,0.0000,0.0000,True,True
15.4743,-7.9975,1.2823,-30.2702,0.01730,1.0000,0.0000,0.0000,True,True
15.4827,-7.9975,1.2851,-30.2878,0.01782,1.0000,0.0000,0.0000,True,True
15.4910,-7.9975,1.2879,-30.3059,0.01833,1.0000,0.0000,0.0000,True,True
15.4993,-7.9975,1.2908,-30.3246,0.01887,1.0000,0.0000,0.0000,True,True
15.5077,-7.9975,1.2939,-30.3437,0.01937,1.0000,0.0000,0.0000,True,True
15.5160,-7.9976,1.2970,-30.3634,0.01990,1.0000,0.0000,0.0000,True,True
15.5244,-7.9976,1.3001,-30.3835,0.02042,1.0000,0.0000,0.0000,True,True
15.5328,-7.9976,1.3034,-30.4042,0.02094,1.0000,0.0000,0.0000,True,True
15.5410,-7.9976,1.3068,-30.4254,0.02146,1.0000,0.0000,0.0000,True,True
15.5494,-7.9976,1.3102,-30.4471,0.02198,1.0000,0.0000,0.0000,True,True
15.5577,-7.9976,1.3137,-30.4694,0.02252,1.0000,0.0000,0.0000,True,True
15.5660,-7.9976,1.3173,-30.4921,0.02302,1.0000,0.0000,0.0000,True,True
15.5743,-7.9976,1.3211,-30.5154,0.02355,1.0000,0.0000,0.0000,True,True
15.5827,-7.9977,1.3250,-30.5391,0.02407,1.0000,0.0000,0.0000,True,True
15.5910,-7.9977,1.3290,-30.5634,0.02459,1.0000,0.0000,0.0000,True,True
15.5993,-7.9977,1.3331,-30.5881,0.02510,1.0000,0.0000,0.0000,True,True
15.6076,-7.9977,1.3372,-30.6134,0.02563,1.0000,0.0000,0.0000,True,True
15.6160,-7.9977,1.3415,-30.6392,0.02616,1.0000,0.0000,0.0000,True,True
15.6243,-7.9977,1.3458,-30.6655,0.02667,1.0000,0.0000,0.0000,True,True
15.6326,-7.9977,1.3503,-30.6924,0.02720,1.0000,0.0000,0.0000,True,True
15.6410,-7.9977,1.3548,-30.7197,0.02771,1.0000,0.0000,0.0000,True,True
15.6494,-7.9978,1.3594,-30.7476,0.02826,1.0000,0.0000,0.0000,True,True
15.6577,-7.9978,1.3641,-30.7759,0.02873,1.0000,0.0000,0.0000,True,True
15.6660,-7.9978,1.3688,-30.8048,0.02928,1.0000,0.0000,0.0000,True,True
15.6744,-7.9978,1.3737,-30.8342,0.02980,1.0000,0.0000,0.0000,True,True
15.6827,-7.9978,1.3786,-30.8641,0.03032,1.0000,0.0000,0.0000,True,True
15.6911,-7.9978,1.3837,-30.8946,0.03085,1.0000,0.0000,0.0000,True,True
15.6994,-7.9979,1.3888,-30.9255,0.03135,1.0000,0.0000,0.0000,True,True
15.7076,-7.9979,1.3939,-30.9570,0.03188,1.0000,0.0000,0.0000,True,True
15.7160,-7.9979,1.3992,-30.9890,0.03242,1.0000,0.0000,0.0000,True,True
15.7243,-7.9979,1.4047,-31.0214,0.03291,1.0000,0.0000,0.0000,True,True
15.7326,-7.9979,1.4104,-31.0544,0.03345,1.0000,0.0000,0.0000,True,True
15.7409,-7.9979,1.4161,-31.0879,0.03398,1.0000,0.0000,0.0000,True,True
15.7493,-7.9980,1.4219,-31.1219,0.03448,1.0000,0.0000,0.0000,True,True
15.7577,-7.9980,1.4278,-31.1564,0.03501,1.0000,0.0000,0.0000,True,True
15.7660,-7.9980,1.4338,-31.1914,0.03553,1.0000,0.0000,0.0000,True,True
15.7743,-7.9980,1.4399,-31.2269,0.03606,1.0000,0.0000,0.0000,True,True
15.7827,-7.9980,1.4460,-31.2630,0.03657,1.0000,0.0000,0.0000,True,True
15.7910,-7.9981,1.4523,-31.2995,0.03709,1.0000,0.0000,0.0000,True,True
15.7993,-7.9981,1.4586,-31.3366,0.03761,1.0000,0.0000,0.0000,True,True
15.8076,-7.9981,1.4651,-31.3742,0.03814,1.0000,0.0000,0.0000,True,True
15.8160,-7.9981,1.4716,-31.4123,0.03866,1.0000,0.0000,0.0000,True,True
15.8243,-7.9981,1.4782,-31.4509,0.03917,1.0000,0.0000,0.0000,True,True
15.8326,-7.9982,1.4849,-31.4900,0.03970,1.0000,0.0000,0.0000,True,True
15.8410,-7.9982,1.4918,-31.5297,0.04022,1.0000,0.0000,0.0000,True,True
15.8493,-7.9982,1.4989,-31.5698,0.04074,1.0000,0.0000,0.0000,True,True
15.8576,-7.9982,1.5060,-31.6104,0.04125,1.0000,0.0000,0.0000,True,True
15.8660,-7.9982,1.5132,-31.6516,0.04178,1.0000,0.0000,0.0000,True,True
15.8743,-7.9983,1.5206,-31.6932,0.04230,1.0000,0.0000,0.0000,True,True
15.8827,-7.9983,1.5280,-31.7354,0.04282,1.0000,0.0000,0.0000,True,True
15.8909,-7.9983,1.5355,-31.7781,0.04335,1.0000,0.0000,0.0000,True,True
15.8994,-7.9983,1.5431,-31.8213,0.04388,1.0000,0.0000,0.0000,True,True
15.9076,-7.9983,1.5507,-31.8650,0.04437,1.0000,0.0000,0.0000,True,True
15.9160,-7.9984,1.5585,-31.9093,0.04491,1.0000,0.0000,0.0000,True,True
15.9244,-7.9984,1.5663,-31.9536,0.04500,1.0000,0.0000,0.0000,True,True
15.9327,-7.9984,1.5741,-31.9979,0.04499,1.0000,0.0000,0.0000,True,True
15.9411,-7.9984,1.5820,-32.0422,0.04502,1.0000,0.0000,0.0000,True,True
15.9494,-7.9985,1.5900,-32.0865,0.04500,1.0000,0.0000,0.0000,True,True
15.9576,-7.9985,1.5979,-32.1308,0.04499,1.0000,0.0000,0.0000,True,True
15.9660,-7.9985,1.6058,-32.1751,0.04500,1.0000,0.0000,0.0000,True,True
15.9743,-7.9985,1.6138,-32.2194,0.04500,1.0000,0.0000,0.0000,True,True
15.9827,-7.9986,1.6217,-32.2637,0.04500,1.0000,0.0000,0.0000,True,True
15.9910,-7.9986,1.6296,-32.3080,0.04500,1.0000,0.0000,0.0000,True,True
15.9994,-7.9986,1.6376,-32.3523,0.04500,1.0000,0.0000,0.0000,True,True
16.0077,-7.9986,1.6455,-32.3966,0.04500,1.0000,0.0000,0.0000,True,True
16.0161,-7.9987,1.6534,-32.4409,0.04499,1.0000,0.0000,0.0000,True,True
16.0243,-7.9987,1.6614,-32.4852,0.04500,1.0000,0.0000,0.0000,True,True
16.0327,-7.9987,1.6693,-32.5294,0.04501,1.0000,0.0000,0.0000,True,True
16.0411,-7.9987,1.6774,-32.5737,0.04499,1.0000,0.0000,0.0000,True,True
16.0494,-7.9987,1.6854,-32.6180,0.04502,1.0000,0.0000,0.0000,True,True
16.0577,-7.9988,1.6934,-32.6623,0.04500,1.0000,0.0000,0.0000,True,True
16.0661,-7.9988,1.7014,-32.7066,0.04500,1.0000,0.0000,0.0000,True,True
16.0743,-7.9988,1.7094,-32.7509,0.04501,1.0000,0.0000,0.0000,True,True
16.0827,-7.9988,1.7175,-32.7951,0.04499,1.0000,0.0000,0.0000,True,True
16.0910,-7.9989,1.7255,-32.8394,0.04500,1.0000,0.0000,0.0000,True,True
16.0994,-7.9989,1.7335,-32.8837,0.04501,1.0000,0.0000,0.0000,True,True
16.1078,-7.9989,1.7415,-32.9280,0.04501,1.0000,0.0000,0.0000,True,True
16.1161,-7.9989,1.7495,-32.9723,0.04499,1.0000,0.0000,0.0000,True,True
16.1244,-7.9990,1.7576,-33.0165,0.04501,1.0000,0.0000,0.0000,True,True
16.1327,-7.9990,1.7656,-33.0608,0.04503,1.0000,0.0000,0.0000,True,True
16.1411,-7.9990,1.7737,-33.1051,0.04497,1.0000,0.0000,0.0000,True,True
16.1494,-7.9990,1.7817,-33.1494,0.04499,1.0000,0.0000,0.0000,True,True
16.1577,-7.9990,1.7896,-33.1931,0.04442,1.0000,0.0000,0.0000,True,True
16.1661,-7.9991,1.7975,-33.2363,0.04393,1.0000,0.0000,0.0000,True,True
16.1744,-7.9991,1.8053,-33.2790,0.04341,1.0000,0.0000,0.0000,True,True
16.1827,-7.9991,1.8129,-33.3212,0.04287,1.0000,0.0000,0.0000,True,True
16.1910,-7.9991,1.8205,-33.3630,0.04247,1.0000,0.0000,0.0000,True,True
16.1994,-7.9992,1.8280,-33.4041,0.04182,1.0000,0.0000,0.0000,True,True
16.2077,-7.9992,1.8354,-33.4447,0.04131,1.0000,0.0000,0.0000,True,True
16.2160,-7.9992,1.8427,-33.4849,0.04081,1.0000,0.0000,0.0000,True,True
16.2243,-7.9992,1.8499,-33.5245,0.04027,1.0000,0.0000,0.0000,True,True
16.2327,-7.9992,1.8570,-33.5637,0.03977,1.0000,0.0000,0.0000,True,True
16.2411,-7.9993,1.8640,-33.6022,0.03921,1.0000,0.0000,0.0000,True,True
16.2494,-7.9993,1.8709,-33.6403,0.03872,1.0000,0.0000,0.0000,True,True
16.2577,-7.9993,1.8777,-33.6779,0.03818,1.0000,0.0000,0.0000,True,True
16.2661,-7.9993,1.8844,-33.7150,0.03766,1.0000,0.0000,0.0000,True,True
16.2744,-7.9993,1.8910,-33.7515,0.03715,1.0000,0.0000,0.0000,True,True
16.2828,-7.9994,1.8975,-33.7876,0.03663,1.0000,0.0000,0.0000,True,True
16.2911,-7.9994,1.9040,-33.8231,0.03611,1.0000,0.0000,0.0000,True,True
16.2996,-7.9994,1.9103,-33.8581,0.03560,1.0000,0.0000,0.0000,True,True
16.3078,-7.9994,1.9165,-33.8926,0.03505,1.0000,0.0000,0.0000,True,True
16.3165,-7.9994,1.9229,-33.9276,0.03553,1.0000,0.0000,0.0000,True,True
16.3247,-7.9994,1.9289,-33.9610,0.03400,1.0000,0.0000,0.0000,True,True
16.3329,-7.9995,1.9349,-33.9940,0.03350,1.0000,0.0000,0.0000,True,True
16.3413,-7.9995,1.9407,-34.0264,0.03295,1.0000,0.0000,0.0000,True,True
16.3497,-7.9995,1.9464,-34.0584,0.03245,1.0000,0.0000,0.0000,True,True
16.3579,-7.9995,1.9521,-34.0898,0.03192,1.0000,0.0000,0.0000,True,True
16.3663,-7.9995,1.9576,-34.1207,0.03140,1.0000,0.0000,0.0000,True,True
16.3746,-7.9995,1.9630,-34.1511,0.03088,1.0000,0.0000,0.0000,True,True
16.3830,-7.9996,1.9684,-34.1810,0.03036,1.0000,0.0000,0.0000,True,True
16.3913,-7.9996,1.9737,-34.2104,0.02985,1.0000,0.0000,0.0000,True,True
16.3996,-7.9996,1.9788,-34.2392,0.02931,1.0000,0.0000,0.0000,True,True
16.4079,-7.9996,1.9839,-34.2676,0.02880,1.0000,0.0000,0.0000,True,True
16.4163,-7.9996,1.9889,-34.2954,0.02827,1.0000,0.0000,0.0000,True,True
16.4246,-7.9996,1.9938,-34.3227,0.02776,1.0000,0.0000,0.0000,True,True
16.4330,-7.9997,1.9986,-34.3495,0.02724,1.0000,0.0000,0.0000,True,True
16.4413,-7.9997,2.0033,-34.3758,0.02670,1.0000,0.0000,0.0000,True,True
16.4496,-7.9997,2.0079,-34.4016,0.02624,1.0000,0.0000,0.0000,True,True
16.4580,-7.9997,2.0124,-34.4269,0.02567,1.0000,0.0000,0.0000,True,True
16.4663,-7.9997,2.0169,-34.4516,0.02515,1.0000,0.0000,0.0000,True,True
16.4746,-7.9997,2.0212,-34.4759,0.02463,1.0000,0.0000,0.0000,True,True
16.4829,-7.9997,2.0255,-34.4996,0.02410,1.0000,0.0000,0.0000,True,True
16.4913,-7.9997,2.0295,-34.5228,0.02359,1.0000,0.0000,0.0000,True,True
16.4996,-7.9998,2.0335,-34.5456,0.02306,1.0000,0.0000,0.0000,True,True
16.5079,-7.9998,2.0374,-34.5678,0.02255,1.0000,0.0000,0.0000,True,True
16.5163,-7.9998,2.0413,-34.5895,0.02203,1.0000,0.0000,0.0000,True,True
16.5247,-7.9998,2.0450,-34.6106,0.02149,1.0000,0.0000,0.0000,True,True
16.5329,-7.9998,2.0486,-34.6313,0.02098,1.0000,0.0000,0.0000,True,True
16.5413,-7.9998,2.0521,-34.6514,0.02045,1.0000,0.0000,0.0000,True,True
16.5497,-7.9998,2.0556,-34.6711,0.01994,1.0000,0.0000,0.0000,True,True
16.5579,-7.9998,2.0590,-34.6902,0.01942,1.0000,0.0000,0.0000,True,True
16.5663,-7.9998,2.0622,-34.7088,0.01890,1.0000,0.0000,0.0000,True,True
16.5747,-7.9999,2.0654,-34.7269,0.01838,1.0000,0.0000,0.0000,True,True
16.5829,-7.9999,2.0685,-34.7445,0.01786,1.0000,0.0000,0.0000,True,True
16.5913,-7.9999,2.0715,-34.7616,0.01734,1.0000,0.0000,0.0000,True,True
16.5996,-7.9999,2.0744,-34.7782,0.01682,1.0000,0.0000,0.0000,True,True
16.6080,-7.9999,2.0772,-34.7942,0.01629,1.0000,0.0000,0.0000,True,True
16.6163,-7.9999,2.0800,-34.8097,0.01578,1.0000,0.0000,0.0000,True,True
16.6247,-7.9999,2.0826,-34.8248,0.01526,1.0000,0.0000,0.0000,True,True
16.6330,-7.9999,2.0852,-34.8393,0.01473,1.0000,0.0000,0.0000,True,True
16.6414,-7.9999,2.0876,-34.8533,0.01421,1.0000,0.0000,0.0000,True,True
16.6496,-7.9999,2.0900,-34.8668,0.01371,1.0000,0.0000,0.0000,True,True
16.6580,-7.9999,2.0923,-34.8798,0.01324,1.0000,0.0000,0.0000,True,True
16.6664,-7.9999,2.0945,-34.8924,0.01278,1.0000,0.0000,0.0000,True,True
16.6747,-7.9999,2.0966,-34.9046,0.01232,1.0000,0.0000,0.0000,True,True
16.6830,-8.0000,2.0987,-34.9163,0.01189,1.0000,0.0000,0.0000,True,True
16.6913,-8.0000,2.1007,-34.9275,0.01146,1.0000,0.0000,0.0000,True,True
16.6996,-8.0000,2.1026,-34.9384,0.01105,1.0000,0.0000,0.0000,True,True
16.7080,-8.0000,2.1044,-34.9489,0.01067,1.0000,0.0000,0.0000,True,True
16.7163,-8.0000,2.1062,-34.9591,0.01032,1.0000,0.0000,0.0000,True,True
16.7247,-8.0000,2.1080,-34.9690,0.01000,1.0000,0.0000,0.0000,True,True
16.7330,-8.0000,2.1096,-34.9785,0.00971,1.0000,0.0000,0.0000,True,True
16.7414,-8.0000,2.1096,-34.9785,0.00000,1.0000,0.0000,0.0000,True,True
16.7497,-8.0000,2.1097,-34.9790,0.00052,1.0000,0.0000,0.0000,True,True
16.7581,-8.0000,2.1099,-34.9801,0.00105,1.0000,0.0000,0.0000,True,True
16.7664,-8.0000,2.1102,-34.9816,0.00156,1.0000,0.0000,0.0000,True,True
16.7746,-8.0000,2.1105,-34.9837,0.00208,1.0000,0.0000,0.0000,True,True
16.7832,-8.0000,2.1110,-34.9862,0.00261,1.0000,0.0000,0.0000,True,True
16.7913,-8.0000,2.1115,-34.9893,0.00313,1.0000,0.0000,0.0000,True,True
16.7997,-8.0000,2.1122,-34.9929,0.00364,1.0000,0.0000,0.0000,True,True
16.8080,-8.0000,2.1129,-34.9970,0.00416,1.0000,0.0000,0.0000,True,True
16.8163,-8.0000,2.1137,-35.0016,0.00469,1.0000,0.0000,0.0000,True,True
16.8246,-8.0000,2.1146,-35.0067,0.00521,1.0000,0.0000,0.0000,True,True
16.8329,-8.0000,2.1155,-35.0124,0.00573,1.0000,0.0000,0.0000,True,True
16.8414,-8.0000,2.1166,-35.0186,0.00625,1.0000,0.0000,0.0000,True,True
16.8496,-8.0000,2.1177,-35.0252,0.00677,1.0000,0.0000,0.0000,True,True
16.8580,-8.0000,2.1190,-35.0324,0.00729,1.0000,0.0000,0.0000,True,True
16.8663,-8.0000,2.1203,-35.0401,0.00781,1.0000,0.0000,0.0000,True,True
16.8747,-8.0000,2.1217,-35.0483,0.00833,1.0000,0.0000,0.0000,True,True
16.8830,-8.0000,2.1232,-35.0571,0.00885,1.0000,0.0000,0.0000,True,True
16.8914,-8.0000,2.1248,-35.0663,0.00938,1.0000,0.0000,0.0000,True,True
16.8997,-8.0000,2.1264,-35.0761,0.00990,1.0000,0.0000,0.0000,True,True
16.9080,-8.0000,2.1282,-35.0863,0.01042,1.0000,0.0000,0.0000,True,True
16.9164,-8.0000,2.1300,-35.0971,0.01094,1.0000,0.0000,0.0000,True,True
16.9248,-8.0000,2.1320,-35.1084,0.01147,1.0000,0.0000,0.0000,True,True
16.9330,-8.0000,2.1340,-35.1202,0.01199,1.0000,0.0000,0.0000,True,True
16.9414,-8.0000,2.1361,-35.1326,0.01251,1.0000,0.0000,0.0000,True,True
16.9496,-8.0000,2.1383,-35.1454,0.01304,1.0000,0.0000,0.0000,True,True
16.9580,-8.0000,2.1406,-35.1588,0.01355,1.0000,0.0000,0.0000,True,True
16.9663,-8.0000,2.1429,-35.1726,0.01407,1.0000,0.0000,0.0000,True,True
16.9746,-8.0000,2.1454,-35.1870,0.01460,1.0000,0.0000,0.0000,True,True
16.9830,-8.0000,2.1480,-35.2019,0.01511,1.0000,0.0000,0.0000,True,True
16.9913,-8.0000,2.1506,-35.2173,0.01564,1.0000,0.0000,0.0000,True,True
16.9997,-8.0000,2.1533,-35.2333,0.01616,1.0000,0.0000,0.0000,True,True
17.0080,-8.0000,2.1561,-35.2497,0.01667,1.0000,0.0000,0.0000,True,True
17.0163,-8.0000,2.1590,-35.2667,0.01719,1.0000,0.0000,0.0000,True,True
17.0247,-8.0000,2.1620,-35.2841,0.01772,1.0000,0.0000,0.0000,True,True
17.0330,-8.0000,2.1651,-35.3021,0.01824,1.0000,0.0000,0.0000,True,True
17.0413,-8.0000,2.1683,-35.3206,0.01876,1.0000,0.0000,0.0000,True,True
17.0496,-8.0000,2.1715,-35.3396,0.01928,1.0000,0.0000,0.0000,True,True
17.0580,-8.0000,2.1748,-35.3591,0.01980,1.0000,0.0000,0.0000,True,True
17.0663,-8.0000,2.1783,-35.3791,0.02032,1.0000,0.0000,0.0000,True,True
17.0747,-8.0000,2.1818,-35.3997,0.02085,1.0000,0.0000,0.0000,True,True
17.0830,-8.0000,2.1854,-35.4208,0.02136,1.0000,0.0000,0.0000,True,True
17.0913,-8.0000,2.1891,-35.4424,0.02196,1.0000,0.0000,0.0000,True,True
17.0997,-8.0000,2.1929,-35.4645,0.02240,1.0000,0.0000,0.0000,True,True
17.1080,-8.0000,2.1967,-35.4871,0.02293,1.0000,0.0000,0.0000,True,True
17.1163,-8.0000,2.2006,-35.5102,0.02345,1.0000,0.0000,0.0000,True,True
17.1247,-8.0000,2.2045,-35.5339,0.02398,1.0000,0.0000,0.0000,True,True
17.1330,-8.0000,2.2085,-35.5580,0.02449,1.0000,0.0000,0.0000,True,True
17.1414,-8.0000,2.2126,-35.5827,0.02502,1.0000,0.0000,0.0000,True,True
17.1496,-8.0000,2.2168,-35.6079,0.02553,1.0000,0.0000,0.0000,True,True
17.1580,-8.0000,2.2210,-35.6336,0.02606,1.0000,0.0000,0.0000,True,True
17.1664,-8.0000,2.2253,-35.6598,0.02658,1.0000,0.0000,0.0000,True,True
17.1747,-8.0000,2.2297,-35.6866,0.02711,1.0000,0.0000,0.0000,True,True
17.1830,-8.0000,2.2342,-35.7138,0.02761,1.0000,0.0000,0.0000,True,True
17.1914,-8.0000,2.2388,-35.7416,0.02815,1.0000,0.0000,0.0000,True,True
17.1997,-8.0000,2.2435,-35.7699,0.02866,1.0000,0.0000,0.0000,True,True
17.2080,-8.0000,2.2482,-35.7987,0.02918,1.0000,0.0000,0.0000,True,True
17.2163,-8.0000,2.2531,-35.8280,0.02970,1.0000,0.0000,0.0000,True,True
17.2248,-8.0000,2.2580,-35.8578,0.03024,1.0000,0.0000,0.0000,True,True
17.2330,-8.0000,2.2630,-35.8881,0.03073,1.0000,0.0000,0.0000,True,True
17.2414,-8.0000,2.2681,-35.9190,0.03129,1.0000,0.0000,0.0000,True,True
17.2497,-8.0000,2.2733,-35.9503,0.03178,1.0000,0.0000,0.0000,True,True
17.2582,-8.0000,2.2786,-35.9824,0.03251,1.0000,0.0000,0.0000,True,True
17.2665,-8.0000,2.2838,-36.0148,0.03282,1.0000,0.0000,0.0000,True,True
17.2748,-8.0000,2.2890,-36.0478,0.03336,1.0000,0.0000,0.0000,True,True
17.2832,-8.0000,2.2943,-36.0812,0.03387,1.0000,0.0000,0.0000,True,True
17.2914,-8.0000,2.2997,-36.1152,0.03439,1.0000,0.0000,0.0000,True,True
17.2998,-8.0000,2.3051,-36.1497,0.03492,1.0000,0.0000,0.0000,True,True
17.3083,-8.0000,2.3106,-36.1847,0.03544,1.0000,0.0000,0.0000,True,True
17.3164,-8.0000,2.3162,-36.2202,0.03595,1.0000,0.0000,0.0000,True,True
17.3248,-8.0000,2.3219,-36.2562,0.03648,1.0000,0.0000,0.0000,True,True
17.3331,-8.0000,2.3277,-36.2928,0.03700,1.0000,0.0000,0.0000,True,True
17.3415,-8.0000,2.3335,-36.3299,0.03753,1.0000,0.0000,0.0000,True,True
17.3498,-8.0000,2.3394,-36.3674,0.03804,1.0000,0.0000,0.0000,True,True
17.3581,-8.0000,2.3454,-36.4055,0.03858,1.0000,0.0000,0.0000,True,True
17.3665,-8.0000,2.3515,-36.4441,0.03908,1.0000,0.0000,0.0000,True,True
17.3748,-8.0000,2.3577,-36.4833,0.03960,1.0000,0.0000,0.0000,True,True
17.3832,-8.0000,2.3638,-36.5229,0.04012,1.0000,0.0000,0.0000,True,True
17.3915,-8.0000,2.3697,-36.5631,0.04065,1.0000,0.0000,0.0000,True,True
17.3998,-8.0000,2.3758,-36.6038,0.04118,1.0000,0.0000,0.0000,True,True
17.4082,-8.0000,2.3820,-36.6452,0.04181,1.0000,0.0000,0.0000,True,True
17.4164,-8.0000,2.3882,-36.6868,0.04209,1.0000,0.0000,0.0000,True,True
17.4248,-8.0000,2.3945,-36.7291,0.04273,1.0000,0.0000,0.0000,True,True
17.4331,-8.0000,2.4009,-36.7719,0.04325,1.0000,0.0000,0.0000,True,True
17.4414,-8.0000,2.4073,-36.8152,0.04381,1.0000,0.0000,0.0000,True,True
17.4497,-8.0000,2.4138,-36.8590,0.04424,1.0000,0.0000,0.0000,True,True
17.4581,-8.0000,2.4204,-36.9033,0.04483,1.0000,0.0000,0.0000,True,True
17.4664,-8.0000,2.4271,-36.9478,0.04500,1.0000,0.0000,0.0000,True,True
17.4747,-8.0000,2.4337,-36.9923,0.04501,1.0000,0.0000,0.0000,True,True
17.4831,-8.0000,2.4400,-37.0369,0.04499,1.0000,0.0000,0.0000,True,True
17.4914,-8.0000,2.4462,-37.0815,0.04500,1.0000,0.0000,0.0000,True,True
17.4998,-8.0000,2.4524,-37.1260,0.04501,1.0000,0.0000,0.0000,True,True
17.5081,-8.0000,2.4586,-37.1706,0.04499,1.0000,0.0000,0.0000,True,True
17.5164,-8.0000,2.4648,-37.2152,0.04501,1.0000,0.0000,0.0000,True,True
17.5249,-8.0000,2.4710,-37.2598,0.04501,1.0000,0.0000,0.0000,True,True
17.5332,-8.0000,2.4772,-37.3043,0.04500,1.0000,0.0000,0.0000,True,True
17.5417,-8.0000,2.4834,-37.3489,0.04500,1.0000,0.0000,0.0000,True,True
17.5498,-8.0000,2.4896,-37.3935,0.04498,1.0000,0.0000,0.0000,True,True
17.5583,-8.0000,2.4958,-37.4380,0.04501,1.0000,0.0000,0.0000,True,True
17.5664,-8.0000,2.5020,-37.4826,0.04501,1.0000,0.0000,0.0000,True,True
17.5747,-8.0000,2.5079,-37.5273,0.04502,1.0000,0.0000,0.0000,True,True
17.5831,-8.0000,2.5135,-37.5719,0.04500,1.0000,0.0000,0.0000,True,True
17.5914,-8.0000,2.5192,-37.6165,0.04499,1.0000,0.0000,0.0000,True,True
17.5998,-8.0000,2.5249,-37.6611,0.04499,1.0000,0.0000,0.0000,True,True
17.6081,-8.0000,2.5306,-37.7058,0.04500,1.0000,0.0000,0.0000,True,True
17.6165,-8.0000,2.5363,-37.7504,0.04502,1.0000,0.0000,0.0000,True,True
17.6248,-8.0000,2.5420,-37.7951,0.04501,1.0000,0.0000,0.0000,True,True
17.6331,-8.0000,2.5477,-37.8397,0.04500,1.0000,0.0000,0.0000,True,True
17.6415,-8.0000,2.5534,-37.8844,0.04501,1.0000,0.0000,0.0000,True,True
17.6497,-8.0000,2.5591,-37.9290,0.04499,1.0000,0.0000,0.0000,True,True
17.6582,-8.0000,2.5648,-37.9736,0.04501,1.0000,0.0000,0.0000,True,True
17.6664,-8.0000,2.5703,-38.0183,0.04500,1.0000,0.0000,0.0000,True,True
17.6747,-8.0000,2.5755,-38.0630,0.04503,1.0000,0.0000,0.0000,True,True
17.6831,-8.0000,2.5806,-38.1077,0.04498,1.0000,0.0000,0.0000,True,True
17.6914,-8.0000,2.5857,-38.1520,0.04458,1.0000,0.0000,0.0000,True,True
17.6998,-8.0000,2.5907,-38.1957,0.04399,1.0000,0.0000,0.0000,True,True
17.7081,-8.0000,2.5957,-38.2389,0.04349,1.0000,0.0000,0.0000,True,True
17.7164,-8.0000,2.6006,-38.2816,0.04299,1.0000,0.0000,0.0000,True,True
17.7248,-8.0000,2.6054,-38.3238,0.04246,1.0000,0.0000,0.0000,True,True
17.7331,-8.0000,2.6102,-38.3655,0.04194,1.0000,0.0000,0.0000,True,True
17.7416,-8.0000,2.6150,-38.4066,0.04143,1.0000,0.0000,0.0000,True,True
17.7498,-8.0000,2.6196,-38.4473,0.04090,1.0000,0.0000,0.0000,True,True
17.7581,-8.0000,2.6242,-38.4874,0.04038,1.0000,0.0000,0.0000,True,True
17.7664,-8.0000,2.6284,-38.5270,0.03984,1.0000,0.0000,0.0000,True,True
17.7748,-8.0000,2.6324,-38.5662,0.03935,1.0000,0.0000,0.0000,True,True
17.7832,-8.0000,2.6363,-38.6048,0.03882,1.0000,0.0000,0.0000,True,True
17.7915,-8.0000,2.6401,-38.6429,0.03830,1.0000,0.0000,0.0000,True,True
17.7998,-8.0000,2.6439,-38.6804,0.03775,1.0000,0.0000,0.0000,True,True
17.8081,-8.0000,2.6477,-38.7175,0.03728,1.0000,0.0000,0.0000,True,True
17.8164,-8.0000,2.6513,-38.7541,0.03671,1.0000,0.0000,0.0000,True,True
17.8248,-8.0000,2.6550,-38.7901,0.03622,1.0000,0.0000,0.0000,True,True
17.8331,-8.0000,2.6586,-38.8256,0.03569,1.0000,0.0000,0.0000,True,True
17.8415,-8.0000,2.6621,-38.8606,0.03518,1.0000,0.0000,0.0000,True,True
17.8498,-8.0000,2.6656,-38.8951,0.03464,1.0000,0.0000,0.0000,True,True
17.8582,-8.0000,2.6690,-38.9290,0.03413,1.0000,0.0000,0.0000,True,True
17.8665,-8.0000,2.6724,-38.9625,0.03361,1.0000,0.0000,0.0000,True,True
17.8749,-8.0000,2.6757,-38.9956,0.03328,1.0000,0.0000,0.0000,True,True
17.8832,-8.0000,2.6786,-39.0280,0.03255,1.0000,0.0000,0.0000,True,True
17.8915,-8.0000,2.6813,-39.0599,0.03204,1.0000,0.0000,0.0000,True,True
17.9003,-8.0000,2.6840,-39.0913,0.03153,1.0000,0.0000,0.0000,True,True
17.9083,-8.0000,2.6866,-39.1222,0.03100,1.0000,0.0000,0.0000,True,True
17.9165,-8.0000,2.6892,-39.1526,0.03048,1.0000,0.0000,0.0000,True,True
17.9249,-8.0000,2.6918,-39.1825,0.03000,1.0000,0.0000,0.0000,True,True
17.9332,-8.0000,2.6943,-39.2118,0.02940,1.0000,0.0000,0.0000,True,True
17.9415,-8.0000,2.6968,-39.2406,0.02891,1.0000,0.0000,0.0000,True,True
17.9500,-8.0000,2.6992,-39.2689,0.02839,1.0000,0.0000,0.0000,True,True
17.9582,-8.0000,2.7016,-39.2966,0.02786,1.0000,0.0000,0.0000,True,True
17.9666,-8.0000,2.7039,-39.3239,0.02735,1.0000,0.0000,0.0000,True,True
17.9750,-8.0000,2.7062,-39.3506,0.02685,1.0000,0.0000,0.0000,True,True
17.9832,-8.0000,2.7084,-39.3768,0.02630,1.0000,0.0000,0.0000,True,True
17.9915,-8.0000,2.7106,-39.4025,0.02578,1.0000,0.0000,0.0000,True,True
17.9999,-8.0000,2.7128,-39.4277,0.02528,1.0000,0.0000,0.0000,True,True
18.0082,-8.0000,2.7149,-39.4523,0.02473,1.0000,0.0000,0.0000,True,True
18.0165,-8.0000,2.7170,-39.4765,0.02422,1.0000,0.0000,0.0000,True,True
18.0250,-8.0000,2.7190,-39.5001,0.02371,1.0000,0.0000,0.0000,True,True
18.0332,-8.0000,2.7206,-39.5232,0.02319,1.0000,0.0000,0.0000,True,True
18.0415,-8.0000,2.7221,-39.5458,0.02266,1.0000,0.0000,0.0000,True,True
18.0498,-8.0000,2.7236,-39.5679,0.02214,1.0000,0.0000,0.0000,True,True
18.0582,-8.0000,2.7251,-39.5895,0.02163,1.0000,0.0000,0.0000,True,True
18.0665,-8.0000,2.7266,-39.6105,0.02110,1.0000,0.0000,0.0000,True,True
18.0748,-8.0000,2.7280,-39.6311,0.02058,1.0000,0.0000,0.0000,True,True
18.0832,-8.0000,2.7294,-39.6511,0.02006,1.0000,0.0000,0.0000,True,True
18.0915,-8.0000,2.7307,-39.6707,0.01964,1.0000,0.0000,0.0000,True,True
18.0999,-8.0000,2.7320,-39.6896,0.01898,1.0000,0.0000,0.0000,True,True
18.1082,-8.0000,2.7333,-39.7081,0.01849,1.0000,0.0000,0.0000,True,True
18.1166,-8.0000,2.7345,-39.7260,0.01797,1.0000,0.0000,0.0000,True,True
18.1249,-8.0000,2.7357,-39.7434,0.01744,1.0000,0.0000,0.0000,True,True
18.1332,-8.0000,2.7369,-39.7603,0.01693,1.0000,0.0000,0.0000,True,True
18.1417,-8.0000,2.7380,-39.7767,0.01640,1.0000,0.0000,0.0000,True,True
18.1499,-8.0000,2.7391,-39.7925,0.01588,1.0000,0.0000,0.0000,True,True
18.1582,-8.0000,2.7402,-39.8078,0.01536,1.0000,0.0000,0.0000,True,True
18.1665,-8.0000,2.7412,-39.8226,0.01484,1.0000,0.0000,0.0000,True,True
18.1749,-8.0000,2.7422,-39.8369,0.01432,1.0000,0.0000,0.0000,True,True
18.1832,-8.0000,2.7431,-39.8507,0.01380,1.0000,0.0000,0.0000,True,True
18.1915,-8.0000,2.7440,-39.8639,0.01328,1.0000,0.0000,0.0000,True,True
18.1999,-8.0000,2.7449,-39.8767,0.01275,1.0000,0.0000,0.0000,True,True
18.2084,-8.0000,2.7458,-39.8889,0.01227,1.0000,0.0000,0.0000,True,True
18.2165,-8.0000,2.7466,-39.9006,0.01171,1.0000,0.0000,0.0000,True,True
18.2249,-8.0000,2.7473,-39.9117,0.01120,1.0000,0.0000,0.0000,True,True
18.2333,-8.0000,2.7481,-39.9224,0.01067,1.0000,0.0000,0.0000,True,True
18.2415,-8.0000,2.7488,-39.9325,0.01014,1.0000,0.0000,0.0000,True,True
18.2499,-8.0000,2.7494,-39.9421,0.00963,1.0000,0.0000,0.0000,True,True
18.2582,-8.0000,2.7501,-39.9512,0.00911,1.0000,0.0000,0.0000,True,True
18.2665,-8.0000,2.7506,-39.9598,0.00858,1.0000,0.0000,0.0000,True,True
18.2749,-8.0000,2.7512,-39.9678,0.00806,1.0000,0.0000,0.0000,True,True
18.2833,-8.0000,2.7517,-39.9754,0.00764,1.0000,0.0000,0.0000,True,True
18.2916,-8.0000,2.7517,-39.9754,0.00000,1.0000,0.0000,0.0000,True,True
18.2999,-8.0000,2.7518,-39.9760,0.00052,1.0000,0.0000,0.0000,True,True
18.3082,-8.0000,2.7518,-39.9770,0.00104,1.0000,0.0000,0.0000,True,True
18.3165,-8.0000,2.7519,-39.9786,0.00156,1.0000,0.0000,0.0000,True,True
18.3249,-8.0000,2.7521,-39.9806,0.00208,1.0000,0.0000,0.0000,True,True
18.3332,-8.0000,2.7523,-39.9832,0.00260,1.0000,0.0000,0.0000,True,True
18.3415,-8.0000,2.7525,-39.9863,0.00312,1.0000,0.0000,0.0000,True,True
18.3499,-8.0000,2.7527,-39.9900,0.00365,1.0000,0.0000,0.0000,True,True
18.3582,-8.0000,2.7530,-39.9941,0.00417,1.0000,0.0000,0.0000,True,True
18.3666,-8.0000,2.7533,-39.9988,0.00469,1.0000,0.0000,0.0000,True,True
18.3749,-8.0000,2.7536,-40.0040,0.00521,1.0000,0.0000,0.0000,True,True
18.3832,-8.0000,2.7539,-40.0097,0.00573,1.0000,0.0000,0.0000,True,True
18.3915,-8.0000,2.7542,-40.0160,0.00625,1.0000,0.0000,0.0000,True,True
18.4000,-8.0000,2.7546,-40.0227,0.00677,1.0000,0.0000,0.0000,True,True
18.4082,-8.0000,2.7549,-40.0300,0.00729,1.0000,0.0000,0.0000,True,True
18.4166,-8.0000,2.7553,-40.0378,0.00781,1.0000,0.0000,0.0000,True,True
18.4249,-8.0000,2.7558,-40.0461,0.00833,1.0000,0.0000,0.0000,True,True
18.4332,-8.0000,2.7562,-40.0550,0.00885,1.0000,0.0000,0.0000,True,True
18.4418,-8.0000,2.7567,-40.0643,0.00937,1.0000,0.0000,0.0000,True,True
18.4499,-8.0000,2.7572,-40.0742,0.00989,1.0000,0.0000,0.0000,True,True
18.4583,-8.0000,2.7577,-40.0846,0.01042,1.0000,0.0000,0.0000,True,True
18.4666,-8.0000,2.7583,-40.0955,0.01094,1.0000,0.0000,0.0000,True,True
18.4750,-8.0000,2.7589,-40.1070,0.01145,1.0000,0.0000,0.0000,True,True
18.4833,-8.0000,2.7595,-40.1189,0.01197,1.0000,0.0000,0.0000,True,True
18.4917,-8.0000,2.7601,-40.1314,0.01250,1.0000,0.0000,0.0000,True,True
18.5000,-8.0000,2.7608,-40.1444,0.01301,1.0000,0.0000,0.0000,True,True
18.5083,-8.0000,2.7615,-40.1579,0.01354,1.0000,0.0000,0.0000,True,True
18.5167,-8.0000,2.7622,-40.1720,0.01406,1.0000,0.0000,0.0000,True,True
18.5250,-8.0000,2.7629,-40.1865,0.01458,1.0000,0.0000,0.0000,True,True
18.5333,-8.0000,2.7637,-40.2016,0.01510,1.0000,0.0000,0.0000,True,True
18.5416,-8.0000,2.7645,-40.2172,0.01562,1.0000,0.0000,0.0000,True,True
18.5500,-8.0000,2.7653,-40.2333,0.01614,1.0000,0.0000,0.0000,True,True
18.5584,-8.0000,2.7661,-40.2500,0.01666,1.0000,0.0000,0.0000,True,True
18.5666,-8.0000,2.7670,-40.2671,0.01719,1.0000,0.0000,0.0000,True,True
18.5749,-8.0000,2.7679,-40.2848,0.01770,1.0000,0.0000,0.0000,True,True
18.5833,-8.0000,2.7688,-40.3030,0.01824,1.0000,0.0000,0.0000,True,True
18.5916,-8.0000,2.7698,-40.3217,0.01873,1.0000,0.0000,0.0000,True,True
18.6000,-8.0000,2.7708,-40.3410,0.01927,1.0000,0.0000,0.0000,True,True
18.6083,-8.0000,2.7718,-40.3607,0.01979,1.0000,0.0000,0.0000,True,True
18.6167,-8.0000,2.7728,-40.3810,0.02031,1.0000,0.0000,0.0000,True,True
18.6251,-8.0000,2.7739,-40.4018,0.02083,1.0000,0.0000,0.0000,True,True
18.6333,-8.0000,2.7749,-40.4232,0.02136,1.0000,0.0000,0.0000,True,True
18.6418,-8.0000,2.7761,-40.4451,0.02194,1.0000,0.0000,0.0000,True,True
18.6500,-8.0000,2.7772,-40.4675,0.02242,1.0000,0.0000,0.0000,True,True
18.6583,-8.0000,2.7784,-40.4903,0.02289,1.0000,0.0000,0.0000,True,True
18.6667,-8.0000,2.7793,-40.5137,0.02344,1.0000,0.0000,0.0000,True,True
18.6749,-8.0000,2.7800,-40.5377,0.02395,1.0000,0.0000,0.0000,True,True
18.6833,-8.0000,2.7808,-40.5622,0.02448,1.0000,0.0000,0.0000,True,True
18.6916,-8.0000,2.7816,-40.5872,0.02501,1.0000,0.0000,0.0000,True,True
18.7000,-8.0000,2.7824,-40.6127,0.02552,1.0000,0.0000,0.0000,True,True
18.7083,-8.0000,2.7832,-40.6387,0.02605,1.0000,0.0000,0.0000,True,True
18.7166,-8.0000,2.7841,-40.6652,0.02656,1.0000,0.0000,0.0000,True,True
18.7250,-8.0000,2.7849,-40.6923,0.02709,1.0000,0.0000,0.0000,True,True
18.7334,-8.0000,2.7858,-40.7199,0.02762,1.0000,0.0000,0.0000,True,True
18.7417,-8.0000,2.7867,-40.7480,0.02814,1.0000,0.0000,0.0000,True,True
18.7500,-8.0000,2.7876,-40.7767,0.02863,1.0000,0.0000,0.0000,True,True
18.7583,-8.0000,2.7885,-40.8058,0.02916,1.0000,0.0000,0.0000,True,True
18.7667,-8.0000,2.7894,-40.8355,0.02970,1.0000,0.0000,0.0000,True,True
18.7749,-8.0000,2.7904,-40.8657,0.03020,1.0000,0.0000,0.0000,True,True
18.7833,-8.0000,2.7913,-40.8964,0.03075,1.0000,0.0000,0.0000,True,True
18.7917,-8.0000,2.7923,-40.9276,0.03124,1.0000,0.0000,0.0000,True,True
18.7999,-8.0000,2.7933,-40.9594,0.03176,1.0000,0.0000,0.0000,True,True
18.8083,-8.0000,2.7943,-40.9917,0.03231,1.0000,0.0000,0.0000,True,True
18.8166,-8.0000,2.7882,-41.0239,0.03279,1.0000,0.0000,0.0000,True,True
18.8249,-8.0000,2.7795,-41.0561,0.03333,1.0000,0.0000,0.0000,True,True
18.8333,-8.0000,2.7707,-41.0888,0.03385,1.0000,0.0000,0.0000,True,True
18.8416,-8.0000,2.7618,-41.1220,0.03437,1.0000,0.0000,0.0000,True,True
18.8500,-8.0000,2.7527,-41.1556,0.03489,1.0000,0.0000,0.0000,True,True
18.8583,-8.0000,2.7435,-41.1898,0.03541,1.0000,0.0000,0.0000,True,True
18.8666,-8.0000,2.7342,-41.2245,0.03593,1.0000,0.0000,0.0000,True,True
18.8749,-8.0000,2.7247,-41.2597,0.03646,1.0000,0.0000,0.0000,True,True
18.8833,-8.0000,2.7151,-41.2954,0.03696,1.0000,0.0000,0.0000,True,True
18.8916,-8.0000,2.7053,-41.3316,0.03749,1.0000,0.0000,0.0000,True,True
18.8999,-8.0000,2.6954,-41.3683,0.03801,1.0000,0.0000,0.0000,True,True
18.9083,-8.0000,2.6854,-41.4055,0.03853,1.0000,0.0000,0.0000,True,True
18.9166,-8.0000,2.6753,-41.4433,0.03905,1.0000,0.0000,0.0000,True,True
18.9250,-8.0000,2.6650,-41.4815,0.03959,1.0000,0.0000,0.0000,True,True
18.9335,-8.0000,2.6650,-41.4815,0.00000,1.0000,0.0000,0.0000,True,True
