time,x,y,z,step,clear,rain,snow,supported,bodyClear
8.5714,0.0000,0.8000,-0.0026,0.00263,1.0000,0.0000,0.0000,True,True
8.5908,0.0000,0.8000,-0.0084,0.00574,1.0000,0.0000,0.0000,True,True
8.6088,0.0000,0.8000,-0.0160,0.00766,1.0000,0.0000,0.0000,True,True
8.6274,0.0000,0.8000,-0.0266,0.01061,1.0000,0.0000,0.0000,True,True
8.6461,0.0000,0.8000,-0.0398,0.01321,1.0000,0.0000,0.0000,True,True
8.6656,0.0000,0.8000,-0.0564,0.01656,1.0000,0.0000,0.0000,True,True
8.6839,0.0000,0.8000,-0.0741,0.01767,1.0000,0.0000,0.0000,True,True
8.7033,0.0000,0.8000,-0.0966,0.02251,1.0000,0.0000,0.0000,True,True
8.7242,0.0000,0.8000,-0.1233,0.02667,1.0000,0.0000,0.0000,True,True
8.7418,0.0000,0.8000,-0.1486,0.02536,1.0000,0.0000,0.0000,True,True
8.7609,0.0000,0.8000,-0.1785,0.02985,1.0000,0.0000,0.0000,True,True
8.7803,0.0000,0.8000,-0.2112,0.03276,1.0000,0.0000,0.0000,True,True
8.7993,0.0000,0.8000,-0.2470,0.03580,1.0000,0.0000,0.0000,True,True
8.8180,0.0000,0.8000,-0.2841,0.03709,1.0000,0.0000,0.0000,True,True
8.8367,0.0000,0.8000,-0.3239,0.03983,1.0000,0.0000,0.0000,True,True
8.8574,0.0000,0.8000,-0.3713,0.04731,1.0000,0.0000,0.0000,True,True
8.8751,0.0000,0.8000,-0.4145,0.04324,1.0000,0.0000,0.0000,True,True
8.8936,0.0000,0.8000,-0.4619,0.04738,1.0000,0.0000,0.0000,True,True
8.9129,0.0000,0.8000,-0.5126,0.05073,1.0000,0.0000,0.0000,True,True
8.9332,0.0000,0.8000,-0.5716,0.05894,1.0000,0.0000,0.0000,True,True
8.9519,0.0000,0.8000,-0.6281,0.05652,1.0000,0.0000,0.0000,True,True
8.9711,0.0000,0.8000,-0.6882,0.06013,1.0000,0.0000,0.0000,True,True
8.9907,0.0000,0.8000,-0.7528,0.06459,1.0000,0.0000,0.0000,True,True
9.0082,0.0000,0.8000,-0.8128,0.06005,1.0000,0.0000,0.0000,True,True
9.0273,0.0000,0.8000,-0.8804,0.06759,1.0000,0.0000,0.0000,True,True
9.0460,0.0000,0.8000,-0.9490,0.06860,1.0000,0.0000,0.0000,True,True
9.0656,0.0000,0.8000,-1.0258,0.07674,1.0000,0.0000,0.0000,True,True
9.0845,0.0000,0.8000,-1.1006,0.07478,1.0000,0.0000,0.0000,True,True
9.1032,0.0000,0.8000,-1.1783,0.07775,1.0000,0.0000,0.0000,True,True
9.1243,0.0000,0.8000,-1.2675,0.08917,1.0000,0.0000,0.0000,True,True
9.1411,0.0000,0.8000,-1.3428,0.07535,1.0000,0.0000,0.0000,True,True
9.1598,0.0000,0.8000,-1.4277,0.08492,1.0000,0.0000,0.0000,True,True
9.1802,0.0000,0.8000,-1.5213,0.09359,1.0000,0.0000,0.0000,True,True
9.1996,0.0000,0.8000,-1.6175,0.09619,1.0000,0.0000,0.0000,True,True
9.2184,0.0000,0.8000,-1.7124,0.09491,1.0000,0.0000,0.0000,True,True
9.2374,0.0000,0.8000,-1.8091,0.09664,1.0000,0.0000,0.0000,True,True
9.2576,0.0000,0.8000,-1.9155,0.10641,1.0000,0.0000,0.0000,True,True
9.2756,0.0000,0.8000,-2.0140,0.09846,1.0000,0.0000,0.0000,True,True
9.2946,0.0000,0.8000,-2.1168,0.10285,1.0000,0.0000,0.0000,True,True
9.3141,0.0000,0.8000,-2.2209,0.10414,1.0000,0.0000,0.0000,True,True
9.3332,0.0000,0.8000,-2.3247,0.10379,1.0000,0.0000,0.0000,True,True
9.3525,0.0000,0.8000,-2.4278,0.10302,1.0000,0.0000,0.0000,True,True
9.3717,0.0000,0.8000,-2.5309,0.10313,1.0000,0.0000,0.0000,True,True
9.3906,0.0000,0.8000,-2.6353,0.10446,1.0000,0.0000,0.0000,True,True
9.4096,0.0000,0.8000,-2.7379,0.10253,1.0000,0.0000,0.0000,True,True
9.4287,0.0000,0.8000,-2.8409,0.10301,1.0000,0.0000,0.0000,True,True
9.4491,0.0000,0.8000,-2.9506,0.10975,1.0000,0.0000,0.0000,True,True
9.4670,0.0000,0.8000,-3.0467,0.09605,1.0000,0.0000,0.0000,True,True
9.4861,0.0000,0.8000,-3.1503,0.10368,1.0000,0.0000,0.0000,True,True
9.5053,0.0000,0.8000,-3.2539,0.10357,1.0000,0.0000,0.0000,True,True
9.5241,0.0000,0.8000,-3.3560,0.10213,1.0000,0.0000,0.0000,True,True
9.5435,0.0000,0.8000,-3.4610,0.10492,1.0000,0.0000,0.0000,True,True
9.5631,0.0000,0.8000,-3.5670,0.10599,1.0000,0.0000,0.0000,True,True
9.5823,0.0000,0.8000,-3.6707,0.10378,1.0000,0.0000,0.0000,True,True
9.6012,0.0000,0.8000,-3.7725,0.10175,1.0000,0.0000,0.0000,True,True
9.6210,0.0000,0.8000,-3.8785,0.10601,1.0000,0.0000,0.0000,True,True
9.6406,0.0000,0.8000,-3.9854,0.10694,1.0000,0.0000,0.0000,True,True
9.6591,0.0000,0.8000,-4.0853,0.09989,1.0000,0.0000,0.0000,True,True
9.6784,0.0000,0.8000,-4.1884,0.10309,1.0000,0.0000,0.0000,True,True
9.6991,0.0000,0.8000,-4.2961,0.10771,1.0000,0.0000,0.0000,True,True
9.7173,0.0000,0.8000,-4.3878,0.09167,1.0000,0.0000,0.0000,True,True
9.7365,0.0000,0.8000,-4.4834,0.09565,1.0000,0.0000,0.0000,True,True
9.7574,0.0000,0.8000,-4.5831,0.09970,1.0000,0.0000,0.0000,True,True
9.7752,0.0000,0.8000,-4.6662,0.08304,1.0000,0.0000,0.0000,True,True
9.7949,0.0000,0.8000,-4.7548,0.08865,1.0000,0.0000,0.0000,True,True
9.8158,0.0000,0.8000,-4.8452,0.09037,1.0000,0.0000,0.0000,True,True
9.8337,0.0000,0.8000,-4.9211,0.07590,1.0000,0.0000,0.0000,True,True
9.8534,0.0000,0.8000,-5.0011,0.08006,1.0000,0.0000,0.0000,True,True
9.8740,0.0000,0.8000,-5.0816,0.08044,1.0000,0.0000,0.0000,True,True
9.8935,0.0000,0.8000,-5.1543,0.07268,1.0000,0.0000,0.0000,True,True
9.9156,0.0000,0.8000,-5.2341,0.07987,1.0000,0.0000,0.0000,True,True
9.9339,0.0000,0.8000,-5.2971,0.06292,1.0000,0.0000,0.0000,True,True
9.9541,0.0000,0.8000,-5.3639,0.06682,1.0000,0.0000,0.0000,True,True
9.9750,0.0000,0.8000,-5.4287,0.06482,1.0000,0.0000,0.0000,True,True
9.9951,0.0000,0.8000,-5.4899,0.06124,1.0000,0.0000,0.0000,True,True
10.0156,0.0000,0.8000,-5.5481,0.05817,1.0000,0.0000,0.0000,True,True
10.0360,0.0000,0.8000,-5.6018,0.05373,1.0000,0.0000,0.0000,True,True
10.0574,0.0000,0.8000,-5.6567,0.05486,1.0000,0.0000,0.0000,True,True
10.0768,0.0000,0.8000,-5.7032,0.04647,1.0000,0.0000,0.0000,True,True
10.0990,0.0000,0.8000,-5.7523,0.04916,1.0000,0.0000,0.0000,True,True
10.1177,0.0000,0.8000,-5.7913,0.03902,1.0000,0.0000,0.0000,True,True
10.1380,0.0000,0.8000,-5.8304,0.03901,1.0000,0.0000,0.0000,True,True
10.1587,0.0000,0.8000,-5.8667,0.03636,1.0000,0.0000,0.0000,True,True
10.1824,0.0000,0.8000,-5.9044,0.03767,1.0000,0.0000,0.0000,True,True
10.2014,0.0000,0.8000,-5.9321,0.02772,1.0000,0.0000,0.0000,True,True
10.2220,0.0000,0.8000,-5.9584,0.02635,1.0000,0.0000,0.0000,True,True
10.2426,0.0000,0.8000,-5.9832,0.02473,1.0000,0.0000,0.0000,True,True
10.2627,0.0000,0.8000,-5.9832,0.00000,1.0000,0.0000,0.0000,True,True
10.2833,0.0000,0.8000,-5.9864,0.00318,1.0000,0.0000,0.0000,True,True
10.3043,0.0000,0.8000,-5.9927,0.00638,1.0000,0.0000,0.0000,True,True
10.3252,0.0000,0.8000,-6.0027,0.00998,1.0000,0.0000,0.0000,True,True
10.3462,0.0000,0.8000,-6.0159,0.01316,1.0000,0.0000,0.0000,True,True
10.3667,0.0000,0.8000,-6.0318,0.01592,1.0000,0.0000,0.0000,True,True
10.3875,0.0000,0.8000,-6.0514,0.01955,1.0000,0.0000,0.0000,True,True
10.4076,0.0000,0.8000,-6.0733,0.02197,1.0000,0.0000,0.0000,True,True
10.4289,0.0000,0.8000,-6.0992,0.02591,1.0000,0.0000,0.0000,True,True
10.4496,0.0000,0.8000,-6.1288,0.02956,1.0000,0.0000,0.0000,True,True
10.4710,0.0000,0.8000,-6.1617,0.03292,1.0000,0.0000,0.0000,True,True
10.4922,0.0000,0.8000,-6.1988,0.03707,1.0000,0.0000,0.0000,True,True
10.5131,0.0000,0.8000,-6.2380,0.03918,1.0000,0.0000,0.0000,True,True
10.5337,0.0000,0.8000,-6.2797,0.04178,1.0000,0.0000,0.0000,True,True
10.5543,0.0000,0.8000,-6.3247,0.04491,1.0000,0.0000,0.0000,True,True
10.5749,0.0000,0.8000,-6.3729,0.04827,1.0000,0.0000,0.0000,True,True
10.5959,0.0000,0.8000,-6.4249,0.05197,1.0000,0.0000,0.0000,True,True
10.6166,0.0000,0.8000,-6.4805,0.05559,1.0000,0.0000,0.0000,True,True
10.6374,0.0000,0.8000,-6.5391,0.05861,1.0000,0.0000,0.0000,True,True
10.6580,0.0000,0.8000,-6.5996,0.06055,1.0000,0.0000,0.0000,True,True
10.6786,0.0000,0.8000,-6.6644,0.06475,1.0000,0.0000,0.0000,True,True
10.6999,0.0000,0.8000,-6.7340,0.06961,1.0000,0.0000,0.0000,True,True
10.7204,0.0000,0.8000,-6.8044,0.07038,1.0000,0.0000,0.0000,True,True
10.7413,0.0000,0.8000,-6.8798,0.07543,1.0000,0.0000,0.0000,True,True
10.7619,0.0000,0.8000,-6.9562,0.07636,1.0000,0.0000,0.0000,True,True
10.7830,0.0000,0.8000,-7.0389,0.08278,1.0000,0.0000,0.0000,True,True
10.8046,0.0000,0.8000,-7.1254,0.08642,1.0000,0.0000,0.0000,True,True
10.8261,0.0000,0.8000,-7.2160,0.09068,1.0000,0.0000,0.0000,True,True
10.8464,0.0000,0.8000,-7.3063,0.09022,1.0000,0.0000,0.0000,True,True
10.8671,0.0000,0.8000,-7.3999,0.09365,1.0000,0.0000,0.0000,True,True
10.8875,0.0000,0.8000,-7.4958,0.09587,1.0000,0.0000,0.0000,True,True
10.9084,0.0000,0.8000,-7.5966,0.10083,1.0000,0.0000,0.0000,True,True
10.9293,0.0000,0.8000,-7.7014,0.10477,1.0000,0.0000,0.0000,True,True
10.9507,0.0000,0.8000,-7.8114,0.11005,1.0000,0.0000,0.0000,True,True
10.9696,0.0000,0.8000,-7.9122,0.10078,1.0000,0.0000,0.0000,True,True
10.9874,0.0000,0.8000,-8.0083,0.09613,1.0000,0.0000,0.0000,True,True
11.0074,0.0000,0.8000,-8.1159,0.10754,1.0000,0.0000,0.0000,True,True
11.0246,0.0000,0.8000,-8.2087,0.09282,1.0000,0.0000,0.0000,True,True
11.0435,0.0000,0.8000,-8.3118,0.10312,1.0000,0.0000,0.0000,True,True
11.0631,0.0000,0.8000,-8.4172,0.10542,1.0000,0.0000,0.0000,True,True
11.0824,0.0000,0.8000,-8.5215,0.10430,1.0000,0.0000,0.0000,True,True
11.1018,0.0000,0.8000,-8.6263,0.10471,1.0000,0.0000,0.0000,True,True
11.1214,0.0000,0.8000,-8.7290,0.10275,1.0000,0.0000,0.0000,True,True
11.1406,0.0000,0.8000,-8.8359,0.10686,1.0000,0.0000,0.0000,True,True
11.1589,0.0000,0.8000,-8.9346,0.09869,1.0000,0.0000,0.0000,True,True
11.1779,0.0000,0.8007,-9.0371,0.10259,1.0000,0.0000,0.0000,True,True
11.1990,0.0000,0.8030,-9.1509,0.11376,1.0000,0.0000,0.0000,True,True
11.2163,0.0000,0.8048,-9.2433,0.09240,1.0000,0.0000,0.0000,True,True
11.2354,0.0000,0.8068,-9.3472,0.10395,1.0000,0.0000,0.0000,True,True
11.2546,0.0000,0.8088,-9.4511,0.10398,1.0000,0.0000,0.0000,True,True
11.2741,0.0000,0.8129,-9.5560,0.10489,1.0000,0.0000,0.0000,True,True
11.2935,0.0000,0.8188,-9.6610,0.10519,1.0000,0.0000,0.0000,True,True
11.3130,0.0000,0.8246,-9.7651,0.10423,1.0000,0.0000,0.0000,True,True
11.3324,0.0000,0.8305,-9.8711,0.10625,1.0000,0.0000,0.0000,True,True
11.3513,0.0000,0.8362,-9.9731,0.10211,1.0000,0.0000,0.0000,True,True
11.3739,0.0000,0.8460,-10.0944,0.12174,1.0000,0.0000,0.0000,True,True
11.3924,0.0000,0.8547,-10.1939,0.09982,1.0000,0.0000,0.0000,True,True
11.4124,0.0000,0.8638,-10.2977,0.10420,1.0000,0.0000,0.0000,True,True
11.4325,0.0000,0.8727,-10.4001,0.10275,1.0000,0.0000,0.0000,True,True
11.4522,0.0000,0.8812,-10.4972,0.09755,1.0000,0.0000,0.0000,True,True
11.4739,0.0000,0.8930,-10.6005,0.10395,1.0000,0.0000,0.0000,True,True
11.4922,0.0000,0.9027,-10.6851,0.08512,1.0000,0.0000,0.0000,True,True
11.5125,0.0000,0.9131,-10.7757,0.09121,1.0000,0.0000,0.0000,True,True
11.5326,0.0000,0.9231,-10.8628,0.08765,1.0000,0.0000,0.0000,True,True
11.5525,0.0000,0.9326,-10.9455,0.08325,1.0000,0.0000,0.0000,True,True
11.5740,0.0000,0.9432,-11.0316,0.08682,1.0000,0.0000,0.0000,True,True
11.5924,0.0000,0.9530,-11.1031,0.07216,1.0000,0.0000,0.0000,True,True
11.6126,0.0000,0.9633,-11.1785,0.07607,1.0000,0.0000,0.0000,True,True
11.6327,0.0000,0.9731,-11.2499,0.07210,1.0000,0.0000,0.0000,True,True
11.6522,0.0000,0.9823,-11.3168,0.06755,1.0000,0.0000,0.0000,True,True
11.6740,0.0000,0.9921,-11.3877,0.07156,1.0000,0.0000,0.0000,True,True
11.6919,0.0000,0.9997,-11.4434,0.05622,1.0000,0.0000,0.0000,True,True
11.7117,0.0000,1.0079,-11.5029,0.06001,1.0000,0.0000,0.0000,True,True
11.7323,0.0000,1.0169,-11.5607,0.05847,1.0000,0.0000,0.0000,True,True
11.7514,0.0000,1.0249,-11.6118,0.05178,1.0000,0.0000,0.0000,True,True
11.7709,0.0000,1.0325,-11.6613,0.05003,1.0000,0.0000,0.0000,True,True
11.7906,0.0000,1.0398,-11.7083,0.04760,1.0000,0.0000,0.0000,True,True
11.8099,0.0000,1.0466,-11.7515,0.04376,1.0000,0.0000,0.0000,True,True
11.8299,0.0000,1.0530,-11.7930,0.04192,1.0000,0.0000,0.0000,True,True
11.8497,0.0000,1.0590,-11.8318,0.03933,1.0000,0.0000,0.0000,True,True
11.8688,0.0000,1.0644,-11.8666,0.03516,1.0000,0.0000,0.0000,True,True
11.8880,0.0000,1.0694,-11.8986,0.03246,1.0000,0.0000,0.0000,True,True
11.9075,0.0000,1.0741,-11.9284,0.03008,1.0000,0.0000,0.0000,True,True
11.9267,0.0000,1.0781,-11.9547,0.02665,1.0000,0.0000,0.0000,True,True
11.9459,0.0000,1.0818,-11.9785,0.02404,1.0000,0.0000,0.0000,True,True
11.9657,0.0000,1.0818,-11.9785,0.00000,1.0000,0.0000,0.0000,True,True
11.9846,0.0000,1.0823,-11.9811,0.00272,1.0000,0.0000,0.0000,True,True
12.0037,0.0000,1.0831,-11.9865,0.00543,1.0000,0.0000,0.0000,True,True
12.0240,0.0000,1.0845,-11.9953,0.00891,1.0000,0.0000,0.0000,True,True
12.0428,0.0000,1.0862,-12.0060,0.01083,1.0000,0.0000,0.0000,True,True
12.0628,0.0000,1.0886,-12.0199,0.01415,1.0000,0.0000,0.0000,True,True
12.0828,0.0000,1.0915,-12.0375,0.01784,1.0000,0.0000,0.0000,True,True
12.1022,0.0000,1.0949,-12.0572,0.01998,1.0000,0.0000,0.0000,True,True
12.1214,0.0000,1.0986,-12.0793,0.02239,1.0000,0.0000,0.0000,True,True
12.1408,0.0000,1.1028,-12.1043,0.02539,1.0000,0.0000,0.0000,True,True
12.1602,0.0000,1.1076,-12.1325,0.02860,1.0000,0.0000,0.0000,True,True
12.1803,0.0000,1.1129,-12.1640,0.03193,1.0000,0.0000,0.0000,True,True
12.1994,0.0000,1.1186,-12.1975,0.03394,1.0000,0.0000,0.0000,True,True
12.2191,0.0000,1.1247,-12.2339,0.03689,1.0000,0.0000,0.0000,True,True
12.2386,0.0000,1.1313,-12.2728,0.03950,1.0000,0.0000,0.0000,True,True
12.2579,0.0000,1.1385,-12.3154,0.04318,1.0000,0.0000,0.0000,True,True
12.2776,0.0000,1.1461,-12.3604,0.04566,1.0000,0.0000,0.0000,True,True
12.2971,0.0000,1.1542,-12.4081,0.04841,1.0000,0.0000,0.0000,True,True
12.3165,0.0000,1.1627,-12.4586,0.05116,1.0000,0.0000,0.0000,True,True
12.3371,0.0000,1.1724,-12.5151,0.05729,1.0000,0.0000,0.0000,True,True
12.3577,0.0000,1.1829,-12.5744,0.06029,1.0000,0.0000,0.0000,True,True
12.3774,0.0000,1.1936,-12.6344,0.06095,1.0000,0.0000,0.0000,True,True
12.3990,0.0000,1.2061,-12.7043,0.07102,1.0000,0.0000,0.0000,True,True
12.4171,0.0000,1.2169,-12.7649,0.06154,1.0000,0.0000,0.0000,True,True
12.4374,0.0000,1.2293,-12.8350,0.07120,1.0000,0.0000,0.0000,True,True
12.4576,0.0000,1.2425,-12.9088,0.07497,1.0000,0.0000,0.0000,True,True
12.4775,0.0000,1.2559,-12.9839,0.07631,1.0000,0.0000,0.0000,True,True
12.4992,0.0000,1.2712,-13.0684,0.08588,1.0000,0.0000,0.0000,True,True
12.5166,0.0000,1.2843,-13.1402,0.07298,1.0000,0.0000,0.0000,True,True
12.5358,0.0000,1.2991,-13.2210,0.08211,1.0000,0.0000,0.0000,True,True
12.5555,0.0000,1.3145,-13.3058,0.08615,1.0000,0.0000,0.0000,True,True
12.5747,0.0000,1.3304,-13.3927,0.08833,1.0000,0.0000,0.0000,True,True
12.5944,0.0000,1.3471,-13.4842,0.09301,1.0000,0.0000,0.0000,True,True
12.6157,0.0000,1.3658,-13.5863,0.10385,1.0000,0.0000,0.0000,True,True
12.6340,0.0000,1.3823,-13.6768,0.09196,1.0000,0.0000,0.0000,True,True
12.6552,0.0000,1.4008,-13.7780,0.10287,1.0000,0.0000,0.0000,True,True
12.6747,0.0000,1.4206,-13.8869,0.11073,1.0000,0.0000,0.0000,True,True
12.6945,0.0000,1.4396,-13.9905,0.10532,1.0000,0.0000,0.0000,True,True
12.7158,0.0000,1.4600,-14.1051,0.11637,1.0000,0.0000,0.0000,True,True
12.7344,0.0000,1.4776,-14.2039,0.10041,1.0000,0.0000,0.0000,True,True
12.7553,0.0000,1.4971,-14.3133,0.11112,1.0000,0.0000,0.0000,True,True
12.7763,0.0000,1.5171,-14.4260,0.11447,1.0000,0.0000,0.0000,True,True
12.7994,0.0000,1.5384,-14.5477,0.12348,1.0000,0.0000,0.0000,True,True
12.8184,0.0000,1.5558,-14.6509,0.10469,1.0000,0.0000,0.0000,True,True
12.8407,0.0000,1.5759,-14.7695,0.12032,1.0000,0.0000,0.0000,True,True
12.8601,0.0000,1.5933,-14.8728,0.10480,1.0000,0.0000,0.0000,True,True
12.8824,0.0000,1.6133,-14.9913,0.12011,1.0000,0.0000,0.0000,True,True
12.9010,0.0000,1.6289,-15.0908,0.10071,1.0000,0.0000,0.0000,True,True
12.9222,0.0000,1.6463,-15.2026,0.11312,1.0000,0.0000,0.0000,True,True
12.9442,0.0000,1.6647,-15.3211,0.12001,1.0000,0.0000,0.0000,True,True
12.9657,0.0000,1.6826,-15.4359,0.11613,1.0000,0.0000,0.0000,True,True
12.9863,0.0000,1.6989,-15.5461,0.11141,1.0000,0.0000,0.0000,True,True
13.0084,0.0000,1.7151,-15.6644,0.11938,1.0000,0.0000,0.0000,True,True
13.0305,0.0000,1.7309,-15.7792,0.11588,1.0000,0.0000,0.0000,True,True
13.0509,0.0000,1.7463,-15.8915,0.11337,1.0000,0.0000,0.0000,True,True
13.0720,0.0000,1.7616,-16.0040,0.11357,1.0000,0.0000,0.0000,True,True
13.0927,0.0000,1.7744,-16.1150,0.11171,1.0000,0.0000,0.0000,True,True
13.1156,0.0000,1.7883,-16.2369,0.12270,1.0000,0.0000,0.0000,True,True
13.1344,0.0000,1.7995,-16.3343,0.09800,1.0000,0.0000,0.0000,True,True
13.1553,0.0000,1.8114,-16.4383,0.10474,1.0000,0.0000,0.0000,True,True
13.1765,0.0000,1.8221,-16.5411,0.10337,1.0000,0.0000,0.0000,True,True
13.1990,0.0000,1.8314,-16.6468,0.10606,1.0000,0.0000,0.0000,True,True
13.2185,0.0000,1.8391,-16.7355,0.08906,1.0000,0.0000,0.0000,True,True
13.2405,0.0000,1.8476,-16.8322,0.09706,1.0000,0.0000,0.0000,True,True
13.2610,0.0000,1.8551,-16.9185,0.08661,1.0000,0.0000,0.0000,True,True
13.2823,0.0000,1.8626,-17.0055,0.08734,1.0000,0.0000,0.0000,True,True
13.3037,0.0000,1.8672,-17.0885,0.08311,1.0000,0.0000,0.0000,True,True
13.3266,0.0000,1.8719,-17.1728,0.08445,1.0000,0.0000,0.0000,True,True
13.3489,0.0000,1.8765,-17.2547,0.08206,1.0000,0.0000,0.0000,True,True
13.3693,0.0000,1.8804,-17.3248,0.07019,1.0000,0.0000,0.0000,True,True
13.3912,0.0000,1.8844,-17.3959,0.07124,1.0000,0.0000,0.0000,True,True
13.4131,0.0000,1.8881,-17.4625,0.06665,1.0000,0.0000,0.0000,True,True
13.4346,0.0000,1.8907,-17.5271,0.06465,1.0000,0.0000,0.0000,True,True
13.4575,0.0000,1.8920,-17.5898,0.06271,1.0000,0.0000,0.0000,True,True
13.4782,0.0000,1.8930,-17.6444,0.05460,1.0000,0.0000,0.0000,True,True
13.5008,0.0000,1.8941,-17.6989,0.05455,1.0000,0.0000,0.0000,True,True
13.5211,0.0000,1.8950,-17.7459,0.04699,1.0000,0.0000,0.0000,True,True
13.5427,0.0000,1.8959,-17.7923,0.04643,1.0000,0.0000,0.0000,True,True
13.5658,0.0000,1.8968,-17.8372,0.04488,1.0000,0.0000,0.0000,True,True
13.5853,0.0000,1.8975,-17.8728,0.03556,1.0000,0.0000,0.0000,True,True
13.6073,0.0000,1.8982,-17.9089,0.03619,1.0000,0.0000,0.0000,True,True
13.6278,0.0000,1.8988,-17.9394,0.03048,1.0000,0.0000,0.0000,True,True
13.6488,0.0000,1.8994,-17.9678,0.02838,1.0000,0.0000,0.0000,True,True
13.6695,0.0000,1.8998,-17.9922,0.02445,1.0000,0.0000,0.0000,True,True
13.6907,0.0000,1.8998,-17.9922,0.00000,1.0000,0.0000,0.0000,True,True
13.7106,0.0000,1.8999,-17.9952,0.00301,1.0000,0.0000,0.0000,True,True
13.7325,0.0000,1.9000,-18.0020,0.00676,1.0000,0.0000,0.0000,True,True
13.7525,0.0000,1.9000,-18.0114,0.00943,1.0000,0.0000,0.0000,True,True
13.7740,0.0000,1.9000,-18.0248,0.01341,1.0000,0.0000,0.0000,True,True
13.7942,0.0000,1.9000,-18.0405,0.01570,1.0000,0.0000,0.0000,True,True
13.8157,0.0000,1.9000,-18.0606,0.02007,1.0000,0.0000,0.0000,True,True
13.8359,0.0000,1.9000,-18.0827,0.02212,1.0000,0.0000,0.0000,True,True
13.8574,0.0000,1.9000,-18.1096,0.02688,1.0000,0.0000,0.0000,True,True
13.8794,0.0000,1.9000,-18.1396,0.03000,1.0000,0.0000,0.0000,True,True
13.8991,0.0000,1.9000,-18.1716,0.03200,1.0000,0.0000,0.0000,True,True
13.9194,0.0000,1.9000,-18.2061,0.03454,1.0000,0.0000,0.0000,True,True
13.9412,0.0000,1.9000,-18.2475,0.04133,1.0000,0.0000,0.0000,True,True
13.9623,0.0000,1.9000,-18.2902,0.04271,1.0000,0.0000,0.0000,True,True
13.9830,0.0000,1.9000,-18.3360,0.04584,1.0000,0.0000,0.0000,True,True
14.0032,0.0000,1.9000,-18.3834,0.04737,1.0000,0.0000,0.0000,True,True
14.0239,0.0000,1.9000,-18.4350,0.05164,1.0000,0.0000,0.0000,True,True
14.0440,0.0000,1.9000,-18.4883,0.05326,1.0000,0.0000,0.0000,True,True
14.0656,0.0000,1.9000,-18.5491,0.06085,1.0000,0.0000,0.0000,True,True
14.0844,0.0000,1.9000,-18.6044,0.05530,1.0000,0.0000,0.0000,True,True
14.1055,0.0000,1.9000,-18.6673,0.06289,1.0000,0.0000,0.0000,True,True
14.1246,0.0000,1.9000,-18.7322,0.06491,1.0000,0.0000,0.0000,True,True
14.1443,0.0000,1.9000,-18.7993,0.06708,1.0000,0.0000,0.0000,True,True
14.1659,0.0000,1.9000,-18.8754,0.07613,1.0000,0.0000,0.0000,True,True
14.1848,0.0000,1.9000,-18.9463,0.07086,1.0000,0.0000,0.0000,True,True
14.2054,0.0000,1.9000,-19.0234,0.07713,1.0000,0.0000,0.0000,True,True
14.2252,0.0000,1.9000,-19.1056,0.08221,1.0000,0.0000,0.0000,True,True
14.2451,0.0000,1.9000,-19.1876,0.08197,1.0000,0.0000,0.0000,True,True
14.2656,0.0000,1.9000,-19.2766,0.08900,1.0000,0.0000,0.0000,True,True
14.2840,0.0000,1.9000,-19.3587,0.08204,1.0000,0.0000,0.0000,True,True
14.3040,0.0000,1.9000,-19.4509,0.09221,1.0000,0.0000,0.0000,True,True
14.3240,0.0000,1.9000,-19.5450,0.09417,1.0000,0.0000,0.0000,True,True
14.3436,0.0000,1.9000,-19.6415,0.09651,1.0000,0.0000,0.0000,True,True
14.3642,0.0000,1.9000,-19.7415,0.09995,1.0000,0.0000,0.0000,True,True
14.3842,0.0000,1.9000,-19.8486,0.10715,1.0000,0.0000,0.0000,True,True
14.4045,0.0000,1.9000,-19.9573,0.10866,1.0000,0.0000,0.0000,True,True
14.4253,0.0000,1.9000,-20.0687,0.11144,1.0000,0.0000,0.0000,True,True
14.4458,0.0000,1.9000,-20.1817,0.11294,1.0000,0.0000,0.0000,True,True
14.4675,0.0000,1.9000,-20.2981,0.11638,1.0000,0.0000,0.0000,True,True
14.4870,0.0000,1.9000,-20.4040,0.10592,1.0000,0.0000,0.0000,True,True
14.5079,0.0000,1.9000,-20.5164,0.11246,1.0000,0.0000,0.0000,True,True
14.5274,0.0000,1.9000,-20.6223,0.10586,1.0000,0.0000,0.0000,True,True
14.5490,0.0000,1.9000,-20.7387,0.11642,1.0000,0.0000,0.0000,True,True
14.5678,0.0000,1.9000,-20.8404,0.10164,1.0000,0.0000,0.0000,True,True
14.5884,0.0000,1.9000,-20.9490,0.10866,1.0000,0.0000,0.0000,True,True
14.6083,0.0000,1.9000,-21.0586,0.10952,1.0000,0.0000,0.0000,True,True
14.6275,0.0000,1.9000,-21.1625,0.10399,1.0000,0.0000,0.0000,True,True
14.6471,0.0000,1.9000,-21.2671,0.10453,1.0000,0.0000,0.0000,True,True
14.6666,0.0000,1.9000,-21.3732,0.10614,1.0000,0.0000,0.0000,True,True
14.6865,0.0000,1.9000,-21.4801,0.10686,1.0000,0.0000,0.0000,True,True
14.7072,0.0000,1.9000,-21.5930,0.11290,1.0000,0.0000,0.0000,True,True
14.7246,0.0000,1.9000,-21.6870,0.09404,1.0000,0.0000,0.0000,True,True
14.7438,0.0000,1.9000,-21.7905,0.10350,1.0000,0.0000,0.0000,True,True
14.7637,0.0000,1.9000,-21.8967,0.10615,1.0000,0.0000,0.0000,True,True
14.7832,0.0000,1.9000,-22.0033,0.10665,1.0000,0.0000,0.0000,True,True
14.8020,0.0000,1.9000,-22.1053,0.10200,1.0000,0.0000,0.0000,True,True
14.8212,0.0000,1.9000,-22.2072,0.10184,1.0000,0.0000,0.0000,True,True
14.8406,0.0000,1.9000,-22.3077,0.10054,1.0000,0.0000,0.0000,True,True
14.8593,0.0000,1.9000,-22.4024,0.09475,1.0000,0.0000,0.0000,True,True
14.8782,0.0000,1.9000,-22.4953,0.09285,1.0000,0.0000,0.0000,True,True
14.8989,0.0000,1.9000,-22.5933,0.09801,1.0000,0.0000,0.0000,True,True
14.9165,0.0000,1.9000,-22.6745,0.08116,1.0000,0.0000,0.0000,True,True
14.9359,0.0000,1.9000,-22.7610,0.08651,1.0000,0.0000,0.0000,True,True
14.9574,0.0000,1.9000,-22.8537,0.09273,1.0000,0.0000,0.0000,True,True
14.9746,0.0000,1.9000,-22.9263,0.07257,1.0000,0.0000,0.0000,True,True
14.9935,0.0000,1.9000,-23.0025,0.07621,1.0000,0.0000,0.0000,True,True
15.0128,0.0000,1.9000,-23.0777,0.07516,1.0000,0.0000,0.0000,True,True
15.0322,0.0000,1.9000,-23.1508,0.07316,1.0000,0.0000,0.0000,True,True
15.0507,0.0000,1.9000,-23.2170,0.06619,1.0000,0.0000,0.0000,True,True
15.0693,0.0000,1.9000,-23.2820,0.06503,1.0000,0.0000,0.0000,True,True
15.0880,0.0000,1.9000,-23.3444,0.06238,1.0000,0.0000,0.0000,True,True
15.1077,0.0000,1.9000,-23.4066,0.06222,1.0000,0.0000,0.0000,True,True
15.1264,0.0000,1.9000,-23.4645,0.05785,1.0000,0.0000,0.0000,True,True
15.1457,0.0000,1.9000,-23.5194,0.05487,1.0000,0.0000,0.0000,True,True
15.1659,0.0000,1.9000,-23.5751,0.05572,1.0000,0.0000,0.0000,True,True
15.1836,0.0000,1.9000,-23.6219,0.04684,1.0000,0.0000,0.0000,True,True
15.2043,0.0000,1.9000,-23.6720,0.05013,1.0000,0.0000,0.0000,True,True
15.2239,0.0000,1.9000,-23.7185,0.04644,1.0000,0.0000,0.0000,True,True
15.2423,0.0000,1.9000,-23.7583,0.03980,1.0000,0.0000,0.0000,True,True
15.2614,0.0000,1.9000,-23.7974,0.03911,1.0000,0.0000,0.0000,True,True
15.2824,0.0000,1.9000,-23.8369,0.03946,1.0000,0.0000,0.0000,True,True
15.2993,0.0000,1.9000,-23.8662,0.02934,1.0000,0.0000,0.0000,True,True
15.3179,0.0000,1.9000,-23.8962,0.03001,1.0000,0.0000,0.0000,True,True
15.3368,0.0000,1.9000,-23.9240,0.02784,1.0000,0.0000,0.0000,True,True
15.3575,0.0000,1.9000,-23.9510,0.02692,1.0000,0.0000,0.0000,True,True
15.3749,0.0000,1.9000,-23.9718,0.02079,1.0000,0.0000,0.0000,True,True
15.3945,0.0000,1.9000,-23.9920,0.02020,1.0000,0.0000,0.0000,True,True
15.4130,0.0000,1.9000,-23.9920,0.00000,1.0000,0.0000,0.0000,True,True
15.4670,0.0000,1.9000,-23.9925,0.00052,1.0000,0.0000,0.0000,True,True
15.4874,0.0000,1.9000,-23.9969,0.00438,1.0000,0.0000,0.0000,True,True
15.5071,0.0000,1.9000,-24.0041,0.00721,1.0000,0.0000,0.0000,True,True
15.5273,0.0000,1.9000,-24.0144,0.01035,1.0000,0.0000,0.0000,True,True
15.5493,0.0000,1.9000,-24.0291,0.01469,1.0000,0.0000,0.0000,True,True
15.5680,0.0000,1.9000,-24.0446,0.01555,1.0000,0.0000,0.0000,True,True
15.5883,0.0000,1.9000,-24.0643,0.01962,1.0000,0.0000,0.0000,True,True
15.6086,0.0000,1.9000,-24.0872,0.02289,1.0000,0.0000,0.0000,True,True
15.6296,0.0000,1.9000,-24.1138,0.02661,1.0000,0.0000,0.0000,True,True
15.6500,0.0000,1.9000,-24.1433,0.02949,1.0000,0.0000,0.0000,True,True
15.6691,0.0000,1.9000,-24.1736,0.03030,1.0000,0.0000,0.0000,True,True
15.6889,0.0000,1.9000,-24.2068,0.03327,1.0000,0.0000,0.0000,True,True
15.7077,0.0000,1.9000,-24.2431,0.03623,1.0000,0.0000,0.0000,True,True
15.7271,0.0000,1.9000,-24.2820,0.03896,1.0000,0.0000,0.0000,True,True
15.7489,0.0000,1.9000,-24.3295,0.04746,1.0000,0.0000,0.0000,True,True
15.7662,0.0000,1.9000,-24.3693,0.03982,1.0000,0.0000,0.0000,True,True
15.7854,0.0000,1.9000,-24.4165,0.04717,1.0000,0.0000,0.0000,True,True
15.8051,0.0000,1.9000,-24.4666,0.05013,1.0000,0.0000,0.0000,True,True
15.8243,0.0000,1.9000,-24.5200,0.05339,1.0000,0.0000,0.0000,True,True
15.8438,0.0000,1.9000,-24.5768,0.05684,1.0000,0.0000,0.0000,True,True
15.8629,0.0000,1.9000,-24.6342,0.05741,1.0000,0.0000,0.0000,True,True
15.8823,0.0000,1.9000,-24.6960,0.06173,1.0000,0.0000,0.0000,True,True
15.9013,0.0000,1.9000,-24.7593,0.06334,1.0000,0.0000,0.0000,True,True
15.9207,0.0000,1.9000,-24.8258,0.06646,1.0000,0.0000,0.0000,True,True
15.9406,0.0000,1.9000,-24.8983,0.07258,1.0000,0.0000,0.0000,True,True
15.9588,0.0000,1.9000,-24.9667,0.06837,1.0000,0.0000,0.0000,True,True
15.9778,0.0000,1.9000,-25.0407,0.07404,1.0000,0.0000,0.0000,True,True
15.9991,0.0000,1.9000,-25.1261,0.08531,1.0000,0.0000,0.0000,True,True
16.0163,0.0000,1.9000,-25.1991,0.07310,1.0000,0.0000,0.0000,True,True
16.0355,0.0000,1.9000,-25.2821,0.08295,1.0000,0.0000,0.0000,True,True
16.0545,0.0000,1.9000,-25.3669,0.08484,1.0000,0.0000,0.0000,True,True
16.0738,0.0000,1.9000,-25.4562,0.08931,1.0000,0.0000,0.0000,True,True
16.0931,0.0000,1.9000,-25.5480,0.09177,1.0000,0.0000,0.0000,True,True
16.1127,0.0000,1.9000,-25.6429,0.09489,1.0000,0.0000,0.0000,True,True
16.1322,0.0000,1.9000,-25.7424,0.09949,1.0000,0.0000,0.0000,True,True
16.1510,0.0000,1.9000,-25.8400,0.09759,1.0000,0.0000,0.0000,True,True
16.1702,0.0000,1.9000,-25.9422,0.10221,1.0000,0.0000,0.0000,True,True
16.1906,0.0000,1.9000,-26.0531,0.11091,1.0000,0.0000,0.0000,True,True
16.2080,0.0000,1.9000,-26.1461,0.09301,1.0000,0.0000,0.0000,True,True
16.2267,0.0000,1.9000,-26.2479,0.10176,1.0000,0.0000,0.0000,True,True
16.2465,0.0000,1.9000,-26.3534,0.10548,1.0000,0.0000,0.0000,True,True
16.2664,0.0000,1.9000,-26.4613,0.10799,1.0000,0.0000,0.0000,True,True
16.2853,0.0000,1.9000,-26.5641,0.10273,1.0000,0.0000,0.0000,True,True
16.3077,0.0000,1.9000,-26.6825,0.11847,1.0000,0.0000,0.0000,True,True
16.3264,0.0000,1.9000,-26.7827,0.10016,1.0000,0.0000,0.0000,True,True
16.3450,0.0000,1.9000,-26.8858,0.10313,1.0000,0.0000,0.0000,True,True
16.3658,0.0000,1.9000,-26.9975,0.11170,1.0000,0.0000,0.0000,True,True
16.3841,0.0000,1.9000,-27.0946,0.09705,1.0000,0.0000,0.0000,True,True
16.4033,0.0000,1.9000,-27.2003,0.10572,1.0000,0.0000,0.0000,True,True
16.4241,0.0000,1.9000,-27.3127,0.11237,1.0000,0.0000,0.0000,True,True
16.4415,0.0000,1.9000,-27.4070,0.09432,1.0000,0.0000,0.0000,True,True
16.4618,0.0000,1.9000,-27.5150,0.10797,1.0000,0.0000,0.0000,True,True
16.4824,0.0000,1.9000,-27.6273,0.11234,1.0000,0.0000,0.0000,True,True
16.4998,0.0000,1.9000,-27.7220,0.09463,1.0000,0.0000,0.0000,True,True
16.5186,0.0000,1.9000,-27.8234,0.10146,1.0000,0.0000,0.0000,True,True
16.5377,0.0000,1.9000,-27.9255,0.10210,1.0000,0.0000,0.0000,True,True
16.5572,0.0000,1.9000,-28.0322,0.10667,1.0000,0.0000,0.0000,True,True
16.5754,0.0000,1.9000,-28.1290,0.09680,1.0000,0.0000,0.0000,True,True
16.5943,0.0000,1.9000,-28.2297,0.10074,1.0000,0.0000,0.0000,True,True
16.6123,0.0000,1.9000,-28.3233,0.09354,1.0000,0.0000,0.0000,True,True
16.6295,0.0000,1.9000,-28.4101,0.08679,1.0000,0.0000,0.0000,True,True
16.6489,0.0000,1.9000,-28.5049,0.09483,1.0000,0.0000,0.0000,True,True
16.6656,0.0000,1.9000,-28.5842,0.07936,1.0000,0.0000,0.0000,True,True
16.6827,0.0000,1.9000,-28.6635,0.07925,1.0000,0.0000,0.0000,True,True
16.7002,0.0000,1.9000,-28.7418,0.07828,1.0000,0.0000,0.0000,True,True
16.7179,0.0000,1.9000,-28.8200,0.07819,1.0000,0.0000,0.0000,True,True
16.7355,0.0000,1.9000,-28.8935,0.07358,1.0000,0.0000,0.0000,True,True
16.7527,0.0000,1.9000,-28.9651,0.07159,1.0000,0.0000,0.0000,True,True
16.7702,0.0000,1.9000,-29.0344,0.06926,1.0000,0.0000,0.0000,True,True
16.7878,0.0000,1.9000,-29.1024,0.06802,1.0000,0.0000,0.0000,True,True
16.8076,0.0000,1.9000,-29.1745,0.07210,1.0000,0.0000,0.0000,True,True
16.8244,0.0000,1.9000,-29.2347,0.06023,1.0000,0.0000,0.0000,True,True
16.8417,0.0000,1.9000,-29.2952,0.06041,1.0000,0.0000,0.0000,True,True
16.8591,0.0000,1.9000,-29.3530,0.05780,1.0000,0.0000,0.0000,True,True
16.8766,0.0000,1.9000,-29.4086,0.05562,1.0000,0.0000,0.0000,True,True
16.8939,0.0000,1.9000,-29.4611,0.05255,1.0000,0.0000,0.0000,True,True
16.9117,0.0000,1.9000,-29.5128,0.05166,1.0000,0.0000,0.0000,True,True
16.9325,0.0000,1.9000,-29.5697,0.05690,1.0000,0.0000,0.0000,True,True
16.9495,0.0000,1.9000,-29.6152,0.04553,1.0000,0.0000,0.0000,True,True
16.9657,0.0000,1.9000,-29.6558,0.04058,1.0000,0.0000,0.0000,True,True
16.9834,0.0000,1.9000,-29.6979,0.04210,1.0000,0.0000,0.0000,True,True
17.0020,0.0000,1.9000,-29.7395,0.04155,1.0000,0.0000,0.0000,True,True
17.0201,0.0000,1.9000,-29.7774,0.03799,1.0000,0.0000,0.0000,True,True
17.0386,0.0000,1.9000,-29.8131,0.03568,1.0000,0.0000,0.0000,True,True
17.0572,0.0000,1.9000,-29.8479,0.03480,1.0000,0.0000,0.0000,True,True
17.0743,0.0000,1.9000,-29.8770,0.02912,1.0000,0.0000,0.0000,True,True
17.0923,0.0000,1.9000,-29.9052,0.02812,1.0000,0.0000,0.0000,True,True
17.1109,0.0000,1.9000,-29.9315,0.02637,1.0000,0.0000,0.0000,True,True
17.1299,0.0000,1.9000,-29.9555,0.02399,1.0000,0.0000,0.0000,True,True
17.1491,0.0000,1.9000,-29.9777,0.02215,1.0000,0.0000,0.0000,True,True
17.1674,0.0000,1.9000,-29.9777,0.00000,1.0000,0.0000,0.0000,True,True
17.1856,0.0000,1.9000,-29.9802,0.00248,1.0000,0.0000,0.0000,True,True
17.2040,0.0000,1.9000,-29.9852,0.00507,1.0000,0.0000,0.0000,True,True
17.2241,0.0000,1.9000,-29.9936,0.00843,1.0000,0.0000,0.0000,True,True
17.2412,0.0000,1.9000,-30.0031,0.00949,1.0000,0.0000,0.0000,True,True
17.2594,0.0000,1.9000,-30.0158,0.01262,1.0000,0.0000,0.0000,True,True
17.2779,0.0000,1.9000,-30.0310,0.01530,1.0000,0.0000,0.0000,True,True
17.2969,0.0000,1.9000,-30.0490,0.01792,1.0000,0.0000,0.0000,True,True
17.3158,0.0000,1.9000,-30.0705,0.02153,1.0000,0.0000,0.0000,True,True
17.3342,0.0000,1.9000,-30.0936,0.02312,1.0000,0.0000,0.0000,True,True
17.3524,0.0000,1.9000,-30.1190,0.02535,1.0000,0.0000,0.0000,True,True
17.3713,0.0000,1.9000,-30.1477,0.02876,1.0000,0.0000,0.0000,True,True
17.3906,0.0000,1.9000,-30.1799,0.03218,1.0000,0.0000,0.0000,True,True
17.4076,0.0000,1.9000,-30.2109,0.03096,1.0000,0.0000,0.0000,True,True
17.4259,0.0000,1.9000,-30.2462,0.03538,1.0000,0.0000,0.0000,True,True
17.4438,0.0000,1.9000,-30.2834,0.03712,1.0000,0.0000,0.0000,True,True
17.4621,0.0000,1.9000,-30.3239,0.04055,1.0000,0.0000,0.0000,True,True
17.4823,0.0000,1.9000,-30.3712,0.04730,1.0000,0.0000,0.0000,True,True
17.4993,0.0000,1.9000,-30.4140,0.04275,1.0000,0.0000,0.0000,True,True
17.5173,0.0000,1.9000,-30.4610,0.04703,1.0000,0.0000,0.0000,True,True
17.5356,0.0000,1.9000,-30.5115,0.05051,1.0000,0.0000,0.0000,True,True
17.5537,0.0000,1.9000,-30.5642,0.05272,1.0000,0.0000,0.0000,True,True
17.5740,0.0000,1.9000,-30.6255,0.06125,1.0000,0.0000,0.0000,True,True
17.5912,0.0000,1.9000,-30.6804,0.05494,1.0000,0.0000,0.0000,True,True
17.6094,0.0000,1.9000,-30.7411,0.06067,1.0000,0.0000,0.0000,True,True
17.6274,0.0000,1.9000,-30.8029,0.06177,1.0000,0.0000,0.0000,True,True
17.6455,0.0000,1.9000,-30.8680,0.06514,1.0000,0.0000,0.0000,True,True
17.6656,0.0000,1.9000,-30.9429,0.07495,1.0000,0.0000,0.0000,True,True
17.6823,0.0000,1.9000,-31.0071,0.06413,1.0000,0.0000,0.0000,True,True
17.7007,0.0000,1.9000,-31.0808,0.07377,1.0000,0.0000,0.0000,True,True
17.7190,0.0000,1.9000,-31.1565,0.07570,1.0000,0.0000,0.0000,True,True
17.7371,0.0000,1.9000,-31.2330,0.07642,1.0000,0.0000,0.0000,True,True
17.7559,0.0000,1.9000,-31.3134,0.08043,1.0000,0.0000,0.0000,True,True
17.7747,0.0000,1.9000,-31.4029,0.08950,1.0000,0.0000,0.0000,True,True
17.7915,0.0000,1.9000,-31.4806,0.07767,1.0000,0.0000,0.0000,True,True
17.8094,0.0000,1.9000,-31.5669,0.08637,1.0000,0.0000,0.0000,True,True
17.8273,0.0000,1.9000,-31.6559,0.08900,1.0000,0.0000,0.0000,True,True
17.8455,0.0000,1.9000,-31.7484,0.09249,1.0000,0.0000,0.0000,True,True
17.8655,0.0000,1.9000,-31.8536,0.10514,1.0000,0.0000,0.0000,True,True
17.8826,0.0000,1.9000,-31.9441,0.09055,1.0000,0.0000,0.0000,True,True
17.9005,0.0000,1.8992,-32.0411,0.09703,1.0000,0.0000,0.0000,True,True
17.9181,0.0000,1.8973,-32.1367,0.09553,1.0000,0.0000,0.0000,True,True
17.9377,0.0000,1.8953,-32.2417,0.10510,1.0000,0.0000,0.0000,True,True
17.9574,0.0000,1.8932,-32.3477,0.10603,1.0000,0.0000,0.0000,True,True
17.9740,0.0000,1.8914,-32.4383,0.09056,1.0000,0.0000,0.0000,True,True
17.9916,0.0000,1.8884,-32.5329,0.09466,1.0000,0.0000,0.0000,True,True
18.0093,0.0000,1.8830,-32.6287,0.09592,1.0000,0.0000,0.0000,True,True
18.0269,0.0000,1.8777,-32.7241,0.09555,1.0000,0.0000,0.0000,True,True
18.0451,0.0000,1.8723,-32.8213,0.09735,1.0000,0.0000,0.0000,True,True
18.0628,0.0000,1.8669,-32.9168,0.09568,1.0000,0.0000,0.0000,True,True
18.0823,0.0000,1.8603,-33.0223,0.10572,1.0000,0.0000,0.0000,True,True
18.0990,0.0000,1.8524,-33.1126,0.09059,1.0000,0.0000,0.0000,True,True
18.1167,0.0000,1.8441,-33.2078,0.09561,1.0000,0.0000,0.0000,True,True
18.1349,0.0000,1.8355,-33.3058,0.09838,1.0000,0.0000,0.0000,True,True
18.1534,0.0000,1.8268,-33.4055,0.10007,1.0000,0.0000,0.0000,True,True
18.1713,0.0000,1.8183,-33.5017,0.09657,1.0000,0.0000,0.0000,True,True
18.1908,0.0000,1.8065,-33.6048,0.10382,1.0000,0.0000,0.0000,True,True
18.2079,0.0000,1.7959,-33.6976,0.09333,1.0000,0.0000,0.0000,True,True
18.2257,0.0000,1.7849,-33.7930,0.09609,1.0000,0.0000,0.0000,True,True
18.2435,0.0000,1.7740,-33.8884,0.09597,1.0000,0.0000,0.0000,True,True
18.2613,0.0000,1.7630,-33.9842,0.09641,1.0000,0.0000,0.0000,True,True
18.2793,0.0000,1.7502,-34.0797,0.09640,1.0000,0.0000,0.0000,True,True
18.2989,0.0000,1.7358,-34.1850,0.10629,1.0000,0.0000,0.0000,True,True
18.3158,0.0000,1.7238,-34.2719,0.08775,1.0000,0.0000,0.0000,True,True
18.3327,0.0000,1.7119,-34.3591,0.08800,1.0000,0.0000,0.0000,True,True
18.3504,0.0000,1.6998,-34.4471,0.08880,1.0000,0.0000,0.0000,True,True
18.3683,0.0000,1.6874,-34.5331,0.08685,1.0000,0.0000,0.0000,True,True
18.3859,0.0000,1.6745,-34.6157,0.08368,1.0000,0.0000,0.0000,True,True
18.4039,0.0000,1.6618,-34.6976,0.08280,1.0000,0.0000,0.0000,True,True
18.4220,0.0000,1.6496,-34.7760,0.07943,1.0000,0.0000,0.0000,True,True
18.4406,0.0000,1.6370,-34.8571,0.08207,1.0000,0.0000,0.0000,True,True
18.4576,0.0000,1.6261,-34.9275,0.07118,1.0000,0.0000,0.0000,True,True
18.4756,0.0000,1.6149,-34.9997,0.07313,1.0000,0.0000,0.0000,True,True
18.4937,0.0000,1.6030,-35.0699,0.07116,1.0000,0.0000,0.0000,True,True
18.5117,0.0000,1.5916,-35.1373,0.06836,1.0000,0.0000,0.0000,True,True
18.5304,0.0000,1.5804,-35.2034,0.06706,1.0000,0.0000,0.0000,True,True
18.5490,0.0000,1.5694,-35.2688,0.06631,1.0000,0.0000,0.0000,True,True
18.5674,0.0000,1.5590,-35.3301,0.06220,1.0000,0.0000,0.0000,True,True
18.5857,0.0000,1.5491,-35.3888,0.05946,1.0000,0.0000,0.0000,True,True
18.6043,0.0000,1.5395,-35.4455,0.05750,1.0000,0.0000,0.0000,True,True
18.6242,0.0000,1.5299,-35.5023,0.05763,1.0000,0.0000,0.0000,True,True
18.6413,0.0000,1.5213,-35.5504,0.04886,1.0000,0.0000,0.0000,True,True
18.6598,0.0000,1.5126,-35.5996,0.04994,1.0000,0.0000,0.0000,True,True
18.6776,0.0000,1.5046,-35.6443,0.04543,1.0000,0.0000,0.0000,True,True
18.6961,0.0000,1.4969,-35.6876,0.04400,1.0000,0.0000,0.0000,True,True
18.7156,0.0000,1.4891,-35.7314,0.04447,1.0000,0.0000,0.0000,True,True
18.7337,0.0000,1.4824,-35.7689,0.03811,1.0000,0.0000,0.0000,True,True
18.7514,0.0000,1.4761,-35.8044,0.03605,1.0000,0.0000,0.0000,True,True
18.7695,0.0000,1.4702,-35.8375,0.03357,1.0000,0.0000,0.0000,True,True
18.7879,0.0000,1.4648,-35.8680,0.03098,1.0000,0.0000,0.0000,True,True
18.8075,0.0000,1.4594,-35.8986,0.03108,1.0000,0.0000,0.0000,True,True
18.8267,0.0000,1.4545,-35.9256,0.02742,1.0000,0.0000,0.0000,True,True
18.8450,0.0000,1.4503,-35.9493,0.02411,1.0000,0.0000,0.0000,True,True
18.8643,0.0000,1.4466,-35.9704,0.02141,1.0000,0.0000,0.0000,True,True
18.8821,0.0000,1.4433,-35.9890,0.01887,1.0000,0.0000,0.0000,True,True
18.9004,0.0000,1.4433,-35.9890,0.00000,1.0000,0.0000,0.0000,True,True
18.9187,0.0000,1.4428,-35.9914,0.00250,1.0000,0.0000,0.0000,True,True
18.9376,0.0000,1.4419,-35.9966,0.00527,1.0000,0.0000,0.0000,True,True
18.9571,0.0000,1.4404,-36.0048,0.00832,1.0000,0.0000,0.0000,True,True
18.9738,0.0000,1.4388,-36.0138,0.00917,1.0000,0.0000,0.0000,True,True
18.9918,0.0000,1.4366,-36.0259,0.01233,1.0000,0.0000,0.0000,True,True
19.0101,0.0000,1.4339,-36.0407,0.01497,1.0000,0.0000,0.0000,True,True
19.0293,0.0000,1.4305,-36.0590,0.01862,1.0000,0.0000,0.0000,True,True
19.0488,0.0000,1.4266,-36.0803,0.02172,1.0000,0.0000,0.0000,True,True
19.0666,0.0000,1.4227,-36.1020,0.02201,1.0000,0.0000,0.0000,True,True
19.0847,0.0000,1.4182,-36.1266,0.02503,1.0000,0.0000,0.0000,True,True
19.1030,0.0000,1.4131,-36.1542,0.02799,1.0000,0.0000,0.0000,True,True
19.1216,0.0000,1.4077,-36.1841,0.03048,1.0000,0.0000,0.0000,True,True
19.1405,0.0000,1.4015,-36.2180,0.03437,1.0000,0.0000,0.0000,True,True
19.1582,0.0000,1.3954,-36.2513,0.03393,1.0000,0.0000,0.0000,True,True
19.1765,0.0000,1.3886,-36.2886,0.03794,1.0000,0.0000,0.0000,True,True
19.1947,0.0000,1.3814,-36.3279,0.03992,1.0000,0.0000,0.0000,True,True
19.2144,0.0000,1.3734,-36.3720,0.04476,1.0000,0.0000,0.0000,True,True
19.2330,0.0000,1.3647,-36.4196,0.04839,1.0000,0.0000,0.0000,True,True
19.2518,0.0000,1.3559,-36.4675,0.04877,1.0000,0.0000,0.0000,True,True
19.2700,0.0000,1.3467,-36.5180,0.05130,1.0000,0.0000,0.0000,True,True
19.2906,0.0000,1.3359,-36.5770,0.05997,1.0000,0.0000,0.0000,True,True
19.3076,0.0000,1.3266,-36.6283,0.05212,1.0000,0.0000,0.0000,True,True
19.3263,0.0000,1.3160,-36.6863,0.05898,1.0000,0.0000,0.0000,True,True
19.3444,0.0000,1.3050,-36.7463,0.06105,1.0000,0.0000,0.0000,True,True
19.3626,0.0000,1.2938,-36.8079,0.06261,1.0000,0.0000,0.0000,True,True
19.3825,0.0000,1.2809,-36.8783,0.07153,1.0000,0.0000,0.0000,True,True
19.4002,0.0000,1.2690,-36.9438,0.06660,1.0000,0.0000,0.0000,True,True
19.4183,0.0000,1.2564,-37.0129,0.07024,1.0000,0.0000,0.0000,True,True
19.4364,0.0000,1.2435,-37.0854,0.07357,1.0000,0.0000,0.0000,True,True
19.4547,0.0000,1.2303,-37.1597,0.07553,1.0000,0.0000,0.0000,True,True
19.4738,0.0000,1.2157,-37.2413,0.08288,1.0000,0.0000,0.0000,True,True
19.4914,0.0000,1.2021,-37.3181,0.07796,1.0000,0.0000,0.0000,True,True
19.5097,0.0000,1.1875,-37.4002,0.08340,1.0000,0.0000,0.0000,True,True
19.5276,0.0000,1.1726,-37.4834,0.08450,1.0000,0.0000,0.0000,True,True
19.5461,0.0000,1.1579,-37.5700,0.08786,1.0000,0.0000,0.0000,True,True
19.5655,0.0000,1.1415,-37.6667,0.09812,1.0000,0.0000,0.0000,True,True
19.5822,0.0000,1.1273,-37.7508,0.08521,1.0000,0.0000,0.0000,True,True
19.6004,0.0000,1.1114,-37.8448,0.09538,1.0000,0.0000,0.0000,True,True
19.6184,0.0000,1.0952,-37.9407,0.09728,1.0000,0.0000,0.0000,True,True
19.6368,0.0000,1.0793,-38.0380,0.09856,1.0000,0.0000,0.0000,True,True
19.6551,0.0000,1.0641,-38.1357,0.09890,1.0000,0.0000,0.0000,True,True
19.6739,0.0000,1.0484,-38.2365,0.10201,1.0000,0.0000,0.0000,True,True
19.6925,0.0000,1.0332,-38.3345,0.09915,1.0000,0.0000,0.0000,True,True
19.7116,0.0000,1.0173,-38.4366,0.10336,1.0000,0.0000,0.0000,True,True
19.7304,0.0000,1.0024,-38.5372,0.10173,1.0000,0.0000,0.0000,True,True
19.7487,0.0000,0.9887,-38.6366,0.10033,1.0000,0.0000,0.0000,True,True
19.7672,0.0000,0.9753,-38.7346,0.09888,1.0000,0.0000,0.0000,True,True
19.7854,0.0000,0.9618,-38.8328,0.09912,1.0000,0.0000,0.0000,True,True
19.8051,0.0000,0.9480,-38.9333,0.10140,1.0000,0.0000,0.0000,True,True
19.8240,0.0000,0.9343,-39.0390,0.10663,1.0000,0.0000,0.0000,True,True
19.8411,0.0000,0.9238,-39.1312,0.09275,1.0000,0.0000,0.0000,True,True
19.8595,0.0000,0.9125,-39.2296,0.09909,1.0000,0.0000,0.0000,True,True
19.8783,0.0000,0.9009,-39.3309,0.10192,1.0000,0.0000,0.0000,True,True
19.8968,0.0000,0.8897,-39.4285,0.09831,1.0000,0.0000,0.0000,True,True
19.9155,0.0000,0.8788,-39.5303,0.10237,1.0000,0.0000,0.0000,True,True
19.9340,0.0000,0.8701,-39.6297,0.09978,1.0000,0.0000,0.0000,True,True
19.9524,0.0000,0.8615,-39.7287,0.09933,1.0000,0.0000,0.0000,True,True
19.9718,0.0000,0.8523,-39.8330,0.10468,1.0000,0.0000,0.0000,True,True
19.9905,0.0000,0.8435,-39.9335,0.10087,1.0000,0.0000,0.0000,True,True
20.0084,0.0000,0.8360,-40.0303,0.09710,1.0000,0.0000,0.0000,True,True
20.0270,0.0000,0.8305,-40.1292,0.09913,1.0000,0.0000,0.0000,True,True
20.0453,0.0000,0.8251,-40.2268,0.09771,1.0000,0.0000,0.0000,True,True
20.0655,0.0000,0.8192,-40.3314,0.10478,1.0000,0.0000,0.0000,True,True
20.0821,0.0000,0.8146,-40.4148,0.08354,1.0000,0.0000,0.0000,True,True
20.1003,0.0000,0.8097,-40.5036,0.08895,1.0000,0.0000,0.0000,True,True
20.1188,0.0000,0.8080,-40.5913,0.08772,1.0000,0.0000,0.0000,True,True
20.1373,0.0000,0.8063,-40.6770,0.08566,1.0000,0.0000,0.0000,True,True
20.1573,0.0000,0.8046,-40.7664,0.08943,1.0000,0.0000,0.0000,True,True
20.1750,0.0000,0.8031,-40.8417,0.07534,1.0000,0.0000,0.0000,True,True
20.1935,0.0000,0.8016,-40.9209,0.07919,1.0000,0.0000,0.0000,True,True
20.2130,0.0000,0.8000,-40.9999,0.07901,1.0000,0.0000,0.0000,True,True
20.2322,0.0000,0.8000,-41.0748,0.07489,1.0000,0.0000,0.0000,True,True
20.2502,0.0000,0.8000,-41.1431,0.06835,1.0000,0.0000,0.0000,True,True
20.2688,0.0000,0.8000,-41.2105,0.06732,1.0000,0.0000,0.0000,True,True
20.2874,0.0000,0.8000,-41.2756,0.06510,1.0000,0.0000,0.0000,True,True
20.3073,0.0000,0.8000,-41.3418,0.06622,1.0000,0.0000,0.0000,True,True
20.3250,0.0000,0.8000,-41.3990,0.05720,1.0000,0.0000,0.0000,True,True
20.3438,0.0000,0.8000,-41.4566,0.05760,1.0000,0.0000,0.0000,True,True
20.3629,0.0000,0.8000,-41.5121,0.05555,1.0000,0.0000,0.0000,True,True
20.3825,0.0000,0.8000,-41.5663,0.05421,1.0000,0.0000,0.0000,True,True
20.4009,0.0000,0.8000,-41.6157,0.04935,1.0000,0.0000,0.0000,True,True
20.4198,0.0000,0.8000,-41.6630,0.04736,1.0000,0.0000,0.0000,True,True
20.4388,0.0000,0.8000,-41.7077,0.04465,1.0000,0.0000,0.0000,True,True
20.4573,0.0000,0.8000,-41.7490,0.04135,1.0000,0.0000,0.0000,True,True
20.4763,0.0000,0.8000,-41.7885,0.03948,1.0000,0.0000,0.0000,True,True
20.4954,0.0000,0.8000,-41.8253,0.03680,1.0000,0.0000,0.0000,True,True
20.5155,0.0000,0.8000,-41.8614,0.03611,1.0000,0.0000,0.0000,True,True
20.5333,0.0000,0.8000,-41.8902,0.02882,1.0000,0.0000,0.0000,True,True
20.5519,0.0000,0.8000,-41.9189,0.02866,1.0000,0.0000,0.0000,True,True
20.5717,0.0000,0.8000,-41.9456,0.02668,1.0000,0.0000,0.0000,True,True
20.5909,0.0000,0.8000,-41.9704,0.02479,1.0000,0.0000,0.0000,True,True
20.6097,0.0000,0.8000,-41.9931,0.02274,1.0000,0.0000,0.0000,True,True
20.6290,0.0000,0.8000,-41.9931,0.00000,1.0000,0.0000,0.0000,True,True
20.6489,0.0000,0.8000,-41.9962,0.00308,1.0000,0.0000,0.0000,True,True
20.6671,0.0000,0.8000,-42.0014,0.00520,1.0000,0.0000,0.0000,True,True
20.6859,0.0000,0.8000,-42.0095,0.00806,1.0000,0.0000,0.0000,True,True
20.7049,0.0000,0.8000,-42.0202,0.01076,1.0000,0.0000,0.0000,True,True
20.7239,0.0000,0.8000,-42.0340,0.01375,1.0000,0.0000,0.0000,True,True
20.7427,0.0000,0.8000,-42.0501,0.01615,1.0000,0.0000,0.0000,True,True
20.7617,0.0000,0.8000,-42.0691,0.01894,1.0000,0.0000,0.0000,True,True
20.7821,0.0000,0.8000,-42.0927,0.02361,1.0000,0.0000,0.0000,True,True
20.8002,0.0000,0.8000,-42.1158,0.02318,1.0000,0.0000,0.0000,True,True
20.8191,0.0000,0.8000,-42.1429,0.02710,1.0000,0.0000,0.0000,True,True
20.8406,0.0000,0.8000,-42.1769,0.03397,1.0000,0.0000,0.0000,True,True
20.8588,0.0000,0.8000,-42.2085,0.03159,1.0000,0.0000,0.0000,True,True
20.8777,0.0000,0.8000,-42.2438,0.03526,1.0000,0.0000,0.0000,True,True
20.8991,0.0000,0.8000,-42.2870,0.04329,1.0000,0.0000,0.0000,True,True
20.9165,0.0000,0.8000,-42.3247,0.03770,1.0000,0.0000,0.0000,True,True
20.9376,0.0000,0.8000,-42.3732,0.04850,1.0000,0.0000,0.0000,True,True
20.9575,0.0000,0.8000,-42.4226,0.04932,1.0000,0.0000,0.0000,True,True
20.9775,0.0000,0.8000,-42.4750,0.05247,1.0000,0.0000,0.0000,True,True
20.9989,0.0000,0.8000,-42.5343,0.05931,1.0000,0.0000,0.0000,True,True
21.0176,0.0000,0.8000,-42.5889,0.05457,1.0000,0.0000,0.0000,True,True
21.0379,0.0000,0.8000,-42.6512,0.06226,1.0000,0.0000,0.0000,True,True
21.0584,0.0000,0.8000,-42.7175,0.06630,1.0000,0.0000,0.0000,True,True
21.0790,0.0000,0.8000,-42.7871,0.06965,1.0000,0.0000,0.0000,True,True
21.0996,0.0000,0.8000,-42.8598,0.07269,1.0000,0.0000,0.0000,True,True
21.1192,0.0000,0.8000,-42.9323,0.07248,1.0000,0.0000,0.0000,True,True
21.1404,0.0000,0.8000,-43.0136,0.08129,1.0000,0.0000,0.0000,True,True
21.1596,0.0000,0.8000,-43.0899,0.07635,1.0000,0.0000,0.0000,True,True
21.1805,0.0000,0.8000,-43.1741,0.08418,1.0000,0.0000,0.0000,True,True
21.2017,0.0000,0.8000,-43.2678,0.09367,1.0000,0.0000,0.0000,True,True
21.2198,0.0000,0.8000,-43.3481,0.08035,1.0000,0.0000,0.0000,True,True
21.2406,0.0000,0.8000,-43.4428,0.09470,1.0000,0.0000,0.0000,True,True
21.2605,0.0000,0.8000,-43.5371,0.09430,1.0000,0.0000,0.0000,True,True
21.2822,0.0000,0.8000,-43.6439,0.10677,1.0000,0.0000,0.0000,True,True
21.3009,0.0000,0.8000,-43.7384,0.09447,1.0000,0.0000,0.0000,True,True
21.3211,0.0000,0.8000,-43.8431,0.10477,1.0000,0.0000,0.0000,True,True
21.3413,0.0000,0.8000,-43.9512,0.10804,1.0000,0.0000,0.0000,True,True
21.3621,0.0000,0.8000,-44.0635,0.11230,1.0000,0.0000,0.0000,True,True
21.3825,0.0000,0.8000,-44.1735,0.11006,1.0000,0.0000,0.0000,True,True
21.4027,0.0000,0.8000,-44.2822,0.10862,1.0000,0.0000,0.0000,True,True
21.4238,0.0000,0.8000,-44.3968,0.11469,1.0000,0.0000,0.0000,True,True
21.4437,0.0000,0.8000,-44.5043,0.10743,1.0000,0.0000,0.0000,True,True
21.4654,0.0000,0.8000,-44.6216,0.11729,1.0000,0.0000,0.0000,True,True
21.4851,0.0000,0.8000,-44.7271,0.10549,1.0000,0.0000,0.0000,True,True
21.5074,0.0000,0.8000,-44.8476,0.12058,1.0000,0.0000,0.0000,True,True
21.5260,0.0000,0.8000,-44.9483,0.10067,1.0000,0.0000,0.0000,True,True
21.5463,0.0000,0.8000,-45.0584,0.11007,1.0000,0.0000,0.0000,True,True
21.5664,0.0000,0.8001,-45.1667,0.10836,1.0000,0.0000,0.0000,True,True
21.5867,0.0000,0.8002,-45.2764,0.10965,1.0000,0.0000,0.0000,True,True
21.6073,0.0000,0.8002,-45.3874,0.11100,1.0000,0.0000,0.0000,True,True
21.6274,0.0000,0.8003,-45.4962,0.10877,1.0000,0.0000,0.0000,True,True
21.6489,0.0000,0.8005,-45.6119,0.11579,1.0000,0.0000,0.0000,True,True
21.6681,0.0000,0.8007,-45.7162,0.10427,1.0000,0.0000,0.0000,True,True
21.6905,0.0000,0.8009,-45.8366,0.12042,1.0000,0.0000,0.0000,True,True
21.7098,0.0000,0.8011,-45.9412,0.10457,1.0000,0.0000,0.0000,True,True
21.7322,0.0000,0.8013,-46.0617,0.12051,1.0000,0.0000,0.0000,True,True
21.7509,0.0000,0.8016,-46.1618,0.10011,1.0000,0.0000,0.0000,True,True
21.7713,0.0000,0.8019,-46.2688,0.10701,1.0000,0.0000,0.0000,True,True
21.7917,0.0000,0.8022,-46.3736,0.10478,1.0000,0.0000,0.0000,True,True
21.8122,0.0000,0.8025,-46.4752,0.10163,1.0000,0.0000,0.0000,True,True
21.8331,0.0000,0.8029,-46.5737,0.09844,1.0000,0.0000,0.0000,True,True
21.8532,0.0000,0.8032,-46.6685,0.09482,1.0000,0.0000,0.0000,True,True
21.8739,0.0000,0.8036,-46.7608,0.09231,1.0000,0.0000,0.0000,True,True
21.8937,0.0000,0.8040,-46.8470,0.08621,1.0000,0.0000,0.0000,True,True
21.9156,0.0000,0.8043,-46.9381,0.09103,1.0000,0.0000,0.0000,True,True
21.9347,0.0000,0.8046,-47.0150,0.07697,1.0000,0.0000,0.0000,True,True
21.9573,0.0000,0.8051,-47.1018,0.08677,1.0000,0.0000,0.0000,True,True
21.9764,0.0000,0.8054,-47.1732,0.07146,1.0000,0.0000,0.0000,True,True
21.9967,0.0000,0.8058,-47.2449,0.07168,1.0000,0.0000,0.0000,True,True
22.0166,0.0000,0.8061,-47.3132,0.06829,1.0000,0.0000,0.0000,True,True
22.0374,0.0000,0.8065,-47.3804,0.06714,1.0000,0.0000,0.0000,True,True
22.0576,0.0000,0.8068,-47.4433,0.06292,1.0000,0.0000,0.0000,True,True
22.0775,0.0000,0.8071,-47.5024,0.05909,1.0000,0.0000,0.0000,True,True
22.0990,0.0000,0.8075,-47.5622,0.05982,1.0000,0.0000,0.0000,True,True
22.1184,0.0000,0.8078,-47.6134,0.05120,1.0000,0.0000,0.0000,True,True
22.1385,0.0000,0.8081,-47.6641,0.05070,1.0000,0.0000,0.0000,True,True
22.1591,0.0000,0.8084,-47.7122,0.04815,1.0000,0.0000,0.0000,True,True
22.1790,0.0000,0.8087,-47.7559,0.04366,1.0000,0.0000,0.0000,True,True
22.1996,0.0000,0.8089,-47.7980,0.04212,1.0000,0.0000,0.0000,True,True
22.2200,0.0000,0.8091,-47.8363,0.03832,1.0000,0.0000,0.0000,True,True
22.2404,0.0000,0.8094,-47.8719,0.03558,1.0000,0.0000,0.0000,True,True
22.2599,0.0000,0.8096,-47.9028,0.03089,1.0000,0.0000,0.0000,True,True
22.2798,0.0000,0.8097,-47.9312,0.02843,1.0000,0.0000,0.0000,True,True
22.2997,0.0000,0.8099,-47.9569,0.02573,1.0000,0.0000,0.0000,True,True
22.3199,0.0000,0.8100,-47.9798,0.02282,1.0000,0.0000,0.0000,True,True
22.3404,0.0000,0.8100,-47.9798,0.00000,1.0000,0.0000,0.0000,True,True
22.3604,0.0000,0.8100,-47.9827,0.00298,1.0000,0.0000,0.0000,True,True
22.3824,0.0000,0.8101,-47.9896,0.00685,1.0000,0.0000,0.0000,True,True
22.4008,0.0000,0.8101,-47.9980,0.00841,1.0000,0.0000,0.0000,True,True
22.4218,0.0000,0.8102,-48.0106,0.01261,1.0000,0.0000,0.0000,True,True
22.4420,0.0000,0.8103,-48.0261,0.01546,1.0000,0.0000,0.0000,True,True
22.4628,0.0000,0.8105,-48.0446,0.01854,1.0000,0.0000,0.0000,True,True
22.4824,0.0000,0.8106,-48.0662,0.02158,1.0000,0.0000,0.0000,True,True
22.5026,0.0000,0.8108,-48.0906,0.02439,1.0000,0.0000,0.0000,True,True
22.5239,0.0000,0.8110,-48.1199,0.02926,1.0000,0.0000,0.0000,True,True
22.5435,0.0000,0.8112,-48.1499,0.03005,1.0000,0.0000,0.0000,True,True
22.5654,0.0000,0.8115,-48.1870,0.03706,1.0000,0.0000,0.0000,True,True
22.5840,0.0000,0.8117,-48.2210,0.03402,1.0000,0.0000,0.0000,True,True
22.6041,0.0000,0.8120,-48.2607,0.03969,1.0000,0.0000,0.0000,True,True
22.6246,0.0000,0.8123,-48.3040,0.04337,1.0000,0.0000,0.0000,True,True
22.6450,0.0000,0.8127,-48.3509,0.04688,1.0000,0.0000,0.0000,True,True
22.6655,0.0000,0.8130,-48.4008,0.04985,1.0000,0.0000,0.0000,True,True
22.6857,0.0000,0.8134,-48.4529,0.05210,1.0000,0.0000,0.0000,True,True
22.7075,0.0000,0.8138,-48.5128,0.05995,1.0000,0.0000,0.0000,True,True
22.7272,0.0000,0.8143,-48.5703,0.05749,1.0000,0.0000,0.0000,True,True
22.7489,0.0000,0.8149,-48.6364,0.06614,1.0000,0.0000,0.0000,True,True
22.7678,0.0000,0.8154,-48.6973,0.06091,1.0000,0.0000,0.0000,True,True
22.7886,0.0000,0.8159,-48.7670,0.06964,1.0000,0.0000,0.0000,True,True
22.8098,0.0000,0.8165,-48.8421,0.07514,1.0000,0.0000,0.0000,True,True
22.8323,0.0000,0.8172,-48.9243,0.08217,1.0000,0.0000,0.0000,True,True
22.8528,0.0000,0.8179,-49.0035,0.07922,1.0000,0.0000,0.0000,True,True
22.8739,0.0000,0.8186,-49.0880,0.08453,1.0000,0.0000,0.0000,True,True
22.8941,0.0000,0.8194,-49.1719,0.08387,1.0000,0.0000,0.0000,True,True
22.9158,0.0000,0.8203,-49.2644,0.09253,1.0000,0.0000,0.0000,True,True
22.9355,0.0000,0.8211,-49.3533,0.08892,1.0000,0.0000,0.0000,True,True
22.9574,0.0000,0.8220,-49.4538,0.10051,1.0000,0.0000,0.0000,True,True
22.9792,0.0000,0.8230,-49.5578,0.10392,1.0000,0.0000,0.0000,True,True
23.0009,0.0000,0.8241,-49.6667,0.10891,1.0000,0.0000,0.0000,True,True
23.0239,0.0000,0.8253,-49.7842,0.11750,1.0000,0.0000,0.0000,True,True
23.0424,0.0000,0.8263,-49.8823,0.09815,1.0000,0.0000,0.0000,True,True
23.0634,0.0000,0.8275,-49.9947,0.11237,1.0000,0.0000,0.0000,True,True
23.0840,0.0000,0.8287,-50.1060,0.11138,1.0000,0.0000,0.0000,True,True
23.1047,0.0000,0.8300,-50.2184,0.11240,1.0000,0.0000,0.0000,True,True
23.1252,0.0000,0.8312,-50.3292,0.11076,1.0000,0.0000,0.0000,True,True
23.1459,0.0000,0.8325,-50.4405,0.11132,1.0000,0.0000,0.0000,True,True
23.1665,0.0000,0.8338,-50.5522,0.11172,1.0000,0.0000,0.0000,True,True
23.1877,0.0000,0.8352,-50.6662,0.11404,1.0000,0.0000,0.0000,True,True
23.2083,0.0000,0.8365,-50.7772,0.11095,1.0000,0.0000,0.0000,True,True
23.2325,0.0000,0.8381,-50.9073,0.13013,1.0000,0.0000,0.0000,True,True
23.2528,0.0000,0.8394,-51.0156,0.10829,1.0000,0.0000,0.0000,True,True
23.2742,0.0000,0.8409,-51.1331,0.11758,1.0000,0.0000,0.0000,True,True
23.2949,0.0000,0.8424,-51.2447,0.11157,1.0000,0.0000,0.0000,True,True
23.3160,0.0000,0.8439,-51.3588,0.11405,1.0000,0.0000,0.0000,True,True
23.3391,0.0000,0.8455,-51.4793,0.12054,1.0000,0.0000,0.0000,True,True
23.3597,0.0000,0.8470,-51.5943,0.11503,1.0000,0.0000,0.0000,True,True
23.3825,0.0000,0.8488,-51.7166,0.12232,1.0000,0.0000,0.0000,True,True
23.4021,0.0000,0.8503,-51.8239,0.10729,1.0000,0.0000,0.0000,True,True
23.4239,0.0000,0.8519,-51.9410,0.11715,1.0000,0.0000,0.0000,True,True
23.4436,0.0000,0.8534,-52.0476,0.10660,1.0000,0.0000,0.0000,True,True
23.4654,0.0000,0.8552,-52.1662,0.11860,1.0000,0.0000,0.0000,True,True
23.4846,0.0000,0.8567,-52.2665,0.10030,1.0000,0.0000,0.0000,True,True
23.5054,0.0000,0.8582,-52.3713,0.10487,1.0000,0.0000,0.0000,True,True
23.5257,0.0000,0.8598,-52.4732,0.10187,1.0000,0.0000,0.0000,True,True
23.5467,0.0000,0.8613,-52.5725,0.09932,1.0000,0.0000,0.0000,True,True
23.5672,0.0000,0.8628,-52.6686,0.09615,1.0000,0.0000,0.0000,True,True
23.5891,0.0000,0.8643,-52.7634,0.09473,1.0000,0.0000,0.0000,True,True
23.6100,0.0000,0.8658,-52.8568,0.09343,1.0000,0.0000,0.0000,True,True
23.6322,0.0000,0.8672,-52.9488,0.09202,1.0000,0.0000,0.0000,True,True
23.6520,0.0000,0.8685,-53.0283,0.07957,1.0000,0.0000,0.0000,True,True
23.6738,0.0000,0.8699,-53.1120,0.08371,1.0000,0.0000,0.0000,True,True
23.6938,0.0000,0.8711,-53.1853,0.07328,1.0000,0.0000,0.0000,True,True
23.7160,0.0000,0.8724,-53.2622,0.07691,1.0000,0.0000,0.0000,True,True
23.7367,0.0000,0.8736,-53.3332,0.07096,1.0000,0.0000,0.0000,True,True
23.7584,0.0000,0.8747,-53.4028,0.06965,1.0000,0.0000,0.0000,True,True
23.7825,0.0000,0.8759,-53.4750,0.07220,1.0000,0.0000,0.0000,True,True
23.8020,0.0000,0.8769,-53.5322,0.05720,1.0000,0.0000,0.0000,True,True
23.8237,0.0000,0.8779,-53.5911,0.05895,1.0000,0.0000,0.0000,True,True
23.8451,0.0000,0.8789,-53.6455,0.05443,1.0000,0.0000,0.0000,True,True
23.8661,0.0000,0.8797,-53.6958,0.05023,1.0000,0.0000,0.0000,True,True
23.8872,0.0000,0.8806,-53.7428,0.04707,1.0000,0.0000,0.0000,True,True
23.9086,0.0000,0.8813,-53.7869,0.04405,1.0000,0.0000,0.0000,True,True
23.9295,0.0000,0.8820,-53.8274,0.04051,1.0000,0.0000,0.0000,True,True
23.9504,0.0000,0.8827,-53.8644,0.03707,1.0000,0.0000,0.0000,True,True
23.9726,0.0000,0.8833,-53.8988,0.03434,1.0000,0.0000,0.0000,True,True
23.9930,0.0000,0.8838,-53.9293,0.03053,1.0000,0.0000,0.0000,True,True
24.0156,0.0000,0.8843,-53.9580,0.02866,1.0000,0.0000,0.0000,True,True
24.0348,0.0000,0.8847,-53.9799,0.02191,1.0000,0.0000,0.0000,True,True
24.0572,0.0000,0.8847,-53.9799,0.00000,1.0000,0.0000,0.0000,True,True
24.0767,0.0000,0.8847,-53.9827,0.00280,1.0000,0.0000,0.0000,True,True
24.0989,0.0000,0.8849,-53.9896,0.00698,1.0000,0.0000,0.0000,True,True
24.1191,0.0000,0.8850,-53.9990,0.00933,1.0000,0.0000,0.0000,True,True
24.1406,0.0000,0.8853,-54.0125,0.01349,1.0000,0.0000,0.0000,True,True
24.1615,0.0000,0.8856,-54.0288,0.01632,1.0000,0.0000,0.0000,True,True
24.1826,0.0000,0.8859,-54.0486,0.01982,1.0000,0.0000,0.0000,True,True
24.2044,0.0000,0.8864,-54.0723,0.02373,1.0000,0.0000,0.0000,True,True
24.2255,0.0000,0.8869,-54.0993,0.02697,1.0000,0.0000,0.0000,True,True
24.2487,0.0000,0.8875,-54.1327,0.03343,1.0000,0.0000,0.0000,True,True
24.2687,0.0000,0.8880,-54.1640,0.03133,1.0000,0.0000,0.0000,True,True
24.2907,0.0000,0.8888,-54.2028,0.03878,1.0000,0.0000,0.0000,True,True
24.3110,0.0000,0.8895,-54.2416,0.03876,1.0000,0.0000,0.0000,True,True
24.3326,0.0000,0.8903,-54.2862,0.04468,1.0000,0.0000,0.0000,True,True
24.3541,0.0000,0.8911,-54.3338,0.04755,1.0000,0.0000,0.0000,True,True
24.3756,0.0000,0.8921,-54.3851,0.05131,1.0000,0.0000,0.0000,True,True
24.3972,0.0000,0.8931,-54.4393,0.05417,1.0000,0.0000,0.0000,True,True
24.4176,0.0000,0.8941,-54.4956,0.05632,1.0000,0.0000,0.0000,True,True
24.4406,0.0000,0.8953,-54.5610,0.06546,1.0000,0.0000,0.0000,True,True
24.4604,0.0000,0.8965,-54.6215,0.06047,1.0000,0.0000,0.0000,True,True
24.4821,0.0000,0.8978,-54.6906,0.06915,1.0000,0.0000,0.0000,True,True
24.5025,0.0000,0.8991,-54.7577,0.06711,1.0000,0.0000,0.0000,True,True
24.5239,0.0000,0.9005,-54.8336,0.07585,1.0000,0.0000,0.0000,True,True
24.5446,0.0000,0.9020,-54.9086,0.07505,1.0000,0.0000,0.0000,True,True
24.5656,0.0000,0.9035,-54.9892,0.08060,1.0000,0.0000,0.0000,True,True
24.5863,0.0000,0.9051,-55.0711,0.08197,1.0000,0.0000,0.0000,True,True
24.6073,0.0000,0.9068,-55.1578,0.08668,1.0000,0.0000,0.0000,True,True
24.6293,0.0000,0.9087,-55.2522,0.09444,1.0000,0.0000,0.0000,True,True
24.6504,0.0000,0.9106,-55.3461,0.09389,0.9999,0.0001,0.0000,True,True
24.6738,0.0000,0.9127,-55.4544,0.10837,0.9999,0.0001,0.0000,True,True
24.6927,0.0000,0.9145,-55.5447,0.09030,0.9998,0.0002,0.0000,True,True
24.7155,0.0000,0.9168,-55.6566,0.11194,0.9997,0.0003,0.0000,True,True
24.7345,0.0000,0.9188,-55.7535,0.09691,0.9996,0.0004,0.0000,True,True
24.7574,0.0000,0.9213,-55.8723,0.11883,0.9995,0.0005,0.0000,True,True
24.7776,0.0000,0.9236,-55.9827,0.11038,0.9993,0.0007,0.0000,True,True
24.7990,0.0000,0.9260,-56.0976,0.11498,0.9992,0.0008,0.0000,True,True
24.8194,0.0000,0.9283,-56.2079,0.11034,0.9990,0.0010,0.0000,True,True
24.8405,0.0000,0.9308,-56.3221,0.11417,0.9988,0.0012,0.0000,True,True
24.8617,0.0000,0.9332,-56.4363,0.11420,0.9986,0.0014,0.0000,True,True
24.8829,0.0000,0.9357,-56.5506,0.11437,0.9983,0.0017,0.0000,True,True
24.9046,0.0000,0.9382,-56.6649,0.11431,0.9981,0.0019,0.0000,True,True
24.9258,0.0000,0.9408,-56.7827,0.11786,0.9978,0.0022,0.0000,True,True
24.9502,0.0000,0.9436,-56.9113,0.12861,0.9975,0.0025,0.0000,True,True
24.9739,0.0000,0.9466,-57.0420,0.13076,0.9971,0.0029,0.0000,True,True
24.9946,0.0000,0.9491,-57.1537,0.11165,0.9968,0.0032,0.0000,True,True
25.0164,0.0000,0.9518,-57.2717,0.11807,0.9964,0.0036,0.0000,True,True
25.0381,0.0000,0.9544,-57.3886,0.11697,0.9960,0.0040,0.0000,True,True
25.0597,0.0000,0.9571,-57.5055,0.11690,0.9957,0.0043,0.0000,True,True
25.0824,0.0000,0.9599,-57.6268,0.12131,0.9952,0.0048,0.0000,True,True
25.1072,0.0000,0.9631,-57.7615,0.13473,0.9947,0.0053,0.0000,True,True
25.1324,0.0000,0.9663,-57.8970,0.13560,0.9942,0.0058,0.0000,True,True
25.1572,0.0000,0.9694,-58.0316,0.13461,0.9937,0.0063,0.0000,True,True
25.1824,0.0000,0.9727,-58.1667,0.13514,0.9931,0.0069,0.0000,True,True
25.2072,0.0000,0.9759,-58.2977,0.13098,0.9925,0.0075,0.0000,True,True
25.2321,0.0000,0.9789,-58.4238,0.12623,0.9920,0.0080,0.0000,True,True
25.2572,0.0000,0.9819,-58.5459,0.12211,0.9914,0.0086,0.0000,True,True
25.2806,0.0000,0.9845,-58.6540,0.10810,0.9909,0.0091,0.0000,True,True
25.3054,0.0000,0.9873,-58.7670,0.11307,0.9903,0.0097,0.0000,True,True
25.3322,0.0000,0.9902,-58.8832,0.11620,0.9897,0.0103,0.0000,True,True
25.3572,0.0000,0.9928,-58.9860,0.10285,0.9892,0.0108,0.0000,True,True
25.3823,0.0000,0.9952,-59.0842,0.09822,0.9887,0.0113,0.0000,True,True
25.4071,0.0000,0.9976,-59.1779,0.09376,0.9881,0.0119,0.0000,True,True
25.4326,0.0000,0.9999,-59.2684,0.09050,0.9876,0.0124,0.0000,True,True
25.4579,0.0000,1.0021,-59.3536,0.08525,0.9871,0.0129,0.0000,True,True
25.4827,0.0000,1.0041,-59.4325,0.07888,0.9867,0.0133,0.0000,True,True
25.5077,0.0000,1.0060,-59.5073,0.07482,0.9862,0.0138,0.0000,True,True
25.5330,0.0000,1.0078,-59.5782,0.07093,0.9858,0.0142,0.0000,True,True
25.5582,0.0000,1.0095,-59.6437,0.06555,0.9854,0.0146,0.0000,True,True
25.5833,0.0000,1.0111,-59.7046,0.06091,0.9850,0.0150,0.0000,True,True
25.6082,0.0000,1.0125,-59.7606,0.05608,0.9847,0.0153,0.0000,True,True
25.6329,0.0000,1.0138,-59.8112,0.05056,0.9844,0.0156,0.0000,True,True
25.6587,0.0000,1.0151,-59.8590,0.04782,0.9841,0.0159,0.0000,True,True
25.6833,0.0000,1.0162,-59.9004,0.04148,0.9838,0.0162,0.0000,True,True
25.7078,0.0000,1.0171,-59.9371,0.03665,0.9836,0.0164,0.0000,True,True
25.7326,0.0000,1.0180,-59.9692,0.03217,0.9834,0.0166,0.0000,True,True
25.7573,0.0000,1.0187,-59.9971,0.02785,0.9832,0.0168,0.0000,True,True
25.7829,0.0000,1.0187,-59.9971,0.00000,0.9832,0.0168,0.0000,True,True
25.8075,0.0000,1.0188,-60.0016,0.00454,0.9831,0.0169,0.0000,True,True
25.8324,0.0000,1.0190,-60.0109,0.00925,0.9831,0.0169,0.0000,True,True
25.8571,0.0000,1.0194,-60.0246,0.01370,0.9830,0.0170,0.0000,True,True
25.8821,0.0000,1.0199,-60.0432,0.01859,0.9829,0.0171,0.0000,True,True
25.9073,0.0000,1.0205,-60.0666,0.02345,0.9827,0.0173,0.0000,True,True
25.9301,0.0000,1.0212,-60.0915,0.02490,0.9826,0.0174,0.0000,True,True
25.9553,0.0000,1.0220,-60.1239,0.03247,0.9823,0.0177,0.0000,True,True
25.9802,0.0000,1.0230,-60.1610,0.03709,0.9821,0.0179,0.0000,True,True
26.0046,0.0000,1.0241,-60.2016,0.04054,0.9818,0.0182,0.0000,True,True
26.0291,0.0000,1.0253,-60.2466,0.04502,0.9815,0.0185,0.0000,True,True
26.0543,0.0000,1.0266,-60.2974,0.05086,0.9812,0.0188,0.0000,True,True
26.0782,0.0000,1.0281,-60.3512,0.05379,0.9808,0.0192,0.0000,True,True
26.1022,0.0000,1.0296,-60.4085,0.05737,0.9804,0.0196,0.0000,True,True
26.1261,0.0000,1.0312,-60.4703,0.06176,0.9799,0.0201,0.0000,True,True
26.1515,0.0000,1.0331,-60.5398,0.06959,0.9794,0.0206,0.0000,True,True
26.1760,0.0000,1.0350,-60.6116,0.07185,0.9789,0.0211,0.0000,True,True
26.2008,0.0000,1.0371,-60.6892,0.07761,0.9784,0.0216,0.0000,True,True
26.2249,0.0000,1.0393,-60.7701,0.08086,0.9778,0.0222,0.0000,True,True
26.2488,0.0000,1.0416,-60.8537,0.08365,0.9771,0.0229,0.0000,True,True
26.2738,0.0000,1.0441,-60.9452,0.09162,0.9764,0.0236,0.0000,True,True
26.2995,0.0000,1.0467,-61.0421,0.09688,0.9757,0.0243,0.0000,True,True
26.3239,0.0000,1.0495,-61.1434,0.10137,0.9749,0.0251,0.0000,True,True
26.3477,0.0000,1.0522,-61.2411,0.09769,0.9741,0.0259,0.0000,True,True
26.3723,0.0000,1.0553,-61.3503,0.10926,0.9732,0.0268,0.0000,True,True
26.3989,0.0000,1.0587,-61.4760,0.12573,0.9722,0.0278,0.0000,True,True
26.4217,0.0000,1.0617,-61.5835,0.10759,0.9713,0.0287,0.0000,True,True
26.4468,0.0000,1.0652,-61.7071,0.12369,0.9703,0.0297,0.0000,True,True
26.4728,0.0000,1.0689,-61.8386,0.13150,0.9691,0.0309,0.0000,True,True
26.4965,0.0000,1.0726,-61.9689,0.13035,0.9680,0.0320,0.0000,True,True
26.5210,0.0000,1.0764,-62.1020,0.13316,0.9668,0.0332,0.0000,True,True
26.5454,0.0000,1.0802,-62.2353,0.13334,0.9656,0.0344,0.0000,True,True
26.5701,0.0000,1.0840,-62.3679,0.13269,0.9644,0.0356,0.0000,True,True
26.5951,0.0000,1.0879,-62.5028,0.13492,0.9631,0.0369,0.0000,True,True
26.6198,0.0000,1.0918,-62.6363,0.13357,0.9618,0.0382,0.0000,True,True
26.6444,0.0000,1.0957,-62.7695,0.13322,0.9606,0.0394,0.0000,True,True
26.6687,0.0000,1.0995,-62.9006,0.13125,0.9593,0.0407,0.0000,True,True
26.6938,0.0000,1.1034,-63.0340,0.13338,0.9579,0.0421,0.0000,True,True
26.7184,0.0000,1.1074,-63.1687,0.13479,0.9566,0.0434,0.0000,True,True
26.7419,0.0000,1.1112,-63.2954,0.12678,0.9553,0.0447,0.0000,True,True
26.7656,0.0000,1.1149,-63.4230,0.12768,0.9540,0.0460,0.0000,True,True
26.7906,0.0000,1.1190,-63.5590,0.13600,0.9526,0.0474,0.0000,True,True
26.8131,0.0000,1.1226,-63.6780,0.11911,0.9513,0.0487,0.0000,True,True
26.8372,0.0000,1.1265,-63.8102,0.13217,0.9499,0.0501,0.0000,True,True
26.8611,0.0000,1.1304,-63.9380,0.12788,0.9485,0.0515,0.0000,True,True
26.8847,0.0000,1.1343,-64.0665,0.12855,0.9471,0.0529,0.0000,True,True
26.9083,0.0000,1.1382,-64.1938,0.12738,0.9456,0.0544,0.0000,True,True
26.9321,0.0000,1.1419,-64.3176,0.12386,0.9442,0.0558,0.0000,True,True
26.9574,0.0000,1.1458,-64.4438,0.12623,0.9428,0.0572,0.0000,True,True
26.9794,0.0000,1.1491,-64.5516,0.10793,0.9416,0.0584,0.0000,True,True
27.0029,0.0000,1.1525,-64.6616,0.11002,0.9403,0.0597,0.0000,True,True
27.0268,0.0000,1.1558,-64.7689,0.10737,0.9390,0.0610,0.0000,True,True
27.0515,0.0000,1.1591,-64.8757,0.10684,0.9378,0.0622,0.0000,True,True
27.0754,0.0000,1.1622,-64.9744,0.09871,0.9366,0.0634,0.0000,True,True
27.1007,0.0000,1.1652,-65.0716,0.09728,0.9354,0.0646,0.0000,True,True
27.1242,0.0000,1.1681,-65.1634,0.09187,0.9343,0.0657,0.0000,True,True
27.1418,0.0000,1.1701,-65.2269,0.06353,0.9335,0.0665,0.0000,True,True
27.1592,0.0000,1.1720,-65.2887,0.06180,0.9328,0.0672,0.0000,True,True
27.1766,0.0000,1.1738,-65.3472,0.05858,0.9320,0.0680,0.0000,True,True
27.1940,0.0000,1.1756,-65.4042,0.05694,0.9313,0.0687,0.0000,True,True
27.2100,0.0000,1.1772,-65.4541,0.04996,0.9307,0.0693,0.0000,True,True
27.2237,0.0000,1.1785,-65.4956,0.04149,0.9302,0.0698,0.0000,True,True
27.2376,0.0000,1.1797,-65.5358,0.04023,0.9297,0.0703,0.0000,True,True
27.2524,0.0000,1.1811,-65.5777,0.04194,0.9292,0.0708,0.0000,True,True
27.2674,0.0000,1.1823,-65.6179,0.04021,0.9287,0.0713,0.0000,True,True
27.2831,0.0000,1.1836,-65.6584,0.04055,0.9282,0.0718,0.0000,True,True
27.3004,0.0000,1.1850,-65.7011,0.04271,0.9276,0.0724,0.0000,True,True
27.3180,0.0000,1.1863,-65.7418,0.04078,0.9271,0.0729,0.0000,True,True
27.3357,0.0000,1.1875,-65.7805,0.03864,0.9266,0.0734,0.0000,True,True
27.3531,0.0000,1.1886,-65.8164,0.03591,0.9261,0.0739,0.0000,True,True
27.3708,0.0000,1.1897,-65.8503,0.03400,0.9257,0.0743,0.0000,True,True
27.3887,0.0000,1.1907,-65.8819,0.03158,0.9253,0.0747,0.0000,True,True
27.4072,0.0000,1.1917,-65.9130,0.03112,0.9249,0.0751,0.0000,True,True
27.4241,0.0000,1.1925,-65.9388,0.02578,0.9246,0.0754,0.0000,True,True
27.4418,0.0000,1.1933,-65.9632,0.02446,0.9243,0.0757,0.0000,True,True
27.4596,0.0000,1.1940,-65.9858,0.02255,0.9240,0.0760,0.0000,True,True
27.4769,0.0000,1.1940,-65.9858,0.00000,0.9240,0.0760,0.0000,True,True
27.4931,0.0000,1.1941,-65.9877,0.00197,0.9239,0.0761,0.0000,True,True
27.5079,0.0000,1.1942,-65.9911,0.00338,0.9239,0.0761,0.0000,True,True
27.5242,0.0000,1.1943,-65.9967,0.00562,0.9238,0.0762,0.0000,True,True
27.5407,0.0000,1.1946,-66.0048,0.00811,0.9237,0.0763,0.0000,True,True
27.5585,0.0000,1.1950,-66.0157,0.01088,0.9236,0.0764,0.0000,True,True
27.5759,0.0000,1.1954,-66.0286,0.01292,0.9234,0.0766,0.0000,True,True
27.5931,0.0000,1.1958,-66.0436,0.01505,0.9232,0.0768,0.0000,True,True
27.6114,0.0000,1.1964,-66.0619,0.01830,0.9230,0.0770,0.0000,True,True
27.6306,0.0000,1.1971,-66.0835,0.02163,0.9227,0.0773,0.0000,True,True
27.6487,0.0000,1.1979,-66.1074,0.02390,0.9224,0.0776,0.0000,True,True
27.6664,0.0000,1.1987,-66.1325,0.02508,0.9220,0.0780,0.0000,True,True
27.6835,0.0000,1.1995,-66.1589,0.02644,0.9217,0.0783,0.0000,True,True
27.7010,0.0000,1.2005,-66.1885,0.02961,0.9213,0.0787,0.0000,True,True
27.7187,0.0000,1.2015,-66.2205,0.03196,0.9209,0.0791,0.0000,True,True
27.7371,0.0000,1.2026,-66.2551,0.03462,0.9204,0.0796,0.0000,True,True
27.7575,0.0000,1.2040,-66.2988,0.04375,0.9199,0.0801,0.0000,True,True
27.7737,0.0000,1.2052,-66.3352,0.03643,0.9194,0.0806,0.0000,True,True
27.7908,0.0000,1.2065,-66.3755,0.04035,0.9188,0.0812,0.0000,True,True
27.8078,0.0000,1.2078,-66.4175,0.04200,0.9183,0.0817,0.0000,True,True
27.8239,0.0000,1.2092,-66.4594,0.04194,0.9177,0.0823,0.0000,True,True
27.8406,0.0000,1.2106,-66.5050,0.04562,0.9171,0.0829,0.0000,True,True
27.8576,0.0000,1.2122,-66.5528,0.04779,0.9165,0.0835,0.0000,True,True
27.8739,0.0000,1.2138,-66.6020,0.04923,0.9158,0.0842,0.0000,True,True
27.8906,0.0000,1.2154,-66.6540,0.05205,0.9151,0.0849,0.0000,True,True
27.9071,0.0000,1.2172,-66.7069,0.05292,0.9144,0.0856,0.0000,True,True
27.9242,0.0000,1.2190,-66.7633,0.05643,0.9136,0.0864,0.0000,True,True
27.9406,0.0000,1.2208,-66.8210,0.05775,0.9128,0.0872,0.0000,True,True
27.9572,0.0000,1.2228,-66.8810,0.06002,0.9120,0.0880,0.0000,True,True
27.9722,0.0000,1.2245,-66.9344,0.05343,0.9112,0.0888,0.0000,True,True
27.9904,0.0000,1.2269,-67.0066,0.07223,0.9102,0.0898,0.0000,True,True
28.0042,0.0000,1.2286,-67.0611,0.05449,0.9095,0.0905,0.0000,True,True
28.0205,0.0000,1.2308,-67.1274,0.06639,0.9086,0.0914,0.0000,True,True
28.0365,0.0000,1.2330,-67.1941,0.06668,0.9076,0.0924,0.0000,True,True
28.0527,0.0000,1.2353,-67.2643,0.07028,0.9066,0.0934,0.0000,True,True
28.0689,0.0000,1.2376,-67.3362,0.07192,0.9056,0.0944,0.0000,True,True
28.0856,0.0000,1.2400,-67.4105,0.07431,0.9046,0.0954,0.0000,True,True
28.1018,0.0000,1.2426,-67.4876,0.07720,0.9035,0.0965,0.0000,True,True
28.1175,0.0000,1.2451,-67.5639,0.07635,0.9024,0.0976,0.0000,True,True
28.1340,0.0000,1.2477,-67.6437,0.07980,0.9012,0.0988,0.0000,True,True
28.1494,0.0000,1.2503,-67.7232,0.07953,0.9001,0.0999,0.0000,True,True
28.1654,0.0000,1.2530,-67.8053,0.08217,0.8989,0.1011,0.0000,True,True
28.1824,0.0000,1.2559,-67.8937,0.08840,0.8976,0.1024,0.0000,True,True
28.1965,0.0000,1.2585,-67.9703,0.07665,0.8964,0.1036,0.0000,True,True
28.2121,0.0000,1.2613,-68.0554,0.08521,0.8952,0.1048,0.0000,True,True
28.2278,0.0000,1.2641,-68.1395,0.08409,0.8939,0.1061,0.0000,True,True
28.2438,0.0000,1.2670,-68.2267,0.08724,0.8926,0.1074,0.0000,True,True
28.2595,0.0000,1.2698,-68.3107,0.08404,0.8914,0.1086,0.0000,True,True
28.2754,0.0000,1.2726,-68.3970,0.08639,0.8901,0.1099,0.0000,True,True
28.2912,0.0000,1.2755,-68.4824,0.08549,0.8888,0.1112,0.0000,True,True
28.3075,0.0000,1.2784,-68.5691,0.08670,0.8875,0.1125,0.0000,True,True
28.3238,0.0000,1.2814,-68.6581,0.08905,0.8861,0.1139,0.0000,True,True
28.3406,0.0000,1.2844,-68.7483,0.09028,0.8847,0.1153,0.0000,True,True
28.3572,0.0000,1.2874,-68.8382,0.08989,0.8833,0.1167,0.0000,True,True
28.3717,0.0000,1.2900,-68.9169,0.07879,0.8821,0.1179,0.0000,True,True
28.3879,0.0000,1.2929,-69.0031,0.08628,0.8808,0.1192,0.0000,True,True
28.4037,0.0000,1.2958,-69.0897,0.08664,0.8794,0.1206,0.0000,True,True
28.4195,0.0000,1.2987,-69.1747,0.08507,0.8781,0.1219,0.0000,True,True
28.4349,0.0000,1.3015,-69.2581,0.08344,0.8768,0.1232,0.0000,True,True
28.4507,0.0000,1.3044,-69.3438,0.08572,0.8754,0.1246,0.0000,True,True
28.4664,0.0000,1.3072,-69.4280,0.08422,0.8741,0.1259,0.0000,True,True
28.4822,0.0000,1.3101,-69.5126,0.08467,0.8727,0.1273,0.0000,True,True
28.4988,0.0000,1.3131,-69.6028,0.09029,0.8713,0.1287,0.0000,True,True
28.5154,0.0000,1.3162,-69.6924,0.08957,0.8698,0.1302,0.0000,True,True
28.5321,0.0000,1.3192,-69.7827,0.09041,0.8684,0.1316,0.0000,True,True
28.5461,0.0000,1.3218,-69.8577,0.07505,0.8671,0.1329,0.0000,True,True
28.5628,0.0000,1.3249,-69.9480,0.09037,0.8657,0.1343,0.0000,True,True
28.5786,0.0000,1.3278,-70.0336,0.08563,0.8643,0.1357,0.0000,True,True
28.5944,0.0000,1.3307,-70.1184,0.08480,0.8629,0.1371,0.0000,True,True
28.6101,0.0000,1.3335,-70.2024,0.08406,0.8615,0.1385,0.0000,True,True
28.6258,0.0000,1.3363,-70.2842,0.08186,0.8601,0.1399,0.0000,True,True
28.6416,0.0000,1.3390,-70.3638,0.07961,0.8588,0.1412,0.0000,True,True
28.6573,0.0000,1.3417,-70.4417,0.07799,0.8575,0.1425,0.0000,True,True
28.6737,0.0000,1.3444,-70.5212,0.07954,0.8562,0.1438,0.0000,True,True
28.6903,0.0000,1.3471,-70.5997,0.07857,0.8549,0.1451,0.0000,True,True
28.7071,0.0000,1.3497,-70.6764,0.07674,0.8536,0.1464,0.0000,True,True
28.7214,0.0000,1.3519,-70.7405,0.06411,0.8525,0.1475,0.0000,True,True
28.7377,0.0000,1.3544,-70.8111,0.07063,0.8513,0.1487,0.0000,True,True
28.7533,0.0000,1.3566,-70.8775,0.06651,0.8501,0.1499,0.0000,True,True
28.7693,0.0000,1.3589,-70.9428,0.06532,0.8490,0.1510,0.0000,True,True
28.7855,0.0000,1.3611,-71.0073,0.06452,0.8479,0.1521,0.0000,True,True
28.8021,0.0000,1.3633,-71.0726,0.06535,0.8468,0.1532,0.0000,True,True
28.8187,0.0000,1.3655,-71.1348,0.06222,0.8457,0.1543,0.0000,True,True
28.8348,0.0000,1.3675,-71.1930,0.05818,0.8447,0.1553,0.0000,True,True
28.8505,0.0000,1.3694,-71.2483,0.05534,0.8438,0.1562,0.0000,True,True
28.8666,0.0000,1.3713,-71.3028,0.05460,0.8428,0.1572,0.0000,True,True
28.8828,0.0000,1.3731,-71.3558,0.05303,0.8419,0.1581,0.0000,True,True
28.8987,0.0000,1.3748,-71.4060,0.05019,0.8410,0.1590,0.0000,True,True
28.9155,0.0000,1.3766,-71.4567,0.05074,0.8402,0.1598,0.0000,True,True
28.9336,0.0000,1.3784,-71.5093,0.05264,0.8392,0.1608,0.0000,True,True
28.9488,0.0000,1.3798,-71.5511,0.04182,0.8385,0.1615,0.0000,True,True
28.9653,0.0000,1.3813,-71.5952,0.04411,0.8377,0.1623,0.0000,True,True
28.9820,0.0000,1.3828,-71.6371,0.04199,0.8370,0.1630,0.0000,True,True
28.9986,0.0000,1.3842,-71.6772,0.04004,0.8363,0.1637,0.0000,True,True
29.0155,0.0000,1.3855,-71.7153,0.03821,0.8356,0.1644,0.0000,True,True
29.0321,0.0000,1.3867,-71.7510,0.03565,0.8350,0.1650,0.0000,True,True
29.0467,0.0000,1.3878,-71.7804,0.02941,0.8345,0.1655,0.0000,True,True
29.0632,0.0000,1.3888,-71.8120,0.03170,0.8339,0.1661,0.0000,True,True
29.0791,0.0000,1.3899,-71.8410,0.02899,0.8334,0.1666,0.0000,True,True
29.0951,0.0000,1.3908,-71.8680,0.02702,0.8329,0.1671,0.0000,True,True
29.1115,0.0000,1.3917,-71.8934,0.02539,0.8325,0.1675,0.0000,True,True
29.1280,0.0000,1.3925,-71.9172,0.02378,0.8320,0.1680,0.0000,True,True
29.1445,0.0000,1.3932,-71.9386,0.02141,0.8317,0.1683,0.0000,True,True
29.1610,0.0000,1.3939,-71.9581,0.01956,0.8313,0.1687,0.0000,True,True
29.1772,0.0000,1.3945,-71.9753,0.01718,0.8310,0.1690,0.0000,True,True
29.1938,0.0000,1.3945,-71.9753,0.00000,0.8310,0.1690,0.0000,True,True
29.2099,0.0000,1.3946,-71.9772,0.00195,0.8310,0.1690,0.0000,True,True
29.2260,0.0000,1.3947,-71.9812,0.00394,0.8309,0.1691,0.0000,True,True
29.2427,0.0000,1.3949,-71.9873,0.00611,0.8308,0.1692,0.0000,True,True
29.2591,0.0000,1.3952,-71.9952,0.00796,0.8307,0.1693,0.0000,True,True
29.2757,0.0000,1.3955,-72.0055,0.01026,0.8305,0.1695,0.0000,True,True
29.2923,0.0000,1.3960,-72.0177,0.01219,0.8303,0.1697,0.0000,True,True
29.3086,0.0000,1.3965,-72.0318,0.01418,0.8300,0.1700,0.0000,True,True
29.3241,0.0000,1.3970,-72.0471,0.01530,0.8297,0.1703,0.0000,True,True
29.3406,0.0000,1.3976,-72.0650,0.01785,0.8294,0.1706,0.0000,True,True
29.3572,0.0000,1.3983,-72.0854,0.02043,0.8290,0.1710,0.0000,True,True
29.3738,0.0000,1.3991,-72.1078,0.02243,0.8286,0.1714,0.0000,True,True
29.3905,0.0000,1.3999,-72.1324,0.02458,0.8282,0.1718,0.0000,True,True
29.4051,0.0000,1.4007,-72.1554,0.02301,0.8278,0.1722,0.0000,True,True
29.4208,0.0000,1.4017,-72.1822,0.02682,0.8273,0.1727,0.0000,True,True
29.4368,0.0000,1.4027,-72.2111,0.02899,0.8268,0.1732,0.0000,True,True
29.4526,0.0000,1.4038,-72.2422,0.03111,0.8262,0.1738,0.0000,True,True
29.4687,0.0000,1.4049,-72.2754,0.03325,0.8256,0.1744,0.0000,True,True
29.4847,0.0000,1.4061,-72.3100,0.03458,0.8250,0.1750,0.0000,True,True
29.5006,0.0000,1.4074,-72.3469,0.03694,0.8243,0.1757,0.0000,True,True
29.5169,0.0000,1.4087,-72.3859,0.03900,0.8236,0.1764,0.0000,True,True
29.5331,0.0000,1.4102,-72.4272,0.04132,0.8229,0.1771,0.0000,True,True
29.5490,0.0000,1.4117,-72.4701,0.04296,0.8221,0.1779,0.0000,True,True
29.5654,0.0000,1.4132,-72.5155,0.04536,0.8213,0.1787,0.0000,True,True
29.5821,0.0000,1.4149,-72.5639,0.04845,0.8204,0.1796,0.0000,True,True
29.5986,0.0000,1.4167,-72.6145,0.05060,0.8195,0.1805,0.0000,True,True
29.6154,0.0000,1.4185,-72.6673,0.05286,0.8185,0.1815,0.0000,True,True
29.6299,0.0000,1.4202,-72.7141,0.04689,0.8177,0.1823,0.0000,True,True
29.6452,0.0000,1.4220,-72.7664,0.05229,0.8167,0.1833,0.0000,True,True
29.6612,0.0000,1.4239,-72.8224,0.05607,0.8157,0.1843,0.0000,True,True
29.6773,0.0000,1.4260,-72.8807,0.05826,0.8146,0.1854,0.0000,True,True
29.6930,0.0000,1.4280,-72.9396,0.05897,0.8135,0.1865,0.0000,True,True
29.7088,0.0000,1.4301,-73.0006,0.06100,0.8124,0.1876,0.0000,True,True
29.7247,0.0000,1.4323,-73.0635,0.06295,0.8112,0.1888,0.0000,True,True
29.7406,0.0000,1.4346,-73.1288,0.06538,0.8100,0.1900,0.0000,True,True
29.7572,0.0000,1.4370,-73.1986,0.06979,0.8087,0.1913,0.0000,True,True
29.7738,0.0000,1.4396,-73.2708,0.07233,0.8074,0.1926,0.0000,True,True
29.7881,0.0000,1.4418,-73.3348,0.06400,0.8062,0.1938,0.0000,True,True
29.8039,0.0000,1.4443,-73.4071,0.07237,0.8048,0.1952,0.0000,True,True
29.8201,0.0000,1.4470,-73.4832,0.07615,0.8034,0.1966,0.0000,True,True
29.8355,0.0000,1.4496,-73.5575,0.07426,0.8020,0.1980,0.0000,True,True
29.8511,0.0000,1.4522,-73.6341,0.07667,0.8006,0.1994,0.0000,True,True
29.8662,0.0000,1.4549,-73.7100,0.07597,0.7991,0.2009,0.0000,True,True
29.8820,0.0000,1.4577,-73.7917,0.08175,0.7976,0.2024,0.0000,True,True
29.8968,0.0000,1.4604,-73.8690,0.07737,0.7961,0.2039,0.0000,True,True
29.9122,0.0000,1.4633,-73.9518,0.08284,0.7945,0.2055,0.0000,True,True
29.9281,0.0000,1.4664,-74.0384,0.08668,0.7929,0.2071,0.0000,True,True
29.9440,0.0000,1.4694,-74.1241,0.08576,0.7912,0.2088,0.0000,True,True
29.9597,0.0000,1.4723,-74.2088,0.08468,0.7896,0.2104,0.0000,True,True
29.9748,0.0000,1.4752,-74.2907,0.08197,0.7880,0.2120,0.0000,True,True
29.9904,0.0000,1.4781,-74.3743,0.08365,0.7864,0.2136,0.0000,True,True
30.0071,0.0000,1.4813,-74.4649,0.09068,0.7847,0.2153,0.0000,True,True
30.0205,0.0000,1.4838,-74.5372,0.07234,0.7833,0.2167,0.0000,True,True
30.0360,0.0000,1.4867,-74.6200,0.08285,0.7817,0.2183,0.0000,True,True
30.0509,0.0000,1.4895,-74.7006,0.08062,0.7801,0.2199,0.0000,True,True
30.0666,0.0000,1.4925,-74.7858,0.08531,0.7784,0.2216,0.0000,True,True
30.0820,0.0000,1.4954,-74.8688,0.08301,0.7768,0.2232,0.0000,True,True
30.0987,0.0000,1.4986,-74.9593,0.09059,0.7750,0.2250,0.0000,True,True
30.1127,0.0000,1.5011,-75.0326,0.07336,0.7736,0.2264,0.0000,True,True
30.1279,0.0000,1.5041,-75.1168,0.08426,0.7719,0.2281,0.0000,True,True
30.1433,0.0000,1.5070,-75.1995,0.08270,0.7703,0.2297,0.0000,True,True
30.1594,0.0000,1.5100,-75.2865,0.08704,0.7686,0.2314,0.0000,True,True
30.1749,0.0000,1.5130,-75.3702,0.08375,0.7669,0.2331,0.0000,True,True
30.1904,0.0000,1.5159,-75.4535,0.08335,0.7653,0.2347,0.0000,True,True
30.2071,0.0000,1.5190,-75.5438,0.09041,0.7635,0.2365,0.0000,True,True
30.2209,0.0000,1.5216,-75.6184,0.07458,0.7620,0.2380,0.0000,True,True
30.2363,0.0000,1.5245,-75.7011,0.08284,0.7603,0.2397,0.0000,True,True
30.2518,0.0000,1.5275,-75.7855,0.08439,0.7586,0.2414,0.0000,True,True
30.2672,0.0000,1.5304,-75.8677,0.08228,0.7570,0.2430,0.0000,True,True
30.2826,0.0000,1.5333,-75.9514,0.08375,0.7553,0.2447,0.0000,True,True
30.2987,0.0000,1.5363,-76.0382,0.08681,0.7535,0.2465,0.0000,True,True
30.3135,0.0000,1.5391,-76.1177,0.07959,0.7519,0.2481,0.0000,True,True
30.3288,0.0000,1.5419,-76.1990,0.08129,0.7503,0.2497,0.0000,True,True
30.3443,0.0000,1.5448,-76.2797,0.08078,0.7486,0.2514,0.0000,True,True
30.3596,0.0000,1.5475,-76.3574,0.07775,0.7471,0.2529,0.0000,True,True
30.3748,0.0000,1.5501,-76.4331,0.07571,0.7455,0.2545,0.0000,True,True
30.3904,0.0000,1.5528,-76.5087,0.07570,0.7440,0.2560,0.0000,True,True
30.4073,0.0000,1.5555,-76.5880,0.07936,0.7424,0.2576,0.0000,True,True
30.4206,0.0000,1.5577,-76.6495,0.06148,0.7411,0.2589,0.0000,True,True
30.4358,0.0000,1.5601,-76.7186,0.06919,0.7397,0.2603,0.0000,True,True
30.4511,0.0000,1.5624,-76.7856,0.06700,0.7383,0.2617,0.0000,True,True
30.4662,0.0000,1.5647,-76.8511,0.06555,0.7370,0.2630,0.0000,True,True
30.4823,0.0000,1.5670,-76.9172,0.06613,0.7356,0.2644,0.0000,True,True
30.4987,0.0000,1.5694,-76.9846,0.06751,0.7342,0.2658,0.0000,True,True
30.5121,0.0000,1.5712,-77.0372,0.05262,0.7331,0.2669,0.0000,True,True
30.5274,0.0000,1.5732,-77.0959,0.05874,0.7319,0.2681,0.0000,True,True
30.5431,0.0000,1.5753,-77.1539,0.05798,0.7307,0.2693,0.0000,True,True
30.5583,0.0000,1.5772,-77.2088,0.05495,0.7296,0.2704,0.0000,True,True
30.5737,0.0000,1.5790,-77.2625,0.05377,0.7284,0.2716,0.0000,True,True
30.5906,0.0000,1.5810,-77.3188,0.05632,0.7273,0.2727,0.0000,True,True
30.6044,0.0000,1.5826,-77.3642,0.04541,0.7263,0.2737,0.0000,True,True
30.6200,0.0000,1.5843,-77.4125,0.04838,0.7253,0.2747,0.0000,True,True
30.6355,0.0000,1.5859,-77.4599,0.04738,0.7243,0.2757,0.0000,True,True
30.6510,0.0000,1.5875,-77.5048,0.04490,0.7234,0.2766,0.0000,True,True
30.6670,0.0000,1.5890,-77.5488,0.04411,0.7225,0.2775,0.0000,True,True
30.6822,0.0000,1.5904,-77.5902,0.04141,0.7216,0.2784,0.0000,True,True
30.6991,0.0000,1.5919,-77.6321,0.04188,0.7207,0.2793,0.0000,True,True
30.7153,0.0000,1.5933,-77.6723,0.04021,0.7199,0.2801,0.0000,True,True
30.7298,0.0000,1.5944,-77.7053,0.03302,0.7192,0.2808,0.0000,True,True
30.7448,0.0000,1.5956,-77.7388,0.03357,0.7185,0.2815,0.0000,True,True
30.7606,0.0000,1.5967,-77.7716,0.03279,0.7178,0.2822,0.0000,True,True
30.7760,0.0000,1.5978,-77.8020,0.03041,0.7172,0.2828,0.0000,True,True
30.7919,0.0000,1.5988,-77.8310,0.02904,0.7165,0.2835,0.0000,True,True
30.8073,0.0000,1.5997,-77.8579,0.02691,0.7160,0.2840,0.0000,True,True
30.8239,0.0000,1.6006,-77.8845,0.02658,0.7154,0.2846,0.0000,True,True
30.8382,0.0000,1.6014,-77.9059,0.02142,0.7150,0.2850,0.0000,True,True
30.8535,0.0000,1.6021,-77.9272,0.02131,0.7145,0.2855,0.0000,True,True
30.8687,0.0000,1.6028,-77.9465,0.01937,0.7141,0.2859,0.0000,True,True
30.8841,0.0000,1.6034,-77.9644,0.01786,0.7137,0.2863,0.0000,True,True
30.8998,0.0000,1.6040,-77.9805,0.01618,0.7134,0.2866,0.0000,True,True
30.9153,0.0000,1.6040,-77.9805,0.00000,0.7134,0.2866,0.0000,True,True
30.9321,0.0000,1.6040,-77.9826,0.00210,0.7134,0.2866,0.0000,True,True
30.9460,0.0000,1.6042,-77.9858,0.00320,0.7133,0.2867,0.0000,True,True
30.9619,0.0000,1.6044,-77.9914,0.00557,0.7132,0.2868,0.0000,True,True
30.9773,0.0000,1.6046,-77.9986,0.00721,0.7130,0.2870,0.0000,True,True
30.9934,0.0000,1.6049,-78.0079,0.00932,0.7128,0.2872,0.0000,True,True
31.0087,0.0000,1.6053,-78.0187,0.01080,0.7126,0.2874,0.0000,True,True
31.0244,0.0000,1.6057,-78.0316,0.01290,0.7123,0.2877,0.0000,True,True
31.0403,0.0000,1.6063,-78.0465,0.01486,0.7120,0.2880,0.0000,True,True
31.0573,0.0000,1.6069,-78.0644,0.01792,0.7116,0.2884,0.0000,True,True
31.0708,0.0000,1.6074,-78.0803,0.01590,0.7113,0.2887,0.0000,True,True
31.0862,0.0000,1.6081,-78.1000,0.01976,0.7109,0.2891,0.0000,True,True
31.1018,0.0000,1.6089,-78.1219,0.02186,0.7104,0.2896,0.0000,True,True
31.1173,0.0000,1.6097,-78.1454,0.02354,0.7099,0.2901,0.0000,True,True
31.1335,0.0000,1.6106,-78.1718,0.02644,0.7094,0.2906,0.0000,True,True
31.1492,0.0000,1.6115,-78.1992,0.02747,0.7088,0.2912,0.0000,True,True
31.1654,0.0000,1.6126,-78.2297,0.03047,0.7081,0.2919,0.0000,True,True
31.1820,0.0000,1.6137,-78.2629,0.03320,0.7074,0.2926,0.0000,True,True
31.1959,0.0000,1.6148,-78.2921,0.02920,0.7068,0.2932,0.0000,True,True
31.2114,0.0000,1.6159,-78.3265,0.03447,0.7061,0.2939,0.0000,True,True
31.2272,0.0000,1.6172,-78.3636,0.03710,0.7053,0.2947,0.0000,True,True
31.2430,0.0000,1.6186,-78.4023,0.03877,0.7045,0.2955,0.0000,True,True
31.2588,0.0000,1.6200,-78.4430,0.04064,0.7036,0.2964,0.0000,True,True
31.2744,0.0000,1.6214,-78.4847,0.04179,0.7027,0.2973,0.0000,True,True
31.2903,0.0000,1.6230,-78.5297,0.04504,0.7017,0.2983,0.0000,True,True
31.3071,0.0000,1.6247,-78.5788,0.04913,0.7007,0.2993,0.0000,True,True
31.3210,0.0000,1.6261,-78.6212,0.04236,0.6998,0.3002,0.0000,True,True
31.3366,0.0000,1.6278,-78.6705,0.04940,0.6987,0.3013,0.0000,True,True
31.3522,0.0000,1.6296,-78.7216,0.05109,0.6977,0.3023,0.0000,True,True
31.3677,0.0000,1.6314,-78.7739,0.05237,0.6965,0.3035,0.0000,True,True
31.3831,0.0000,1.6332,-78.8281,0.05416,0.6954,0.3046,0.0000,True,True
31.3987,0.0000,1.6352,-78.8847,0.05665,0.6942,0.3058,0.0000,True,True
31.4153,0.0000,1.6373,-78.9470,0.06234,0.6928,0.3072,0.0000,True,True
31.4298,0.0000,1.6393,-79.0025,0.05550,0.6916,0.3084,0.0000,True,True
31.4452,0.0000,1.6414,-79.0640,0.06162,0.6903,0.3097,0.0000,True,True
31.4609,0.0000,1.6436,-79.1279,0.06394,0.6889,0.3111,0.0000,True,True
31.4788,0.0000,1.6461,-79.2034,0.07547,0.6873,0.3127,0.0000,True,True
31.4929,0.0000,1.6482,-79.2645,0.06117,0.6860,0.3140,0.0000,True,True
31.5105,0.0000,1.6509,-79.3431,0.07862,0.6843,0.3157,0.0000,True,True
31.5246,0.0000,1.6532,-79.4076,0.06457,0.6829,0.3171,0.0000,True,True
31.5405,0.0000,1.6557,-79.4816,0.07400,0.6813,0.3187,0.0000,True,True
31.5571,0.0000,1.6584,-79.5619,0.08035,0.6795,0.3205,0.0000,True,True
31.5710,0.0000,1.6608,-79.6303,0.06848,0.6781,0.3219,0.0000,True,True
31.5865,0.0000,1.6634,-79.7082,0.07792,0.6764,0.3236,0.0000,True,True
31.6019,0.0000,1.6661,-79.7881,0.07993,0.6746,0.3254,0.0000,True,True
31.6175,0.0000,1.6689,-79.8695,0.08146,0.6729,0.3271,0.0000,True,True
31.6330,0.0000,1.6718,-79.9533,0.08385,0.6710,0.3290,0.0000,True,True
31.6487,0.0000,1.6747,-80.0379,0.08468,0.6692,0.3308,0.0000,True,True
31.6655,0.0000,1.6777,-80.1278,0.08997,0.6672,0.3328,0.0000,True,True
31.6794,0.0000,1.6803,-80.2034,0.07557,0.6656,0.3344,0.0000,True,True
31.6947,0.0000,1.6831,-80.2853,0.08197,0.6638,0.3362,0.0000,True,True
31.7102,0.0000,1.6859,-80.3693,0.08403,0.6619,0.3381,0.0000,True,True
31.7259,0.0000,1.6888,-80.4539,0.08466,0.6601,0.3399,0.0000,True,True
31.7412,0.0000,1.6916,-80.5368,0.08299,0.6582,0.3418,0.0000,True,True
31.7570,0.0000,1.6945,-80.6223,0.08555,0.6563,0.3437,0.0000,True,True
31.7738,0.0000,1.6975,-80.7124,0.09015,0.6544,0.3456,0.0000,True,True
31.7879,0.0000,1.7001,-80.7890,0.07660,0.6527,0.3473,0.0000,True,True
31.8038,0.0000,1.7030,-80.8749,0.08601,0.6508,0.3492,0.0000,True,True
31.8193,0.0000,1.7058,-80.9590,0.08408,0.6489,0.3511,0.0000,True,True
31.8347,0.0000,1.7086,-81.0424,0.08344,0.6471,0.3529,0.0000,True,True
31.8532,0.0000,1.7119,-81.1418,0.09953,0.6449,0.3551,0.0000,True,True
31.8673,0.0000,1.7145,-81.2185,0.07667,0.6432,0.3568,0.0000,True,True
31.8863,0.0000,1.7179,-81.3206,0.10221,0.6409,0.3591,0.0000,True,True
31.9004,0.0000,1.7205,-81.3966,0.07601,0.6392,0.3608,0.0000,True,True
31.9160,0.0000,1.7233,-81.4801,0.08355,0.6373,0.3627,0.0000,True,True
31.9316,0.0000,1.7261,-81.5644,0.08431,0.6355,0.3645,0.0000,True,True
31.9469,0.0000,1.7288,-81.6476,0.08326,0.6336,0.3664,0.0000,True,True
31.9622,0.0000,1.7316,-81.7299,0.08236,0.6318,0.3682,0.0000,True,True
31.9803,0.0000,1.7348,-81.8278,0.09798,0.6296,0.3704,0.0000,True,True
31.9949,0.0000,1.7374,-81.9066,0.07877,0.6278,0.3722,0.0000,True,True
32.0120,0.0000,1.7405,-81.9986,0.09209,0.6257,0.3743,0.0000,True,True
32.0301,0.0000,1.7437,-82.0968,0.09822,0.6235,0.3765,0.0000,True,True
32.0489,0.0000,1.7470,-82.1969,0.10020,0.6213,0.3787,0.0000,True,True
32.0627,0.0000,1.7494,-82.2695,0.07260,0.6197,0.3803,0.0000,True,True
32.0797,0.0000,1.7523,-82.3561,0.08669,0.6177,0.3823,0.0000,True,True
32.0967,0.0000,1.7551,-82.4405,0.08443,0.6158,0.3842,0.0000,True,True
32.1116,0.0000,1.7575,-82.5140,0.07354,0.6142,0.3858,0.0000,True,True
32.1286,0.0000,1.7601,-82.5943,0.08033,0.6123,0.3877,0.0000,True,True
32.1455,0.0000,1.7627,-82.6727,0.07846,0.6106,0.3894,0.0000,True,True
32.1616,0.0000,1.7650,-82.7452,0.07255,0.6089,0.3911,0.0000,True,True
32.1783,0.0000,1.7674,-82.8182,0.07305,0.6073,0.3927,0.0000,True,True
32.1949,0.0000,1.7697,-82.8892,0.07107,0.6057,0.3943,0.0000,True,True
32.2089,0.0000,1.7716,-82.9464,0.05718,0.6044,0.3956,0.0000,True,True
32.2262,0.0000,1.7739,-83.0169,0.07049,0.6028,0.3972,0.0000,True,True
32.2451,0.0000,1.7763,-83.0897,0.07283,0.6012,0.3988,0.0000,True,True
32.2622,0.0000,1.7783,-83.1537,0.06411,0.5997,0.4003,0.0000,True,True
32.2785,0.0000,1.7803,-83.2132,0.05946,0.5984,0.4016,0.0000,True,True
32.2950,0.0000,1.7821,-83.2708,0.05768,0.5970,0.4030,0.0000,True,True
32.3115,0.0000,1.7839,-83.3271,0.05631,0.5958,0.4042,0.0000,True,True
32.3243,0.0000,1.7853,-83.3688,0.04172,0.5948,0.4052,0.0000,True,True
32.3394,0.0000,1.7869,-83.4170,0.04824,0.5937,0.4063,0.0000,True,True
32.3548,0.0000,1.7884,-83.4641,0.04708,0.5927,0.4073,0.0000,True,True
32.3700,0.0000,1.7898,-83.5089,0.04487,0.5916,0.4084,0.0000,True,True
32.3866,0.0000,1.7913,-83.5555,0.04664,0.5906,0.4094,0.0000,True,True
32.4006,0.0000,1.7925,-83.5934,0.03791,0.5897,0.4103,0.0000,True,True
32.4159,0.0000,1.7938,-83.6334,0.03999,0.5888,0.4112,0.0000,True,True
32.4318,0.0000,1.7950,-83.6718,0.03842,0.5879,0.4121,0.0000,True,True
32.4497,0.0000,1.7964,-83.7146,0.04282,0.5870,0.4130,0.0000,True,True
32.4638,0.0000,1.7974,-83.7462,0.03167,0.5862,0.4138,0.0000,True,True
32.4802,0.0000,1.7985,-83.7810,0.03479,0.5854,0.4146,0.0000,True,True
32.4961,0.0000,1.7996,-83.8128,0.03182,0.5847,0.4153,0.0000,True,True
32.5130,0.0000,1.8006,-83.8443,0.03153,0.5840,0.4160,0.0000,True,True
32.5300,0.0000,1.8015,-83.8738,0.02946,0.5833,0.4167,0.0000,True,True
32.5462,0.0000,1.8024,-83.9002,0.02646,0.5827,0.4173,0.0000,True,True
32.5626,0.0000,1.8031,-83.9247,0.02447,0.5822,0.4178,0.0000,True,True
32.5787,0.0000,1.8039,-83.9469,0.02224,0.5817,0.4183,0.0000,True,True
32.5954,0.0000,1.8045,-83.9680,0.02106,0.5812,0.4188,0.0000,True,True
32.6118,0.0000,1.8052,-83.9882,0.02027,0.5807,0.4193,0.0000,True,True
32.6285,0.0000,1.8052,-83.9882,0.00000,0.5807,0.4193,0.0000,True,True
32.6710,0.0000,1.8052,-83.9887,0.00052,0.5807,0.4193,0.0000,True,True
32.6847,0.0000,1.8053,-83.9910,0.00227,0.5807,0.4193,0.0000,True,True
32.7005,0.0000,1.8054,-83.9955,0.00452,0.5806,0.4194,0.0000,True,True
32.7165,0.0000,1.8056,-84.0020,0.00648,0.5804,0.4196,0.0000,True,True
32.7329,0.0000,1.8059,-84.0106,0.00860,0.5802,0.4198,0.0000,True,True
32.7487,0.0000,1.8062,-84.0208,0.01024,0.5800,0.4200,0.0000,True,True
32.7651,0.0000,1.8066,-84.0334,0.01255,0.5797,0.4203,0.0000,True,True
32.7815,0.0000,1.8071,-84.0478,0.01442,0.5794,0.4206,0.0000,True,True
32.7979,0.0000,1.8076,-84.0646,0.01679,0.5790,0.4210,0.0000,True,True
32.8143,0.0000,1.8082,-84.0832,0.01863,0.5786,0.4214,0.0000,True,True
32.8304,0.0000,1.8088,-84.1035,0.02033,0.5781,0.4219,0.0000,True,True
32.8467,0.0000,1.8095,-84.1258,0.02228,0.5776,0.4224,0.0000,True,True
32.8632,0.0000,1.8103,-84.1507,0.02495,0.5770,0.4230,0.0000,True,True
32.8794,0.0000,1.8112,-84.1771,0.02640,0.5764,0.4236,0.0000,True,True
32.8959,0.0000,1.8121,-84.2059,0.02881,0.5758,0.4242,0.0000,True,True
32.9122,0.0000,1.8130,-84.2365,0.03057,0.5751,0.4249,0.0000,True,True
32.9288,0.0000,1.8141,-84.2686,0.03215,0.5743,0.4257,0.0000,True,True
32.9449,0.0000,1.8152,-84.3036,0.03501,0.5735,0.4265,0.0000,True,True
32.9616,0.0000,1.8163,-84.3409,0.03730,0.5727,0.4273,0.0000,True,True
32.9782,0.0000,1.8176,-84.3803,0.03947,0.5718,0.4282,0.0000,True,True
32.9949,0.0000,1.8189,-84.4218,0.04153,0.5708,0.4292,0.0000,True,True
33.0116,0.0000,1.8203,-84.4656,0.04381,0.5698,0.4302,0.0000,True,True
33.0262,0.0000,1.8215,-84.5050,0.03946,0.5689,0.4311,0.0000,True,True
33.0422,0.0000,1.8230,-84.5509,0.04587,0.5679,0.4321,0.0000,True,True
33.0586,0.0000,1.8245,-84.5996,0.04871,0.5668,0.4332,0.0000,True,True
33.0751,0.0000,1.8261,-84.6502,0.05061,0.5656,0.4344,0.0000,True,True
33.0910,0.0000,1.8277,-84.7016,0.05149,0.5644,0.4356,0.0000,True,True
33.1073,0.0000,1.8294,-84.7559,0.05426,0.5632,0.4368,0.0000,True,True
33.1233,0.0000,1.8311,-84.8112,0.05540,0.5619,0.4381,0.0000,True,True
33.1397,0.0000,1.8330,-84.8698,0.05864,0.5606,0.4394,0.0000,True,True
33.1554,0.0000,1.8348,-84.9280,0.05822,0.5592,0.4408,0.0000,True,True
33.1718,0.0000,1.8367,-84.9905,0.06253,0.5578,0.4422,0.0000,True,True
33.1877,0.0000,1.8387,-85.0533,0.06275,0.5564,0.4436,0.0000,True,True
33.2039,0.0000,1.8407,-85.1189,0.06565,0.5549,0.4451,0.0000,True,True
33.2202,0.0000,1.8428,-85.1870,0.06814,0.5533,0.4467,0.0000,True,True
33.2366,0.0000,1.8450,-85.2571,0.07019,0.5517,0.4483,0.0000,True,True
33.2539,0.0000,1.8473,-85.3309,0.07383,0.5500,0.4500,0.0000,True,True
33.2699,0.0000,1.8496,-85.4068,0.07592,0.5482,0.4518,0.0000,True,True
33.2866,0.0000,1.8520,-85.4847,0.07796,0.5464,0.4536,0.0000,True,True
33.3033,0.0000,1.8545,-85.5648,0.08013,0.5446,0.4554,0.0000,True,True
33.3171,0.0000,1.8565,-85.6326,0.06780,0.5430,0.4570,0.0000,True,True
33.3329,0.0000,1.8590,-85.7123,0.07971,0.5412,0.4588,0.0000,True,True
33.3501,0.0000,1.8616,-85.7988,0.08658,0.5392,0.4608,0.0000,True,True
33.3666,0.0000,1.8643,-85.8863,0.08753,0.5372,0.4628,0.0000,True,True
33.3828,0.0000,1.8670,-85.9754,0.08918,0.5352,0.4648,0.0000,True,True
33.3985,0.0000,1.8695,-86.0598,0.08443,0.5332,0.4668,0.0000,True,True
33.4141,0.0000,1.8721,-86.1447,0.08493,0.5313,0.4687,0.0000,True,True
33.4303,0.0000,1.8747,-86.2314,0.08675,0.5293,0.4707,0.0000,True,True
33.4464,0.0000,1.8773,-86.3188,0.08736,0.5272,0.4728,0.0000,True,True
33.4649,0.0000,1.8803,-86.4187,0.09995,0.5249,0.4751,0.0000,True,True
33.4797,0.0000,1.8827,-86.4982,0.07956,0.5231,0.4769,0.0000,True,True
33.4951,0.0000,1.8852,-86.5820,0.08384,0.5212,0.4788,0.0000,True,True
33.5115,0.0000,1.8878,-86.6706,0.08868,0.5191,0.4809,0.0000,True,True
33.5263,0.0000,1.8902,-86.7495,0.07895,0.5173,0.4827,0.0000,True,True
33.5419,0.0000,1.8927,-86.8336,0.08415,0.5154,0.4846,0.0000,True,True
33.5574,0.0000,1.8952,-86.9177,0.08406,0.5134,0.4866,0.0000,True,True
33.5726,0.0000,1.8976,-87.0004,0.08275,0.5115,0.4885,0.0000,True,True
33.5883,0.0000,1.9001,-87.0847,0.08432,0.5096,0.4904,0.0000,True,True
33.6039,0.0000,1.9025,-87.1685,0.08388,0.5076,0.4924,0.0000,True,True
33.6200,0.0000,1.9051,-87.2555,0.08699,0.5056,0.4944,0.0000,True,True
33.6368,0.0000,1.9077,-87.3454,0.08997,0.5036,0.4964,0.0000,True,True
33.6504,0.0000,1.9098,-87.4197,0.07436,0.5019,0.4981,0.0000,True,True
33.6658,0.0000,1.9123,-87.5032,0.08355,0.4999,0.5001,0.0000,True,True
33.6811,0.0000,1.9146,-87.5859,0.08271,0.4980,0.5020,0.0000,True,True
33.6964,0.0000,1.9170,-87.6686,0.08270,0.4961,0.5039,0.0000,True,True
33.7120,0.0000,1.9194,-87.7527,0.08413,0.4942,0.5058,0.0000,True,True
33.7282,0.0000,1.9219,-87.8402,0.08758,0.4921,0.5079,0.0000,True,True
33.7428,0.0000,1.9242,-87.9173,0.07718,0.4904,0.5096,0.0000,True,True
33.7578,0.0000,1.9265,-87.9999,0.08258,0.4885,0.5115,0.0000,True,True
33.7733,0.0000,1.9289,-88.0835,0.08360,0.4865,0.5135,0.0000,True,True
33.7888,0.0000,1.9312,-88.1662,0.08280,0.4846,0.5154,0.0000,True,True
33.8041,0.0000,1.9335,-88.2467,0.08054,0.4828,0.5172,0.0000,True,True
33.8198,0.0000,1.9357,-88.3274,0.08069,0.4809,0.5191,0.0000,True,True
33.8367,0.0000,1.9381,-88.4111,0.08370,0.4790,0.5210,0.0000,True,True
33.8503,0.0000,1.9400,-88.4785,0.06746,0.4774,0.5226,0.0000,True,True
33.8657,0.0000,1.9421,-88.5526,0.07419,0.4757,0.5243,0.0000,True,True
33.8812,0.0000,1.9441,-88.6247,0.07213,0.4741,0.5259,0.0000,True,True
33.8967,0.0000,1.9460,-88.6954,0.07068,0.4724,0.5276,0.0000,True,True
33.9123,0.0000,1.9479,-88.7637,0.06833,0.4709,0.5291,0.0000,True,True
33.9282,0.0000,1.9498,-88.8334,0.06972,0.4692,0.5308,0.0000,True,True
33.9431,0.0000,1.9515,-88.8954,0.06204,0.4678,0.5322,0.0000,True,True
33.9582,0.0000,1.9533,-88.9579,0.06253,0.4664,0.5336,0.0000,True,True
33.9735,0.0000,1.9549,-89.0191,0.06123,0.4650,0.5350,0.0000,True,True
33.9892,0.0000,1.9566,-89.0794,0.06028,0.4636,0.5364,0.0000,True,True
34.0046,0.0000,1.9581,-89.1372,0.05784,0.4623,0.5377,0.0000,True,True
34.0201,0.0000,1.9597,-89.1937,0.05649,0.4610,0.5390,0.0000,True,True
34.0365,0.0000,1.9612,-89.2514,0.05775,0.4596,0.5404,0.0000,True,True
34.0509,0.0000,1.9626,-89.2999,0.04853,0.4585,0.5415,0.0000,True,True
34.0661,0.0000,1.9639,-89.3505,0.05060,0.4573,0.5427,0.0000,True,True
34.0822,0.0000,1.9653,-89.4011,0.05068,0.4562,0.5438,0.0000,True,True
34.0975,0.0000,1.9666,-89.4477,0.04659,0.4551,0.5449,0.0000,True,True
34.1143,0.0000,1.9679,-89.4967,0.04902,0.4540,0.5460,0.0000,True,True
34.1294,0.0000,1.9690,-89.5395,0.04279,0.4530,0.5470,0.0000,True,True
34.1450,0.0000,1.9701,-89.5816,0.04208,0.4520,0.5480,0.0000,True,True
34.1616,0.0000,1.9713,-89.6243,0.04275,0.4510,0.5490,0.0000,True,True
34.1755,0.0000,1.9722,-89.6579,0.03363,0.4503,0.5497,0.0000,True,True
34.1904,0.0000,1.9731,-89.6938,0.03591,0.4495,0.5505,0.0000,True,True
34.2059,0.0000,1.9740,-89.7280,0.03415,0.4487,0.5513,0.0000,True,True
34.2213,0.0000,1.9749,-89.7611,0.03315,0.4479,0.5521,0.0000,True,True
34.2378,0.0000,1.9758,-89.7941,0.03302,0.4471,0.5529,0.0000,True,True
34.2532,0.0000,1.9766,-89.8232,0.02915,0.4465,0.5535,0.0000,True,True
34.2701,0.0000,1.9773,-89.8528,0.02957,0.4458,0.5542,0.0000,True,True
34.2837,0.0000,1.9779,-89.8753,0.02255,0.4453,0.5547,0.0000,True,True
34.2992,0.0000,1.9786,-89.8993,0.02392,0.4447,0.5553,0.0000,True,True
34.3146,0.0000,1.9792,-89.9214,0.02216,0.4442,0.5558,0.0000,True,True
34.3298,0.0000,1.9797,-89.9412,0.01984,0.4438,0.5562,0.0000,True,True
34.3449,0.0000,1.9802,-89.9594,0.01814,0.4434,0.5566,0.0000,True,True
34.3615,0.0000,1.9806,-89.9771,0.01778,0.4429,0.5571,0.0000,True,True
34.3786,0.0000,1.9806,-89.9771,0.00000,0.4429,0.5571,0.0000,True,True
34.3926,0.0000,1.9807,-89.9787,0.00151,0.4429,0.5571,0.0000,True,True
34.4081,0.0000,1.9808,-89.9821,0.00349,0.4428,0.5572,0.0000,True,True
34.4238,0.0000,1.9809,-89.9875,0.00536,0.4427,0.5573,0.0000,True,True
34.4402,0.0000,1.9811,-89.9949,0.00741,0.4425,0.5575,0.0000,True,True
34.4551,0.0000,1.9813,-90.0037,0.00883,0.4423,0.5577,0.0000,True,True
34.4711,0.0000,1.9816,-90.0145,0.01080,0.4421,0.5579,0.0000,True,True
34.4865,0.0000,1.9820,-90.0273,0.01282,0.4418,0.5582,0.0000,True,True
34.5012,0.0000,1.9823,-90.0409,0.01355,0.4415,0.5585,0.0000,True,True
34.5167,0.0000,1.9827,-90.0568,0.01596,0.4411,0.5589,0.0000,True,True
34.5319,0.0000,1.9832,-90.0744,0.01755,0.4407,0.5593,0.0000,True,True
34.5471,0.0000,1.9837,-90.0938,0.01939,0.4403,0.5597,0.0000,True,True
34.5628,0.0000,1.9842,-90.1153,0.02157,0.4398,0.5602,0.0000,True,True
34.5790,0.0000,1.9849,-90.1392,0.02385,0.4392,0.5608,0.0000,True,True
34.5953,0.0000,1.9855,-90.1656,0.02647,0.4386,0.5614,0.0000,True,True
34.6116,0.0000,1.9863,-90.1948,0.02916,0.4380,0.5620,0.0000,True,True
34.6283,0.0000,1.9871,-90.2261,0.03134,0.4372,0.5628,0.0000,True,True
34.6451,0.0000,1.9880,-90.2593,0.03324,0.4365,0.5635,0.0000,True,True
34.6597,0.0000,1.9888,-90.2899,0.03061,0.4358,0.5642,0.0000,True,True
34.6747,0.0000,1.9897,-90.3241,0.03419,0.4350,0.5650,0.0000,True,True
34.6900,0.0000,1.9906,-90.3597,0.03557,0.4342,0.5658,0.0000,True,True
34.7054,0.0000,1.9916,-90.3975,0.03783,0.4333,0.5667,0.0000,True,True
34.7207,0.0000,1.9926,-90.4368,0.03930,0.4324,0.5676,0.0000,True,True
34.7365,0.0000,1.9937,-90.4792,0.04245,0.4314,0.5686,0.0000,True,True
34.7514,0.0000,1.9947,-90.5202,0.04101,0.4305,0.5695,0.0000,True,True
34.7666,0.0000,1.9959,-90.5651,0.04494,0.4295,0.5705,0.0000,True,True
34.7824,0.0000,1.9971,-90.6130,0.04787,0.4284,0.5716,0.0000,True,True
34.7974,0.0000,1.9983,-90.6604,0.04739,0.4273,0.5727,0.0000,True,True
34.8126,0.0000,1.9995,-90.7098,0.04949,0.4262,0.5738,0.0000,True,True
34.8281,0.0000,2.0009,-90.7620,0.05220,0.4250,0.5750,0.0000,True,True
34.8451,0.0000,2.0024,-90.8206,0.05855,0.4236,0.5764,0.0000,True,True
34.8585,0.0000,2.0036,-90.8698,0.04925,0.4225,0.5775,0.0000,True,True
34.8739,0.0000,2.0050,-90.9268,0.05702,0.4212,0.5788,0.0000,True,True
34.8892,0.0000,2.0065,-90.9852,0.05842,0.4199,0.5801,0.0000,True,True
34.9050,0.0000,2.0081,-91.0478,0.06263,0.4185,0.5815,0.0000,True,True
34.9204,0.0000,2.0096,-91.1106,0.06279,0.4170,0.5830,0.0000,True,True
34.9368,0.0000,2.0113,-91.1780,0.06743,0.4155,0.5845,0.0000,True,True
34.9514,0.0000,2.0128,-91.2402,0.06224,0.4141,0.5859,0.0000,True,True
34.9664,0.0000,2.0145,-91.3082,0.06802,0.4125,0.5875,0.0000,True,True
34.9818,0.0000,2.0162,-91.3773,0.06913,0.4109,0.5891,0.0000,True,True
34.9975,0.0000,2.0180,-91.4495,0.07217,0.4093,0.5907,0.0000,True,True
35.0126,0.0000,2.0198,-91.5219,0.07251,0.4077,0.5923,0.0000,True,True
35.0282,0.0000,2.0216,-91.5982,0.07625,0.4059,0.5941,0.0000,True,True
35.0450,0.0000,2.0236,-91.6818,0.08368,0.4040,0.5960,0.0000,True,True
35.0593,0.0000,2.0254,-91.7543,0.07248,0.4024,0.5976,0.0000,True,True
35.0749,0.0000,2.0274,-91.8369,0.08262,0.4005,0.5995,0.0000,True,True
35.0906,0.0000,2.0294,-91.9209,0.08400,0.3986,0.6014,0.0000,True,True
35.1060,0.0000,2.0314,-92.0030,0.08217,0.3967,0.6033,0.0000,True,True
35.1210,0.0000,2.0333,-92.0849,0.08187,0.3949,0.6051,0.0000,True,True
35.1366,0.0000,2.0353,-92.1686,0.08375,0.3930,0.6070,0.0000,True,True
35.1536,0.0000,2.0374,-92.2590,0.09049,0.3910,0.6090,0.0000,True,True
35.1681,0.0000,2.0392,-92.3378,0.07881,0.3892,0.6108,0.0000,True,True
35.1833,0.0000,2.0412,-92.4207,0.08291,0.3873,0.6127,0.0000,True,True
35.1988,0.0000,2.0431,-92.5043,0.08366,0.3854,0.6146,0.0000,True,True
35.2141,0.0000,2.0450,-92.5871,0.08275,0.3836,0.6164,0.0000,True,True
35.2295,0.0000,2.0469,-92.6702,0.08312,0.3817,0.6183,0.0000,True,True
35.2449,0.0000,2.0488,-92.7534,0.08324,0.3798,0.6202,0.0000,True,True
35.2617,0.0000,2.0508,-92.8438,0.09047,0.3778,0.6222,0.0000,True,True
35.2786,0.0000,2.0529,-92.9343,0.09046,0.3758,0.6242,0.0000,True,True
35.2930,0.0000,2.0547,-93.0117,0.07746,0.3740,0.6260,0.0000,True,True
35.3080,0.0000,2.0565,-93.0935,0.08177,0.3722,0.6278,0.0000,True,True
35.3233,0.0000,2.0583,-93.1768,0.08332,0.3703,0.6297,0.0000,True,True
35.3389,0.0000,2.0601,-93.2601,0.08339,0.3685,0.6315,0.0000,True,True
35.3541,0.0000,2.0620,-93.3431,0.08297,0.3666,0.6334,0.0000,True,True
35.3699,0.0000,2.0638,-93.4282,0.08513,0.3647,0.6353,0.0000,True,True
35.3868,0.0000,2.0658,-93.5186,0.09045,0.3627,0.6373,0.0000,True,True
35.4010,0.0000,2.0675,-93.5955,0.07691,0.3610,0.6390,0.0000,True,True
35.4162,0.0000,2.0692,-93.6785,0.08303,0.3591,0.6409,0.0000,True,True
35.4314,0.0000,2.0710,-93.7606,0.08206,0.3573,0.6427,0.0000,True,True
35.4473,0.0000,2.0728,-93.8465,0.08594,0.3554,0.6446,0.0000,True,True
35.4625,0.0000,2.0746,-93.9285,0.08206,0.3536,0.6464,0.0000,True,True
35.4785,0.0000,2.0764,-94.0152,0.08667,0.3517,0.6483,0.0000,True,True
35.4949,0.0000,2.0782,-94.1034,0.08820,0.3497,0.6503,0.0000,True,True
35.5094,0.0000,2.0798,-94.1795,0.07613,0.3480,0.6520,0.0000,True,True
35.5242,0.0000,2.0814,-94.2574,0.07794,0.3463,0.6537,0.0000,True,True
35.5395,0.0000,2.0830,-94.3356,0.07823,0.3446,0.6554,0.0000,True,True
35.5545,0.0000,2.0846,-94.4111,0.07554,0.3429,0.6571,0.0000,True,True
35.5700,0.0000,2.0861,-94.4866,0.07551,0.3413,0.6587,0.0000,True,True
35.5865,0.0000,2.0877,-94.5658,0.07917,0.3395,0.6605,0.0000,True,True
35.5998,0.0000,2.0889,-94.6279,0.06215,0.3381,0.6619,0.0000,True,True
35.6150,0.0000,2.0903,-94.6964,0.06853,0.3366,0.6634,0.0000,True,True
35.6302,0.0000,2.0916,-94.7647,0.06827,0.3351,0.6649,0.0000,True,True
35.6452,0.0000,2.0929,-94.8297,0.06505,0.3337,0.6663,0.0000,True,True
35.6616,0.0000,2.0943,-94.8985,0.06874,0.3322,0.6678,0.0000,True,True
35.6764,0.0000,2.0955,-94.9581,0.05961,0.3309,0.6691,0.0000,True,True
35.6921,0.0000,2.0967,-95.0204,0.06235,0.3296,0.6704,0.0000,True,True
35.7071,0.0000,2.0978,-95.0796,0.05918,0.3283,0.6717,0.0000,True,True
35.7230,0.0000,2.0989,-95.1374,0.05789,0.3270,0.6730,0.0000,True,True
35.7381,0.0000,2.1000,-95.1939,0.05643,0.3258,0.6742,0.0000,True,True
35.7536,0.0000,2.1010,-95.2477,0.05389,0.3246,0.6754,0.0000,True,True
35.7698,0.0000,2.1021,-95.3032,0.05547,0.3234,0.6766,0.0000,True,True
35.7843,0.0000,2.1029,-95.3491,0.04592,0.3224,0.6776,0.0000,True,True
35.7992,0.0000,2.1039,-95.3980,0.04886,0.3213,0.6787,0.0000,True,True
35.8145,0.0000,2.1048,-95.4446,0.04662,0.3203,0.6797,0.0000,True,True
35.8297,0.0000,2.1056,-95.4893,0.04475,0.3193,0.6807,0.0000,True,True
35.8453,0.0000,2.1064,-95.5337,0.04438,0.3184,0.6816,0.0000,True,True
35.8615,0.0000,2.1072,-95.5774,0.04372,0.3174,0.6826,0.0000,True,True
35.8772,0.0000,2.1079,-95.6152,0.03780,0.3166,0.6834,0.0000,True,True
35.8911,0.0000,2.1086,-95.6527,0.03755,0.3158,0.6842,0.0000,True,True
35.9062,0.0000,2.1093,-95.6884,0.03565,0.3150,0.6850,0.0000,True,True
35.9221,0.0000,2.1099,-95.7241,0.03575,0.3143,0.6857,0.0000,True,True
35.9373,0.0000,2.1105,-95.7566,0.03249,0.3136,0.6864,0.0000,True,True
35.9532,0.0000,2.1111,-95.7887,0.03211,0.3129,0.6871,0.0000,True,True
35.9673,0.0000,2.1116,-95.8155,0.02680,0.3123,0.6877,0.0000,True,True
35.9824,0.0000,2.1121,-95.8429,0.02738,0.3117,0.6883,0.0000,True,True
35.9981,0.0000,2.1126,-95.8693,0.02637,0.3111,0.6889,0.0000,True,True
36.0132,0.0000,2.1130,-95.8929,0.02362,0.3106,0.6894,0.0000,True,True
36.0282,0.0000,2.1134,-95.9146,0.02177,0.3102,0.6898,0.0000,True,True
36.0448,0.0000,2.1138,-95.9368,0.02220,0.3097,0.6903,0.0000,True,True
36.0590,0.0000,2.1141,-95.9542,0.01733,0.3093,0.6907,0.0000,True,True
36.0739,0.0000,2.1144,-95.9707,0.01650,0.3089,0.6911,0.0000,True,True
36.0888,0.0000,2.1147,-95.9857,0.01501,0.3086,0.6914,0.0000,True,True
36.1039,0.0000,2.1147,-95.9857,0.00000,0.3086,0.6914,0.0000,True,True
36.1198,0.0000,2.1147,-95.9876,0.00190,0.3086,0.6914,0.0000,True,True
36.1342,0.0000,2.1148,-95.9908,0.00319,0.3085,0.6915,0.0000,True,True
36.1493,0.0000,2.1149,-95.9959,0.00516,0.3084,0.6916,0.0000,True,True
36.1647,0.0000,2.1150,-96.0029,0.00703,0.3083,0.6917,0.0000,True,True
36.1798,0.0000,2.1152,-96.0115,0.00861,0.3081,0.6919,0.0000,True,True
36.1949,0.0000,2.1153,-96.0218,0.01023,0.3079,0.6921,0.0000,True,True
36.2116,0.0000,2.1156,-96.0352,0.01347,0.3076,0.6924,0.0000,True,True
36.2251,0.0000,2.1158,-96.0476,0.01236,0.3073,0.6927,0.0000,True,True
36.2405,0.0000,2.1161,-96.0632,0.01560,0.3070,0.6930,0.0000,True,True
36.2554,0.0000,2.1163,-96.0802,0.01702,0.3066,0.6934,0.0000,True,True
36.2704,0.0000,2.1167,-96.0989,0.01869,0.3062,0.6938,0.0000,True,True
36.2867,0.0000,2.1171,-96.1212,0.02226,0.3057,0.6943,0.0000,True,True
36.3002,0.0000,2.1174,-96.1410,0.01987,0.3053,0.6947,0.0000,True,True
36.3151,0.0000,2.1178,-96.1647,0.02366,0.3048,0.6952,0.0000,True,True
36.3301,0.0000,2.1183,-96.1900,0.02536,0.3042,0.6958,0.0000,True,True
36.3451,0.0000,2.1187,-96.2171,0.02707,0.3037,0.6963,0.0000,True,True
36.3619,0.0000,2.1193,-96.2494,0.03234,0.3030,0.6970,0.0000,True,True
36.3754,0.0000,2.1198,-96.2772,0.02778,0.3024,0.6976,0.0000,True,True
36.3905,0.0000,2.1203,-96.3096,0.03241,0.3017,0.6983,0.0000,True,True
36.4053,0.0000,2.1209,-96.3433,0.03362,0.3010,0.6990,0.0000,True,True
36.4205,0.0000,2.1216,-96.3789,0.03563,0.3002,0.6998,0.0000,True,True
36.4367,0.0000,2.1223,-96.4194,0.04053,0.2993,0.7007,0.0000,True,True
36.4533,0.0000,2.1230,-96.4630,0.04361,0.2984,0.7016,0.0000,True,True
36.4684,0.0000,2.1237,-96.5027,0.03976,0.2976,0.7024,0.0000,True,True
36.4866,0.0000,2.1246,-96.5564,0.05366,0.2964,0.7036,0.0000,True,True
36.4995,0.0000,2.1252,-96.5948,0.03838,0.2956,0.7044,0.0000,True,True
36.5149,0.0000,2.1260,-96.6424,0.04761,0.2946,0.7054,0.0000,True,True
36.5308,0.0000,2.1269,-96.6932,0.05086,0.2935,0.7065,0.0000,True,True
36.5468,0.0000,2.1278,-96.7465,0.05329,0.2924,0.7076,0.0000,True,True
36.5624,0.0000,2.1287,-96.8005,0.05395,0.2912,0.7088,0.0000,True,True
36.5784,0.0000,2.1296,-96.8568,0.05637,0.2900,0.7100,0.0000,True,True
36.5954,0.0000,2.1306,-96.9181,0.06131,0.2887,0.7113,0.0000,True,True
36.6114,0.0000,2.1317,-96.9809,0.06278,0.2874,0.7126,0.0000,True,True
36.6282,0.0000,2.1327,-97.0468,0.06591,0.2860,0.7140,0.0000,True,True
36.6423,0.0000,2.1336,-97.1032,0.05637,0.2848,0.7152,0.0000,True,True
36.6582,0.0000,2.1346,-97.1691,0.06591,0.2835,0.7165,0.0000,True,True
36.6740,0.0000,2.1357,-97.2368,0.06776,0.2820,0.7180,0.0000,True,True
36.6901,0.0000,2.1368,-97.3078,0.07096,0.2805,0.7195,0.0000,True,True
36.7059,0.0000,2.1379,-97.3793,0.07155,0.2790,0.7210,0.0000,True,True
36.7214,0.0000,2.1391,-97.4508,0.07148,0.2775,0.7225,0.0000,True,True
36.7373,0.0000,2.1402,-97.5268,0.07603,0.2760,0.7240,0.0000,True,True
36.7533,0.0000,2.1414,-97.6039,0.07713,0.2743,0.7257,0.0000,True,True
36.7699,0.0000,2.1426,-97.6874,0.08352,0.2726,0.7274,0.0000,True,True
36.7839,0.0000,2.1437,-97.7589,0.07151,0.2711,0.7289,0.0000,True,True
36.8000,0.0000,2.1449,-97.8431,0.08412,0.2694,0.7306,0.0000,True,True
36.8166,0.0000,2.1463,-97.9320,0.08898,0.2675,0.7325,0.0000,True,True
36.8322,0.0000,2.1475,-98.0162,0.08419,0.2658,0.7342,0.0000,True,True
36.8487,0.0000,2.1487,-98.1047,0.08852,0.2640,0.7360,0.0000,True,True
36.8651,0.0000,2.1500,-98.1933,0.08862,0.2621,0.7379,0.0000,True,True
36.8809,0.0000,2.1512,-98.2782,0.08485,0.2604,0.7396,0.0000,True,True
36.8968,0.0000,2.1524,-98.3643,0.08611,0.2586,0.7414,0.0000,True,True
36.9128,0.0000,2.1536,-98.4513,0.08698,0.2568,0.7432,0.0000,True,True
36.9287,0.0000,2.1548,-98.5371,0.08582,0.2551,0.7449,0.0000,True,True
36.9453,0.0000,2.1559,-98.6257,0.08860,0.2533,0.7467,0.0000,True,True
36.9616,0.0000,2.1571,-98.7147,0.08904,0.2515,0.7485,0.0000,True,True
36.9782,0.0000,2.1582,-98.8038,0.08916,0.2497,0.7503,0.0000,True,True
36.9952,0.0000,2.1594,-98.8943,0.09050,0.2478,0.7522,0.0000,True,True
37.0115,0.0000,2.1606,-98.9839,0.08960,0.2460,0.7540,0.0000,True,True
37.0286,0.0000,2.1617,-99.0745,0.09060,0.2442,0.7558,0.0000,True,True
37.0451,0.0000,2.1628,-99.1640,0.08954,0.2424,0.7576,0.0000,True,True
37.0594,0.0000,2.1637,-99.2412,0.07712,0.2408,0.7592,0.0000,True,True
37.0761,0.0000,2.1648,-99.3300,0.08887,0.2391,0.7609,0.0000,True,True
37.0918,0.0000,2.1659,-99.4180,0.08794,0.2373,0.7627,0.0000,True,True
37.1078,0.0000,2.1669,-99.5043,0.08633,0.2356,0.7644,0.0000,True,True
37.1251,0.0000,2.1679,-99.5948,0.09048,0.2338,0.7662,0.0000,True,True
37.1414,0.0000,2.1689,-99.6854,0.09060,0.2320,0.7680,0.0000,True,True
37.1573,0.0000,2.1699,-99.7716,0.08624,0.2303,0.7697,0.0000,True,True
37.1738,0.0000,2.1709,-99.8609,0.08928,0.2285,0.7715,0.0000,True,True
37.1901,0.0000,2.1719,-99.9483,0.08744,0.2268,0.7732,0.0000,True,True
37.2058,0.0000,2.1728,-100.0334,0.08512,0.2251,0.7749,0.0000,True,True
37.2219,0.0000,2.1737,-100.1204,0.08700,0.2234,0.7766,0.0000,True,True
37.2379,0.0000,2.1745,-100.2050,0.08463,0.2217,0.7783,0.0000,True,True
37.2539,0.0000,2.1754,-100.2885,0.08345,0.2201,0.7799,0.0000,True,True
37.2700,0.0000,2.1762,-100.3694,0.08094,0.2185,0.7815,0.0000,True,True
37.2865,0.0000,2.1771,-100.4514,0.08199,0.2169,0.7831,0.0000,True,True
37.3032,0.0000,2.1778,-100.5318,0.08036,0.2154,0.7846,0.0000,True,True
37.3199,0.0000,2.1786,-100.6104,0.07861,0.2139,0.7861,0.0000,True,True
37.3345,0.0000,2.1792,-100.6753,0.06497,0.2126,0.7874,0.0000,True,True
37.3500,0.0000,2.1798,-100.7467,0.07133,0.2112,0.7888,0.0000,True,True
37.3657,0.0000,2.1805,-100.8142,0.06755,0.2099,0.7901,0.0000,True,True
37.3810,0.0000,2.1811,-100.8800,0.06584,0.2087,0.7913,0.0000,True,True
37.3963,0.0000,2.1816,-100.9427,0.06269,0.2075,0.7925,0.0000,True,True
37.4120,0.0000,2.1822,-101.0054,0.06271,0.2063,0.7937,0.0000,True,True
37.4285,0.0000,2.1827,-101.0694,0.06396,0.2051,0.7949,0.0000,True,True
37.4452,0.0000,2.1832,-101.1317,0.06233,0.2039,0.7961,0.0000,True,True
37.4619,0.0000,2.1837,-101.1924,0.06065,0.2027,0.7973,0.0000,True,True
37.4782,0.0000,2.1842,-101.2509,0.05853,0.2016,0.7984,0.0000,True,True
37.4949,0.0000,2.1847,-101.3071,0.05620,0.2005,0.7995,0.0000,True,True
37.5101,0.0000,2.1851,-101.3557,0.04859,0.1996,0.8004,0.0000,True,True
37.5250,0.0000,2.1855,-101.4040,0.04833,0.1987,0.8013,0.0000,True,True
37.5406,0.0000,2.1859,-101.4512,0.04718,0.1978,0.8022,0.0000,True,True
37.5558,0.0000,2.1862,-101.4960,0.04484,0.1970,0.8030,0.0000,True,True
37.5710,0.0000,2.1865,-101.5389,0.04289,0.1962,0.8038,0.0000,True,True
37.5865,0.0000,2.1868,-101.5808,0.04192,0.1954,0.8046,0.0000,True,True
37.6032,0.0000,2.1872,-101.6237,0.04287,0.1946,0.8054,0.0000,True,True
37.6164,0.0000,2.1874,-101.6565,0.03283,0.1940,0.8060,0.0000,True,True
37.6325,0.0000,2.1877,-101.6938,0.03724,0.1933,0.8067,0.0000,True,True
37.6480,0.0000,2.1879,-101.7289,0.03510,0.1926,0.8074,0.0000,True,True
37.6638,0.0000,2.1881,-101.7626,0.03370,0.1920,0.8080,0.0000,True,True
37.6792,0.0000,2.1884,-101.7931,0.03056,0.1914,0.8086,0.0000,True,True
37.6950,0.0000,2.1886,-101.8228,0.02965,0.1909,0.8091,0.0000,True,True
37.7116,0.0000,2.1888,-101.8522,0.02948,0.1903,0.8097,0.0000,True,True
37.7264,0.0000,2.1890,-101.8755,0.02325,0.1899,0.8101,0.0000,True,True
37.7409,0.0000,2.1891,-101.8991,0.02366,0.1895,0.8105,0.0000,True,True
37.7566,0.0000,2.1893,-101.9212,0.02200,0.1890,0.8110,0.0000,True,True
37.7715,0.0000,2.1894,-101.9410,0.01981,0.1887,0.8113,0.0000,True,True
37.7870,0.0000,2.1896,-101.9599,0.01895,0.1883,0.8117,0.0000,True,True
37.8033,0.0000,2.1897,-101.9792,0.01928,0.1880,0.8120,0.0000,True,True
37.8176,0.0000,2.1897,-101.9792,0.00000,0.1880,0.8120,0.0000,True,True
37.8328,0.0000,2.1897,-101.9809,0.00175,0.1879,0.8121,0.0000,True,True
37.8482,0.0000,2.1897,-101.9845,0.00359,0.1879,0.8121,0.0000,True,True
37.8632,0.0000,2.1898,-101.9897,0.00516,0.1878,0.8122,0.0000,True,True
37.8789,0.0000,2.1898,-101.9967,0.00699,0.1876,0.8124,0.0000,True,True
37.8948,0.0000,2.1899,-102.0062,0.00947,0.1875,0.8125,0.0000,True,True
37.9097,0.0000,2.1900,-102.0163,0.01016,0.1873,0.8127,0.0000,True,True
37.9250,0.0000,2.1900,-102.0287,0.01239,0.1871,0.8129,0.0000,True,True
37.9403,0.0000,2.1901,-102.0429,0.01421,0.1868,0.8132,0.0000,True,True
37.9566,0.0000,2.1902,-102.0600,0.01704,0.1865,0.8135,0.0000,True,True
37.9718,0.0000,2.1903,-102.0776,0.01764,0.1862,0.8138,0.0000,True,True
37.9872,0.0000,2.1904,-102.0973,0.01967,0.1858,0.8142,0.0000,True,True
38.0032,0.0000,2.1906,-102.1194,0.02210,0.1854,0.8146,0.0000,True,True
38.0198,0.0000,2.1907,-102.1446,0.02527,0.1849,0.8151,0.0000,True,True
38.0332,0.0000,2.1909,-102.1662,0.02153,0.1845,0.8155,0.0000,True,True
38.0484,0.0000,2.1910,-102.1927,0.02658,0.1840,0.8160,0.0000,True,True
38.0641,0.0000,2.1912,-102.2219,0.02912,0.1835,0.8165,0.0000,True,True
38.0792,0.0000,2.1914,-102.2515,0.02965,0.1830,0.8170,0.0000,True,True
38.0949,0.0000,2.1916,-102.2840,0.03252,0.1824,0.8176,0.0000,True,True
38.1117,0.0000,2.1918,-102.3206,0.03655,0.1817,0.8183,0.0000,True,True
38.1283,0.0000,2.1921,-102.3594,0.03880,0.1810,0.8190,0.0000,True,True
38.1452,0.0000,2.1923,-102.4003,0.04093,0.1802,0.8198,0.0000,True,True
38.1615,0.0000,2.1926,-102.4435,0.04316,0.1795,0.8205,0.0000,True,True
38.1753,0.0000,2.1928,-102.4805,0.03700,0.1788,0.8212,0.0000,True,True
38.1911,0.0000,2.1930,-102.5247,0.04428,0.1780,0.8220,0.0000,True,True
38.2063,0.0000,2.1933,-102.5691,0.04437,0.1772,0.8228,0.0000,True,True
38.2217,0.0000,2.1935,-102.6154,0.04629,0.1763,0.8237,0.0000,True,True
38.2368,0.0000,2.1937,-102.6633,0.04786,0.1755,0.8245,0.0000,True,True
38.2532,0.0000,2.1940,-102.7170,0.05377,0.1745,0.8255,0.0000,True,True
38.2674,0.0000,2.1942,-102.7641,0.04708,0.1737,0.8263,0.0000,True,True
38.2825,0.0000,2.1945,-102.8174,0.05326,0.1727,0.8273,0.0000,True,True
38.2976,0.0000,2.1948,-102.8716,0.05418,0.1717,0.8283,0.0000,True,True
38.3131,0.0000,2.1951,-102.9295,0.05797,0.1707,0.8293,0.0000,True,True
38.3281,0.0000,2.1954,-102.9869,0.05740,0.1697,0.8303,0.0000,True,True
38.3451,0.0000,2.1956,-103.0531,0.06620,0.1685,0.8315,0.0000,True,True
38.3614,0.0000,2.1959,-103.1208,0.06770,0.1673,0.8327,0.0000,True,True
38.3760,0.0000,2.1962,-103.1801,0.05925,0.1662,0.8338,0.0000,True,True
38.3908,0.0000,2.1964,-103.2454,0.06529,0.1651,0.8349,0.0000,True,True
38.4060,0.0000,2.1967,-103.3129,0.06754,0.1639,0.8361,0.0000,True,True
38.4216,0.0000,2.1970,-103.3836,0.07072,0.1626,0.8374,0.0000,True,True
38.4374,0.0000,2.1972,-103.4559,0.07227,0.1614,0.8386,0.0000,True,True
38.4535,0.0000,2.1975,-103.5317,0.07580,0.1600,0.8400,0.0000,True,True
38.4700,0.0000,2.1977,-103.6137,0.08201,0.1586,0.8414,0.0000,True,True
38.4831,0.0000,2.1979,-103.6795,0.06580,0.1575,0.8425,0.0000,True,True
38.4983,0.0000,2.1982,-103.7562,0.07668,0.1561,0.8439,0.0000,True,True
38.5138,0.0000,2.1984,-103.8354,0.07925,0.1548,0.8452,0.0000,True,True
38.5304,0.0000,2.1986,-103.9226,0.08723,0.1533,0.8467,0.0000,True,True
38.5450,0.0000,2.1989,-104.0049,0.08225,0.1519,0.8481,0.0000,True,True
38.5615,0.0000,2.1990,-104.0948,0.08993,0.1503,0.8497,0.0000,True,True
38.5753,0.0000,2.1991,-104.1669,0.07208,0.1491,0.8509,0.0000,True,True
38.5903,0.0000,2.1993,-104.2500,0.08310,0.1477,0.8523,0.0000,True,True
38.6054,0.0000,2.1994,-104.3319,0.08190,0.1463,0.8537,0.0000,True,True
38.6205,0.0000,2.1996,-104.4131,0.08121,0.1449,0.8551,0.0000,True,True
38.6366,0.0000,2.1997,-104.5002,0.08710,0.1435,0.8565,0.0000,True,True
38.6510,0.0000,2.1998,-104.5759,0.07568,0.1422,0.8578,0.0000,True,True
38.6657,0.0000,2.1998,-104.6573,0.08145,0.1408,0.8592,0.0000,True,True
38.6807,0.0000,2.1998,-104.7380,0.08064,0.1395,0.8605,0.0000,True,True
38.6956,0.0000,2.1999,-104.8185,0.08054,0.1382,0.8618,0.0000,True,True
38.7115,0.0000,2.1999,-104.9046,0.08610,0.1368,0.8632,0.0000,True,True
38.7286,0.0000,2.2000,-104.9956,0.09100,0.1353,0.8647,0.0000,True,True
38.7421,0.0000,2.2000,-105.0669,0.07133,0.1341,0.8659,0.0000,True,True
38.7568,0.0000,2.2000,-105.1493,0.08237,0.1327,0.8673,0.0000,True,True
38.7717,0.0000,2.2000,-105.2298,0.08050,0.1314,0.8686,0.0000,True,True
38.7868,0.0000,2.2000,-105.3113,0.08151,0.1301,0.8699,0.0000,True,True
38.8034,0.0000,2.2000,-105.4000,0.08871,0.1287,0.8713,0.0000,True,True
38.8176,0.0000,2.2000,-105.4774,0.07741,0.1274,0.8726,0.0000,True,True
38.8325,0.0000,2.2000,-105.5584,0.08093,0.1262,0.8738,0.0000,True,True
38.8476,0.0000,2.2000,-105.6399,0.08156,0.1249,0.8751,0.0000,True,True
38.8628,0.0000,2.2000,-105.7213,0.08141,0.1236,0.8764,0.0000,True,True
38.8781,0.0000,2.2000,-105.8046,0.08330,0.1223,0.8777,0.0000,True,True
38.8948,0.0000,2.2000,-105.8946,0.08998,0.1208,0.8792,0.0000,True,True
38.9089,0.0000,2.2000,-105.9703,0.07571,0.1197,0.8803,0.0000,True,True
38.9238,0.0000,2.2000,-106.0510,0.08064,0.1184,0.8816,0.0000,True,True
38.9389,0.0000,2.2000,-106.1326,0.08167,0.1171,0.8829,0.0000,True,True
38.9541,0.0000,2.2000,-106.2133,0.08073,0.1159,0.8841,0.0000,True,True
38.9699,0.0000,2.2000,-106.2946,0.08125,0.1146,0.8854,0.0000,True,True
38.9848,0.0000,2.2000,-106.3692,0.07462,0.1135,0.8865,0.0000,True,True
38.9995,0.0000,2.2000,-106.4431,0.07388,0.1124,0.8876,0.0000,True,True
39.0145,0.0000,2.2000,-106.5163,0.07319,0.1112,0.8888,0.0000,True,True
39.0299,0.0000,2.2000,-106.5889,0.07262,0.1101,0.8899,0.0000,True,True
39.0453,0.0000,2.2000,-106.6595,0.07061,0.1091,0.8909,0.0000,True,True
39.0614,0.0000,2.2000,-106.7323,0.07281,0.1080,0.8920,0.0000,True,True
39.0760,0.0000,2.2000,-106.7952,0.06288,0.1070,0.8930,0.0000,True,True
39.0917,0.0000,2.2000,-106.8632,0.06797,0.1060,0.8940,0.0000,True,True
39.1073,0.0000,2.2000,-106.9275,0.06431,0.1051,0.8949,0.0000,True,True
39.1226,0.0000,2.2000,-106.9894,0.06195,0.1042,0.8958,0.0000,True,True
39.1378,0.0000,2.2000,-107.0489,0.05951,0.1033,0.8967,0.0000,True,True
39.1531,0.0000,2.2000,-107.1072,0.05824,0.1024,0.8976,0.0000,True,True
39.1698,0.0000,2.2000,-107.1686,0.06142,0.1015,0.8985,0.0000,True,True
39.1832,0.0000,2.2000,-107.2167,0.04813,0.1008,0.8992,0.0000,True,True
39.1984,0.0000,2.2000,-107.2690,0.05228,0.1001,0.8999,0.0000,True,True
39.2135,0.0000,2.2000,-107.3197,0.05070,0.0993,0.9007,0.0000,True,True
39.2305,0.0000,2.2000,-107.3743,0.05458,0.0985,0.9015,0.0000,True,True
39.2467,0.0000,2.2000,-107.4244,0.05007,0.0978,0.9022,0.0000,True,True
39.2623,0.0000,2.2000,-107.4710,0.04663,0.0971,0.9029,0.0000,True,True
39.2781,0.0000,2.2000,-107.5164,0.04537,0.0965,0.9035,0.0000,True,True
39.2948,0.0000,2.2000,-107.5621,0.04578,0.0958,0.9042,0.0000,True,True
39.3087,0.0000,2.2000,-107.5988,0.03664,0.0953,0.9047,0.0000,True,True
39.3244,0.0000,2.2000,-107.6378,0.03902,0.0948,0.9052,0.0000,True,True
39.3400,0.0000,2.2000,-107.6754,0.03764,0.0942,0.9058,0.0000,True,True
39.3553,0.0000,2.2000,-107.7104,0.03500,0.0937,0.9063,0.0000,True,True
39.3707,0.0000,2.2000,-107.7439,0.03346,0.0933,0.9067,0.0000,True,True
39.3865,0.0000,2.2000,-107.7766,0.03268,0.0928,0.9072,0.0000,True,True
39.4031,0.0000,2.2000,-107.8084,0.03185,0.0923,0.9077,0.0000,True,True
39.4173,0.0000,2.2000,-107.8342,0.02581,0.0920,0.9080,0.0000,True,True
39.4327,0.0000,2.2000,-107.8605,0.02622,0.0916,0.9084,0.0000,True,True
39.4482,0.0000,2.2000,-107.8853,0.02480,0.0913,0.9087,0.0000,True,True
39.4641,0.0000,2.2000,-107.9084,0.02314,0.0909,0.9091,0.0000,True,True
39.4795,0.0000,2.2000,-107.9293,0.02087,0.0906,0.9094,0.0000,True,True
39.4955,0.0000,2.2000,-107.9491,0.01978,0.0904,0.9096,0.0000,True,True
39.5114,0.0000,2.2000,-107.9668,0.01777,0.0901,0.9099,0.0000,True,True
39.5282,0.0000,2.2000,-107.9833,0.01652,0.0899,0.9101,0.0000,True,True
39.5417,0.0000,2.2000,-107.9833,0.00000,0.0899,0.9101,0.0000,True,True
39.5576,0.0000,2.2000,-107.9852,0.00185,0.0899,0.9101,0.0000,True,True
39.5727,0.0000,2.2000,-107.9888,0.00356,0.0898,0.9102,0.0000,True,True
39.5886,0.0000,2.2000,-107.9943,0.00557,0.0897,0.9103,0.0000,True,True
39.6044,0.0000,2.2000,-108.0017,0.00741,0.0896,0.9104,0.0000,True,True
39.6198,0.0000,2.2000,-108.0108,0.00909,0.0895,0.9105,0.0000,True,True
39.6368,0.0000,2.2000,-108.0227,0.01189,0.0893,0.9107,0.0000,True,True
39.6504,0.0000,2.2000,-108.0340,0.01132,0.0892,0.9108,0.0000,True,True
39.6662,0.0000,2.2000,-108.0488,0.01473,0.0890,0.9110,0.0000,True,True
39.6818,0.0000,2.2000,-108.0651,0.01629,0.0888,0.9112,0.0000,True,True
39.6975,0.0000,2.2000,-108.0833,0.01827,0.0885,0.9115,0.0000,True,True
39.7129,0.0000,2.2000,-108.1032,0.01984,0.0882,0.9118,0.0000,True,True
39.7284,0.0000,2.2000,-108.1251,0.02193,0.0879,0.9121,0.0000,True,True
39.7448,0.0000,2.2000,-108.1500,0.02493,0.0876,0.9124,0.0000,True,True
39.7615,0.0000,2.2000,-108.1775,0.02746,0.0872,0.9128,0.0000,True,True
39.7765,0.0000,2.2000,-108.2024,0.02493,0.0869,0.9131,0.0000,True,True
39.7928,0.0000,2.2000,-108.2330,0.03055,0.0865,0.9135,0.0000,True,True
39.8080,0.0000,2.2000,-108.2650,0.03199,0.0860,0.9140,0.0000,True,True
39.8236,0.0000,2.2000,-108.2980,0.03298,0.0856,0.9144,0.0000,True,True
39.8394,0.0000,2.2000,-108.3332,0.03527,0.0851,0.9149,0.0000,True,True
39.8554,0.0000,2.2000,-108.3710,0.03780,0.0846,0.9154,0.0000,True,True
39.8711,0.0000,2.2000,-108.4092,0.03822,0.0841,0.9159,0.0000,True,True
39.8865,0.0000,2.2000,-108.4497,0.04043,0.0835,0.9165,0.0000,True,True
39.9033,0.0000,2.2000,-108.4948,0.04510,0.0829,0.9171,0.0000,True,True
39.9179,0.0000,2.2000,-108.5358,0.04099,0.0823,0.9177,0.0000,True,True
39.9336,0.0000,2.2000,-108.5823,0.04658,0.0817,0.9183,0.0000,True,True
39.9488,0.0000,2.2000,-108.6291,0.04677,0.0811,0.9189,0.0000,True,True
39.9645,0.0000,2.2000,-108.6788,0.04973,0.0804,0.9196,0.0000,True,True
39.9800,0.0000,2.2000,-108.7295,0.05069,0.0798,0.9202,0.0000,True,True
39.9956,0.0000,2.2000,-108.7826,0.05312,0.0791,0.9209,0.0000,True,True
40.0114,0.0000,2.2000,-108.8384,0.05580,0.0783,0.9217,0.0000,True,True
40.0285,0.0000,2.2000,-108.8995,0.06109,0.0775,0.9225,0.0000,True,True
40.0450,0.0000,2.2000,-108.9621,0.06256,0.0767,0.9233,0.0000,True,True
40.0617,0.0000,2.2000,-109.0273,0.06522,0.0759,0.9241,0.0000,True,True
40.0784,0.0000,2.2000,-109.0944,0.06711,0.0750,0.9250,0.0000,True,True
40.0932,0.0000,2.2000,-109.1519,0.05743,0.0743,0.9257,0.0000,True,True
40.1091,0.0000,2.2000,-109.2238,0.07199,0.0733,0.9267,0.0000,True,True
40.1251,0.0000,2.2000,-109.2911,0.06726,0.0725,0.9275,0.0000,True,True
40.1404,0.0000,2.2000,-109.3627,0.07156,0.0716,0.9284,0.0000,True,True
40.1564,0.0000,2.2000,-109.4364,0.07372,0.0707,0.9293,0.0000,True,True
40.1725,0.0000,2.2000,-109.5122,0.07580,0.0697,0.9303,0.0000,True,True
40.1878,0.0000,2.2000,-109.5870,0.07486,0.0688,0.9312,0.0000,True,True
40.2033,0.0000,2.2000,-109.6637,0.07664,0.0678,0.9322,0.0000,True,True
40.2199,0.0000,2.2000,-109.7476,0.08392,0.0668,0.9332,0.0000,True,True
40.2365,0.0000,2.2000,-109.8346,0.08700,0.0657,0.9343,0.0000,True,True
40.2505,0.0000,2.2000,-109.9090,0.07443,0.0648,0.9352,0.0000,True,True
40.2662,0.0000,2.2000,-109.9942,0.08519,0.0638,0.9362,0.0000,True,True
40.2826,0.0000,2.2000,-110.0816,0.08733,0.0627,0.9373,0.0000,True,True
40.2986,0.0000,2.2000,-110.1684,0.08688,0.0617,0.9383,0.0000,True,True
40.3199,0.0000,2.2000,-110.2834,0.11492,0.0604,0.9396,0.0000,True,True
40.3395,0.0000,2.2000,-110.3898,0.10644,0.0591,0.9409,0.0000,True,True
40.3615,0.0000,2.2000,-110.5088,0.11903,0.0577,0.9423,0.0000,True,True
40.3810,0.0000,2.2000,-110.6140,0.10516,0.0565,0.9435,0.0000,True,True
40.4034,0.0000,2.2000,-110.7336,0.11959,0.0552,0.9448,0.0000,True,True
40.4221,0.0000,2.2000,-110.8358,0.10223,0.0540,0.9460,0.0000,True,True
40.4448,0.0000,2.2000,-110.9581,0.12231,0.0527,0.9473,0.0000,True,True
40.4635,0.0000,2.2000,-111.0593,0.10122,0.0516,0.9484,0.0000,True,True
40.4845,0.0000,2.2000,-111.1718,0.11251,0.0503,0.9497,0.0000,True,True
40.5073,0.0000,2.2000,-111.2956,0.12379,0.0490,0.9510,0.0000,True,True
40.5291,0.0000,2.2000,-111.4134,0.11778,0.0477,0.9523,0.0000,True,True
40.5503,0.0000,2.2000,-111.5280,0.11456,0.0465,0.9535,0.0000,True,True
40.5727,0.0000,2.2000,-111.6480,0.12006,0.0453,0.9547,0.0000,True,True
40.5947,0.0000,2.2000,-111.7680,0.11993,0.0441,0.9559,0.0000,True,True
40.6156,0.0000,2.2000,-111.8804,0.11248,0.0429,0.9571,0.0000,True,True
40.6373,0.0000,2.2000,-111.9971,0.11662,0.0417,0.9583,0.0000,True,True
40.6584,0.0000,2.2000,-112.1116,0.11456,0.0406,0.9594,0.0000,True,True
40.6800,0.0000,2.2000,-112.2267,0.11509,0.0395,0.9605,0.0000,True,True
40.7031,0.0000,2.2000,-112.3458,0.11908,0.0383,0.9617,0.0000,True,True
40.7224,0.0000,2.2000,-112.4425,0.09676,0.0374,0.9626,0.0000,True,True
40.7447,0.0000,2.2000,-112.5508,0.10828,0.0364,0.9636,0.0000,True,True
40.7652,0.0000,2.2000,-112.6460,0.09519,0.0355,0.9645,0.0000,True,True
40.7868,0.0000,2.2000,-112.7437,0.09772,0.0346,0.9654,0.0000,True,True
40.8086,0.0000,2.2000,-112.8397,0.09598,0.0337,0.9663,0.0000,True,True
40.8298,0.0000,2.2000,-112.9288,0.08907,0.0329,0.9671,0.0000,True,True
40.8534,0.0000,2.2000,-113.0234,0.09464,0.0321,0.9679,0.0000,True,True
40.8736,0.0000,2.2000,-113.1021,0.07871,0.0314,0.9686,0.0000,True,True
40.8960,0.0000,2.2000,-113.1839,0.08173,0.0307,0.9693,0.0000,True,True
40.9172,0.0000,2.2000,-113.2605,0.07666,0.0300,0.9700,0.0000,True,True
40.9390,0.0000,2.2000,-113.3344,0.07391,0.0294,0.9706,0.0000,True,True
40.9615,0.0000,2.2000,-113.4072,0.07271,0.0288,0.9712,0.0000,True,True
40.9836,0.0000,2.2000,-113.4733,0.06616,0.0282,0.9718,0.0000,True,True
41.0046,0.0000,2.2000,-113.5349,0.06154,0.0277,0.9723,0.0000,True,True
41.0280,0.0000,2.2000,-113.5997,0.06481,0.0272,0.9728,0.0000,True,True
41.0485,0.0000,2.2000,-113.6520,0.05231,0.0268,0.9732,0.0000,True,True
41.0700,0.0000,2.2000,-113.7035,0.05149,0.0263,0.9737,0.0000,True,True
41.0911,0.0000,2.2000,-113.7510,0.04753,0.0260,0.9740,0.0000,True,True
41.1122,0.0000,2.2000,-113.7952,0.04417,0.0256,0.9744,0.0000,True,True
41.1334,0.0000,2.2000,-113.8363,0.04113,0.0253,0.9747,0.0000,True,True
41.1547,0.0000,2.2000,-113.8738,0.03750,0.0250,0.9750,0.0000,True,True
41.1763,0.0000,2.2000,-113.9084,0.03456,0.0247,0.9753,0.0000,True,True
41.1966,0.0000,2.2000,-113.9383,0.02994,0.0245,0.9755,0.0000,True,True
41.2173,0.0000,2.2000,-113.9652,0.02687,0.0243,0.9757,0.0000,True,True
41.2386,0.0000,2.2000,-113.9897,0.02457,0.0241,0.9759,0.0000,True,True
41.2618,0.0000,2.2000,-113.9897,0.00000,0.0241,0.9759,0.0000,True,True
41.2816,0.0000,2.2000,-113.9927,0.00298,0.0240,0.9760,0.0000,True,True
41.3031,0.0000,2.2000,-113.9995,0.00678,0.0240,0.9760,0.0000,True,True
41.3232,0.0000,2.2000,-114.0087,0.00923,0.0239,0.9761,0.0000,True,True
41.3448,0.0000,2.2000,-114.0223,0.01357,0.0238,0.9762,0.0000,True,True
41.3651,0.0000,2.2000,-114.0381,0.01579,0.0237,0.9763,0.0000,True,True
41.3871,0.0000,2.2000,-114.0585,0.02044,0.0235,0.9765,0.0000,True,True
41.4083,0.0000,2.2000,-114.0819,0.02334,0.0234,0.9766,0.0000,True,True
41.4290,0.0000,2.2000,-114.1082,0.02630,0.0232,0.9768,0.0000,True,True
41.4497,0.0000,2.2000,-114.1374,0.02926,0.0229,0.9771,0.0000,True,True
41.4706,0.0000,2.2000,-114.1702,0.03275,0.0227,0.9773,0.0000,True,True
41.4935,0.0000,2.2000,-114.2089,0.03876,0.0224,0.9776,0.0000,True,True
41.5154,0.0000,2.2000,-114.2513,0.04236,0.0221,0.9779,0.0000,True,True
41.5370,0.0000,2.2000,-114.2955,0.04417,0.0218,0.9782,0.0000,True,True
41.5588,0.0000,2.2000,-114.3448,0.04929,0.0214,0.9786,0.0000,True,True
41.5796,0.0000,2.2000,-114.3946,0.04983,0.0210,0.9790,0.0000,True,True
41.6001,0.0000,2.2000,-114.4468,0.05225,0.0206,0.9794,0.0000,True,True
41.6207,0.0000,2.2000,-114.5023,0.05547,0.0203,0.9797,0.0000,True,True
41.6411,0.0000,2.2000,-114.5602,0.05788,0.0198,0.9802,0.0000,True,True
41.6614,0.0000,2.2000,-114.6215,0.06128,0.0194,0.9806,0.0000,True,True
41.6818,0.0000,2.2000,-114.6851,0.06363,0.0190,0.9810,0.0000,True,True
41.7034,0.0000,2.2000,-114.7564,0.07127,0.0185,0.9815,0.0000,True,True
41.7230,0.0000,2.2000,-114.8251,0.06872,0.0180,0.9820,0.0000,True,True
41.7450,0.0000,2.2000,-114.9047,0.07961,0.0175,0.9825,0.0000,True,True
41.7643,0.0000,2.2000,-114.9773,0.07265,0.0170,0.9830,0.0000,True,True
41.7865,0.0000,2.2000,-115.0648,0.08750,0.0164,0.9836,0.0000,True,True
41.8053,0.0000,2.2000,-115.1419,0.07711,0.0159,0.9841,0.0000,True,True
41.8258,0.0000,2.2000,-115.2285,0.08659,0.0154,0.9846,0.0000,True,True
41.8460,0.0000,2.2000,-115.3171,0.08862,0.0148,0.9852,0.0000,True,True
41.8669,0.0000,2.2000,-115.4098,0.09268,0.0143,0.9857,0.0000,True,True
41.8873,0.0000,2.2000,-115.5075,0.09769,0.0137,0.9863,0.0000,True,True
41.9078,0.0000,2.2000,-115.6055,0.09797,0.0131,0.9869,0.0000,True,True
41.9282,0.0000,2.2000,-115.7096,0.10411,0.0125,0.9875,0.0000,True,True
41.9504,0.0000,2.2000,-115.8221,0.11250,0.0119,0.9881,0.0000,True,True
41.9706,0.0000,2.2000,-115.9314,0.10928,0.0113,0.9887,0.0000,True,True
41.9910,0.0000,2.2000,-116.0417,0.11037,0.0107,0.9893,0.0000,True,True
42.0114,0.0000,2.2000,-116.1519,0.11015,0.0101,0.9899,0.0000,True,True
42.0317,0.0000,2.2000,-116.2614,0.10954,0.0095,0.9905,0.0000,True,True
42.0530,0.0000,2.2000,-116.3769,0.11544,0.0090,0.9910,0.0000,True,True
42.0728,0.0000,2.2000,-116.4837,0.10682,0.0085,0.9915,0.0000,True,True
42.0948,0.0000,2.2000,-116.6027,0.11897,0.0079,0.9921,0.0000,True,True
42.1132,0.0000,2.2000,-116.7014,0.09878,0.0075,0.9925,0.0000,True,True
42.1348,0.0000,2.2000,-116.8134,0.11196,0.0070,0.9930,0.0000,True,True
42.1540,0.0000,2.2000,-116.9219,0.10852,0.0065,0.9935,0.0000,True,True
42.1741,0.0000,2.2000,-117.0302,0.10832,0.0061,0.9939,0.0000,True,True
42.1949,0.0000,2.2000,-117.1423,0.11208,0.0056,0.9944,0.0000,True,True
42.2140,0.0000,2.2000,-117.2458,0.10344,0.0052,0.9948,0.0000,True,True
42.2346,0.0000,2.2000,-117.3559,0.11018,0.0048,0.9952,0.0000,True,True
42.2551,0.0000,2.2000,-117.4674,0.11150,0.0044,0.9956,0.0000,True,True
42.2756,0.0000,2.2000,-117.5787,0.11124,0.0041,0.9959,0.0000,True,True
42.2957,0.0000,2.2000,-117.6867,0.10803,0.0037,0.9963,0.0000,True,True
42.3156,0.0000,2.2000,-117.7947,0.10795,0.0034,0.9966,0.0000,True,True
42.3366,0.0000,2.2000,-117.9073,0.11263,0.0030,0.9970,0.0000,True,True
42.3558,0.0000,2.2000,-118.0112,0.10392,0.0028,0.9972,0.0000,True,True
42.3756,0.0000,2.2000,-118.1184,0.10724,0.0025,0.9975,0.0000,True,True
42.3955,0.0000,2.2000,-118.2239,0.10545,0.0022,0.9978,0.0000,True,True
42.4158,0.0000,2.2000,-118.3282,0.10426,0.0020,0.9980,0.0000,True,True
42.4366,0.0000,2.2000,-118.4322,0.10404,0.0017,0.9983,0.0000,True,True
42.4557,0.0000,2.2000,-118.5254,0.09323,0.0015,0.9985,0.0000,True,True
42.4759,0.0000,2.2000,-118.6201,0.09464,0.0013,0.9987,0.0000,True,True
42.4960,0.0000,2.2000,-118.7120,0.09198,0.0012,0.9988,0.0000,True,True
42.5165,0.0000,2.2000,-118.8024,0.09031,0.0010,0.9990,0.0000,True,True
42.5365,0.0000,2.2000,-118.8882,0.08585,0.0009,0.9991,0.0000,True,True
42.5565,0.0000,2.2000,-118.9707,0.08252,0.0007,0.9993,0.0000,True,True
42.5782,0.0000,2.2000,-119.0560,0.08524,0.0006,0.9994,0.0000,True,True
42.5976,0.0000,2.2000,-119.1290,0.07305,0.0005,0.9995,0.0000,True,True
42.6180,0.0000,2.2000,-119.2030,0.07399,0.0004,0.9996,0.0000,True,True
42.6382,0.0000,2.2000,-119.2743,0.07128,0.0004,0.9996,0.0000,True,True
42.6600,0.0000,2.2000,-119.3447,0.07043,0.0003,0.9997,0.0000,True,True
42.6803,0.0000,2.2000,-119.4116,0.06685,0.0002,0.9998,0.0000,True,True
42.7035,0.0000,2.2000,-119.4808,0.06920,0.0002,0.9998,0.0000,True,True
42.7237,0.0000,2.2000,-119.5379,0.05711,0.0002,0.9998,0.0000,True,True
42.7449,0.0000,2.2000,-119.5965,0.05861,0.0001,0.9999,0.0000,True,True
42.7643,0.0000,2.2000,-119.6457,0.04922,0.0001,0.9999,0.0000,True,True
42.7848,0.0000,2.2000,-119.6942,0.04855,0.0001,0.9999,0.0000,True,True
42.8050,0.0000,2.2000,-119.7401,0.04588,0.0000,1.0000,0.0000,True,True
42.8263,0.0000,2.2000,-119.7836,0.04346,0.0000,1.0000,0.0000,True,True
42.8468,0.0000,2.2000,-119.8240,0.04044,0.0000,1.0000,0.0000,True,True
42.8671,0.0000,2.2000,-119.8602,0.03617,0.0000,1.0000,0.0000,True,True
42.8876,0.0000,2.2000,-119.8937,0.03353,0.0000,1.0000,0.0000,True,True
42.9098,0.0000,2.2000,-119.9253,0.03162,0.0000,1.0000,0.0000,True,True
42.9299,0.0000,2.2000,-119.9524,0.02709,0.0000,1.0000,0.0000,True,True
42.9509,0.0000,2.2000,-119.9759,0.02351,0.0000,1.0000,0.0000,True,True
42.9713,0.0000,2.2000,-119.9759,0.00000,0.0000,1.0000,0.0000,True,True
42.9917,0.0000,2.2000,-119.9790,0.00311,0.0000,1.0000,0.0000,True,True
43.0120,0.0000,2.2000,-119.9852,0.00613,0.0000,1.0000,0.0000,True,True
43.0322,0.0000,2.2000,-119.9944,0.00925,0.0000,1.0000,0.0000,True,True
43.0531,0.0000,2.2000,-120.0073,0.01282,0.0000,1.0000,0.0000,True,True
43.0727,0.0000,2.2000,-120.0221,0.01486,0.0000,1.0000,0.0000,True,True
43.0948,0.0000,2.2000,-120.0426,0.02046,0.0000,1.0000,0.0000,True,True
43.1142,0.0000,2.2000,-120.0632,0.02062,0.0000,1.0000,0.0000,True,True
43.1365,0.0000,2.2000,-120.0910,0.02779,0.0000,1.0000,0.0000,True,True
43.1552,0.0000,2.2000,-120.1165,0.02554,0.0000,1.0000,0.0000,True,True
43.1755,0.0000,2.2000,-120.1479,0.03139,0.0000,1.0000,0.0000,True,True
43.1960,0.0000,2.2000,-120.1826,0.03466,0.0000,1.0000,0.0000,True,True
43.2163,0.0000,2.2000,-120.2198,0.03724,0.0000,1.0000,0.0000,True,True
43.2369,0.0000,2.2000,-120.2606,0.04082,0.0000,1.0000,0.0000,True,True
43.2576,0.0000,2.2000,-120.3050,0.04436,0.0000,1.0000,0.0000,True,True
43.2784,0.0000,2.2000,-120.3532,0.04816,0.0000,1.0000,0.0000,True,True
43.2998,0.0000,2.2000,-120.4052,0.05200,0.0000,1.0000,0.0000,True,True
43.3204,0.0000,2.2000,-120.4597,0.05453,0.0000,1.0000,0.0000,True,True
43.3407,0.0000,2.2000,-120.5161,0.05638,0.0000,1.0000,0.0000,True,True
43.3614,0.0000,2.2000,-120.5766,0.06052,0.0000,1.0000,0.0000,True,True
43.3814,0.0000,2.2000,-120.6382,0.06165,0.0000,1.0000,0.0000,True,True
43.4031,0.0000,2.2000,-120.7083,0.07006,0.0000,1.0000,0.0000,True,True
43.4221,0.0000,2.2000,-120.7726,0.06431,0.0000,1.0000,0.0000,True,True
43.4422,0.0000,2.2000,-120.8438,0.07120,0.0000,1.0000,0.0000,True,True
43.4628,0.0000,2.2000,-120.9194,0.07563,0.0000,1.0000,0.0000,True,True
43.4830,0.0000,2.2000,-120.9971,0.07767,0.0000,1.0000,0.0000,True,True
43.5036,0.0000,2.2000,-121.0793,0.08218,0.0000,1.0000,0.0000,True,True
43.5239,0.0000,2.2000,-121.1634,0.08408,0.0000,1.0000,0.0000,True,True
43.5449,0.0000,2.2000,-121.2535,0.09016,0.0000,1.0000,0.0000,True,True
43.5646,0.0000,2.2000,-121.3413,0.08775,0.0000,1.0000,0.0000,True,True
43.5866,0.0000,2.2000,-121.4426,0.10133,0.0000,1.0000,0.0000,True,True
43.6054,0.0000,2.2000,-121.5323,0.08968,0.0000,1.0000,0.0000,True,True
43.6283,0.0000,2.2000,-121.6444,0.11214,0.0000,1.0000,0.0000,True,True
43.6473,0.0000,2.2000,-121.7413,0.09691,0.0000,1.0000,0.0000,True,True
43.6707,0.0000,2.2000,-121.8592,0.11790,0.0000,1.0000,0.0000,True,True
43.6911,0.0000,2.2000,-121.9729,0.11369,0.0000,1.0000,0.0000,True,True
43.7115,0.0000,2.2000,-122.0840,0.11107,0.0000,1.0000,0.0000,True,True
43.7322,0.0000,2.2000,-122.1958,0.11182,0.0000,1.0000,0.0000,True,True
43.7536,0.0000,2.2000,-122.3111,0.11528,0.0000,1.0000,0.0000,True,True
43.7743,0.0000,2.2000,-122.4233,0.11219,0.0000,1.0000,0.0000,True,True
43.7956,0.0000,2.2000,-122.5370,0.11370,0.0000,1.0000,0.0000,True,True
43.8178,0.0000,2.2000,-122.6567,0.11970,0.0000,1.0000,0.0000,True,True
43.8390,0.0000,2.2000,-122.7721,0.11545,0.0000,1.0000,0.0000,True,True
43.8616,0.0000,2.2000,-122.8944,0.12231,0.0000,1.0000,0.0000,True,True
43.8802,0.0000,2.2000,-122.9953,0.10082,0.0000,1.0000,0.0000,True,True
43.9016,0.0000,2.2000,-123.1058,0.11057,0.0000,1.0000,0.0000,True,True
43.9221,0.0000,2.2000,-123.2209,0.11504,0.0000,1.0000,0.0000,True,True
43.9450,0.0000,2.2000,-123.3441,0.12325,0.0000,1.0000,0.0000,True,True
43.9658,0.0000,2.2000,-123.4555,0.11137,0.0000,1.0000,0.0000,True,True
43.9870,0.0000,2.2000,-123.5706,0.11507,0.0000,1.0000,0.0000,True,True
44.0080,0.0000,2.2000,-123.6847,0.11413,0.0000,1.0000,0.0000,True,True
44.0296,0.0000,2.2000,-123.8010,0.11632,0.0000,1.0000,0.0000,True,True
44.0499,0.0000,2.2000,-123.9110,0.11002,0.0000,1.0000,0.0000,True,True
44.0707,0.0000,2.2000,-124.0237,0.11263,0.0000,1.0000,0.0000,True,True
44.0913,0.0000,2.2000,-124.1341,0.11050,0.0000,1.0000,0.0000,True,True
44.1117,0.0000,2.2000,-124.2420,0.10781,0.0000,1.0000,0.0000,True,True
44.1321,0.0000,2.2000,-124.3480,0.10603,0.0000,1.0000,0.0000,True,True
44.1531,0.0000,2.2000,-124.4523,0.10428,0.0000,1.0000,0.0000,True,True
44.1733,0.0000,2.2000,-124.5496,0.09734,0.0000,1.0000,0.0000,True,True
44.1948,0.0000,2.2000,-124.6500,0.10037,0.0000,1.0000,0.0000,True,True
44.2145,0.0000,2.2000,-124.7383,0.08833,0.0000,1.0000,0.0000,True,True
44.2367,0.0000,2.2000,-124.8355,0.09720,0.0000,1.0000,0.0000,True,True
44.2573,0.0000,2.2000,-124.9219,0.08636,0.0000,1.0000,0.0000,True,True
44.2782,0.0000,2.2000,-125.0064,0.08458,0.0000,1.0000,0.0000,True,True
44.2987,0.0000,2.2000,-125.0860,0.07957,0.0000,1.0000,0.0000,True,True
44.3198,0.0000,2.2000,-125.1651,0.07904,0.0000,1.0000,0.0000,True,True
44.3408,0.0000,2.2000,-125.2402,0.07513,0.0000,1.0000,0.0000,True,True
44.3617,0.0000,2.2000,-125.3113,0.07112,0.0000,1.0000,0.0000,True,True
44.3821,0.0000,2.2000,-125.3782,0.06687,0.0000,1.0000,0.0000,True,True
44.4030,0.0000,2.2000,-125.4430,0.06485,0.0000,1.0000,0.0000,True,True
44.4229,0.0000,2.2000,-125.5019,0.05884,0.0000,1.0000,0.0000,True,True
44.4451,0.0000,2.2000,-125.5628,0.06097,0.0000,1.0000,0.0000,True,True
44.4707,0.0000,2.2000,-125.6298,0.06699,0.0000,1.0000,0.0000,True,True
44.4919,0.0000,2.2000,-125.6815,0.05172,0.0000,1.0000,0.0000,True,True
44.5151,0.0000,2.2000,-125.7336,0.05208,0.0000,1.0000,0.0000,True,True
44.5380,0.0000,2.2000,-125.7820,0.04839,0.0000,1.0000,0.0000,True,True
44.5615,0.0000,2.2000,-125.8271,0.04505,0.0000,1.0000,0.0000,True,True
44.5849,0.0000,2.2000,-125.8667,0.03967,0.0000,1.0000,0.0000,True,True
44.6085,0.0000,2.2000,-125.9040,0.03722,0.0000,1.0000,0.0000,True,True
44.6314,0.0000,2.2000,-125.9362,0.03221,0.0000,1.0000,0.0000,True,True
44.6544,0.0000,2.2000,-125.9644,0.02826,0.0000,1.0000,0.0000,True,True
44.6783,0.0000,2.2000,-125.9893,0.02486,0.0000,1.0000,0.0000,True,True
44.7033,0.0000,2.2000,-125.9893,0.00000,0.0000,1.0000,0.0000,True,True
44.7245,0.0000,2.2000,-125.9927,0.00343,0.0000,1.0000,0.0000,True,True
44.7489,0.0000,2.2000,-126.0009,0.00815,0.0000,1.0000,0.0000,True,True
44.7733,0.0000,2.2000,-126.0137,0.01279,0.0000,1.0000,0.0000,True,True
44.7966,0.0000,2.2000,-126.0303,0.01666,0.0000,1.0000,0.0000,True,True
44.8206,0.0000,2.2000,-126.0514,0.02106,0.0000,1.0000,0.0000,True,True
44.8452,0.0000,2.2000,-126.0773,0.02589,0.0000,1.0000,0.0000,True,True
44.8698,0.0000,2.2000,-126.1083,0.03098,0.0000,1.0000,0.0000,True,True
44.8918,0.0000,2.2000,-126.1395,0.03127,0.0000,1.0000,0.0000,True,True
44.9155,0.0000,2.2000,-126.1771,0.03756,0.0000,1.0000,0.0000,True,True
44.9395,0.0000,2.2000,-126.2196,0.04256,0.0000,1.0000,0.0000,True,True
44.9632,0.0000,2.2000,-126.2656,0.04601,0.0000,1.0000,0.0000,True,True
44.9866,0.0000,2.2000,-126.3154,0.04973,0.0000,1.0000,0.0000,True,True
45.0088,0.0000,2.2000,-126.3666,0.05123,0.0000,1.0000,0.0000,True,True
45.0317,0.0000,2.2000,-126.4231,0.05650,0.0000,1.0000,0.0000,True,True
45.0550,0.0000,2.2000,-126.4846,0.06152,0.0000,1.0000,0.0000,True,True
45.0791,0.0000,2.2000,-126.5526,0.06798,0.0000,1.0000,0.0000,True,True
45.1031,0.0000,2.2000,-126.6246,0.07199,0.0000,1.0000,0.0000,True,True
45.1266,0.0000,2.2000,-126.6960,0.07141,0.0000,1.0000,0.0000,True,True
45.1491,0.0000,2.2000,-126.7746,0.07854,0.0000,1.0000,0.0000,True,True
45.1726,0.0000,2.2000,-126.8563,0.08175,0.0000,1.0000,0.0000,True,True
45.1947,0.0000,2.2000,-126.9387,0.08236,0.0000,1.0000,0.0000,True,True
45.2145,0.0000,2.2000,-127.0143,0.07566,0.0000,1.0000,0.0000,True,True
45.2365,0.0000,2.2000,-127.1023,0.08802,0.0000,1.0000,0.0000,True,True
45.2554,0.0000,2.2000,-127.1809,0.07858,0.0000,1.0000,0.0000,True,True
45.2770,0.0000,2.2000,-127.2687,0.08776,0.0000,1.0000,0.0000,True,True
45.2975,0.0000,2.2000,-127.3624,0.09371,0.0000,1.0000,0.0000,True,True
45.3179,0.0000,2.2000,-127.4577,0.09528,0.0000,1.0000,0.0000,True,True
45.3375,0.0000,2.2000,-127.5522,0.09457,0.0000,1.0000,0.0000,True,True
45.3580,0.0000,2.2000,-127.6526,0.10034,0.0000,1.0000,0.0000,True,True
45.3782,0.0000,2.2000,-127.7557,0.10316,0.0000,1.0000,0.0000,True,True
45.3976,0.0000,2.2000,-127.8566,0.10085,0.0000,1.0000,0.0000,True,True
45.4177,0.0000,2.2000,-127.9629,0.10632,0.0000,1.0000,0.0000,True,True
45.4370,0.0000,2.2000,-128.0681,0.10520,0.0000,1.0000,0.0000,True,True
45.4570,0.0000,2.2000,-128.1759,0.10782,0.0000,1.0000,0.0000,True,True
45.4792,0.0000,2.2000,-128.2932,0.11722,0.0000,1.0000,0.0000,True,True
45.4993,0.0000,2.2000,-128.4049,0.11171,0.0000,1.0000,0.0000,True,True
45.5202,0.0000,2.2000,-128.5154,0.11058,0.0000,1.0000,0.0000,True,True
45.5397,0.0000,2.2000,-128.6225,0.10701,0.0000,1.0000,0.0000,True,True
45.5604,0.0000,2.2000,-128.7284,0.10594,0.0000,1.0000,0.0000,True,True
45.5802,0.0000,2.2000,-128.8378,0.10942,0.0000,1.0000,0.0000,True,True
45.5993,0.0000,2.2000,-128.9446,0.10675,0.0000,1.0000,0.0000,True,True
45.6197,0.0000,2.2000,-129.0549,0.11035,0.0000,1.0000,0.0000,True,True
45.6395,0.0000,2.2000,-129.1589,0.10400,0.0000,1.0000,0.0000,True,True
45.6594,0.0000,2.2000,-129.2670,0.10808,0.0000,1.0000,0.0000,True,True
45.6786,0.0000,2.2000,-129.3730,0.10600,0.0000,1.0000,0.0000,True,True
45.6980,0.0000,2.2000,-129.4769,0.10391,0.0000,1.0000,0.0000,True,True
45.7173,0.0000,2.2000,-129.5815,0.10454,0.0000,1.0000,0.0000,True,True
45.7366,0.0000,2.2000,-129.6851,0.10367,0.0000,1.0000,0.0000,True,True
45.7561,0.0000,2.2000,-129.7912,0.10611,0.0000,1.0000,0.0000,True,True
45.7787,0.0000,2.2000,-129.9107,0.11946,0.0000,1.0000,0.0000,True,True
45.7973,0.0000,2.2000,-130.0134,0.10274,0.0000,1.0000,0.0000,True,True
45.8168,0.0000,2.2000,-130.1185,0.10510,0.0000,1.0000,0.0000,True,True
45.8366,0.0000,2.2000,-130.2233,0.10472,0.0000,1.0000,0.0000,True,True
45.8556,0.0000,2.2000,-130.3225,0.09924,0.0000,1.0000,0.0000,True,True
45.8750,0.0000,2.2000,-130.4199,0.09744,0.0000,1.0000,0.0000,True,True
45.8947,0.0000,2.2000,-130.5161,0.09615,0.0000,1.0000,0.0000,True,True
45.9137,0.0000,2.2000,-130.6061,0.09003,0.0000,1.0000,0.0000,True,True
45.9330,0.0000,2.2000,-130.6947,0.08858,0.0000,1.0000,0.0000,True,True
45.9531,0.0000,2.2000,-130.7841,0.08943,0.0000,1.0000,0.0000,True,True
45.9728,0.0000,2.2000,-130.8686,0.08444,0.0000,1.0000,0.0000,True,True
45.9933,0.0000,2.2000,-130.9502,0.08163,0.0000,1.0000,0.0000,True,True
46.0147,0.0000,2.2000,-131.0345,0.08429,0.0000,1.0000,0.0000,True,True
46.0336,0.0000,2.2000,-131.1102,0.07570,0.0000,1.0000,0.0000,True,True
46.0531,0.0000,2.2000,-131.1821,0.07195,0.0000,1.0000,0.0000,True,True
46.0714,0.0000,2.2000,-131.2470,0.06491,0.0000,1.0000,0.0000,True,True
46.0910,0.0000,2.2000,-131.3130,0.06596,0.0000,1.0000,0.0000,True,True
46.1116,0.0000,2.2000,-131.3803,0.06728,0.0000,1.0000,0.0000,True,True
46.1291,0.0000,2.2000,-131.4352,0.05490,0.0000,1.0000,0.0000,True,True
46.1480,0.0000,2.2000,-131.4915,0.05632,0.0000,1.0000,0.0000,True,True
46.1674,0.0000,2.2000,-131.5449,0.05336,0.0000,1.0000,0.0000,True,True
46.1871,0.0000,2.2000,-131.5986,0.05374,0.0000,1.0000,0.0000,True,True
46.2052,0.0000,2.2000,-131.6457,0.04707,0.0000,1.0000,0.0000,True,True
46.2238,0.0000,2.2000,-131.6903,0.04462,0.0000,1.0000,0.0000,True,True
46.2424,0.0000,2.2000,-131.7319,0.04156,0.0000,1.0000,0.0000,True,True
46.2615,0.0000,2.2000,-131.7728,0.04092,0.0000,1.0000,0.0000,True,True
46.2791,0.0000,2.2000,-131.8081,0.03528,0.0000,1.0000,0.0000,True,True
46.2975,0.0000,2.2000,-131.8421,0.03400,0.0000,1.0000,0.0000,True,True
46.3169,0.0000,2.2000,-131.8750,0.03291,0.0000,1.0000,0.0000,True,True
46.3367,0.0000,2.2000,-131.9058,0.03079,0.0000,1.0000,0.0000,True,True
46.3562,0.0000,2.2000,-131.9333,0.02756,0.0000,1.0000,0.0000,True,True
46.3749,0.0000,2.2000,-131.9573,0.02400,0.0000,1.0000,0.0000,True,True
46.3946,0.0000,2.2000,-131.9797,0.02234,0.0000,1.0000,0.0000,True,True
46.4134,0.0000,2.2000,-131.9797,0.00000,0.0000,1.0000,0.0000,True,True
46.4320,0.0000,2.2000,-131.9823,0.00261,0.0000,1.0000,0.0000,True,True
46.4511,0.0000,2.2000,-131.9875,0.00523,0.0000,1.0000,0.0000,True,True
46.4696,0.0000,2.2000,-131.9955,0.00800,0.0000,1.0000,0.0000,True,True
46.4881,0.0000,2.2000,-132.0059,0.01036,0.0000,1.0000,0.0000,True,True
46.5068,0.0000,2.2000,-132.0189,0.01306,0.0000,1.0000,0.0000,True,True
46.5259,0.0000,2.2000,-132.0349,0.01596,0.0000,1.0000,0.0000,True,True
46.5448,0.0000,2.2000,-132.0535,0.01866,0.0000,1.0000,0.0000,True,True
46.5640,0.0000,2.2000,-132.0754,0.02187,0.0000,1.0000,0.0000,True,True
46.5831,0.0000,2.2000,-132.0991,0.02371,0.0000,1.0000,0.0000,True,True
46.6032,0.0000,2.2000,-132.1280,0.02888,0.0000,1.0000,0.0000,True,True
46.6219,0.0000,2.2000,-132.1575,0.02946,0.0000,1.0000,0.0000,True,True
46.6411,0.0000,2.2000,-132.1903,0.03281,0.0000,1.0000,0.0000,True,True
46.6615,0.0000,2.2000,-132.2280,0.03775,0.0000,1.0000,0.0000,True,True
46.6803,0.0000,2.2000,-132.2650,0.03702,0.0000,1.0000,0.0000,True,True
46.7007,0.0000,2.2000,-132.3092,0.04411,0.0000,1.0000,0.0000,True,True
46.7197,0.0000,2.2000,-132.3534,0.04428,0.0000,1.0000,0.0000,True,True
46.7383,0.0000,2.2000,-132.3988,0.04533,0.0000,1.0000,0.0000,True,True
46.7572,0.0000,2.2000,-132.4474,0.04861,0.0000,1.0000,0.0000,True,True
46.7759,0.0000,2.2000,-132.4982,0.05081,0.0000,1.0000,0.0000,True,True
46.7947,0.0000,2.2000,-132.5519,0.05374,0.0000,1.0000,0.0000,True,True
46.8136,0.0000,2.2000,-132.6085,0.05658,0.0000,1.0000,0.0000,True,True
46.8325,0.0000,2.2000,-132.6678,0.05931,0.0000,1.0000,0.0000,True,True
46.8531,0.0000,2.2000,-132.7357,0.06789,0.0000,1.0000,0.0000,True,True
46.8700,0.0000,2.2000,-132.7936,0.05792,0.0000,1.0000,0.0000,True,True
46.8887,0.0000,2.2000,-132.8602,0.06659,0.0000,1.0000,0.0000,True,True
46.9075,0.0000,2.2000,-132.9297,0.06943,0.0000,1.0000,0.0000,True,True
46.9280,0.0000,2.2000,-133.0091,0.07941,0.0000,1.0000,0.0000,True,True
46.9453,0.0000,2.2000,-133.0770,0.06796,0.0000,1.0000,0.0000,True,True
46.9640,0.0000,2.2000,-133.1546,0.07762,0.0000,1.0000,0.0000,True,True
46.9827,0.0000,2.2000,-133.2344,0.07979,0.0000,1.0000,0.0000,True,True
47.0031,0.0000,2.2000,-133.3249,0.09044,0.0000,1.0000,0.0000,True,True
47.0208,0.0000,2.2000,-133.4036,0.07870,0.0000,1.0000,0.0000,True,True
47.0391,0.0000,2.2000,-133.4917,0.08810,0.0000,1.0000,0.0000,True,True
47.0580,0.0000,2.2000,-133.5824,0.09070,0.0000,1.0000,0.0000,True,True
47.0783,0.0000,2.2000,-133.6829,0.10049,0.0000,1.0000,0.0000,True,True
47.1035,0.0000,2.2000,-133.8122,0.12930,0.0000,1.0000,0.0000,True,True
47.1243,0.0000,2.2000,-133.9243,0.11214,0.0000,1.0000,0.0000,True,True
47.1449,0.0000,2.2000,-134.0364,0.11206,0.0000,1.0000,0.0000,True,True
47.1627,0.0000,2.2000,-134.1312,0.09480,0.0000,1.0000,0.0000,True,True
47.1820,0.0000,2.2000,-134.2361,0.10497,0.0000,1.0000,0.0000,True,True
47.2033,0.0000,2.2000,-134.3520,0.11588,0.0000,1.0000,0.0000,True,True
47.2211,0.0000,2.2000,-134.4473,0.09528,0.0000,1.0000,0.0000,True,True
47.2397,0.0000,2.2000,-134.5479,0.10063,0.0000,1.0000,0.0000,True,True
47.2591,0.0000,2.2000,-134.6511,0.10320,0.0000,1.0000,0.0000,True,True
47.2781,0.0000,2.2000,-134.7557,0.10454,0.0000,1.0000,0.0000,True,True
47.2982,0.0000,2.2000,-134.8623,0.10663,0.0000,1.0000,0.0000,True,True
47.3171,0.0000,2.2000,-134.9663,0.10397,0.0000,1.0000,0.0000,True,True
47.3363,0.0000,2.2000,-135.0703,0.10403,0.0000,1.0000,0.0000,True,True
47.3546,0.0000,2.2000,-135.1693,0.09898,0.0000,1.0000,0.0000,True,True
47.3734,0.0000,2.2000,-135.2708,0.10150,0.0000,1.0000,0.0000,True,True
47.3923,0.0000,2.2000,-135.3726,0.10182,0.0000,1.0000,0.0000,True,True
47.4113,0.0000,2.2000,-135.4752,0.10263,0.0000,1.0000,0.0000,True,True
47.4300,0.0000,2.2000,-135.5763,0.10103,0.0000,1.0000,0.0000,True,True
47.4491,0.0000,2.2000,-135.6792,0.10291,0.0000,1.0000,0.0000,True,True
47.4699,0.0000,2.2000,-135.7911,0.11195,0.0000,1.0000,0.0000,True,True
47.4876,0.0000,2.2000,-135.8853,0.09421,0.0000,1.0000,0.0000,True,True
47.5063,0.0000,2.2000,-135.9877,0.10240,0.0000,1.0000,0.0000,True,True
47.5255,0.0000,2.2000,-136.0899,0.10220,0.0000,1.0000,0.0000,True,True
47.5447,0.0000,2.2000,-136.1944,0.10442,0.0000,1.0000,0.0000,True,True
47.5634,0.0000,2.2000,-136.2921,0.09772,0.0000,1.0000,0.0000,True,True
47.5825,0.0000,2.2000,-136.3881,0.09604,0.0000,1.0000,0.0000,True,True
47.6030,0.0000,2.2000,-136.4898,0.10170,0.0000,1.0000,0.0000,True,True
47.6201,0.0000,2.2000,-136.5717,0.08186,0.0000,1.0000,0.0000,True,True
47.6388,0.0000,2.2000,-136.6587,0.08701,0.0000,1.0000,0.0000,True,True
47.6586,0.0000,2.2000,-136.7465,0.08780,0.0000,1.0000,0.0000,True,True
47.6799,0.0000,2.2000,-136.8388,0.09236,0.0000,1.0000,0.0000,True,True
47.6997,0.0000,2.2000,-136.9227,0.08391,0.0000,1.0000,0.0000,True,True
47.7197,0.0000,2.2000,-137.0040,0.08128,0.0000,1.0000,0.0000,True,True
47.7381,0.0000,2.2000,-137.0758,0.07179,0.0000,1.0000,0.0000,True,True
47.7569,0.0000,2.2000,-137.1463,0.07050,0.0000,1.0000,0.0000,True,True
47.7783,0.0000,2.2000,-137.2230,0.07671,0.0000,1.0000,0.0000,True,True
47.7962,0.0000,2.2000,-137.2846,0.06157,0.0000,1.0000,0.0000,True,True
47.8155,0.0000,2.2000,-137.3498,0.06517,0.0000,1.0000,0.0000,True,True
47.8364,0.0000,2.2000,-137.4160,0.06621,0.0000,1.0000,0.0000,True,True
47.8556,0.0000,2.2000,-137.4739,0.05791,0.0000,1.0000,0.0000,True,True
47.8758,0.0000,2.2000,-137.5309,0.05701,0.0000,1.0000,0.0000,True,True
47.8948,0.0000,2.2000,-137.5840,0.05315,0.0000,1.0000,0.0000,True,True
47.9151,0.0000,2.2000,-137.6356,0.05156,0.0000,1.0000,0.0000,True,True
47.9366,0.0000,2.2000,-137.6876,0.05202,0.0000,1.0000,0.0000,True,True
47.9550,0.0000,2.2000,-137.7299,0.04234,0.0000,1.0000,0.0000,True,True
47.9750,0.0000,2.2000,-137.7724,0.04248,0.0000,1.0000,0.0000,True,True
47.9947,0.0000,2.2000,-137.8115,0.03908,0.0000,1.0000,0.0000,True,True
48.0144,0.0000,2.2000,-137.8476,0.03609,0.0000,1.0000,0.0000,True,True
48.0364,0.0000,2.2000,-137.8841,0.03654,0.0000,1.0000,0.0000,True,True
48.0563,0.0000,2.2000,-137.9143,0.03017,0.0000,1.0000,0.0000,True,True
48.0784,0.0000,2.2000,-137.9439,0.02962,0.0000,1.0000,0.0000,True,True
48.0979,0.0000,2.2000,-137.9674,0.02344,0.0000,1.0000,0.0000,True,True
48.1198,0.0000,2.2000,-137.9905,0.02315,0.0000,1.0000,0.0000,True,True
48.1382,0.0000,2.2000,-137.9905,0.00000,0.0000,1.0000,0.0000,True,True
48.1574,0.0000,2.2000,-137.9933,0.00275,0.0000,1.0000,0.0000,True,True
48.1780,0.0000,2.2000,-137.9994,0.00615,0.0000,1.0000,0.0000,True,True
48.1966,0.0000,2.2000,-138.0076,0.00819,0.0000,1.0000,0.0000,True,True
48.2157,0.0000,2.2000,-138.0187,0.01109,0.0000,1.0000,0.0000,True,True
48.2367,0.0000,2.2000,-138.0341,0.01544,0.0000,1.0000,0.0000,True,True
48.2550,0.0000,2.2000,-138.0501,0.01598,0.0000,1.0000,0.0000,True,True
48.2751,0.0000,2.2000,-138.0708,0.02069,0.0000,1.0000,0.0000,True,True
48.2954,0.0000,2.2000,-138.0947,0.02388,0.0000,1.0000,0.0000,True,True
48.3150,0.0000,2.2000,-138.1205,0.02585,0.0000,1.0000,0.0000,True,True
48.3369,0.0000,2.2000,-138.1526,0.03212,0.0000,1.0000,0.0000,True,True
48.3558,0.0000,2.2000,-138.1839,0.03130,0.0000,1.0000,0.0000,True,True
48.3785,0.0000,2.2000,-138.2247,0.04073,0.0000,1.0000,0.0000,True,True
48.3968,0.0000,2.2000,-138.2602,0.03555,0.0000,1.0000,0.0000,True,True
48.4166,0.0000,2.2000,-138.3015,0.04129,0.0000,1.0000,0.0000,True,True
48.4364,0.0000,2.2000,-138.3461,0.04459,0.0000,1.0000,0.0000,True,True
48.4563,0.0000,2.2000,-138.3936,0.04753,0.0000,1.0000,0.0000,True,True
48.4785,0.0000,2.2000,-138.4498,0.05620,0.0000,1.0000,0.0000,True,True
48.4967,0.0000,2.2000,-138.4993,0.04947,0.0000,1.0000,0.0000,True,True
48.5177,0.0000,2.2000,-138.5575,0.05820,0.0000,1.0000,0.0000,True,True
48.5376,0.0000,2.2000,-138.6182,0.06070,0.0000,1.0000,0.0000,True,True
48.5580,0.0000,2.2000,-138.6830,0.06482,0.0000,1.0000,0.0000,True,True
48.5781,0.0000,2.2000,-138.7491,0.06610,0.0000,1.0000,0.0000,True,True
48.5973,0.0000,2.2000,-138.8154,0.06627,0.0000,1.0000,0.0000,True,True
48.6184,0.0000,2.2000,-138.8877,0.07233,0.0000,1.0000,0.0000,True,True
48.6373,0.0000,2.2000,-138.9623,0.07463,0.0000,1.0000,0.0000,True,True
48.6573,0.0000,2.2000,-139.0401,0.07777,0.0000,1.0000,0.0000,True,True
48.6782,0.0000,2.2000,-139.1241,0.08395,0.0000,1.0000,0.0000,True,True
48.6974,0.0000,2.2000,-139.2050,0.08098,0.0000,1.0000,0.0000,True,True
48.7197,0.0000,2.2000,-139.3028,0.09772,0.0000,1.0000,0.0000,True,True
48.7387,0.0000,2.2000,-139.3881,0.08533,0.0000,1.0000,0.0000,True,True
48.7595,0.0000,2.2000,-139.4827,0.09457,0.0000,1.0000,0.0000,True,True
48.7789,0.0000,2.2000,-139.5783,0.09567,0.0000,1.0000,0.0000,True,True
48.7984,0.0000,2.2000,-139.6753,0.09692,0.0000,1.0000,0.0000,True,True
48.8204,0.0000,2.2000,-139.7836,0.10831,0.0000,1.0000,0.0000,True,True
48.8398,0.0000,2.2000,-139.8875,0.10397,0.0000,1.0000,0.0000,True,True
48.8615,0.0000,2.2000,-140.0063,0.11871,0.0000,1.0000,0.0000,True,True
48.8802,0.0000,2.2000,-140.1076,0.10132,0.0000,1.0000,0.0000,True,True
48.9000,0.0000,2.2000,-140.2132,0.10565,0.0000,1.0000,0.0000,True,True
48.9198,0.0000,2.2000,-140.3209,0.10764,0.0000,1.0000,0.0000,True,True
48.9385,0.0000,2.2000,-140.4224,0.10158,0.0000,1.0000,0.0000,True,True
48.9587,0.0000,2.2000,-140.5296,0.10716,0.0000,1.0000,0.0000,True,True
48.9791,0.0000,2.2000,-140.6408,0.11122,0.0000,1.0000,0.0000,True,True
49.0003,0.0000,2.2000,-140.7532,0.11237,0.0000,1.0000,0.0000,True,True
49.0200,0.0000,2.2000,-140.8626,0.10942,0.0000,1.0000,0.0000,True,True
49.0399,0.0000,2.2000,-140.9695,0.10686,0.0000,1.0000,0.0000,True,True
49.0615,0.0000,2.2000,-141.0861,0.11659,0.0000,1.0000,0.0000,True,True
49.0807,0.0000,2.2000,-141.1880,0.10190,0.0000,1.0000,0.0000,True,True
49.0994,0.0000,2.2000,-141.2917,0.10370,0.0000,1.0000,0.0000,True,True
49.1196,0.0000,2.2000,-141.4010,0.10931,0.0000,1.0000,0.0000,True,True
49.1372,0.0000,2.2000,-141.4961,0.09515,0.0000,1.0000,0.0000,True,True
49.1563,0.0000,2.2000,-141.5985,0.10237,0.0000,1.0000,0.0000,True,True
49.1770,0.0000,2.2000,-141.7043,0.10579,0.0000,1.0000,0.0000,True,True
49.1959,0.0000,2.2000,-141.8125,0.10823,0.0000,1.0000,0.0000,True,True
49.2146,0.0000,2.2000,-141.9138,0.10129,0.0000,1.0000,0.0000,True,True
49.2341,0.0000,2.2000,-142.0172,0.10335,0.0000,1.0000,0.0000,True,True
49.2531,0.0000,2.2000,-142.1209,0.10371,0.0000,1.0000,0.0000,True,True
49.2718,0.0000,2.2000,-142.2204,0.09958,0.0000,1.0000,0.0000,True,True
49.2903,0.0000,2.2000,-142.3169,0.09644,0.0000,1.0000,0.0000,True,True
49.3095,0.0000,2.2000,-142.4116,0.09474,0.0000,1.0000,0.0000,True,True
49.3280,0.0000,2.2000,-142.5034,0.09180,0.0000,1.0000,0.0000,True,True
49.3469,0.0000,2.2000,-142.5928,0.08937,0.0000,1.0000,0.0000,True,True
49.3654,0.0000,2.2000,-142.6782,0.08539,0.0000,1.0000,0.0000,True,True
49.3845,0.0000,2.2000,-142.7633,0.08514,0.0000,1.0000,0.0000,True,True
49.4037,0.0000,2.2000,-142.8462,0.08289,0.0000,1.0000,0.0000,True,True
49.4229,0.0000,2.2000,-142.9267,0.08051,0.0000,1.0000,0.0000,True,True
49.4429,0.0000,2.2000,-143.0056,0.07892,0.0000,1.0000,0.0000,True,True
49.4622,0.0000,2.2000,-143.0819,0.07628,0.0000,1.0000,0.0000,True,True
49.4810,0.0000,2.2000,-143.1523,0.07037,0.0000,1.0000,0.0000,True,True
49.5003,0.0000,2.2000,-143.2200,0.06770,0.0000,1.0000,0.0000,True,True
49.5201,0.0000,2.2000,-143.2897,0.06975,0.0000,1.0000,0.0000,True,True
49.5398,0.0000,2.2000,-143.3543,0.06453,0.0000,1.0000,0.0000,True,True
49.5593,0.0000,2.2000,-143.4150,0.06075,0.0000,1.0000,0.0000,True,True
49.5797,0.0000,2.2000,-143.4763,0.06133,0.0000,1.0000,0.0000,True,True
49.5992,0.0000,2.2000,-143.5329,0.05653,0.0000,1.0000,0.0000,True,True
49.6197,0.0000,2.2000,-143.5882,0.05536,0.0000,1.0000,0.0000,True,True
49.6386,0.0000,2.2000,-143.6363,0.04807,0.0000,1.0000,0.0000,True,True
49.6579,0.0000,2.2000,-143.6832,0.04686,0.0000,1.0000,0.0000,True,True
49.6780,0.0000,2.2000,-143.7285,0.04530,0.0000,1.0000,0.0000,True,True
49.6975,0.0000,2.2000,-143.7685,0.04001,0.0000,1.0000,0.0000,True,True
49.7164,0.0000,2.2000,-143.8068,0.03831,0.0000,1.0000,0.0000,True,True
49.7368,0.0000,2.2000,-143.8439,0.03714,0.0000,1.0000,0.0000,True,True
49.7576,0.0000,2.2000,-143.8779,0.03398,0.0000,1.0000,0.0000,True,True
49.7782,0.0000,2.2000,-143.9094,0.03151,0.0000,1.0000,0.0000,True,True
49.7970,0.0000,2.2000,-143.9349,0.02550,0.0000,1.0000,0.0000,True,True
49.8166,0.0000,2.2000,-143.9589,0.02396,0.0000,1.0000,0.0000,True,True
49.8365,0.0000,2.2000,-143.9804,0.02158,0.0000,1.0000,0.0000,True,True
49.8556,0.0000,2.2000,-143.9804,0.00000,0.0000,1.0000,0.0000,True,True
49.8744,0.0000,2.2000,-143.9831,0.00267,0.0000,1.0000,0.0000,True,True
49.8946,0.0000,2.2000,-143.9891,0.00597,0.0000,1.0000,0.0000,True,True
49.9127,0.0000,2.2000,-143.9968,0.00772,0.0000,1.0000,0.0000,True,True
49.9314,0.0000,2.2000,-144.0075,0.01068,0.0000,1.0000,0.0000,True,True
49.9504,0.0000,2.2000,-144.0210,0.01349,0.0000,1.0000,0.0000,True,True
49.9704,0.0000,2.2000,-144.0381,0.01712,0.0000,1.0000,0.0000,True,True
49.9894,0.0000,2.2000,-144.0572,0.01909,0.0000,1.0000,0.0000,True,True
50.0094,0.0000,2.2000,-144.0800,0.02284,0.0000,1.0000,0.0000,True,True
50.0290,0.0000,2.2000,-144.1060,0.02594,0.0000,1.0000,0.0000,True,True
50.0488,0.0000,2.2000,-144.1343,0.02838,0.0000,1.0000,0.0000,True,True
50.0684,0.0000,2.2000,-144.1647,0.03040,0.0000,1.0000,0.0000,True,True
50.0875,0.0000,2.2000,-144.1992,0.03447,0.0000,1.0000,0.0000,True,True
50.1077,0.0000,2.2000,-144.2370,0.03775,0.0000,1.0000,0.0000,True,True
50.1282,0.0000,2.2000,-144.2793,0.04233,0.0000,1.0000,0.0000,True,True
50.1451,0.0000,2.2000,-144.3160,0.03671,0.0000,1.0000,0.0000,True,True
50.1642,0.0000,2.2000,-144.3601,0.04408,0.0000,1.0000,0.0000,True,True
50.1845,0.0000,2.2000,-144.4083,0.04826,0.0000,1.0000,0.0000,True,True
50.2044,0.0000,2.2000,-144.4622,0.05385,0.0000,1.0000,0.0000,True,True
50.2235,0.0000,2.2000,-144.5152,0.05299,0.0000,1.0000,0.0000,True,True
50.2448,0.0000,2.2000,-144.5774,0.06224,0.0000,1.0000,0.0000,True,True
50.2626,0.0000,2.2000,-144.6319,0.05447,0.0000,1.0000,0.0000,True,True
50.2824,0.0000,2.2000,-144.6949,0.06299,0.0000,1.0000,0.0000,True,True
50.3030,0.0000,2.2000,-144.7644,0.06949,0.0000,1.0000,0.0000,True,True
50.3224,0.0000,2.2000,-144.8318,0.06738,0.0000,1.0000,0.0000,True,True
50.3422,0.0000,2.2000,-144.9035,0.07172,0.0000,1.0000,0.0000,True,True
50.3614,0.0000,2.2000,-144.9770,0.07355,0.0000,1.0000,0.0000,True,True
50.3803,0.0000,2.2000,-145.0515,0.07445,0.0000,1.0000,0.0000,True,True
50.3995,0.0000,2.2000,-145.1297,0.07819,0.0000,1.0000,0.0000,True,True
50.4200,0.0000,2.2000,-145.2155,0.08588,0.0000,1.0000,0.0000,True,True
50.4386,0.0000,2.2000,-145.2975,0.08199,0.0000,1.0000,0.0000,True,True
50.4585,0.0000,2.2000,-145.3869,0.08940,0.0000,1.0000,0.0000,True,True
50.4783,0.0000,2.2000,-145.4802,0.09329,0.0000,1.0000,0.0000,True,True
50.4991,0.0000,2.2000,-145.5793,0.09908,0.0000,1.0000,0.0000,True,True
50.5196,0.0000,2.2000,-145.6833,0.10403,0.0000,1.0000,0.0000,True,True
50.5396,0.0000,2.2000,-145.7857,0.10237,0.0000,1.0000,0.0000,True,True
50.5614,0.0000,2.2000,-145.9011,0.11542,0.0000,1.0000,0.0000,True,True
50.5794,0.0000,2.2000,-145.9984,0.09727,0.0000,1.0000,0.0000,True,True
50.5999,0.0000,2.2000,-146.1090,0.11060,0.0000,1.0000,0.0000,True,True
50.6216,0.0000,2.2000,-146.2250,0.11601,0.0000,1.0000,0.0000,True,True
50.6420,0.0000,2.2000,-146.3353,0.11026,0.0000,1.0000,0.0000,True,True
50.6625,0.0000,2.2000,-146.4465,0.11122,0.0000,1.0000,0.0000,True,True
50.6837,0.0000,2.2000,-146.5602,0.11372,0.0000,1.0000,0.0000,True,True
50.7036,0.0000,2.2000,-146.6689,0.10873,0.0000,1.0000,0.0000,True,True
50.7236,0.0000,2.2000,-146.7770,0.10805,0.0000,1.0000,0.0000,True,True
50.7447,0.0000,2.2000,-146.8907,0.11377,0.0000,1.0000,0.0000,True,True
50.7661,0.0000,2.2000,-147.0051,0.11436,0.0000,1.0000,0.0000,True,True
50.7867,0.0000,2.2000,-147.1176,0.11250,0.0000,1.0000,0.0000,True,True
50.8085,0.0000,2.2000,-147.2329,0.11528,0.0000,1.0000,0.0000,True,True
50.8291,0.0000,2.2000,-147.3467,0.11383,0.0000,1.0000,0.0000,True,True
50.8499,0.0000,2.2000,-147.4590,0.11223,0.0000,1.0000,0.0000,True,True
50.8714,0.0000,2.2000,-147.5743,0.11531,0.0000,1.0000,0.0000,True,True
50.8914,0.0000,2.2000,-147.6823,0.10803,0.0000,1.0000,0.0000,True,True
50.9128,0.0000,2.2000,-147.7986,0.11630,0.0000,1.0000,0.0000,True,True
50.9363,0.0000,2.2000,-147.9256,0.12695,0.0000,1.0000,0.0000,True,True
50.9549,0.0000,2.2000,-148.0260,0.10042,0.0000,1.0000,0.0000,True,True
50.9751,0.0000,2.2000,-148.1348,0.10883,0.0000,1.0000,0.0000,True,True
50.9952,0.0000,2.2000,-148.2414,0.10664,0.0000,1.0000,0.0000,True,True
51.0154,0.0000,2.2000,-148.3440,0.10257,0.0000,1.0000,0.0000,True,True
51.0363,0.0000,2.2000,-148.4493,0.10526,0.0000,1.0000,0.0000,True,True
51.0550,0.0000,2.2000,-148.5400,0.09077,0.0000,1.0000,0.0000,True,True
51.0750,0.0000,2.2000,-148.6337,0.09366,0.0000,1.0000,0.0000,True,True
51.0948,0.0000,2.2000,-148.7240,0.09030,0.0000,1.0000,0.0000,True,True
51.1147,0.0000,2.2000,-148.8112,0.08725,0.0000,1.0000,0.0000,True,True
51.1363,0.0000,2.2000,-148.9029,0.09166,0.0000,1.0000,0.0000,True,True
51.1569,0.0000,2.2000,-148.9847,0.08177,0.0000,1.0000,0.0000,True,True
51.1781,0.0000,2.2000,-149.0694,0.08470,0.0000,1.0000,0.0000,True,True
51.1989,0.0000,2.2000,-149.1468,0.07739,0.0000,1.0000,0.0000,True,True
51.2198,0.0000,2.2000,-149.2235,0.07672,0.0000,1.0000,0.0000,True,True
51.2407,0.0000,2.2000,-149.2947,0.07121,0.0000,1.0000,0.0000,True,True
51.2614,0.0000,2.2000,-149.3636,0.06886,0.0000,1.0000,0.0000,True,True
51.2807,0.0000,2.2000,-149.4249,0.06128,0.0000,1.0000,0.0000,True,True
51.3021,0.0000,2.2000,-149.4856,0.06078,0.0000,1.0000,0.0000,True,True
51.3216,0.0000,2.2000,-149.5442,0.05856,0.0000,1.0000,0.0000,True,True
51.3420,0.0000,2.2000,-149.5980,0.05379,0.0000,1.0000,0.0000,True,True
51.3632,0.0000,2.2000,-149.6516,0.05357,0.0000,1.0000,0.0000,True,True
51.3834,0.0000,2.2000,-149.7010,0.04948,0.0000,1.0000,0.0000,True,True
51.4040,0.0000,2.2000,-149.7468,0.04575,0.0000,1.0000,0.0000,True,True
51.4241,0.0000,2.2000,-149.7883,0.04152,0.0000,1.0000,0.0000,True,True
51.4447,0.0000,2.2000,-149.8280,0.03972,0.0000,1.0000,0.0000,True,True
51.4646,0.0000,2.2000,-149.8633,0.03529,0.0000,1.0000,0.0000,True,True
51.4866,0.0000,2.2000,-149.8984,0.03511,0.0000,1.0000,0.0000,True,True
51.5042,0.0000,2.2000,-149.9245,0.02606,0.0000,1.0000,0.0000,True,True
51.5247,0.0000,2.2000,-149.9517,0.02718,0.0000,1.0000,0.0000,True,True
51.5461,0.0000,2.2000,-149.9761,0.02443,0.0000,1.0000,0.0000,True,True
51.5665,0.0000,2.2000,-149.9761,0.00000,0.0000,1.0000,0.0000,True,True
51.6187,0.0000,2.2000,-149.9768,0.00067,0.0000,1.0000,0.0000,True,True
51.6417,0.0000,2.2000,-149.9824,0.00565,0.0000,1.0000,0.0000,True,True
51.6613,0.0000,2.2000,-149.9900,0.00760,0.0000,1.0000,0.0000,True,True
51.6787,0.0000,2.2000,-149.9991,0.00909,0.0000,1.0000,0.0000,True,True
51.6984,0.0000,2.2000,-150.0123,0.01318,0.0000,1.0000,0.0000,True,True
51.7178,0.0000,2.2000,-150.0279,0.01564,0.0000,1.0000,0.0000,True,True
51.7371,0.0000,2.2000,-150.0464,0.01846,0.0000,1.0000,0.0000,True,True
51.7558,0.0000,2.2000,-150.0672,0.02081,0.0000,1.0000,0.0000,True,True
51.7752,0.0000,2.2000,-150.0914,0.02420,0.0000,1.0000,0.0000,True,True
51.7946,0.0000,2.2000,-150.1183,0.02693,0.0000,1.0000,0.0000,True,True
51.8147,0.0000,2.2000,-150.1485,0.03012,0.0000,1.0000,0.0000,True,True
51.8365,0.0000,2.2000,-150.1861,0.03761,0.0000,1.0000,0.0000,True,True
51.8554,0.0000,2.2000,-150.2210,0.03491,0.0000,1.0000,0.0000,True,True
51.8752,0.0000,2.2000,-150.2605,0.03951,0.0000,1.0000,0.0000,True,True
51.8951,0.0000,2.2000,-150.3033,0.04277,0.0000,1.0000,0.0000,True,True
51.9163,0.0000,2.2000,-150.3501,0.04681,0.0000,1.0000,0.0000,True,True
51.9366,0.0000,2.2000,-150.4014,0.05136,0.0000,1.0000,0.0000,True,True
51.9564,0.0000,2.2000,-150.4530,0.05153,0.0000,1.0000,0.0000,True,True
51.9784,0.0000,2.2000,-150.5135,0.06056,0.0000,1.0000,0.0000,True,True
51.9982,0.0000,2.2000,-150.5696,0.05611,0.0000,1.0000,0.0000,True,True
52.0197,0.0000,2.2000,-150.6384,0.06879,0.0000,1.0000,0.0000,True,True
52.0382,0.0000,2.2000,-150.6983,0.05986,0.0000,1.0000,0.0000,True,True
52.0581,0.0000,2.2000,-150.7648,0.06651,0.0000,1.0000,0.0000,True,True
52.0780,0.0000,2.2000,-150.8350,0.07018,0.0000,1.0000,0.0000,True,True
52.0974,0.0000,2.2000,-150.9055,0.07053,0.0000,1.0000,0.0000,True,True
52.1168,0.0000,2.2000,-150.9794,0.07393,0.0000,1.0000,0.0000,True,True
52.1362,0.0000,2.2000,-151.0569,0.07753,0.0000,1.0000,0.0000,True,True
52.1548,0.0000,2.2000,-151.1318,0.07484,0.0000,1.0000,0.0000,True,True
52.1733,0.0000,2.2000,-151.2115,0.07973,0.0000,1.0000,0.0000,True,True
52.1926,0.0000,2.2000,-151.2945,0.08295,0.0000,1.0000,0.0000,True,True
52.2133,0.0000,2.2000,-151.3893,0.09485,0.0000,1.0000,0.0000,True,True
52.2322,0.0000,2.2000,-151.4780,0.08864,0.0000,1.0000,0.0000,True,True
52.2541,0.0000,2.2000,-151.5836,0.10561,0.0000,1.0000,0.0000,True,True
52.2752,0.0000,2.2000,-151.6893,0.10574,0.0000,1.0000,0.0000,True,True
52.2948,0.0000,2.2000,-151.7893,0.10002,0.0000,1.0000,0.0000,True,True
52.3160,0.0000,2.2000,-151.9019,0.11258,0.0000,1.0000,0.0000,True,True
52.3337,0.0000,2.2000,-151.9979,0.09601,0.0000,1.0000,0.0000,True,True
52.3551,0.0000,2.2000,-152.1135,0.11560,0.0000,1.0000,0.0000,True,True
52.3785,0.0000,2.2000,-152.2398,0.12633,0.0000,1.0000,0.0000,True,True
52.3963,0.0000,2.2000,-152.3358,0.09596,0.0000,1.0000,0.0000,True,True
52.4197,0.0000,2.2000,-152.4622,0.12645,0.0000,1.0000,0.0000,True,True
52.4451,0.0000,2.2000,-152.5967,0.13449,0.0000,1.0000,0.0000,True,True
52.4627,0.0000,2.2000,-152.6935,0.09676,0.0000,1.0000,0.0000,True,True
52.4865,0.0000,2.2000,-152.8225,0.12901,0.0000,1.0000,0.0000,True,True
52.5052,0.0000,2.2000,-152.9217,0.09915,0.0000,1.0000,0.0000,True,True
52.5257,0.0000,2.2000,-153.0334,0.11177,0.0000,1.0000,0.0000,True,True
52.5446,0.0000,2.2000,-153.1367,0.10326,0.0000,1.0000,0.0000,True,True
52.5636,0.0000,2.2000,-153.2390,0.10226,0.0000,1.0000,0.0000,True,True
52.5835,0.0000,2.2000,-153.3458,0.10687,0.0000,1.0000,0.0000,True,True
52.6038,0.0000,2.2000,-153.4562,0.11037,0.0000,1.0000,0.0000,True,True
52.6239,0.0000,2.2000,-153.5646,0.10838,0.0000,1.0000,0.0000,True,True
52.6449,0.0000,2.2000,-153.6774,0.11284,0.0000,1.0000,0.0000,True,True
52.6620,0.0000,2.2000,-153.7703,0.09291,0.0000,1.0000,0.0000,True,True
52.6811,0.0000,2.2000,-153.8732,0.10287,0.0000,1.0000,0.0000,True,True
52.7004,0.0000,2.2000,-153.9771,0.10393,0.0000,1.0000,0.0000,True,True
52.7201,0.0000,2.2000,-154.0837,0.10655,0.0000,1.0000,0.0000,True,True
52.7394,0.0000,2.2000,-154.1872,0.10356,0.0000,1.0000,0.0000,True,True
52.7592,0.0000,2.2000,-154.2864,0.09912,0.0000,1.0000,0.0000,True,True
52.7782,0.0000,2.2000,-154.3860,0.09961,0.0000,1.0000,0.0000,True,True
52.7964,0.0000,2.2000,-154.4765,0.09053,0.0000,1.0000,0.0000,True,True
52.8155,0.0000,2.2000,-154.5685,0.09196,0.0000,1.0000,0.0000,True,True
52.8367,0.0000,2.2000,-154.6648,0.09631,0.0000,1.0000,0.0000,True,True
52.8550,0.0000,2.2000,-154.7478,0.08305,0.0000,1.0000,0.0000,True,True
52.8744,0.0000,2.2000,-154.8324,0.08461,0.0000,1.0000,0.0000,True,True
52.8947,0.0000,2.2000,-154.9180,0.08554,0.0000,1.0000,0.0000,True,True
52.9137,0.0000,2.2000,-154.9952,0.07718,0.0000,1.0000,0.0000,True,True
52.9335,0.0000,2.2000,-155.0724,0.07729,0.0000,1.0000,0.0000,True,True
52.9531,0.0000,2.2000,-155.1461,0.07367,0.0000,1.0000,0.0000,True,True
52.9709,0.0000,2.2000,-155.2106,0.06444,0.0000,1.0000,0.0000,True,True
52.9897,0.0000,2.2000,-155.2760,0.06548,0.0000,1.0000,0.0000,True,True
53.0086,0.0000,2.2000,-155.3388,0.06279,0.0000,1.0000,0.0000,True,True
53.0281,0.0000,2.2000,-155.4013,0.06247,0.0000,1.0000,0.0000,True,True
53.0461,0.0000,2.2000,-155.4567,0.05545,0.0000,1.0000,0.0000,True,True
53.0650,0.0000,2.2000,-155.5116,0.05487,0.0000,1.0000,0.0000,True,True
53.0836,0.0000,2.2000,-155.5636,0.05196,0.0000,1.0000,0.0000,True,True
53.1031,0.0000,2.2000,-155.6146,0.05106,0.0000,1.0000,0.0000,True,True
53.1219,0.0000,2.2000,-155.6617,0.04710,0.0000,1.0000,0.0000,True,True
53.1406,0.0000,2.2000,-155.7058,0.04408,0.0000,1.0000,0.0000,True,True
53.1614,0.0000,2.2000,-155.7514,0.04559,0.0000,1.0000,0.0000,True,True
53.1798,0.0000,2.2000,-155.7893,0.03790,0.0000,1.0000,0.0000,True,True
53.1988,0.0000,2.2000,-155.8256,0.03630,0.0000,1.0000,0.0000,True,True
53.2198,0.0000,2.2000,-155.8623,0.03665,0.0000,1.0000,0.0000,True,True
53.2371,0.0000,2.2000,-155.8904,0.02811,0.0000,1.0000,0.0000,True,True
53.2556,0.0000,2.2000,-155.9182,0.02779,0.0000,1.0000,0.0000,True,True
53.2753,0.0000,2.2000,-155.9439,0.02571,0.0000,1.0000,0.0000,True,True
53.2950,0.0000,2.2000,-155.9677,0.02380,0.0000,1.0000,0.0000,True,True
53.3142,0.0000,2.2000,-155.9880,0.02034,0.0000,1.0000,0.0000,True,True
53.3328,0.0000,2.2000,-155.9880,0.00000,0.0000,1.0000,0.0000,True,True
53.3531,0.0000,2.2000,-155.9911,0.00310,0.0000,1.0000,0.0000,True,True
53.3699,0.0000,2.2000,-155.9958,0.00468,0.0000,1.0000,0.0000,True,True
53.3892,0.0000,2.2000,-156.0040,0.00816,0.0000,1.0000,0.0000,True,True
53.4082,0.0000,2.2000,-156.0146,0.01062,0.0000,1.0000,0.0000,True,True
53.4279,0.0000,2.2000,-156.0288,0.01422,0.0000,1.0000,0.0000,True,True
53.4460,0.0000,2.2000,-156.0441,0.01527,0.0000,1.0000,0.0000,True,True
53.4649,0.0000,2.2000,-156.0630,0.01892,0.0000,1.0000,0.0000,True,True
53.4841,0.0000,2.2000,-156.0842,0.02126,0.0000,1.0000,0.0000,True,True
53.5029,0.0000,2.2000,-156.1087,0.02451,0.0000,1.0000,0.0000,True,True
53.5211,0.0000,2.2000,-156.1345,0.02576,0.0000,1.0000,0.0000,True,True
53.5400,0.0000,2.2000,-156.1638,0.02933,0.0000,1.0000,0.0000,True,True
53.5587,0.0000,2.2000,-156.1954,0.03162,0.0000,1.0000,0.0000,True,True
53.5779,0.0000,2.2000,-156.2309,0.03542,0.0000,1.0000,0.0000,True,True
53.5965,0.0000,2.2000,-156.2675,0.03662,0.0000,1.0000,0.0000,True,True
53.6152,0.0000,2.2000,-156.3072,0.03972,0.0000,1.0000,0.0000,True,True
53.6340,0.0000,2.2000,-156.3496,0.04237,0.0000,1.0000,0.0000,True,True
53.6532,0.0000,2.2000,-156.3956,0.04605,0.0000,1.0000,0.0000,True,True
53.6723,0.0000,2.2000,-156.4447,0.04907,0.0000,1.0000,0.0000,True,True
53.6910,0.0000,2.2000,-156.4949,0.05019,0.0000,1.0000,0.0000,True,True
53.7113,0.0000,2.2000,-156.5524,0.05754,0.0000,1.0000,0.0000,True,True
53.7292,0.0000,2.2000,-156.6059,0.05347,0.0000,1.0000,0.0000,True,True
53.7483,0.0000,2.2000,-156.6650,0.05913,0.0000,1.0000,0.0000,True,True
53.7682,0.0000,2.2000,-156.7284,0.06340,0.0000,1.0000,0.0000,True,True
53.7872,0.0000,2.2000,-156.7951,0.06671,0.0000,1.0000,0.0000,True,True
53.8059,0.0000,2.2000,-156.8614,0.06624,0.0000,1.0000,0.0000,True,True
53.8247,0.0000,2.2000,-156.9305,0.06908,0.0000,1.0000,0.0000,True,True
53.8446,0.0000,2.2000,-157.0073,0.07686,0.0000,1.0000,0.0000,True,True
53.8629,0.0000,2.2000,-157.0799,0.07256,0.0000,1.0000,0.0000,True,True
53.8813,0.0000,2.2000,-157.1559,0.07599,0.0000,1.0000,0.0000,True,True
53.8992,0.0000,2.2000,-157.2317,0.07582,0.0000,1.0000,0.0000,True,True
53.9173,0.0000,2.2000,-157.3111,0.07941,0.0000,1.0000,0.0000,True,True
53.9363,0.0000,2.2000,-157.3972,0.08614,0.0000,1.0000,0.0000,True,True
53.9538,0.0000,2.2000,-157.4789,0.08170,0.0000,1.0000,0.0000,True,True
53.9714,0.0000,2.2000,-157.5631,0.08417,0.0000,1.0000,0.0000,True,True
53.9893,0.0000,2.2000,-157.6510,0.08791,0.0000,1.0000,0.0000,True,True
54.0077,0.0000,2.2000,-157.7442,0.09325,0.0000,1.0000,0.0000,True,True
54.0257,0.0000,2.2000,-157.8376,0.09332,0.0000,1.0000,0.0000,True,True
54.0446,0.0000,2.2000,-157.9388,0.10123,0.0000,1.0000,0.0000,True,True
54.0626,0.0000,2.2000,-158.0358,0.09705,0.0000,1.0000,0.0000,True,True
54.0808,0.0000,2.2000,-158.1331,0.09727,0.0000,1.0000,0.0000,True,True
54.0987,0.0000,2.2000,-158.2307,0.09761,0.0000,1.0000,0.0000,True,True
54.1178,0.0000,2.2000,-158.3318,0.10104,0.0000,1.0000,0.0000,True,True
54.1364,0.0000,2.2000,-158.4341,0.10239,0.0000,1.0000,0.0000,True,True
54.1537,0.0000,2.2000,-158.5280,0.09386,0.0000,1.0000,0.0000,True,True
54.1714,0.0000,2.2000,-158.6227,0.09467,0.0000,1.0000,0.0000,True,True
54.1888,0.0000,2.2000,-158.7176,0.09491,0.0000,1.0000,0.0000,True,True
54.2069,0.0000,2.2000,-158.8148,0.09720,0.0000,1.0000,0.0000,True,True
54.2260,0.0000,2.2000,-158.9141,0.09935,0.0000,1.0000,0.0000,True,True
54.2447,0.0000,2.2000,-159.0188,0.10464,0.0000,1.0000,0.0000,True,True
54.2624,0.0000,2.2000,-159.1147,0.09596,0.0000,1.0000,0.0000,True,True
54.2808,0.0000,2.2000,-159.2138,0.09911,0.0000,1.0000,0.0000,True,True
54.2990,0.0000,2.2000,-159.3124,0.09856,0.0000,1.0000,0.0000,True,True
54.3181,0.0000,2.2000,-159.4113,0.09891,0.0000,1.0000,0.0000,True,True
54.3367,0.0000,2.2000,-159.5147,0.10344,0.0000,1.0000,0.0000,True,True
54.3545,0.0000,2.2000,-159.6116,0.09691,0.0000,1.0000,0.0000,True,True
54.3730,0.0000,2.2000,-159.7114,0.09979,0.0000,1.0000,0.0000,True,True
54.3907,0.0000,2.2000,-159.8078,0.09634,0.0000,1.0000,0.0000,True,True
54.4113,0.0000,2.2000,-159.9192,0.11137,0.0000,1.0000,0.0000,True,True
54.4282,0.0000,2.2000,-160.0088,0.08963,0.0000,1.0000,0.0000,True,True
54.4457,0.0000,2.2000,-160.1038,0.09505,0.0000,1.0000,0.0000,True,True
54.4631,0.0000,2.2000,-160.1976,0.09375,0.0000,1.0000,0.0000,True,True
54.4808,0.0000,2.2000,-160.2895,0.09192,0.0000,1.0000,0.0000,True,True
54.4988,0.0000,2.2000,-160.3801,0.09056,0.0000,1.0000,0.0000,True,True
54.5163,0.0000,2.2000,-160.4673,0.08727,0.0000,1.0000,0.0000,True,True
54.5342,0.0000,2.2000,-160.5522,0.08482,0.0000,1.0000,0.0000,True,True
54.5531,0.0000,2.2000,-160.6403,0.08818,0.0000,1.0000,0.0000,True,True
54.5695,0.0000,2.2000,-160.7158,0.07550,0.0000,1.0000,0.0000,True,True
54.5872,0.0000,2.2000,-160.7935,0.07768,0.0000,1.0000,0.0000,True,True
54.6051,0.0000,2.2000,-160.8694,0.07584,0.0000,1.0000,0.0000,True,True
54.6237,0.0000,2.2000,-160.9466,0.07724,0.0000,1.0000,0.0000,True,True
54.6415,0.0000,2.2000,-161.0168,0.07025,0.0000,1.0000,0.0000,True,True
54.6616,0.0000,2.2000,-161.0940,0.07718,0.0000,1.0000,0.0000,True,True
54.6791,0.0000,2.2000,-161.1591,0.06506,0.0000,1.0000,0.0000,True,True
54.6972,0.0000,2.2000,-161.2238,0.06476,0.0000,1.0000,0.0000,True,True
54.7150,0.0000,2.2000,-161.2859,0.06203,0.0000,1.0000,0.0000,True,True
54.7326,0.0000,2.2000,-161.3445,0.05861,0.0000,1.0000,0.0000,True,True
54.7535,0.0000,2.2000,-161.4091,0.06464,0.0000,1.0000,0.0000,True,True
54.7705,0.0000,2.2000,-161.4612,0.05205,0.0000,1.0000,0.0000,True,True
54.7886,0.0000,2.2000,-161.5145,0.05336,0.0000,1.0000,0.0000,True,True
54.8066,0.0000,2.2000,-161.5639,0.04933,0.0000,1.0000,0.0000,True,True
54.8249,0.0000,2.2000,-161.6113,0.04747,0.0000,1.0000,0.0000,True,True
54.8448,0.0000,2.2000,-161.6614,0.05003,0.0000,1.0000,0.0000,True,True
54.8618,0.0000,2.2000,-161.7009,0.03955,0.0000,1.0000,0.0000,True,True
54.8804,0.0000,2.2000,-161.7411,0.04021,0.0000,1.0000,0.0000,True,True
54.8975,0.0000,2.2000,-161.7773,0.03618,0.0000,1.0000,0.0000,True,True
54.9157,0.0000,2.2000,-161.8129,0.03560,0.0000,1.0000,0.0000,True,True
54.9331,0.0000,2.2000,-161.8445,0.03165,0.0000,1.0000,0.0000,True,True
54.9529,0.0000,2.2000,-161.8773,0.03279,0.0000,1.0000,0.0000,True,True
54.9695,0.0000,2.2000,-161.9029,0.02556,0.0000,1.0000,0.0000,True,True
54.9869,0.0000,2.2000,-161.9273,0.02441,0.0000,1.0000,0.0000,True,True
55.0042,0.0000,2.2000,-161.9492,0.02188,0.0000,1.0000,0.0000,True,True
55.0212,0.0000,2.2000,-161.9689,0.01971,0.0000,1.0000,0.0000,True,True
55.0389,0.0000,2.2000,-161.9869,0.01797,0.0000,1.0000,0.0000,True,True
55.0567,0.0000,2.2000,-161.9869,0.00000,0.0000,1.0000,0.0000,True,True
55.0741,0.0000,2.2000,-161.9892,0.00227,0.0000,1.0000,0.0000,True,True
55.0913,0.0000,2.2000,-161.9936,0.00446,0.0000,1.0000,0.0000,True,True
55.1117,0.0000,2.2000,-162.0018,0.00821,0.0000,1.0000,0.0000,True,True
55.1283,0.0000,2.2000,-162.0108,0.00902,0.0000,1.0000,0.0000,True,True
55.1459,0.0000,2.2000,-162.0228,0.01192,0.0000,1.0000,0.0000,True,True
55.1636,0.0000,2.2000,-162.0369,0.01418,0.0000,1.0000,0.0000,True,True
55.1809,0.0000,2.2000,-162.0530,0.01604,0.0000,1.0000,0.0000,True,True
55.1980,0.0000,2.2000,-162.0712,0.01819,0.0000,1.0000,0.0000,True,True
55.2154,0.0000,2.2000,-162.0918,0.02066,0.0000,1.0000,0.0000,True,True
55.2341,0.0000,2.2000,-162.1161,0.02431,0.0000,1.0000,0.0000,True,True
55.2534,0.0000,2.2000,-162.1445,0.02840,0.0000,1.0000,0.0000,True,True
55.2702,0.0000,2.2000,-162.1717,0.02722,0.0000,1.0000,0.0000,True,True
55.2873,0.0000,2.2000,-162.2016,0.02989,0.0000,1.0000,0.0000,True,True
55.3049,0.0000,2.2000,-162.2345,0.03285,0.0000,1.0000,0.0000,True,True
55.3222,0.0000,2.2000,-162.2688,0.03433,0.0000,1.0000,0.0000,True,True
55.3397,0.0000,2.2000,-162.3062,0.03735,0.0000,1.0000,0.0000,True,True
55.3582,0.0000,2.2000,-162.3470,0.04080,0.0000,1.0000,0.0000,True,True
55.3783,0.0000,2.2000,-162.3956,0.04861,0.0000,1.0000,0.0000,True,True
55.3958,0.0000,2.2000,-162.4409,0.04530,0.0000,1.0000,0.0000,True,True
55.4139,0.0000,2.2000,-162.4892,0.04829,0.0000,1.0000,0.0000,True,True
55.4324,0.0000,2.2000,-162.5415,0.05237,0.0000,1.0000,0.0000,True,True
55.4511,0.0000,2.2000,-162.5952,0.05363,0.0000,1.0000,0.0000,True,True
55.4697,0.0000,2.2000,-162.6542,0.05899,0.0000,1.0000,0.0000,True,True
55.4891,0.0000,2.2000,-162.7146,0.06046,0.0000,1.0000,0.0000,True,True
55.5074,0.0000,2.2000,-162.7790,0.06435,0.0000,1.0000,0.0000,True,True
55.5260,0.0000,2.2000,-162.8421,0.06314,0.0000,1.0000,0.0000,True,True
55.5446,0.0000,2.2000,-162.9128,0.07065,0.0000,1.0000,0.0000,True,True
55.5626,0.0000,2.2000,-162.9804,0.06766,0.0000,1.0000,0.0000,True,True
55.5812,0.0000,2.2000,-163.0529,0.07243,0.0000,1.0000,0.0000,True,True
55.5991,0.0000,2.2000,-163.1269,0.07402,0.0000,1.0000,0.0000,True,True
55.6183,0.0000,2.2000,-163.2034,0.07657,0.0000,1.0000,0.0000,True,True
55.6364,0.0000,2.2000,-163.2858,0.08238,0.0000,1.0000,0.0000,True,True
55.6553,0.0000,2.2000,-163.3694,0.08359,0.0000,1.0000,0.0000,True,True
55.6736,0.0000,2.2000,-163.4559,0.08653,0.0000,1.0000,0.0000,True,True
55.6947,0.0000,2.2000,-163.5568,0.10089,0.0000,1.0000,0.0000,True,True
55.7127,0.0000,2.2000,-163.6454,0.08858,0.0000,1.0000,0.0000,True,True
55.7316,0.0000,2.2000,-163.7414,0.09598,0.0000,1.0000,0.0000,True,True
55.7511,0.0000,2.2000,-163.8394,0.09799,0.0000,1.0000,0.0000,True,True
55.7697,0.0000,2.2000,-163.9415,0.10207,0.0000,1.0000,0.0000,True,True
55.7882,0.0000,2.2000,-164.0423,0.10085,0.0000,1.0000,0.0000,True,True
55.8070,0.0000,2.2000,-164.1430,0.10071,0.0000,1.0000,0.0000,True,True
55.8265,0.0000,2.2000,-164.2451,0.10205,0.0000,1.0000,0.0000,True,True
55.8452,0.0000,2.2000,-164.3504,0.10530,0.0000,1.0000,0.0000,True,True
55.8636,0.0000,2.2000,-164.4495,0.09917,0.0000,1.0000,0.0000,True,True
55.8833,0.0000,2.2000,-164.5528,0.10324,0.0000,1.0000,0.0000,True,True
55.9029,0.0000,2.2000,-164.6614,0.10866,0.0000,1.0000,0.0000,True,True
55.9209,0.0000,2.2000,-164.7587,0.09723,0.0000,1.0000,0.0000,True,True
55.9395,0.0000,2.2000,-164.8587,0.10008,0.0000,1.0000,0.0000,True,True
55.9591,0.0000,2.2000,-164.9610,0.10231,0.0000,1.0000,0.0000,True,True
55.9782,0.0000,2.2000,-165.0670,0.10597,0.0000,1.0000,0.0000,True,True
55.9959,0.0000,2.2000,-165.1636,0.09654,0.0000,1.0000,0.0000,True,True
56.0141,0.0000,2.2000,-165.2617,0.09813,0.0000,1.0000,0.0000,True,True
56.0338,0.0000,2.2000,-165.3651,0.10345,0.0000,1.0000,0.0000,True,True
56.0533,0.0000,2.2000,-165.4721,0.10693,0.0000,1.0000,0.0000,True,True
56.0716,0.0000,2.2000,-165.5717,0.09967,0.0000,1.0000,0.0000,True,True
56.0905,0.0000,2.2000,-165.6732,0.10149,0.0000,1.0000,0.0000,True,True
56.1087,0.0000,2.2000,-165.7722,0.09897,0.0000,1.0000,0.0000,True,True
56.1279,0.0000,2.2000,-165.8764,0.10425,0.0000,1.0000,0.0000,True,True
56.1469,0.0000,2.2000,-165.9779,0.10147,0.0000,1.0000,0.0000,True,True
56.1650,0.0000,2.2000,-166.0769,0.09900,0.0000,1.0000,0.0000,True,True
56.1830,0.0000,2.2000,-166.1733,0.09637,0.0000,1.0000,0.0000,True,True
56.2007,0.0000,2.2000,-166.2663,0.09296,0.0000,1.0000,0.0000,True,True
56.2195,0.0000,2.2000,-166.3625,0.09622,0.0000,1.0000,0.0000,True,True
56.2362,0.0000,2.2000,-166.4454,0.08293,0.0000,1.0000,0.0000,True,True
56.2541,0.0000,2.2000,-166.5323,0.08685,0.0000,1.0000,0.0000,True,True
56.2724,0.0000,2.2000,-166.6174,0.08516,0.0000,1.0000,0.0000,True,True
56.2902,0.0000,2.2000,-166.6991,0.08173,0.0000,1.0000,0.0000,True,True
56.3081,0.0000,2.2000,-166.7783,0.07916,0.0000,1.0000,0.0000,True,True
56.3280,0.0000,2.2000,-166.8639,0.08560,0.0000,1.0000,0.0000,True,True
56.3446,0.0000,2.2000,-166.9329,0.06898,0.0000,1.0000,0.0000,True,True
56.3630,0.0000,2.2000,-167.0071,0.07420,0.0000,1.0000,0.0000,True,True
56.3816,0.0000,2.2000,-167.0788,0.07170,0.0000,1.0000,0.0000,True,True
56.4001,0.0000,2.2000,-167.1476,0.06885,0.0000,1.0000,0.0000,True,True
56.4199,0.0000,2.2000,-167.2188,0.07115,0.0000,1.0000,0.0000,True,True
56.4375,0.0000,2.2000,-167.2809,0.06206,0.0000,1.0000,0.0000,True,True
56.4557,0.0000,2.2000,-167.3416,0.06079,0.0000,1.0000,0.0000,True,True
56.4736,0.0000,2.2000,-167.3985,0.05684,0.0000,1.0000,0.0000,True,True
56.4920,0.0000,2.2000,-167.4541,0.05565,0.0000,1.0000,0.0000,True,True
56.5118,0.0000,2.2000,-167.5110,0.05682,0.0000,1.0000,0.0000,True,True
56.5298,0.0000,2.2000,-167.5616,0.05064,0.0000,1.0000,0.0000,True,True
56.5478,0.0000,2.2000,-167.6101,0.04846,0.0000,1.0000,0.0000,True,True
56.5656,0.0000,2.2000,-167.6543,0.04420,0.0000,1.0000,0.0000,True,True
56.5833,0.0000,2.2000,-167.6962,0.04192,0.0000,1.0000,0.0000,True,True
56.6030,0.0000,2.2000,-167.7401,0.04393,0.0000,1.0000,0.0000,True,True
56.6195,0.0000,2.2000,-167.7749,0.03482,0.0000,1.0000,0.0000,True,True
56.6372,0.0000,2.2000,-167.8095,0.03455,0.0000,1.0000,0.0000,True,True
56.6548,0.0000,2.2000,-167.8420,0.03253,0.0000,1.0000,0.0000,True,True
56.6732,0.0000,2.2000,-167.8733,0.03133,0.0000,1.0000,0.0000,True,True
56.6933,0.0000,2.2000,-167.9034,0.03001,0.0000,1.0000,0.0000,True,True
56.7118,0.0000,2.2000,-167.9302,0.02686,0.0000,1.0000,0.0000,True,True
56.7305,0.0000,2.2000,-167.9537,0.02345,0.0000,1.0000,0.0000,True,True
56.7492,0.0000,2.2000,-167.9749,0.02122,0.0000,1.0000,0.0000,True,True
56.7681,0.0000,2.2000,-167.9930,0.01816,0.0000,1.0000,0.0000,True,True
56.7862,0.0000,2.2000,-167.9930,0.00000,0.0000,1.0000,0.0000,True,True
56.8033,0.0000,2.2000,-167.9952,0.00217,0.0000,1.0000,0.0000,True,True
56.8218,0.0000,2.2000,-168.0001,0.00490,0.0000,1.0000,0.0000,True,True
56.8402,0.0000,2.2000,-168.0076,0.00748,0.0000,1.0000,0.0000,True,True
56.8597,0.0000,2.2000,-168.0178,0.01025,0.0000,1.0000,0.0000,True,True
56.8779,0.0000,2.2000,-168.0308,0.01299,0.0000,1.0000,0.0000,True,True
56.8957,0.0000,2.2000,-168.0455,0.01466,0.0000,1.0000,0.0000,True,True
56.9141,0.0000,2.2000,-168.0630,0.01747,0.0000,1.0000,0.0000,True,True
56.9326,0.0000,2.2000,-168.0833,0.02034,0.0000,1.0000,0.0000,True,True
56.9531,0.0000,2.2000,-168.1090,0.02574,0.0000,1.0000,0.0000,True,True
56.9696,0.0000,2.2000,-168.1317,0.02263,0.0000,1.0000,0.0000,True,True
56.9876,0.0000,2.2000,-168.1589,0.02722,0.0000,1.0000,0.0000,True,True
57.0067,0.0000,2.2000,-168.1902,0.03133,0.0000,1.0000,0.0000,True,True
57.0284,0.0000,2.2000,-168.2290,0.03876,0.0000,1.0000,0.0000,True,True
57.0459,0.0000,2.2000,-168.2638,0.03482,0.0000,1.0000,0.0000,True,True
57.0643,0.0000,2.2000,-168.3023,0.03854,0.0000,1.0000,0.0000,True,True
57.0847,0.0000,2.2000,-168.3462,0.04385,0.0000,1.0000,0.0000,True,True
57.1039,0.0000,2.2000,-168.3931,0.04694,0.0000,1.0000,0.0000,True,True
57.1229,0.0000,2.2000,-168.4416,0.04849,0.0000,1.0000,0.0000,True,True
57.1426,0.0000,2.2000,-168.4937,0.05206,0.0000,1.0000,0.0000,True,True
57.1617,0.0000,2.2000,-168.5482,0.05449,0.0000,1.0000,0.0000,True,True
57.1807,0.0000,2.2000,-168.6046,0.05638,0.0000,1.0000,0.0000,True,True
57.1996,0.0000,2.2000,-168.6630,0.05843,0.0000,1.0000,0.0000,True,True
57.2196,0.0000,2.2000,-168.7277,0.06474,0.0000,1.0000,0.0000,True,True
57.2385,0.0000,2.2000,-168.7918,0.06404,0.0000,1.0000,0.0000,True,True
57.2577,0.0000,2.2000,-168.8601,0.06830,0.0000,1.0000,0.0000,True,True
57.2780,0.0000,2.2000,-168.9344,0.07431,0.0000,1.0000,0.0000,True,True
57.2968,0.0000,2.2000,-169.0045,0.07011,0.0000,1.0000,0.0000,True,True
57.3156,0.0000,2.2000,-169.0812,0.07674,0.0000,1.0000,0.0000,True,True
57.3369,0.0000,2.2000,-169.1664,0.08516,0.0000,1.0000,0.0000,True,True
57.3554,0.0000,2.2000,-169.2475,0.08115,0.0000,1.0000,0.0000,True,True
57.3745,0.0000,2.2000,-169.3323,0.08476,0.0000,1.0000,0.0000,True,True
57.3952,0.0000,2.2000,-169.4244,0.09212,0.0000,1.0000,0.0000,True,True
57.4128,0.0000,2.2000,-169.5097,0.08527,0.0000,1.0000,0.0000,True,True
57.4319,0.0000,2.2000,-169.6006,0.09090,0.0000,1.0000,0.0000,True,True
57.4508,0.0000,2.2000,-169.6953,0.09468,0.0000,1.0000,0.0000,True,True
57.4702,0.0000,2.2000,-169.7964,0.10110,0.0000,1.0000,0.0000,True,True
57.4888,0.0000,2.2000,-169.8943,0.09796,0.0000,1.0000,0.0000,True,True
57.5077,0.0000,2.2000,-169.9948,0.10052,0.0000,1.0000,0.0000,True,True
57.5281,0.0000,2.2000,-170.1056,0.11072,0.0000,1.0000,0.0000,True,True
57.5455,0.0000,2.2000,-170.2003,0.09470,0.0000,1.0000,0.0000,True,True
57.5649,0.0000,2.2000,-170.3042,0.10399,0.0000,1.0000,0.0000,True,True
57.5844,0.0000,2.2000,-170.4051,0.10083,0.0000,1.0000,0.0000,True,True
57.6033,0.0000,2.2000,-170.5123,0.10725,0.0000,1.0000,0.0000,True,True
57.6226,0.0000,2.2000,-170.6158,0.10350,0.0000,1.0000,0.0000,True,True
57.6416,0.0000,2.2000,-170.7173,0.10150,0.0000,1.0000,0.0000,True,True
57.6614,0.0000,2.2000,-170.8250,0.10770,0.0000,1.0000,0.0000,True,True
57.6800,0.0000,2.2000,-170.9265,0.10146,0.0000,1.0000,0.0000,True,True
57.6994,0.0000,2.2000,-171.0314,0.10487,0.0000,1.0000,0.0000,True,True
57.7196,0.0000,2.2000,-171.1404,0.10899,0.0000,1.0000,0.0000,True,True
57.7382,0.0000,2.2000,-171.2409,0.10054,0.0000,1.0000,0.0000,True,True
57.7588,0.0000,2.2000,-171.3507,0.10980,0.0000,1.0000,0.0000,True,True
57.7789,0.0000,2.2000,-171.4601,0.10938,0.0000,1.0000,0.0000,True,True
57.7982,0.0000,2.2000,-171.5648,0.10477,0.0000,1.0000,0.0000,True,True
57.8196,0.0000,2.2000,-171.6798,0.11498,0.0000,1.0000,0.0000,True,True
57.8371,0.0000,2.2000,-171.7749,0.09509,0.0000,1.0000,0.0000,True,True
57.8561,0.0000,2.2000,-171.8777,0.10277,0.0000,1.0000,0.0000,True,True
57.8750,0.0000,2.2000,-171.9792,0.10156,0.0000,1.0000,0.0000,True,True
57.8945,0.0000,2.2000,-172.0847,0.10550,0.0000,1.0000,0.0000,True,True
57.9130,0.0000,2.2000,-172.1836,0.09883,0.0000,1.0000,0.0000,True,True
57.9320,0.0000,2.2000,-172.2830,0.09940,0.0000,1.0000,0.0000,True,True
57.9530,0.0000,2.2000,-172.3894,0.10645,0.0000,1.0000,0.0000,True,True
57.9711,0.0000,2.2000,-172.4793,0.08986,0.0000,1.0000,0.0000,True,True
57.9905,0.0000,2.2000,-172.5723,0.09302,0.0000,1.0000,0.0000,True,True
58.0113,0.0000,2.2000,-172.6682,0.09592,0.0000,1.0000,0.0000,True,True
58.0285,0.0000,2.2000,-172.7462,0.07803,0.0000,1.0000,0.0000,True,True
58.0479,0.0000,2.2000,-172.8303,0.08409,0.0000,1.0000,0.0000,True,True
58.0679,0.0000,2.2000,-172.9137,0.08333,0.0000,1.0000,0.0000,True,True
58.0866,0.0000,2.2000,-172.9906,0.07698,0.0000,1.0000,0.0000,True,True
58.1056,0.0000,2.2000,-173.0656,0.07492,0.0000,1.0000,0.0000,True,True
58.1253,0.0000,2.2000,-173.1399,0.07433,0.0000,1.0000,0.0000,True,True
58.1448,0.0000,2.2000,-173.2111,0.07123,0.0000,1.0000,0.0000,True,True
58.1648,0.0000,2.2000,-173.2810,0.06993,0.0000,1.0000,0.0000,True,True
58.1864,0.0000,2.2000,-173.3524,0.07135,0.0000,1.0000,0.0000,True,True
58.2042,0.0000,2.2000,-173.4094,0.05701,0.0000,1.0000,0.0000,True,True
58.2232,0.0000,2.2000,-173.4672,0.05783,0.0000,1.0000,0.0000,True,True
58.2426,0.0000,2.2000,-173.5233,0.05606,0.0000,1.0000,0.0000,True,True
58.2619,0.0000,2.2000,-173.5771,0.05379,0.0000,1.0000,0.0000,True,True
58.2813,0.0000,2.2000,-173.6274,0.05035,0.0000,1.0000,0.0000,True,True
58.3009,0.0000,2.2000,-173.6749,0.04742,0.0000,1.0000,0.0000,True,True
58.3200,0.0000,2.2000,-173.7205,0.04568,0.0000,1.0000,0.0000,True,True
58.3386,0.0000,2.2000,-173.7611,0.04059,0.0000,1.0000,0.0000,True,True
58.3577,0.0000,2.2000,-173.7999,0.03873,0.0000,1.0000,0.0000,True,True
58.3780,0.0000,2.2000,-173.8382,0.03833,0.0000,1.0000,0.0000,True,True
58.3960,0.0000,2.2000,-173.8698,0.03159,0.0000,1.0000,0.0000,True,True
58.4153,0.0000,2.2000,-173.9010,0.03120,0.0000,1.0000,0.0000,True,True
58.4367,0.0000,2.2000,-173.9314,0.03041,0.0000,1.0000,0.0000,True,True
58.4544,0.0000,2.2000,-173.9552,0.02377,0.0000,1.0000,0.0000,True,True
58.4732,0.0000,2.2000,-173.9772,0.02202,0.0000,1.0000,0.0000,True,True
58.4920,0.0000,2.2000,-173.9772,0.00000,0.0000,1.0000,0.0000,True,True
58.5112,0.0000,2.2000,-173.9800,0.00281,0.0000,1.0000,0.0000,True,True
58.5297,0.0000,2.2000,-173.9852,0.00519,0.0000,1.0000,0.0000,True,True
58.5485,0.0000,2.2000,-173.9931,0.00795,0.0000,1.0000,0.0000,True,True
58.5698,0.0000,2.2000,-174.0057,0.01254,0.0000,1.0000,0.0000,True,True
58.5881,0.0000,2.2000,-174.0190,0.01331,0.0000,1.0000,0.0000,True,True
58.6076,0.0000,2.2000,-174.0357,0.01669,0.0000,1.0000,0.0000,True,True
58.6260,0.0000,2.2000,-174.0540,0.01836,0.0000,1.0000,0.0000,True,True
58.6444,0.0000,2.2000,-174.0755,0.02145,0.0000,1.0000,0.0000,True,True
58.6619,0.0000,2.2000,-174.0976,0.02217,0.0000,1.0000,0.0000,True,True
58.6801,0.0000,2.2000,-174.1233,0.02570,0.0000,1.0000,0.0000,True,True
58.6988,0.0000,2.2000,-174.1521,0.02878,0.0000,1.0000,0.0000,True,True
58.7171,0.0000,2.2000,-174.1826,0.03047,0.0000,1.0000,0.0000,True,True
58.7362,0.0000,2.2000,-174.2182,0.03563,0.0000,1.0000,0.0000,True,True
58.7536,0.0000,2.2000,-174.2521,0.03392,0.0000,1.0000,0.0000,True,True
58.7721,0.0000,2.2000,-174.2911,0.03899,0.0000,1.0000,0.0000,True,True
58.7915,0.0000,2.2000,-174.3342,0.04306,0.0000,1.0000,0.0000,True,True
58.8129,0.0000,2.2000,-174.3852,0.05103,0.0000,1.0000,0.0000,True,True
58.8348,0.0000,2.2000,-174.4395,0.05426,0.0000,1.0000,0.0000,True,True
58.8541,0.0000,2.2000,-174.4946,0.05510,0.0000,1.0000,0.0000,True,True
58.8745,0.0000,2.2000,-174.5539,0.05930,0.0000,1.0000,0.0000,True,True
58.8952,0.0000,2.2000,-174.6162,0.06236,0.0000,1.0000,0.0000,True,True
58.9148,0.0000,2.2000,-174.6787,0.06245,0.0000,1.0000,0.0000,True,True
58.9364,0.0000,2.2000,-174.7498,0.07109,0.0000,1.0000,0.0000,True,True
58.9576,0.0000,2.2000,-174.8219,0.07210,0.0000,1.0000,0.0000,True,True
58.9788,0.0000,2.2000,-174.9012,0.07935,0.0000,1.0000,0.0000,True,True
59.0003,0.0000,2.2000,-174.9828,0.08156,0.0000,1.0000,0.0000,True,True
59.0206,0.0000,2.2000,-175.0645,0.08177,0.0000,1.0000,0.0000,True,True
59.0445,0.0000,2.2000,-175.1638,0.09927,0.0000,1.0000,0.0000,True,True
59.0632,0.0000,2.2000,-175.2433,0.07953,0.0000,1.0000,0.0000,True,True
59.0841,0.0000,2.2000,-175.3344,0.09108,0.0000,1.0000,0.0000,True,True
59.1046,0.0000,2.2000,-175.4306,0.09618,0.0000,1.0000,0.0000,True,True
59.1253,0.0000,2.2000,-175.5291,0.09846,0.0000,1.0000,0.0000,True,True
59.1457,0.0000,2.2000,-175.6290,0.09988,0.0000,1.0000,0.0000,True,True
59.1658,0.0000,2.2000,-175.7307,0.10179,0.0000,1.0000,0.0000,True,True
59.1866,0.0000,2.2000,-175.8389,0.10818,0.0000,1.0000,0.0000,True,True
59.2072,0.0000,2.2000,-175.9498,0.11089,0.0000,1.0000,0.0000,True,True
59.2285,0.0000,2.2000,-176.0631,0.11333,0.0000,1.0000,0.0000,True,True
59.2487,0.0000,2.2000,-176.1733,0.11018,0.0000,1.0000,0.0000,True,True
59.2696,0.0000,2.2000,-176.2861,0.11273,0.0000,1.0000,0.0000,True,True
59.2898,0.0000,2.2000,-176.3955,0.10947,0.0000,1.0000,0.0000,True,True
59.3114,0.0000,2.2000,-176.5113,0.11577,0.0000,1.0000,0.0000,True,True
59.3330,0.0000,2.2000,-176.6263,0.11496,0.0000,1.0000,0.0000,True,True
59.3539,0.0000,2.2000,-176.7419,0.11566,0.0000,1.0000,0.0000,True,True
59.3755,0.0000,2.2000,-176.8550,0.11313,0.0000,1.0000,0.0000,True,True
59.3958,0.0000,2.2000,-176.9678,0.11275,0.0000,1.0000,0.0000,True,True
59.4178,0.0000,2.2000,-177.0810,0.11319,0.0000,1.0000,0.0000,True,True
59.4377,0.0000,2.2000,-177.1944,0.11340,0.0000,1.0000,0.0000,True,True
59.4616,0.0000,2.2000,-177.3212,0.12686,0.0000,1.0000,0.0000,True,True
59.4808,0.0000,2.2000,-177.4270,0.10574,0.0000,1.0000,0.0000,True,True
59.5029,0.0000,2.2000,-177.5465,0.11954,0.0000,1.0000,0.0000,True,True
59.5221,0.0000,2.2000,-177.6495,0.10297,0.0000,1.0000,0.0000,True,True
59.5424,0.0000,2.2000,-177.7581,0.10863,0.0000,1.0000,0.0000,True,True
59.5626,0.0000,2.2000,-177.8684,0.11029,0.0000,1.0000,0.0000,True,True
59.5831,0.0000,2.2000,-177.9785,0.11005,0.0000,1.0000,0.0000,True,True
59.6036,0.0000,2.2000,-178.0895,0.11104,0.0000,1.0000,0.0000,True,True
59.6239,0.0000,2.2000,-178.1983,0.10883,0.0000,1.0000,0.0000,True,True
59.6447,0.0000,2.2000,-178.3064,0.10808,0.0000,1.0000,0.0000,True,True
59.6634,0.0000,2.2000,-178.4007,0.09425,0.0000,1.0000,0.0000,True,True
59.6828,0.0000,2.2000,-178.4960,0.09534,0.0000,1.0000,0.0000,True,True
59.7029,0.0000,2.2000,-178.5925,0.09656,0.0000,1.0000,0.0000,True,True
59.7211,0.0000,2.2000,-178.6769,0.08438,0.0000,1.0000,0.0000,True,True
59.7404,0.0000,2.2000,-178.7631,0.08617,0.0000,1.0000,0.0000,True,True
59.7615,0.0000,2.2000,-178.8544,0.09135,0.0000,1.0000,0.0000,True,True
59.7826,0.0000,2.2000,-178.9406,0.08615,0.0000,1.0000,0.0000,True,True
59.8034,0.0000,2.2000,-179.0240,0.08339,0.0000,1.0000,0.0000,True,True
59.8234,0.0000,2.2000,-179.1028,0.07880,0.0000,1.0000,0.0000,True,True
59.8451,0.0000,2.2000,-179.1816,0.07883,0.0000,1.0000,0.0000,True,True
59.8657,0.0000,2.2000,-179.2553,0.07373,0.0000,1.0000,0.0000,True,True
59.8866,0.0000,2.2000,-179.3267,0.07140,0.0000,1.0000,0.0000,True,True
59.9068,0.0000,2.2000,-179.3924,0.06563,0.0000,1.0000,0.0000,True,True
59.9282,0.0000,2.2000,-179.4574,0.06506,0.0000,1.0000,0.0000,True,True
59.9482,0.0000,2.2000,-179.5166,0.05917,0.0000,1.0000,0.0000,True,True
59.9695,0.0000,2.2000,-179.5757,0.05913,0.0000,1.0000,0.0000,True,True
59.9898,0.0000,2.2000,-179.6282,0.05251,0.0000,1.0000,0.0000,True,True
60.0114,0.0000,2.2000,-179.6811,0.05287,0.0000,1.0000,0.0000,True,True
60.0318,0.0000,2.2000,-179.7285,0.04735,0.0000,1.0000,0.0000,True,True
60.0533,0.0000,2.2000,-179.7737,0.04527,0.0000,1.0000,0.0000,True,True
60.0733,0.0000,2.2000,-179.8141,0.04033,0.0000,1.0000,0.0000,True,True
60.0945,0.0000,2.2000,-179.8528,0.03879,0.0000,1.0000,0.0000,True,True
60.1154,0.0000,2.2000,-179.8878,0.03491,0.0000,1.0000,0.0000,True,True
60.1367,0.0000,2.2000,-179.9198,0.03204,0.0000,1.0000,0.0000,True,True
60.1596,0.0000,2.2000,-179.9491,0.02925,0.0000,1.0000,0.0000,True,True
60.1797,0.0000,2.2000,-179.9743,0.02524,0.0000,1.0000,0.0000,True,True
60.2011,0.0000,2.2000,-179.9964,0.02206,0.0000,1.0000,0.0000,True,True
60.2217,0.0000,2.2000,-179.9964,0.00000,0.0000,1.0000,0.0000,True,True
60.2416,0.0000,2.2000,-179.9994,0.00305,0.0000,1.0000,0.0000,True,True
60.2623,0.0000,2.2000,-180.0057,0.00630,0.0000,1.0000,0.0000,True,True
60.2864,0.0000,2.2000,-180.0174,0.01167,0.0000,1.0000,0.0000,True,True
60.3067,0.0000,2.2000,-180.0300,0.01265,0.0000,1.0000,0.0000,True,True
60.3285,0.0000,2.2001,-180.0475,0.01746,0.0000,1.0000,0.0000,True,True
60.3492,0.0000,2.2001,-180.0676,0.02008,0.0000,1.0000,0.0000,True,True
60.3710,0.0000,2.2001,-180.0919,0.02429,0.0000,1.0000,0.0000,True,True
60.3915,0.0000,2.2002,-180.1185,0.02666,0.0000,1.0000,0.0000,True,True
60.4129,0.0000,2.2002,-180.1493,0.03081,0.0000,1.0000,0.0000,True,True
60.4348,0.0000,2.2002,-180.1828,0.03346,0.0000,1.0000,0.0000,True,True
60.4548,0.0000,2.2003,-180.2192,0.03644,0.0000,1.0000,0.0000,True,True
60.4759,0.0000,2.2003,-180.2583,0.03912,0.0000,1.0000,0.0000,True,True
60.4963,0.0000,2.2004,-180.3016,0.04321,0.0000,1.0000,0.0000,True,True
60.5177,0.0000,2.2005,-180.3482,0.04666,0.0000,1.0000,0.0000,True,True
60.5391,0.0000,2.2005,-180.3993,0.05110,0.0000,1.0000,0.0000,True,True
60.5618,0.0000,2.2006,-180.4572,0.05789,0.0000,1.0000,0.0000,True,True
60.5821,0.0000,2.2007,-180.5132,0.05594,0.0000,1.0000,0.0000,True,True
60.6034,0.0000,2.2010,-180.5732,0.06004,0.0000,1.0000,0.0000,True,True
60.6248,0.0000,2.2012,-180.6381,0.06493,0.0000,1.0000,0.0000,True,True
60.6455,0.0000,2.2015,-180.7048,0.06670,0.0000,1.0000,0.0000,True,True
60.6663,0.0000,2.2018,-180.7739,0.06905,0.0000,1.0000,0.0000,True,True
60.6873,0.0000,2.2021,-180.8475,0.07362,0.0000,1.0000,0.0000,True,True
60.7079,0.0000,2.2024,-180.9225,0.07504,0.0000,1.0000,0.0000,True,True
60.7282,0.0000,2.2027,-180.9995,0.07701,0.0000,1.0000,0.0000,True,True
60.7489,0.0000,2.2032,-181.0821,0.08257,0.0000,1.0000,0.0000,True,True
60.7704,0.0000,2.2038,-181.1703,0.08823,0.0000,1.0000,0.0000,True,True
60.7913,0.0000,2.2044,-181.2589,0.08853,0.0000,1.0000,0.0000,True,True
60.8126,0.0000,2.2051,-181.3529,0.09407,0.0000,1.0000,0.0000,True,True
60.8350,0.0000,2.2057,-181.4521,0.09921,0.0000,1.0000,0.0000,True,True
60.8547,0.0000,2.2065,-181.5508,0.09862,0.0000,1.0000,0.0000,True,True
60.8753,0.0000,2.2075,-181.6509,0.10016,0.0000,1.0000,0.0000,True,True
60.8957,0.0000,2.2084,-181.7539,0.10296,0.0000,1.0000,0.0000,True,True
60.9163,0.0000,2.2094,-181.8624,0.10848,0.0000,1.0000,0.0000,True,True
60.9372,0.0000,2.2105,-181.9741,0.11176,0.0000,1.0000,0.0000,True,True
60.9576,0.0000,2.2117,-182.0849,0.11076,0.0000,1.0000,0.0000,True,True
60.9786,0.0000,2.2131,-182.1982,0.11330,0.0000,1.0000,0.0000,True,True
60.9985,0.0000,2.2144,-182.3057,0.10758,0.0000,1.0000,0.0000,True,True
61.0195,0.0000,2.2157,-182.4192,0.11352,0.0000,1.0000,0.0000,True,True
61.0398,0.0000,2.2171,-182.5283,0.10906,0.0000,1.0000,0.0000,True,True
61.0614,0.0000,2.2188,-182.6440,0.11570,0.0000,1.0000,0.0000,True,True
61.0819,0.0000,2.2204,-182.7555,0.11157,0.0000,1.0000,0.0000,True,True
61.1030,0.0000,2.2221,-182.8689,0.11337,0.0000,1.0000,0.0000,True,True
61.1237,0.0000,2.2237,-182.9810,0.11212,0.0000,1.0000,0.0000,True,True
61.1447,0.0000,2.2256,-183.0942,0.11319,0.0000,1.0000,0.0000,True,True
61.1651,0.0000,2.2275,-183.2048,0.11066,0.0000,1.0000,0.0000,True,True
61.1865,0.0000,2.2294,-183.3190,0.11424,0.0000,1.0000,0.0000,True,True
61.2087,0.0000,2.2315,-183.4370,0.11800,0.0000,1.0000,0.0000,True,True
61.2290,0.0000,2.2335,-183.5491,0.11213,0.0000,1.0000,0.0000,True,True
61.2511,0.0000,2.2358,-183.6651,0.11602,0.0000,1.0000,0.0000,True,True
61.2715,0.0000,2.2380,-183.7796,0.11446,0.0000,1.0000,0.0000,True,True
61.2946,0.0000,2.2405,-183.9041,0.12460,0.0000,1.0000,0.0000,True,True
61.3147,0.0000,2.2426,-184.0118,0.10770,0.0000,1.0000,0.0000,True,True
61.3366,0.0000,2.2453,-184.1297,0.11792,0.0000,1.0000,0.0000,True,True
61.3568,0.0000,2.2476,-184.2366,0.10688,0.0000,1.0000,0.0000,True,True
61.3780,0.0000,2.2501,-184.3461,0.10960,0.0000,1.0000,0.0000,True,True
61.3974,0.0000,2.2522,-184.4436,0.09747,0.0000,1.0000,0.0000,True,True
61.4177,0.0000,2.2545,-184.5414,0.09785,0.0000,1.0000,0.0000,True,True
61.4378,0.0000,2.2569,-184.6367,0.09529,0.0000,1.0000,0.0000,True,True
61.4581,0.0000,2.2591,-184.7290,0.09234,0.0000,1.0000,0.0000,True,True
61.4785,0.0000,2.2613,-184.8182,0.08920,0.0000,1.0000,0.0000,True,True
61.4992,0.0000,2.2635,-184.9057,0.08758,0.0000,1.0000,0.0000,True,True
61.5200,0.0000,2.2656,-184.9915,0.08584,0.0000,1.0000,0.0000,True,True
61.5411,0.0000,2.2678,-185.0733,0.08183,0.0000,1.0000,0.0000,True,True
61.5640,0.0000,2.2701,-185.1568,0.08347,0.0000,1.0000,0.0000,True,True
61.5800,0.0000,2.2717,-185.2175,0.06072,0.0000,1.0000,0.0000,True,True
61.5962,0.0000,2.2733,-185.2754,0.05791,0.0000,1.0000,0.0000,True,True
61.6120,0.0000,2.2748,-185.3285,0.05320,0.0000,1.0000,0.0000,True,True
61.6283,0.0000,2.2762,-185.3811,0.05256,0.0000,1.0000,0.0000,True,True
61.6448,0.0000,2.2776,-185.4328,0.05179,0.0000,1.0000,0.0000,True,True
61.6613,0.0000,2.2790,-185.4833,0.05043,0.0000,1.0000,0.0000,True,True
61.6782,0.0000,2.2804,-185.5316,0.04839,0.0000,1.0000,0.0000,True,True
61.6929,0.0000,2.2815,-185.5714,0.03978,0.0000,1.0000,0.0000,True,True
61.7080,0.0000,2.2828,-185.6133,0.04193,0.0000,1.0000,0.0000,True,True
61.7238,0.0000,2.2840,-185.6539,0.04061,0.0000,1.0000,0.0000,True,True
61.7399,0.0000,2.2851,-185.6929,0.03897,0.0000,1.0000,0.0000,True,True
61.7558,0.0000,2.2862,-185.7297,0.03685,0.0000,1.0000,0.0000,True,True
61.7713,0.0000,2.2873,-185.7640,0.03429,0.0000,1.0000,0.0000,True,True
61.7873,0.0000,2.2882,-185.7970,0.03300,0.0000,1.0000,0.0000,True,True
61.8034,0.0000,2.2891,-185.8279,0.03097,0.0000,1.0000,0.0000,True,True
61.8201,0.0000,2.2901,-185.8593,0.03140,0.0000,1.0000,0.0000,True,True
61.8363,0.0000,2.2909,-185.8866,0.02736,0.0000,1.0000,0.0000,True,True
61.8513,0.0000,2.2916,-185.9096,0.02294,0.0000,1.0000,0.0000,True,True
61.8660,0.0000,2.2923,-185.9327,0.02313,0.0000,1.0000,0.0000,True,True
61.8825,0.0000,2.2929,-185.9546,0.02189,0.0000,1.0000,0.0000,True,True
61.8983,0.0000,2.2935,-185.9745,0.01997,0.0000,1.0000,0.0000,True,True
61.9140,0.0000,2.2940,-185.9923,0.01780,0.0000,1.0000,0.0000,True,True
61.9297,0.0000,2.2940,-185.9923,0.00000,0.0000,1.0000,0.0000,True,True
61.9449,0.0000,2.2941,-185.9941,0.00174,0.0000,1.0000,0.0000,True,True
61.9614,0.0000,2.2942,-185.9979,0.00385,0.0000,1.0000,0.0000,True,True
61.9778,0.0000,2.2944,-186.0039,0.00600,0.0000,1.0000,0.0000,True,True
61.9922,0.0000,2.2946,-186.0105,0.00660,0.0000,1.0000,0.0000,True,True
62.0084,0.0000,2.2949,-186.0202,0.00974,0.0000,1.0000,0.0000,True,True
62.0243,0.0000,2.2953,-186.0316,0.01133,0.0000,1.0000,0.0000,True,True
62.0402,0.0000,2.2957,-186.0447,0.01319,0.0000,1.0000,0.0000,True,True
62.0562,0.0000,2.2962,-186.0599,0.01513,0.0000,1.0000,0.0000,True,True
62.0723,0.0000,2.2967,-186.0771,0.01721,0.0000,1.0000,0.0000,True,True
62.0880,0.0000,2.2973,-186.0957,0.01869,0.0000,1.0000,0.0000,True,True
62.1040,0.0000,2.2980,-186.1167,0.02095,0.0000,1.0000,0.0000,True,True
62.1198,0.0000,2.2987,-186.1391,0.02249,0.0000,1.0000,0.0000,True,True
62.1366,0.0000,2.2995,-186.1645,0.02537,0.0000,1.0000,0.0000,True,True
62.1529,0.0000,2.3004,-186.1923,0.02783,0.0000,1.0000,0.0000,True,True
62.1699,0.0000,2.3014,-186.2224,0.03006,0.0000,1.0000,0.0000,True,True
62.1862,0.0000,2.3024,-186.2542,0.03189,0.0000,1.0000,0.0000,True,True
62.2032,0.0000,2.3035,-186.2885,0.03427,0.0000,1.0000,0.0000,True,True
62.2179,0.0000,2.3045,-186.3199,0.03140,0.0000,1.0000,0.0000,True,True
62.2347,0.0000,2.3057,-186.3582,0.03837,0.0000,1.0000,0.0000,True,True
62.2509,0.0000,2.3070,-186.3971,0.03888,0.0000,1.0000,0.0000,True,True
62.2660,0.0000,2.3083,-186.4364,0.03933,0.0000,1.0000,0.0000,True,True
62.2823,0.0000,2.3096,-186.4786,0.04220,0.0000,1.0000,0.0000,True,True
62.2980,0.0000,2.3111,-186.5227,0.04414,0.0000,1.0000,0.0000,True,True
62.3131,0.0000,2.3126,-186.5664,0.04371,0.0000,1.0000,0.0000,True,True
62.3287,0.0000,2.3142,-186.6125,0.04612,0.0000,1.0000,0.0000,True,True
62.3446,0.0000,2.3159,-186.6622,0.04973,0.0000,1.0000,0.0000,True,True
62.3613,0.0000,2.3177,-186.7159,0.05377,0.0000,1.0000,0.0000,True,True
62.3754,0.0000,2.3194,-186.7626,0.04669,0.0000,1.0000,0.0000,True,True
62.3914,0.0000,2.3213,-186.8185,0.05591,0.0000,1.0000,0.0000,True,True
62.4074,0.0000,2.3233,-186.8756,0.05716,0.0000,1.0000,0.0000,True,True
62.4232,0.0000,2.3253,-186.9345,0.05892,0.0000,1.0000,0.0000,True,True
62.4394,0.0000,2.3274,-186.9955,0.06112,0.0000,1.0000,0.0000,True,True
62.4544,0.0000,2.3296,-187.0551,0.05956,0.0000,1.0000,0.0000,True,True
62.4701,0.0000,2.3319,-187.1181,0.06312,0.0000,1.0000,0.0000,True,True
62.4865,0.0000,2.3344,-187.1861,0.06802,0.0000,1.0000,0.0000,True,True
62.5031,0.0000,2.3370,-187.2573,0.07123,0.0000,1.0000,0.0000,True,True
62.5197,0.0000,2.3398,-187.3316,0.07435,0.0000,1.0000,0.0000,True,True
62.5345,0.0000,2.3421,-187.3946,0.06306,0.0000,1.0000,0.0000,True,True
62.5499,0.0000,2.3448,-187.4679,0.07329,0.0000,1.0000,0.0000,True,True
62.5697,0.0000,2.3485,-187.5647,0.09692,0.0000,1.0000,0.0000,True,True
62.5868,0.0000,2.3517,-187.6465,0.08185,0.0000,1.0000,0.0000,True,True
62.6029,0.0000,2.3550,-187.7305,0.08402,0.0000,1.0000,0.0000,True,True
62.6176,0.0000,2.3580,-187.8046,0.07425,0.0000,1.0000,0.0000,True,True
62.6336,0.0000,2.3613,-187.8889,0.08432,0.0000,1.0000,0.0000,True,True
62.6509,0.0000,2.3649,-187.9813,0.09249,0.0000,1.0000,0.0000,True,True
62.6681,0.0000,2.3685,-188.0695,0.08824,0.0000,1.0000,0.0000,True,True
62.6830,0.0000,2.3722,-188.1574,0.08801,0.0000,1.0000,0.0000,True,True
62.6995,0.0000,2.3758,-188.2451,0.08780,0.0000,1.0000,0.0000,True,True
62.7168,0.0000,2.3796,-188.3367,0.09165,0.0000,1.0000,0.0000,True,True
62.7331,0.0000,2.3834,-188.4275,0.09084,0.0000,1.0000,0.0000,True,True
62.7490,0.0000,2.3870,-188.5130,0.08562,0.0000,1.0000,0.0000,True,True
62.7663,0.0000,2.3911,-188.6068,0.09386,0.0000,1.0000,0.0000,True,True
62.7835,0.0000,2.3952,-188.6996,0.09294,0.0000,1.0000,0.0000,True,True
62.8005,0.0000,2.3992,-188.7905,0.09100,0.0000,1.0000,0.0000,True,True
62.8168,0.0000,2.4031,-188.8792,0.08869,0.0000,1.0000,0.0000,True,True
62.8335,0.0000,2.4070,-188.9689,0.08979,0.0000,1.0000,0.0000,True,True
62.8501,0.0000,2.4111,-189.0589,0.09014,0.0000,1.0000,0.0000,True,True
62.8668,0.0000,2.4153,-189.1480,0.08919,0.0000,1.0000,0.0000,True,True
62.8828,0.0000,2.4193,-189.2349,0.08701,0.0000,1.0000,0.0000,True,True
62.8992,0.0000,2.4233,-189.3226,0.08780,0.0000,1.0000,0.0000,True,True
62.9165,0.0000,2.4276,-189.4150,0.09252,0.0000,1.0000,0.0000,True,True
62.9330,0.0000,2.4318,-189.5054,0.09051,0.0000,1.0000,0.0000,True,True
62.9498,0.0000,2.4362,-189.5966,0.09126,0.0000,1.0000,0.0000,True,True
62.9679,0.0000,2.4407,-189.6889,0.09242,0.0000,1.0000,0.0000,True,True
62.9842,0.0000,2.4451,-189.7792,0.09041,0.0000,1.0000,0.0000,True,True
63.0006,0.0000,2.4495,-189.8710,0.09189,0.0000,1.0000,0.0000,True,True
63.0172,0.0000,2.4538,-189.9599,0.08900,0.0000,1.0000,0.0000,True,True
63.0333,0.0000,2.4582,-190.0473,0.08751,0.0000,1.0000,0.0000,True,True
63.0496,0.0000,2.4626,-190.1350,0.08779,0.0000,1.0000,0.0000,True,True
63.0664,0.0000,2.4671,-190.2236,0.08877,0.0000,1.0000,0.0000,True,True
63.0825,0.0000,2.4714,-190.3071,0.08357,0.0000,0.9999,0.0001,True,True
63.0989,0.0000,2.4756,-190.3904,0.08341,0.0000,0.9999,0.0001,True,True
63.1150,0.0000,2.4796,-190.4695,0.07920,0.0000,0.9998,0.0002,True,True
63.1311,0.0000,2.4837,-190.5471,0.07767,0.0000,0.9998,0.0002,True,True
63.1474,0.0000,2.4877,-190.6236,0.07660,0.0000,0.9997,0.0003,True,True
63.1633,0.0000,2.4916,-190.6962,0.07273,0.0000,0.9997,0.0003,True,True
63.1798,0.0000,2.4954,-190.7690,0.07295,0.0000,0.9996,0.0004,True,True
63.1959,0.0000,2.4991,-190.8389,0.06995,0.0000,0.9995,0.0005,True,True
63.2127,0.0000,2.5029,-190.9092,0.07041,0.0000,0.9994,0.0006,True,True
63.2288,0.0000,2.5063,-190.9748,0.06569,0.0000,0.9993,0.0007,True,True
63.2454,0.0000,2.5099,-191.0407,0.06598,0.0000,0.9992,0.0008,True,True
63.2622,0.0000,2.5135,-191.1050,0.06438,0.0000,0.9991,0.0009,True,True
63.2785,0.0000,2.5168,-191.1654,0.06050,0.0000,0.9990,0.0010,True,True
63.2950,0.0000,2.5201,-191.2242,0.05891,0.0000,0.9989,0.0011,True,True
63.3114,0.0000,2.5232,-191.2814,0.05731,0.0000,0.9988,0.0012,True,True
63.3283,0.0000,2.5263,-191.3373,0.05595,0.0000,0.9987,0.0013,True,True
63.3449,0.0000,2.5293,-191.3908,0.05361,0.0000,0.9986,0.0014,True,True
63.3618,0.0000,2.5321,-191.4422,0.05145,0.0000,0.9985,0.0015,True,True
63.3786,0.0000,2.5348,-191.4918,0.04973,0.0000,0.9984,0.0016,True,True
63.3949,0.0000,2.5375,-191.5387,0.04692,0.0000,0.9983,0.0017,True,True
63.4113,0.0000,2.5401,-191.5830,0.04437,0.0000,0.9982,0.0018,True,True
63.4281,0.0000,2.5425,-191.6259,0.04299,0.0000,0.9982,0.0018,True,True
63.4447,0.0000,2.5449,-191.6667,0.04085,0.0000,0.9981,0.0019,True,True
63.4615,0.0000,2.5471,-191.7063,0.03969,0.0000,0.9980,0.0020,True,True
63.4779,0.0000,2.5492,-191.7426,0.03636,0.0000,0.9979,0.0021,True,True
63.4946,0.0000,2.5512,-191.7777,0.03514,0.0000,0.9978,0.0022,True,True
63.5097,0.0000,2.5529,-191.8066,0.02893,0.0000,0.9977,0.0023,True,True
63.5252,0.0000,2.5546,-191.8359,0.02941,0.0000,0.9977,0.0023,True,True
63.5446,0.0000,2.5565,-191.8692,0.03327,0.0000,0.9976,0.0024,True,True
63.5617,0.0000,2.5580,-191.8963,0.02721,0.0000,0.9975,0.0025,True,True
63.5782,0.0000,2.5594,-191.9199,0.02366,0.0000,0.9974,0.0026,True,True
63.5947,0.0000,2.5607,-191.9422,0.02235,0.0000,0.9974,0.0026,True,True
63.6098,0.0000,2.5617,-191.9599,0.01773,0.0000,0.9973,0.0027,True,True
63.6246,0.0000,2.5627,-191.9780,0.01811,0.0000,0.9973,0.0027,True,True
63.6414,0.0000,2.5627,-191.9780,0.00000,0.0000,0.9973,0.0027,True,True
63.6568,0.0000,2.5628,-191.9799,0.00183,0.0000,0.9973,0.0027,True,True
63.6730,0.0000,2.5631,-191.9837,0.00382,0.0000,0.9973,0.0027,True,True
63.6891,0.0000,2.5634,-191.9895,0.00581,0.0000,0.9972,0.0028,True,True
63.7049,0.0000,2.5638,-191.9971,0.00766,0.0000,0.9972,0.0028,True,True
63.7218,0.0000,2.5644,-192.0072,0.01015,0.0000,0.9972,0.0028,True,True
63.7375,0.0000,2.5651,-192.0186,0.01142,0.0000,0.9972,0.0028,True,True
63.7544,0.0000,2.5659,-192.0323,0.01370,0.0000,0.9971,0.0029,True,True
63.7699,0.0000,2.5668,-192.0478,0.01552,0.0000,0.9971,0.0029,True,True
63.7862,0.0000,2.5679,-192.0656,0.01784,0.0000,0.9970,0.0030,True,True
63.8031,0.0000,2.5691,-192.0859,0.02031,0.0000,0.9970,0.0030,True,True
63.8167,0.0000,2.5702,-192.1037,0.01788,0.0000,0.9969,0.0031,True,True
63.8320,0.0000,2.5715,-192.1257,0.02200,0.0000,0.9969,0.0031,True,True
63.8476,0.0000,2.5729,-192.1501,0.02444,0.0000,0.9968,0.0032,True,True
63.8632,0.0000,2.5745,-192.1758,0.02579,0.0000,0.9967,0.0033,True,True
63.8787,0.0000,2.5761,-192.2035,0.02773,0.0000,0.9966,0.0034,True,True
63.8948,0.0000,2.5779,-192.2337,0.03022,0.0000,0.9965,0.0035,True,True
63.9112,0.0000,2.5799,-192.2673,0.03367,0.0000,0.9964,0.0036,True,True
63.9261,0.0000,2.5818,-192.2984,0.03114,0.0000,0.9963,0.0037,True,True
63.9414,0.0000,2.5839,-192.3333,0.03500,0.0000,0.9962,0.0038,True,True
63.9569,0.0000,2.5861,-192.3703,0.03708,0.0000,0.9961,0.0039,True,True
63.9725,0.0000,2.5884,-192.4092,0.03890,0.0000,0.9960,0.0040,True,True
63.9883,0.0000,2.5908,-192.4504,0.04126,0.0000,0.9958,0.0042,True,True
64.0041,0.0000,2.5934,-192.4931,0.04280,0.0000,0.9957,0.0043,True,True
64.0199,0.0000,2.5961,-192.5381,0.04505,0.0000,0.9955,0.0045,True,True
64.0362,0.0000,2.5991,-192.5860,0.04802,0.0000,0.9954,0.0046,True,True
64.0515,0.0000,2.6019,-192.6314,0.04550,0.0000,0.9952,0.0048,True,True
64.0669,0.0000,2.6050,-192.6808,0.04950,0.0000,0.9950,0.0050,True,True
64.0822,0.0000,2.6081,-192.7326,0.05186,0.0000,0.9948,0.0052,True,True
64.0979,0.0000,2.6115,-192.7862,0.05375,0.0000,0.9946,0.0054,True,True
64.1136,0.0000,2.6149,-192.8420,0.05591,0.0000,0.9944,0.0056,True,True
64.1297,0.0000,2.6185,-192.9004,0.05849,0.0000,0.9942,0.0058,True,True
64.1455,0.0000,2.6222,-192.9606,0.06034,0.0000,0.9940,0.0060,True,True
64.1617,0.0000,2.6261,-193.0229,0.06241,0.0000,0.9937,0.0063,True,True
64.1777,0.0000,2.6303,-193.0882,0.06543,0.0000,0.9934,0.0066,True,True
64.1948,0.0000,2.6347,-193.1575,0.06946,0.0000,0.9932,0.0068,True,True
64.2112,0.0000,2.6392,-193.2285,0.07111,0.0000,0.9928,0.0072,True,True
64.2278,0.0000,2.6439,-193.3016,0.07330,0.0000,0.9925,0.0075,True,True
64.2445,0.0000,2.6487,-193.3772,0.07572,0.0000,0.9922,0.0078,True,True
64.2597,0.0000,2.6530,-193.4437,0.06662,0.0000,0.9919,0.0081,True,True
64.2745,0.0000,2.6577,-193.5175,0.07399,0.0000,0.9915,0.0085,True,True
64.2900,0.0000,2.6627,-193.5928,0.07540,0.0000,0.9912,0.0088,True,True
64.3056,0.0000,2.6678,-193.6700,0.07745,0.0000,0.9908,0.0092,True,True
64.3217,0.0000,2.6732,-193.7521,0.08219,0.0000,0.9904,0.0096,True,True
64.3375,0.0000,2.6786,-193.8345,0.08264,0.0000,0.9900,0.0100,True,True
64.3531,0.0000,2.6841,-193.9177,0.08336,0.0000,0.9895,0.0105,True,True
64.3695,0.0000,2.6900,-194.0061,0.08865,0.0000,0.9891,0.0109,True,True
64.3863,0.0000,2.6961,-194.0962,0.09025,0.0000,0.9886,0.0114,True,True
64.4003,0.0000,2.7012,-194.1717,0.07569,0.0000,0.9882,0.0118,True,True
64.4157,0.0000,2.7069,-194.2552,0.08364,0.0000,0.9877,0.0123,True,True
64.4311,0.0000,2.7126,-194.3386,0.08367,0.0000,0.9872,0.0128,True,True
64.4465,0.0000,2.7182,-194.4218,0.08332,0.0000,0.9867,0.0133,True,True
64.4625,0.0000,2.7241,-194.5072,0.08559,0.0000,0.9862,0.0138,True,True
64.4783,0.0000,2.7300,-194.5920,0.08506,0.0000,0.9857,0.0143,True,True
64.4945,0.0000,2.7361,-194.6796,0.08778,0.0000,0.9852,0.0148,True,True
64.5116,0.0000,2.7424,-194.7694,0.09006,0.0000,0.9846,0.0154,True,True
64.5281,0.0000,2.7487,-194.8595,0.09028,0.0000,0.9841,0.0159,True,True
64.5449,0.0000,2.7550,-194.9489,0.08968,0.0000,0.9835,0.0165,True,True
64.5611,0.0000,2.7614,-195.0385,0.08979,0.0000,0.9829,0.0171,True,True
64.5778,0.0000,2.7679,-195.1287,0.09040,0.0000,0.9823,0.0177,True,True
64.5924,0.0000,2.7734,-195.2049,0.07640,0.0000,0.9818,0.0182,True,True
64.6093,0.0000,2.7800,-195.2967,0.09207,0.0000,0.9812,0.0188,True,True
64.6247,0.0000,2.7861,-195.3813,0.08478,0.0000,0.9806,0.0194,True,True
64.6410,0.0000,2.7924,-195.4690,0.08792,0.0000,0.9800,0.0200,True,True
64.6573,0.0000,2.7989,-195.5570,0.08826,0.0000,0.9793,0.0207,True,True
64.6743,0.0000,2.8055,-195.6458,0.08907,0.0000,0.9787,0.0213,True,True
64.6891,0.0000,2.8116,-195.7284,0.08281,0.0000,0.9781,0.0219,True,True
64.7044,0.0000,2.8176,-195.8102,0.08198,0.0000,0.9775,0.0225,True,True
64.7196,0.0000,2.8237,-195.8920,0.08210,0.0000,0.9768,0.0232,True,True
64.7338,0.0000,2.8293,-195.9682,0.07637,0.0000,0.9763,0.0237,True,True
64.7482,0.0000,2.8352,-196.0462,0.07822,0.0000,0.9757,0.0243,True,True
64.7629,0.0000,2.8412,-196.1245,0.07858,0.0000,0.9750,0.0250,True,True
64.7778,0.0000,2.8472,-196.2042,0.07991,0.0000,0.9744,0.0256,True,True
64.7919,0.0000,2.8528,-196.2767,0.07264,0.0000,0.9738,0.0262,True,True
64.8061,0.0000,2.8583,-196.3494,0.07296,0.0000,0.9732,0.0268,True,True
64.8205,0.0000,2.8637,-196.4211,0.07186,0.0000,0.9727,0.0273,True,True
64.8362,0.0000,2.8696,-196.4982,0.07731,0.0000,0.9720,0.0280,True,True
64.8492,0.0000,2.8745,-196.5603,0.06232,0.0000,0.9715,0.0285,True,True
64.8634,0.0000,2.8797,-196.6269,0.06681,0.0000,0.9709,0.0291,True,True
64.8778,0.0000,2.8848,-196.6923,0.06560,0.0000,0.9704,0.0296,True,True
64.8932,0.0000,2.8898,-196.7572,0.06514,0.0000,0.9698,0.0302,True,True
64.9081,0.0000,2.8951,-196.8244,0.06734,0.0000,0.9692,0.0308,True,True
64.9226,0.0000,2.8999,-196.8864,0.06225,0.0000,0.9687,0.0313,True,True
64.9374,0.0000,2.9047,-196.9475,0.06125,0.0000,0.9682,0.0318,True,True
64.9532,0.0000,2.9095,-197.0095,0.06216,0.0000,0.9676,0.0324,True,True
64.9672,0.0000,2.9140,-197.0647,0.05543,0.0000,0.9671,0.0329,True,True
64.9818,0.0000,2.9184,-197.1199,0.05540,0.0000,0.9666,0.0334,True,True
64.9970,0.0000,2.9229,-197.1758,0.05606,0.0000,0.9661,0.0339,True,True
65.0118,0.0000,2.9271,-197.2291,0.05347,0.0000,0.9656,0.0344,True,True
65.0291,0.0000,2.9316,-197.2846,0.05567,0.0000,0.9651,0.0349,True,True
65.0446,0.0000,2.9360,-197.3395,0.05511,0.0000,0.9646,0.0354,True,True
65.0590,0.0000,2.9396,-197.3847,0.04530,0.0000,0.9642,0.0358,True,True
65.0737,0.0000,2.9433,-197.4312,0.04666,0.0000,0.9638,0.0362,True,True
65.0899,0.0000,2.9471,-197.4787,0.04761,0.0000,0.9633,0.0367,True,True
65.1046,0.0000,2.9506,-197.5221,0.04355,0.0000,0.9629,0.0371,True,True
65.1195,0.0000,2.9540,-197.5632,0.04123,0.0000,0.9625,0.0375,True,True
65.1356,0.0000,2.9571,-197.6014,0.03840,0.0000,0.9622,0.0378,True,True
65.1490,0.0000,2.9602,-197.6395,0.03817,0.0000,0.9618,0.0382,True,True
65.1642,0.0000,2.9632,-197.6763,0.03696,0.0000,0.9615,0.0385,True,True
65.1793,0.0000,2.9661,-197.7110,0.03481,0.0000,0.9611,0.0389,True,True
65.1947,0.0000,2.9688,-197.7442,0.03327,0.0000,0.9608,0.0392,True,True
65.2091,0.0000,2.9712,-197.7740,0.02998,0.0000,0.9605,0.0395,True,True
65.2237,0.0000,2.9736,-197.8033,0.02941,0.0000,0.9602,0.0398,True,True
65.2384,0.0000,2.9759,-197.8308,0.02751,0.0000,0.9600,0.0400,True,True
65.2532,0.0000,2.9780,-197.8568,0.02609,0.0000,0.9597,0.0403,True,True
65.2681,0.0000,2.9799,-197.8802,0.02356,0.0000,0.9595,0.0405,True,True
65.2821,0.0000,2.9818,-197.9028,0.02266,0.0000,0.9592,0.0408,True,True
65.2969,0.0000,2.9835,-197.9240,0.02128,0.0000,0.9590,0.0410,True,True
65.3119,0.0000,2.9851,-197.9436,0.01966,0.0000,0.9588,0.0412,True,True
65.3281,0.0000,2.9867,-197.9632,0.01967,0.0000,0.9587,0.0413,True,True
65.3418,0.0000,2.9881,-197.9794,0.01617,0.0000,0.9585,0.0415,True,True
65.3573,0.0000,2.9881,-197.9794,0.00000,0.0000,0.9585,0.0415,True,True
65.3716,0.0000,2.9882,-197.9809,0.00153,0.0000,0.9585,0.0415,True,True
65.3863,0.0000,2.9884,-197.9840,0.00314,0.0000,0.9584,0.0416,True,True
65.4013,0.0000,2.9888,-197.9886,0.00459,0.0000,0.9584,0.0416,True,True
65.4148,0.0000,2.9893,-197.9948,0.00620,0.0000,0.9583,0.0417,True,True
65.4304,0.0000,2.9900,-198.0033,0.00857,0.0000,0.9583,0.0417,True,True
65.4458,0.0000,2.9909,-198.0134,0.01015,0.0000,0.9582,0.0418,True,True
65.4615,0.0000,2.9919,-198.0254,0.01202,0.0000,0.9580,0.0420,True,True
65.4760,0.0000,2.9930,-198.0383,0.01291,0.0000,0.9579,0.0421,True,True
65.4904,0.0000,2.9942,-198.0527,0.01445,0.0000,0.9578,0.0422,True,True
65.5050,0.0000,2.9955,-198.0689,0.01632,0.0000,0.9576,0.0424,True,True
65.5203,0.0000,2.9971,-198.0872,0.01831,0.0000,0.9574,0.0426,True,True
65.5363,0.0000,2.9989,-198.1090,0.02185,0.0000,0.9572,0.0428,True,True
65.5499,0.0000,3.0005,-198.1286,0.01974,0.0000,0.9570,0.0430,True,True
65.5649,0.0000,3.0025,-198.1519,0.02338,0.0000,0.9568,0.0432,True,True
65.5798,0.0000,3.0046,-198.1768,0.02494,0.0000,0.9565,0.0435,True,True
65.5946,0.0000,3.0068,-198.2029,0.02615,0.0000,0.9562,0.0438,True,True
65.6095,0.0000,3.0090,-198.2299,0.02716,0.0000,0.9560,0.0440,True,True
65.6237,0.0000,3.0115,-198.2592,0.02935,0.0000,0.9557,0.0443,True,True
65.6387,0.0000,3.0141,-198.2909,0.03186,0.0000,0.9553,0.0447,True,True
65.6538,0.0000,3.0169,-198.3237,0.03292,0.0000,0.9550,0.0450,True,True
65.6696,0.0000,3.0200,-198.3609,0.03730,0.0000,0.9546,0.0454,True,True
65.6831,0.0000,3.0228,-198.3945,0.03367,0.0000,0.9543,0.0457,True,True
65.6979,0.0000,3.0259,-198.4318,0.03744,0.0000,0.9539,0.0461,True,True
65.7127,0.0000,3.0292,-198.4712,0.03955,0.0000,0.9535,0.0465,True,True
65.7281,0.0000,3.0328,-198.5132,0.04216,0.0000,0.9530,0.0470,True,True
65.7445,0.0000,3.0369,-198.5612,0.04818,0.0000,0.9525,0.0475,True,True
65.7579,0.0000,3.0403,-198.6003,0.03927,0.0000,0.9521,0.0479,True,True
65.7720,0.0000,3.0441,-198.6450,0.04489,0.0000,0.9516,0.0484,True,True
65.7869,0.0000,3.0481,-198.6924,0.04749,0.0000,0.9511,0.0489,True,True
65.8035,0.0000,3.0527,-198.7460,0.05382,0.0000,0.9506,0.0494,True,True
65.8156,0.0000,3.0565,-198.7895,0.04372,0.0000,0.9501,0.0499,True,True
65.8303,0.0000,3.0609,-198.8415,0.05218,0.0000,0.9495,0.0505,True,True
65.8450,0.0000,3.0655,-198.8952,0.05388,0.0000,0.9489,0.0511,True,True
65.8615,0.0000,3.0708,-198.9565,0.06157,0.0000,0.9483,0.0517,True,True
65.8744,0.0000,3.0751,-199.0064,0.05008,0.0000,0.9477,0.0523,True,True
65.8886,0.0000,3.0800,-199.0633,0.05709,0.0000,0.9471,0.0529,True,True
65.9038,0.0000,3.0854,-199.1244,0.06133,0.0000,0.9464,0.0536,True,True
65.9196,0.0000,3.0913,-199.1917,0.06758,0.0000,0.9457,0.0543,True,True
65.9322,0.0000,3.0961,-199.2464,0.05488,0.0000,0.9451,0.0549,True,True
65.9471,0.0000,3.1017,-199.3111,0.06498,0.0000,0.9443,0.0557,True,True
65.9613,0.0000,3.1074,-199.3757,0.06484,0.0000,0.9436,0.0564,True,True
65.9761,0.0000,3.1133,-199.4433,0.06785,0.0000,0.9428,0.0572,True,True
65.9911,0.0000,3.1197,-199.5156,0.07258,0.0000,0.9420,0.0580,True,True
66.0054,0.0000,3.1259,-199.5850,0.06963,0.0000,0.9412,0.0588,True,True
66.0211,0.0000,3.1324,-199.6578,0.07317,0.0000,0.9403,0.0597,True,True
66.0366,0.0000,3.1396,-199.7389,0.08142,0.0000,0.9394,0.0606,True,True
66.0498,0.0000,3.1459,-199.8096,0.07096,0.0000,0.9385,0.0615,True,True
66.0649,0.0000,3.1531,-199.8895,0.08018,0.0000,0.9376,0.0624,True,True
66.0797,0.0000,3.1602,-199.9692,0.08001,0.0000,0.9366,0.0634,True,True
66.0948,0.0000,3.1674,-200.0485,0.07965,0.0000,0.9357,0.0643,True,True
66.1116,0.0000,3.1756,-200.1385,0.09042,0.0000,0.9346,0.0654,True,True
66.1237,0.0000,3.1817,-200.2058,0.06757,0.0000,0.9338,0.0662,True,True
66.1382,0.0000,3.1888,-200.2835,0.07797,0.0000,0.9328,0.0672,True,True
66.1529,0.0000,3.1961,-200.3631,0.07998,0.0000,0.9318,0.0682,True,True
66.1681,0.0000,3.2032,-200.4411,0.07825,0.0000,0.9309,0.0691,True,True
66.1823,0.0000,3.2105,-200.5212,0.08048,0.0000,0.9299,0.0701,True,True
66.1972,0.0000,3.2179,-200.6009,0.08006,0.0000,0.9289,0.0711,True,True
66.2126,0.0000,3.2256,-200.6838,0.08326,0.0000,0.9278,0.0722,True,True
66.2281,0.0000,3.2333,-200.7658,0.08229,0.0000,0.9268,0.0732,True,True
66.2418,0.0000,3.2401,-200.8395,0.07408,0.0000,0.9258,0.0742,True,True
66.2563,0.0000,3.2474,-200.9184,0.07924,0.0000,0.9248,0.0752,True,True
66.2711,0.0000,3.2549,-200.9983,0.08018,0.0000,0.9238,0.0762,True,True
66.2863,0.0000,3.2625,-201.0791,0.08122,0.0000,0.9227,0.0773,True,True
66.2998,0.0000,3.2695,-201.1525,0.07374,0.0000,0.9218,0.0782,True,True
66.3140,0.0000,3.2767,-201.2286,0.07644,0.0000,0.9208,0.0792,True,True
66.3289,0.0000,3.2843,-201.3090,0.08070,0.0000,0.9197,0.0803,True,True
66.3446,0.0000,3.2923,-201.3930,0.08445,0.0000,0.9186,0.0814,True,True
66.3616,0.0000,3.3007,-201.4825,0.08983,0.0000,0.9174,0.0826,True,True
66.3740,0.0000,3.3074,-201.5515,0.06933,0.0000,0.9165,0.0835,True,True
66.3887,0.0000,3.3149,-201.6298,0.07872,0.0000,0.9154,0.0846,True,True
66.4028,0.0000,3.3223,-201.7068,0.07728,0.0000,0.9144,0.0856,True,True
66.4179,0.0000,3.3297,-201.7829,0.07646,0.0000,0.9133,0.0867,True,True
66.4315,0.0000,3.3372,-201.8609,0.07836,0.0000,0.9123,0.0877,True,True
66.4461,0.0000,3.3448,-201.9393,0.07876,0.0000,0.9112,0.0888,True,True
66.4610,0.0000,3.3525,-202.0196,0.08073,0.0000,0.9101,0.0899,True,True
66.4752,0.0000,3.3600,-202.0957,0.07643,0.0000,0.9090,0.0910,True,True
66.4895,0.0000,3.3675,-202.1718,0.07645,0.0000,0.9079,0.0921,True,True
66.5035,0.0000,3.3748,-202.2458,0.07438,0.0000,0.9069,0.0931,True,True
66.5194,0.0000,3.3827,-202.3272,0.08177,0.0000,0.9057,0.0943,True,True
66.5318,0.0000,3.3889,-202.3898,0.06298,0.0000,0.9049,0.0951,True,True
66.5470,0.0000,3.3962,-202.4640,0.07453,0.0000,0.9038,0.0962,True,True
66.5616,0.0000,3.4032,-202.5350,0.07128,0.0000,0.9028,0.0972,True,True
66.5777,0.0000,3.4108,-202.6108,0.07620,0.0000,0.9017,0.0983,True,True
66.5913,0.0000,3.4170,-202.6730,0.06250,0.0000,0.9008,0.0992,True,True
66.6060,0.0000,3.4236,-202.7396,0.06692,0.0000,0.8998,0.1002,True,True
66.6212,0.0000,3.4302,-202.8054,0.06614,0.0000,0.8989,0.1011,True,True
66.6364,0.0000,3.4367,-202.8703,0.06526,0.0000,0.8979,0.1021,True,True
66.6528,0.0000,3.4435,-202.9383,0.06836,0.0000,0.8969,0.1031,True,True
66.6665,0.0000,3.4489,-202.9931,0.05501,0.0000,0.8961,0.1039,True,True
66.6818,0.0000,3.4551,-203.0533,0.06053,0.0000,0.8952,0.1048,True,True
66.6972,0.0000,3.4611,-203.1124,0.05940,0.0000,0.8943,0.1057,True,True
66.7130,0.0000,3.4669,-203.1704,0.05834,0.0000,0.8935,0.1065,True,True
66.7285,0.0000,3.4726,-203.2260,0.05586,0.0000,0.8926,0.1074,True,True
66.7446,0.0000,3.4782,-203.2810,0.05528,0.0000,0.8918,0.1082,True,True
66.7587,0.0000,3.4829,-203.3278,0.04702,0.0000,0.8911,0.1089,True,True
66.7748,0.0000,3.4883,-203.3807,0.05320,0.0000,0.8903,0.1097,True,True
66.7899,0.0000,3.4930,-203.4275,0.04704,0.0000,0.8896,0.1104,True,True
66.8055,0.0000,3.4978,-203.4747,0.04739,0.0000,0.8889,0.1111,True,True
66.8206,0.0000,3.5023,-203.5181,0.04365,0.0000,0.8882,0.1118,True,True
66.8365,0.0000,3.5068,-203.5616,0.04376,0.0000,0.8876,0.1124,True,True
66.8528,0.0000,3.5112,-203.6049,0.04353,0.0000,0.8869,0.1131,True,True
66.8674,0.0000,3.5150,-203.6411,0.03631,0.0000,0.8864,0.1136,True,True
66.8826,0.0000,3.5188,-203.6783,0.03744,0.0000,0.8858,0.1142,True,True
66.8972,0.0000,3.5223,-203.7125,0.03439,0.0000,0.8853,0.1147,True,True
66.9123,0.0000,3.5258,-203.7457,0.03338,0.0000,0.8848,0.1152,True,True
66.9280,0.0000,3.5291,-203.7785,0.03292,0.0000,0.8842,0.1158,True,True
66.9446,0.0000,3.5325,-203.8108,0.03251,0.0000,0.8837,0.1163,True,True
66.9593,0.0000,3.5352,-203.8369,0.02625,0.0000,0.8833,0.1167,True,True
66.9739,0.0000,3.5379,-203.8636,0.02686,0.0000,0.8829,0.1171,True,True
66.9887,0.0000,3.5404,-203.8879,0.02442,0.0000,0.8826,0.1174,True,True
67.0044,0.0000,3.5429,-203.9115,0.02373,0.0000,0.8822,0.1178,True,True
67.0197,0.0000,3.5451,-203.9333,0.02195,0.0000,0.8818,0.1182,True,True
67.0361,0.0000,3.5474,-203.9554,0.02217,0.0000,0.8815,0.1185,True,True
67.0506,0.0000,3.5492,-203.9731,0.01778,0.0000,0.8812,0.1188,True,True
67.0653,0.0000,3.5512,-203.9918,0.01881,0.0000,0.8809,0.1191,True,True
67.0825,0.0000,3.5512,-203.9918,0.00000,0.0000,0.8809,0.1191,True,True
67.0974,0.0000,3.5513,-203.9935,0.00173,0.0000,0.8809,0.1191,True,True
67.1126,0.0000,3.5517,-203.9970,0.00351,0.0000,0.8809,0.1191,True,True
67.1283,0.0000,3.5522,-204.0023,0.00534,0.0000,0.8808,0.1192,True,True
67.1446,0.0000,3.5530,-204.0099,0.00763,0.0000,0.8807,0.1193,True,True
67.1585,0.0000,3.5539,-204.0179,0.00805,0.0000,0.8805,0.1195,True,True
67.1745,0.0000,3.5550,-204.0290,0.01111,0.0000,0.8804,0.1196,True,True
67.1894,0.0000,3.5563,-204.0409,0.01200,0.0000,0.8802,0.1198,True,True
67.2049,0.0000,3.5578,-204.0552,0.01435,0.0000,0.8800,0.1200,True,True
67.2205,0.0000,3.5595,-204.0712,0.01609,0.0000,0.8797,0.1203,True,True
67.2364,0.0000,3.5613,-204.0891,0.01807,0.0000,0.8794,0.1206,True,True
67.2529,0.0000,3.5636,-204.1103,0.02128,0.0000,0.8791,0.1209,True,True
67.2677,0.0000,3.5656,-204.1302,0.01999,0.0000,0.8788,0.1212,True,True
67.2821,0.0000,3.5680,-204.1525,0.02245,0.0000,0.8784,0.1216,True,True
67.2982,0.0000,3.5707,-204.1783,0.02593,0.0000,0.8780,0.1220,True,True
67.3141,0.0000,3.5736,-204.2059,0.02772,0.0000,0.8776,0.1224,True,True
67.3291,0.0000,3.5765,-204.2335,0.02780,0.0000,0.8771,0.1229,True,True
67.3446,0.0000,3.5797,-204.2640,0.03067,0.0000,0.8767,0.1233,True,True
67.3611,0.0000,3.5833,-204.2983,0.03443,0.0000,0.8761,0.1239,True,True
67.3742,0.0000,3.5863,-204.3270,0.02887,0.0000,0.8757,0.1243,True,True
67.3897,0.0000,3.5900,-204.3624,0.03556,0.0000,0.8751,0.1249,True,True
67.4054,0.0000,3.5939,-204.4001,0.03791,0.0000,0.8745,0.1255,True,True
67.4210,0.0000,3.5981,-204.4396,0.03975,0.0000,0.8739,0.1261,True,True
67.4361,0.0000,3.6022,-204.4794,0.04003,0.0000,0.8732,0.1268,True,True
67.4528,0.0000,3.6071,-204.5256,0.04645,0.0000,0.8725,0.1275,True,True
67.4674,0.0000,3.6114,-204.5659,0.04051,0.0000,0.8719,0.1281,True,True
67.4814,0.0000,3.6160,-204.6093,0.04363,0.0000,0.8712,0.1288,True,True
67.4964,0.0000,3.6210,-204.6558,0.04682,0.0000,0.8704,0.1296,True,True
67.5113,0.0000,3.6260,-204.7027,0.04717,0.0000,0.8697,0.1303,True,True
67.5278,0.0000,3.6319,-204.7581,0.05570,0.0000,0.8688,0.1312,True,True
67.5422,0.0000,3.6370,-204.8067,0.04889,0.0000,0.8680,0.1320,True,True
67.5592,0.0000,3.6435,-204.8675,0.06110,0.0000,0.8670,0.1330,True,True
67.5737,0.0000,3.6493,-204.9215,0.05432,0.0000,0.8661,0.1339,True,True
67.5888,0.0000,3.6553,-204.9786,0.05739,0.0000,0.8652,0.1348,True,True
67.6037,0.0000,3.6616,-205.0365,0.05829,0.0000,0.8642,0.1358,True,True
67.6196,0.0000,3.6684,-205.0995,0.06331,0.0000,0.8632,0.1368,True,True
67.6342,0.0000,3.6747,-205.1582,0.05904,0.0000,0.8622,0.1378,True,True
67.6487,0.0000,3.6815,-205.2215,0.06372,0.0000,0.8612,0.1388,True,True
67.6638,0.0000,3.6886,-205.2870,0.06592,0.0000,0.8601,0.1399,True,True
67.6794,0.0000,3.6960,-205.3550,0.06837,0.0000,0.8590,0.1410,True,True
67.6953,0.0000,3.7038,-205.4278,0.07318,0.0000,0.8577,0.1423,True,True
67.7113,0.0000,3.7119,-205.5031,0.07579,0.0000,0.8565,0.1435,True,True
67.7249,0.0000,3.7192,-205.5696,0.06686,0.0000,0.8554,0.1446,True,True
67.7403,0.0000,3.7275,-205.6450,0.07586,0.0000,0.8541,0.1459,True,True
67.7554,0.0000,3.7358,-205.7207,0.07617,0.0000,0.8528,0.1472,True,True
67.7702,0.0000,3.7441,-205.7966,0.07635,0.0000,0.8515,0.1485,True,True
67.7862,0.0000,3.7532,-205.8798,0.08366,0.0000,0.8501,0.1499,True,True
67.8031,0.0000,3.7630,-205.9695,0.09027,0.0000,0.8486,0.1514,True,True
67.8167,0.0000,3.7712,-206.0430,0.07390,0.0000,0.8473,0.1527,True,True
67.8318,0.0000,3.7803,-206.1256,0.08317,0.0000,0.8459,0.1541,True,True
67.8463,0.0000,3.7889,-206.2031,0.07795,0.0000,0.8446,0.1554,True,True
67.8612,0.0000,3.7978,-206.2833,0.08066,0.0000,0.8432,0.1568,True,True
67.8765,0.0000,3.8065,-206.3608,0.07804,0.0000,0.8418,0.1582,True,True
67.8908,0.0000,3.8155,-206.4420,0.08169,0.0000,0.8404,0.1596,True,True
67.9060,0.0000,3.8246,-206.5241,0.08260,0.0000,0.8390,0.1610,True,True
67.9211,0.0000,3.8337,-206.6047,0.08111,0.0000,0.8376,0.1624,True,True
67.9361,0.0000,3.8427,-206.6849,0.08068,0.0000,0.8362,0.1638,True,True
67.9507,0.0000,3.8516,-206.7633,0.07896,0.0000,0.8348,0.1652,True,True
67.9658,0.0000,3.8606,-206.8437,0.08083,0.0000,0.8334,0.1666,True,True
67.9812,0.0000,3.8700,-206.9269,0.08381,0.0000,0.8319,0.1681,True,True
67.9958,0.0000,3.8788,-207.0053,0.07888,0.0000,0.8305,0.1695,True,True
68.0113,0.0000,3.8883,-207.0883,0.08356,0.0000,0.8290,0.1710,True,True
68.0265,0.0000,3.8972,-207.1666,0.07877,0.0000,0.8276,0.1724,True,True
68.0414,0.0000,3.9067,-207.2499,0.08384,0.0000,0.8261,0.1739,True,True
68.0555,0.0000,3.9153,-207.3249,0.07550,0.0000,0.8247,0.1753,True,True
68.0707,0.0000,3.9247,-207.4072,0.08286,0.0000,0.8233,0.1767,True,True
68.0864,0.0000,3.9341,-207.4902,0.08353,0.0000,0.8218,0.1782,True,True
68.1028,0.0000,3.9431,-207.5681,0.07838,0.0000,0.8203,0.1797,True,True
68.1160,0.0000,3.9524,-207.6486,0.08103,0.0000,0.8189,0.1811,True,True
68.1311,0.0000,3.9618,-207.7296,0.08152,0.0000,0.8174,0.1826,True,True
68.1456,0.0000,3.9709,-207.8082,0.07915,0.0000,0.8159,0.1841,True,True
68.1613,0.0000,3.9806,-207.8923,0.08468,0.0000,0.8144,0.1856,True,True
68.1762,0.0000,3.9895,-207.9697,0.07792,0.0000,0.8130,0.1870,True,True
68.1904,0.0000,3.9988,-208.0495,0.08033,0.0000,0.8115,0.1885,True,True
68.2052,0.0000,4.0081,-208.1285,0.07949,0.0000,0.8100,0.1900,True,True
68.2198,0.0000,4.0171,-208.2056,0.07766,0.0000,0.8086,0.1914,True,True
68.2361,0.0000,4.0270,-208.2903,0.08523,0.0000,0.8070,0.1930,True,True
68.2493,0.0000,4.0349,-208.3574,0.06764,0.0000,0.8058,0.1942,True,True
68.2639,0.0000,4.0433,-208.4299,0.07299,0.0000,0.8044,0.1956,True,True
68.2785,0.0000,4.0517,-208.5012,0.07171,0.0000,0.8031,0.1969,True,True
68.2944,0.0000,4.0606,-208.5769,0.07630,0.0000,0.8016,0.1984,True,True
68.3076,0.0000,4.0679,-208.6384,0.06189,0.0000,0.8005,0.1995,True,True
68.3224,0.0000,4.0758,-208.7052,0.06730,0.0000,0.7992,0.2008,True,True
68.3381,0.0000,4.0839,-208.7736,0.06881,0.0000,0.7979,0.2021,True,True
68.3537,0.0000,4.0920,-208.8416,0.06847,0.0000,0.7966,0.2034,True,True
68.3695,0.0000,4.0999,-208.9082,0.06707,0.0000,0.7954,0.2046,True,True
68.3840,0.0000,4.1068,-208.9669,0.05919,0.0000,0.7943,0.2057,True,True
68.3986,0.0000,4.1138,-209.0253,0.05881,0.0000,0.7931,0.2069,True,True
68.4137,0.0000,4.1208,-209.0840,0.05912,0.0000,0.7920,0.2080,True,True
68.4289,0.0000,4.1276,-209.1411,0.05746,0.0000,0.7909,0.2091,True,True
68.4444,0.0000,4.1344,-209.1973,0.05658,0.0000,0.7898,0.2102,True,True
68.4599,0.0000,4.1404,-209.2479,0.05098,0.0000,0.7889,0.2111,True,True
68.4740,0.0000,4.1466,-209.2993,0.05179,0.0000,0.7879,0.2121,True,True
68.4892,0.0000,4.1527,-209.3502,0.05127,0.0000,0.7869,0.2131,True,True
68.5049,0.0000,4.1586,-209.3996,0.04972,0.0000,0.7859,0.2141,True,True
68.5205,0.0000,4.1643,-209.4470,0.04778,0.0000,0.7850,0.2150,True,True
68.5370,0.0000,4.1700,-209.4946,0.04792,0.0000,0.7841,0.2159,True,True
68.5533,0.0000,4.1756,-209.5410,0.04679,0.0000,0.7832,0.2168,True,True
68.5683,0.0000,4.1805,-209.5816,0.04090,0.0000,0.7824,0.2176,True,True
68.5826,0.0000,4.1851,-209.6194,0.03806,0.0000,0.7817,0.2183,True,True
68.5978,0.0000,4.1897,-209.6575,0.03836,0.0000,0.7809,0.2191,True,True
68.6125,0.0000,4.1940,-209.6926,0.03532,0.0000,0.7803,0.2197,True,True
68.6280,0.0000,4.1982,-209.7276,0.03526,0.0000,0.7796,0.2204,True,True
68.6446,0.0000,4.2026,-209.7634,0.03611,0.0000,0.7789,0.2211,True,True
68.6577,0.0000,4.2058,-209.7904,0.02719,0.0000,0.7783,0.2217,True,True
68.6726,0.0000,4.2093,-209.8192,0.02896,0.0000,0.7778,0.2222,True,True
68.6877,0.0000,4.2127,-209.8468,0.02781,0.0000,0.7772,0.2228,True,True
68.7032,0.0000,4.2159,-209.8729,0.02638,0.0000,0.7767,0.2233,True,True
68.7197,0.0000,4.2190,-209.8987,0.02598,0.0000,0.7762,0.2238,True,True
68.7348,0.0000,4.2216,-209.9203,0.02175,0.0000,0.7758,0.2242,True,True
68.7505,0.0000,4.2242,-209.9420,0.02180,0.0000,0.7754,0.2246,True,True
68.7659,0.0000,4.2266,-209.9615,0.01964,0.0000,0.7750,0.2250,True,True
68.7816,0.0000,4.2287,-209.9791,0.01781,0.0000,0.7746,0.2254,True,True
68.7966,0.0000,4.2287,-209.9791,0.00000,0.0000,0.7746,0.2254,True,True
68.8113,0.0000,4.2289,-209.9807,0.00161,0.0000,0.7746,0.2254,True,True
68.8283,0.0000,4.2294,-209.9846,0.00392,0.0000,0.7745,0.2255,True,True
68.8412,0.0000,4.2299,-209.9890,0.00444,0.0000,0.7745,0.2255,True,True
68.8563,0.0000,4.2307,-209.9957,0.00673,0.0000,0.7743,0.2257,True,True
68.8714,0.0000,4.2318,-210.0042,0.00850,0.0000,0.7742,0.2258,True,True
68.8862,0.0000,4.2330,-210.0141,0.00996,0.0000,0.7740,0.2260,True,True
68.9028,0.0000,4.2346,-210.0271,0.01311,0.0000,0.7737,0.2263,True,True
68.9163,0.0000,4.2360,-210.0390,0.01207,0.0000,0.7735,0.2265,True,True
68.9319,0.0000,4.2380,-210.0548,0.01585,0.0000,0.7732,0.2268,True,True
68.9470,0.0000,4.2400,-210.0716,0.01699,0.0000,0.7728,0.2272,True,True
68.9622,0.0000,4.2423,-210.0905,0.01899,0.0000,0.7725,0.2275,True,True
68.9781,0.0000,4.2449,-210.1115,0.02114,0.0000,0.7720,0.2280,True,True
68.9945,0.0000,4.2479,-210.1360,0.02469,0.0000,0.7716,0.2284,True,True
69.0090,0.0000,4.2506,-210.1581,0.02228,0.0000,0.7711,0.2289,True,True
69.0238,0.0000,4.2538,-210.1841,0.02616,0.0000,0.7706,0.2294,True,True
69.0397,0.0000,4.2573,-210.2127,0.02882,0.0000,0.7700,0.2300,True,True
69.0552,0.0000,4.2610,-210.2426,0.03016,0.0000,0.7695,0.2305,True,True
69.0709,0.0000,4.2649,-210.2747,0.03234,0.0000,0.7688,0.2312,True,True
69.0867,0.0000,4.2691,-210.3087,0.03424,0.0000,0.7681,0.2319,True,True
69.1027,0.0000,4.2735,-210.3452,0.03674,0.0000,0.7674,0.2326,True,True
69.1177,0.0000,4.2778,-210.3801,0.03516,0.0000,0.7667,0.2333,True,True
69.1332,0.0000,4.2826,-210.4189,0.03915,0.0000,0.7660,0.2340,True,True
69.1483,0.0000,4.2876,-210.4595,0.04086,0.0000,0.7651,0.2349,True,True
69.1636,0.0000,4.2927,-210.5011,0.04191,0.0000,0.7643,0.2357,True,True
69.1786,0.0000,4.2979,-210.5435,0.04279,0.0000,0.7635,0.2365,True,True
69.1945,0.0000,4.3038,-210.5906,0.04745,0.0000,0.7625,0.2375,True,True
69.2115,0.0000,4.3101,-210.6422,0.05194,0.0000,0.7615,0.2385,True,True
69.2247,0.0000,4.3155,-210.6851,0.04324,0.0000,0.7606,0.2394,True,True
69.2400,0.0000,4.3217,-210.7359,0.05120,0.0000,0.7596,0.2404,True,True
69.2558,0.0000,4.3284,-210.7894,0.05391,0.0000,0.7585,0.2415,True,True
69.2710,0.0000,4.3351,-210.8435,0.05454,0.0000,0.7575,0.2425,True,True
69.2873,0.0000,4.3422,-210.9010,0.05798,0.0000,0.7563,0.2437,True,True
69.3035,0.0000,4.3497,-210.9613,0.06073,0.0000,0.7551,0.2449,True,True
69.3194,0.0000,4.3578,-211.0263,0.06547,0.0000,0.7538,0.2462,True,True
69.3364,0.0000,4.3661,-211.0931,0.06729,0.0000,0.7524,0.2476,True,True
69.3528,0.0000,4.3748,-211.1621,0.06957,0.0000,0.7510,0.2490,True,True
69.3675,0.0000,4.3821,-211.2210,0.05934,0.0000,0.7498,0.2502,True,True
69.3822,0.0000,4.3906,-211.2888,0.06840,0.0000,0.7485,0.2515,True,True
69.3975,0.0000,4.3991,-211.3568,0.06849,0.0000,0.7471,0.2529,True,True
69.4134,0.0000,4.4082,-211.4291,0.07288,0.0000,0.7456,0.2544,True,True
69.4288,0.0000,4.4173,-211.5020,0.07343,0.0000,0.7441,0.2559,True,True
69.4446,0.0000,4.4270,-211.5783,0.07692,0.0000,0.7426,0.2574,True,True
69.4614,0.0000,4.4373,-211.6602,0.08253,0.0000,0.7409,0.2591,True,True
69.4751,0.0000,4.4462,-211.7308,0.07115,0.0000,0.7394,0.2606,True,True
69.4909,0.0000,4.4566,-211.8127,0.08262,0.0000,0.7377,0.2623,True,True
69.5059,0.0000,4.4666,-211.8916,0.07945,0.0000,0.7361,0.2639,True,True
69.5218,0.0000,4.4773,-211.9763,0.08542,0.0000,0.7344,0.2656,True,True
69.5375,0.0000,4.4881,-212.0611,0.08551,0.0000,0.7326,0.2674,True,True
69.5533,0.0000,4.4989,-212.1457,0.08528,0.0000,0.7309,0.2691,True,True
69.5695,0.0000,4.5100,-212.2323,0.08725,0.0000,0.7291,0.2709,True,True
69.5862,0.0000,4.5213,-212.3212,0.08965,0.0000,0.7272,0.2728,True,True
69.6010,0.0000,4.5312,-212.3983,0.07774,0.0000,0.7256,0.2744,True,True
69.6173,0.0000,4.5424,-212.4862,0.08856,0.0000,0.7238,0.2762,True,True
69.6321,0.0000,4.5529,-212.5675,0.08205,0.0000,0.7221,0.2779,True,True
69.6481,0.0000,4.5639,-212.6531,0.08623,0.0000,0.7203,0.2797,True,True
69.6638,0.0000,4.5747,-212.7365,0.08417,0.0000,0.7185,0.2815,True,True
69.6803,0.0000,4.5858,-212.8225,0.08668,0.0000,0.7167,0.2833,True,True
69.6957,0.0000,4.5968,-212.9079,0.08606,0.0000,0.7149,0.2851,True,True
69.7115,0.0000,4.6076,-212.9918,0.08460,0.0000,0.7132,0.2868,True,True
69.7281,0.0000,4.6191,-213.0800,0.08900,0.0000,0.7113,0.2887,True,True
69.7445,0.0000,4.6307,-213.1691,0.08982,0.0000,0.7094,0.2906,True,True
69.7582,0.0000,4.6402,-213.2422,0.07375,0.0000,0.7079,0.2921,True,True
69.7732,0.0000,4.6508,-213.3238,0.08228,0.0000,0.7061,0.2939,True,True
69.7896,0.0000,4.6622,-213.4112,0.08808,0.0000,0.7043,0.2957,True,True
69.8056,0.0000,4.6733,-213.4967,0.08623,0.0000,0.7025,0.2975,True,True
69.8211,0.0000,4.6843,-213.5799,0.08392,0.0000,0.7007,0.2993,True,True
69.8369,0.0000,4.6953,-213.6641,0.08495,0.0000,0.6989,0.3011,True,True
69.8531,0.0000,4.7065,-213.7491,0.08572,0.0000,0.6971,0.3029,True,True
69.8694,0.0000,4.7182,-213.8385,0.09012,0.0000,0.6951,0.3049,True,True
69.8835,0.0000,4.7281,-213.9133,0.07550,0.0000,0.6935,0.3065,True,True
69.8990,0.0000,4.7390,-213.9965,0.08392,0.0000,0.6918,0.3082,True,True
69.9141,0.0000,4.7497,-214.0773,0.08149,0.0000,0.6900,0.3100,True,True
69.9292,0.0000,4.7605,-214.1586,0.08196,0.0000,0.6883,0.3117,True,True
69.9443,0.0000,4.7710,-214.2382,0.08033,0.0000,0.6866,0.3134,True,True
69.9611,0.0000,4.7824,-214.3239,0.08643,0.0000,0.6847,0.3153,True,True
69.9747,0.0000,4.7915,-214.3923,0.06900,0.0000,0.6832,0.3168,True,True
69.9899,0.0000,4.8014,-214.4672,0.07562,0.0000,0.6816,0.3184,True,True
70.0052,0.0000,4.8111,-214.5401,0.07349,0.0000,0.6800,0.3200,True,True
70.0204,0.0000,4.8207,-214.6121,0.07265,0.0000,0.6785,0.3215,True,True
70.0360,0.0000,4.8303,-214.6833,0.07188,0.0000,0.6769,0.3231,True,True
70.0527,0.0000,4.8402,-214.7576,0.07489,0.0000,0.6753,0.3247,True,True
70.0662,0.0000,4.8480,-214.8162,0.05919,0.0000,0.6740,0.3260,True,True
70.0817,0.0000,4.8568,-214.8818,0.06610,0.0000,0.6726,0.3274,True,True
70.0972,0.0000,4.8653,-214.9455,0.06427,0.0000,0.6712,0.3288,True,True
70.1127,0.0000,4.8736,-215.0077,0.06275,0.0000,0.6698,0.3302,True,True
70.1285,0.0000,4.8819,-215.0691,0.06199,0.0000,0.6685,0.3315,True,True
70.1445,0.0000,4.8901,-215.1296,0.06103,0.0000,0.6672,0.3328,True,True
70.1613,0.0000,4.8982,-215.1898,0.06082,0.0000,0.6659,0.3341,True,True
70.1756,0.0000,4.9050,-215.2400,0.05061,0.0000,0.6648,0.3352,True,True
70.1925,0.0000,4.9127,-215.2972,0.05771,0.0000,0.6635,0.3365,True,True
70.2083,0.0000,4.9199,-215.3510,0.05429,0.0000,0.6623,0.3377,True,True
70.2234,0.0000,4.9264,-215.3987,0.04810,0.0000,0.6613,0.3387,True,True
70.2397,0.0000,4.9331,-215.4488,0.05058,0.0000,0.6602,0.3398,True,True
70.2557,0.0000,4.9395,-215.4958,0.04744,0.0000,0.6591,0.3409,True,True
70.2714,0.0000,4.9455,-215.5401,0.04472,0.0000,0.6582,0.3418,True,True
70.2873,0.0000,4.9513,-215.5829,0.04316,0.0000,0.6572,0.3428,True,True
70.3035,0.0000,4.9570,-215.6245,0.04201,0.0000,0.6563,0.3437,True,True
70.3194,0.0000,4.9623,-215.6639,0.03979,0.0000,0.6554,0.3446,True,True
70.3364,0.0000,4.9676,-215.7032,0.03962,0.0000,0.6546,0.3454,True,True
70.3527,0.0000,4.9726,-215.7399,0.03708,0.0000,0.6538,0.3462,True,True
70.3678,0.0000,4.9767,-215.7696,0.02991,0.0000,0.6531,0.3469,True,True
70.3822,0.0000,4.9809,-215.8006,0.03129,0.0000,0.6524,0.3476,True,True
70.3985,0.0000,4.9850,-215.8309,0.03057,0.0000,0.6517,0.3483,True,True
70.4142,0.0000,4.9888,-215.8587,0.02804,0.0000,0.6511,0.3489,True,True
70.4299,0.0000,4.9923,-215.8845,0.02610,0.0000,0.6506,0.3494,True,True
70.4456,0.0000,4.9956,-215.9086,0.02428,0.0000,0.6500,0.3500,True,True
70.4614,0.0000,4.9986,-215.9310,0.02258,0.0000,0.6495,0.3505,True,True
70.4781,0.0000,5.0015,-215.9519,0.02117,0.0000,0.6491,0.3509,True,True
70.4949,0.0000,5.0041,-215.9713,0.01956,0.0000,0.6486,0.3514,True,True
70.5093,0.0000,5.0062,-215.9869,0.01569,0.0000,0.6483,0.3517,True,True
70.5253,0.0000,5.0062,-215.9869,0.00000,0.0000,0.6483,0.3517,True,True
70.5729,0.0000,5.0063,-215.9874,0.00052,0.0000,0.6483,0.3517,True,True
70.5904,0.0000,5.0067,-215.9907,0.00339,0.0000,0.6482,0.3518,True,True
70.6059,0.0000,5.0074,-215.9955,0.00484,0.0000,0.6481,0.3519,True,True
70.6229,0.0000,5.0084,-216.0029,0.00747,0.0000,0.6479,0.3521,True,True
70.6408,0.0000,5.0098,-216.0129,0.01004,0.0000,0.6477,0.3523,True,True
70.6582,0.0000,5.0114,-216.0251,0.01234,0.0000,0.6474,0.3526,True,True
70.6756,0.0000,5.0134,-216.0391,0.01415,0.0000,0.6471,0.3529,True,True
70.6944,0.0000,5.0159,-216.0577,0.01874,0.0000,0.6467,0.3533,True,True
70.7114,0.0000,5.0184,-216.0759,0.01839,0.0000,0.6463,0.3537,True,True
70.7276,0.0000,5.0212,-216.0961,0.02033,0.0000,0.6459,0.3541,True,True
70.7448,0.0000,5.0242,-216.1185,0.02262,0.0000,0.6454,0.3546,True,True
70.7617,0.0000,5.0277,-216.1437,0.02546,0.0000,0.6448,0.3552,True,True
70.7791,0.0000,5.0315,-216.1716,0.02815,0.0000,0.6442,0.3558,True,True
70.7963,0.0000,5.0356,-216.2013,0.03000,0.0000,0.6435,0.3565,True,True
70.8131,0.0000,5.0398,-216.2321,0.03106,0.0000,0.6429,0.3571,True,True
70.8301,0.0000,5.0444,-216.2655,0.03371,0.0000,0.6421,0.3579,True,True
70.8472,0.0000,5.0493,-216.3016,0.03646,0.0000,0.6413,0.3587,True,True
70.8647,0.0000,5.0546,-216.3403,0.03910,0.0000,0.6404,0.3596,True,True
70.8813,0.0000,5.0600,-216.3797,0.03975,0.0000,0.6396,0.3604,True,True
70.8985,0.0000,5.0659,-216.4222,0.04291,0.0000,0.6386,0.3614,True,True
70.9160,0.0000,5.0721,-216.4681,0.04625,0.0000,0.6376,0.3624,True,True
70.9334,0.0000,5.0786,-216.5147,0.04711,0.0000,0.6366,0.3634,True,True
70.9513,0.0000,5.0854,-216.5645,0.05026,0.0000,0.6354,0.3646,True,True
70.9695,0.0000,5.0934,-216.6219,0.05795,0.0000,0.6342,0.3658,True,True
70.9862,0.0000,5.1006,-216.6741,0.05265,0.0000,0.6330,0.3670,True,True
71.0030,0.0000,5.1081,-216.7285,0.05493,0.0000,0.6318,0.3682,True,True
71.0200,0.0000,5.1162,-216.7872,0.05921,0.0000,0.6305,0.3695,True,True
71.0369,0.0000,5.1242,-216.8455,0.05893,0.0000,0.6292,0.3708,True,True
71.0540,0.0000,5.1328,-216.9074,0.06243,0.0000,0.6278,0.3722,True,True
71.0713,0.0000,5.1419,-216.9734,0.06668,0.0000,0.6263,0.3737,True,True
71.0881,0.0000,5.1510,-217.0394,0.06656,0.0000,0.6248,0.3752,True,True
71.1064,0.0000,5.1610,-217.1111,0.07241,0.0000,0.6232,0.3768,True,True
71.1239,0.0000,5.1713,-217.1847,0.07436,0.0000,0.6216,0.3784,True,True
71.1447,0.0000,5.1837,-217.2740,0.09009,0.0000,0.6196,0.3804,True,True
71.1612,0.0000,5.1939,-217.3477,0.07441,0.0000,0.6179,0.3821,True,True
71.1782,0.0000,5.2046,-217.4244,0.07751,0.0000,0.6162,0.3838,True,True
71.1951,0.0000,5.2159,-217.5054,0.08173,0.0000,0.6144,0.3856,True,True
71.2118,0.0000,5.2271,-217.5850,0.08040,0.0000,0.6126,0.3874,True,True
71.2294,0.0000,5.2392,-217.6720,0.08784,0.0000,0.6106,0.3894,True,True
71.2470,0.0000,5.2515,-217.7598,0.08863,0.0000,0.6086,0.3914,True,True
71.2643,0.0000,5.2644,-217.8513,0.09242,0.0000,0.6065,0.3935,True,True
71.2810,0.0000,5.2768,-217.9403,0.08987,0.0000,0.6045,0.3955,True,True
71.2979,0.0000,5.2896,-218.0310,0.09162,0.0000,0.6025,0.3975,True,True
71.3147,0.0000,5.3023,-218.1209,0.09077,0.0000,0.6004,0.3996,True,True
71.3319,0.0000,5.3149,-218.2102,0.09021,0.0000,0.5984,0.4016,True,True
71.3506,0.0000,5.3288,-218.3090,0.09975,0.0000,0.5962,0.4038,True,True
71.3679,0.0000,5.3421,-218.4032,0.09510,0.0000,0.5940,0.4060,True,True
71.3862,0.0000,5.3561,-218.5022,0.09998,0.0000,0.5918,0.4082,True,True
71.4027,0.0000,5.3687,-218.5911,0.08988,0.0000,0.5898,0.4102,True,True
71.4195,0.0000,5.3814,-218.6804,0.09018,0.0000,0.5877,0.4123,True,True
71.4362,0.0000,5.3941,-218.7696,0.09010,0.0000,0.5857,0.4143,True,True
71.4527,0.0000,5.4068,-218.8587,0.08995,0.0000,0.5837,0.4163,True,True
71.4669,0.0000,5.4175,-218.9341,0.07614,0.0000,0.5820,0.4180,True,True
71.4828,0.0000,5.4296,-219.0192,0.08599,0.0000,0.5800,0.4200,True,True
71.4989,0.0000,5.4420,-219.1056,0.08729,0.0000,0.5780,0.4220,True,True
71.5150,0.0000,5.4542,-219.1912,0.08650,0.0000,0.5761,0.4239,True,True
71.5312,0.0000,5.4666,-219.2780,0.08769,0.0000,0.5741,0.4259,True,True
71.5484,0.0000,5.4797,-219.3694,0.09235,0.0000,0.5720,0.4280,True,True
71.5651,0.0000,5.4923,-219.4572,0.08868,0.0000,0.5700,0.4300,True,True
71.5812,0.0000,5.5048,-219.5445,0.08819,0.0000,0.5680,0.4320,True,True
71.5973,0.0000,5.5170,-219.6290,0.08537,0.0000,0.5661,0.4339,True,True
71.6133,0.0000,5.5295,-219.7165,0.08837,0.0000,0.5641,0.4359,True,True
71.6290,0.0000,5.5416,-219.8000,0.08434,0.0000,0.5622,0.4378,True,True
71.6447,0.0000,5.5535,-219.8828,0.08366,0.0000,0.5603,0.4397,True,True
71.6611,0.0000,5.5664,-219.9721,0.09022,0.0000,0.5582,0.4418,True,True
71.6748,0.0000,5.5769,-220.0452,0.07386,0.0000,0.5565,0.4435,True,True
71.6901,0.0000,5.5888,-220.1270,0.08270,0.0000,0.5547,0.4453,True,True
71.7054,0.0000,5.6006,-220.2085,0.08230,0.0000,0.5528,0.4472,True,True
71.7209,0.0000,5.6121,-220.2883,0.08062,0.0000,0.5510,0.4490,True,True
71.7362,0.0000,5.6234,-220.3659,0.07842,0.0000,0.5492,0.4508,True,True
71.7527,0.0000,5.6352,-220.4476,0.08259,0.0000,0.5473,0.4527,True,True
71.7676,0.0000,5.6454,-220.5179,0.07102,0.0000,0.5457,0.4543,True,True
71.7832,0.0000,5.6564,-220.5932,0.07607,0.0000,0.5440,0.4560,True,True
71.7993,0.0000,5.6672,-220.6673,0.07490,0.0000,0.5422,0.4578,True,True
71.8155,0.0000,5.6778,-220.7397,0.07314,0.0000,0.5406,0.4594,True,True
71.8316,0.0000,5.6880,-220.8099,0.07098,0.0000,0.5390,0.4610,True,True
71.8474,0.0000,5.6978,-220.8773,0.06808,0.0000,0.5374,0.4626,True,True
71.8637,0.0000,5.7076,-220.9444,0.06780,0.0000,0.5359,0.4641,True,True
71.8794,0.0000,5.7166,-221.0062,0.06250,0.0000,0.5344,0.4656,True,True
71.8951,0.0000,5.7257,-221.0679,0.06234,0.0000,0.5330,0.4670,True,True
71.9113,0.0000,5.7345,-221.1282,0.06096,0.0000,0.5316,0.4684,True,True
71.9282,0.0000,5.7434,-221.1891,0.06156,0.0000,0.5302,0.4698,True,True
71.9445,0.0000,5.7520,-221.2478,0.05928,0.0000,0.5289,0.4711,True,True
71.9612,0.0000,5.7603,-221.3043,0.05717,0.0000,0.5276,0.4724,True,True
71.9777,0.0000,5.7683,-221.3589,0.05516,0.0000,0.5263,0.4737,True,True
71.9943,0.0000,5.7760,-221.4113,0.05301,0.0000,0.5251,0.4749,True,True
72.0086,0.0000,5.7823,-221.4539,0.04303,0.0000,0.5241,0.4759,True,True
72.0248,0.0000,5.7892,-221.5015,0.04809,0.0000,0.5230,0.4770,True,True
72.0415,0.0000,5.7961,-221.5484,0.04737,0.0000,0.5220,0.4780,True,True
72.0589,0.0000,5.8028,-221.5938,0.04592,0.0000,0.5209,0.4791,True,True
72.0749,0.0000,5.8091,-221.6362,0.04285,0.0000,0.5199,0.4801,True,True
72.0921,0.0000,5.8150,-221.6764,0.04067,0.0000,0.5190,0.4810,True,True
72.1081,0.0000,5.8206,-221.7140,0.03796,0.0000,0.5181,0.4819,True,True
72.1243,0.0000,5.8259,-221.7500,0.03648,0.0000,0.5173,0.4827,True,True
72.1418,0.0000,5.8310,-221.7844,0.03475,0.0000,0.5165,0.4835,True,True
72.1573,0.0000,5.8356,-221.8160,0.03193,0.0000,0.5158,0.4842,True,True
72.1736,0.0000,5.8400,-221.8459,0.03017,0.0000,0.5151,0.4849,True,True
72.1904,0.0000,5.8442,-221.8745,0.02900,0.0000,0.5144,0.4856,True,True
72.2069,0.0000,5.8481,-221.9004,0.02614,0.0000,0.5138,0.4862,True,True
72.2231,0.0000,5.8515,-221.9240,0.02386,0.0000,0.5133,0.4867,True,True
72.2395,0.0000,5.8548,-221.9459,0.02215,0.0000,0.5128,0.4872,True,True
72.2557,0.0000,5.8577,-221.9657,0.01999,0.0000,0.5123,0.4877,True,True
72.2717,0.0000,5.8604,-221.9843,0.01880,0.0000,0.5119,0.4881,True,True
72.2878,0.0000,5.8604,-221.9843,0.00000,0.0000,0.5119,0.4881,True,True
72.3034,0.0000,5.8607,-221.9861,0.00182,0.0000,0.5119,0.4881,True,True
72.3195,0.0000,5.8613,-221.9899,0.00384,0.0000,0.5118,0.4882,True,True
72.3362,0.0000,5.8621,-221.9958,0.00594,0.0000,0.5116,0.4884,True,True
72.3527,0.0000,5.8633,-222.0038,0.00810,0.0000,0.5115,0.4885,True,True
72.3695,0.0000,5.8648,-222.0139,0.01024,0.0000,0.5112,0.4888,True,True
72.3846,0.0000,5.8663,-222.0242,0.01041,0.0000,0.5110,0.4890,True,True
72.4004,0.0000,5.8683,-222.0376,0.01348,0.0000,0.5107,0.4893,True,True
72.4165,0.0000,5.8706,-222.0531,0.01570,0.0000,0.5103,0.4897,True,True
72.4325,0.0000,5.8732,-222.0706,0.01766,0.0000,0.5099,0.4901,True,True
72.4491,0.0000,5.8761,-222.0903,0.02001,0.0000,0.5095,0.4905,True,True
72.4659,0.0000,5.8794,-222.1126,0.02246,0.0000,0.5089,0.4911,True,True
72.4822,0.0000,5.8829,-222.1360,0.02365,0.0000,0.5084,0.4916,True,True
72.4987,0.0000,5.8868,-222.1620,0.02636,0.0000,0.5078,0.4922,True,True
72.5157,0.0000,5.8910,-222.1907,0.02898,0.0000,0.5071,0.4929,True,True
72.5320,0.0000,5.8954,-222.2203,0.02994,0.0000,0.5065,0.4935,True,True
72.5487,0.0000,5.9002,-222.2525,0.03253,0.0000,0.5057,0.4943,True,True
72.5651,0.0000,5.9052,-222.2861,0.03400,0.0000,0.5049,0.4951,True,True
72.5813,0.0000,5.9104,-222.3216,0.03590,0.0000,0.5041,0.4959,True,True
72.5978,0.0000,5.9161,-222.3596,0.03833,0.0000,0.5032,0.4968,True,True
72.6143,0.0000,5.9220,-222.3993,0.04020,0.0000,0.5023,0.4977,True,True
72.6306,0.0000,5.9281,-222.4409,0.04205,0.0000,0.5014,0.4986,True,True
72.6464,0.0000,5.9344,-222.4830,0.04251,0.0000,0.5004,0.4996,True,True
72.6629,0.0000,5.9412,-222.5286,0.04616,0.0000,0.4993,0.5007,True,True
72.6792,0.0000,5.9482,-222.5760,0.04790,0.0000,0.4982,0.5018,True,True
72.6958,0.0000,5.9557,-222.6265,0.05102,0.0000,0.4971,0.5029,True,True
72.7122,0.0000,5.9635,-222.6782,0.05231,0.0000,0.4959,0.5041,True,True
72.7287,0.0000,5.9715,-222.7319,0.05426,0.0000,0.4946,0.5054,True,True
72.7451,0.0000,5.9797,-222.7875,0.05625,0.0000,0.4934,0.5066,True,True
72.7617,0.0000,5.9883,-222.8451,0.05819,0.0000,0.4920,0.5080,True,True
72.7784,0.0000,5.9973,-222.9052,0.06085,0.0000,0.4906,0.5094,True,True
72.7948,0.0000,6.0065,-222.9672,0.06264,0.0000,0.4892,0.5108,True,True
72.8115,0.0000,6.0162,-223.0316,0.06515,0.0000,0.4877,0.5123,True,True
72.8279,0.0000,6.0261,-223.0981,0.06726,0.0000,0.4862,0.5138,True,True
72.8446,0.0000,6.0364,-223.1668,0.06943,0.0000,0.4846,0.5154,True,True
72.8611,0.0000,6.0470,-223.2376,0.07162,0.0000,0.4830,0.5170,True,True
72.8782,0.0000,6.0580,-223.3109,0.07408,0.0000,0.4813,0.5187,True,True
72.8945,0.0000,6.0692,-223.3856,0.07553,0.0000,0.4796,0.5204,True,True
72.9114,0.0000,6.0808,-223.4631,0.07840,0.0000,0.4778,0.5222,True,True
72.9283,0.0000,6.0928,-223.5428,0.08061,0.0000,0.4759,0.5241,True,True
72.9445,0.0000,6.1049,-223.6232,0.08123,0.0000,0.4741,0.5259,True,True
72.9613,0.0000,6.1174,-223.7061,0.08390,0.0000,0.4722,0.5278,True,True
72.9781,0.0000,6.1304,-223.7928,0.08763,0.0000,0.4702,0.5298,True,True
72.9953,0.0000,6.1436,-223.8800,0.08817,0.0000,0.4682,0.5318,True,True
73.0118,0.0000,6.1573,-223.9709,0.09198,0.0000,0.4661,0.5339,True,True
73.0284,0.0000,6.1708,-224.0603,0.09040,0.0000,0.4640,0.5360,True,True
73.0449,0.0000,6.1841,-224.1485,0.08918,0.0000,0.4620,0.5380,True,True
73.0616,0.0000,6.1976,-224.2380,0.09050,0.0000,0.4599,0.5401,True,True
73.0781,0.0000,6.2110,-224.3260,0.08903,0.0000,0.4579,0.5421,True,True
73.0947,0.0000,6.2241,-224.4129,0.08795,0.0000,0.4559,0.5441,True,True
73.1111,0.0000,6.2375,-224.5016,0.08963,0.0000,0.4539,0.5461,True,True
73.1281,0.0000,6.2511,-224.5906,0.09007,0.0000,0.4518,0.5482,True,True
73.1445,0.0000,6.2646,-224.6795,0.08990,0.0000,0.4498,0.5502,True,True
73.1614,0.0000,6.2781,-224.7686,0.09012,0.0000,0.4477,0.5523,True,True
73.1787,0.0000,6.2923,-224.8621,0.09461,0.0000,0.4456,0.5544,True,True
73.1949,0.0000,6.3056,-224.9496,0.08847,0.0000,0.4436,0.5564,True,True
73.2115,0.0000,6.3191,-225.0382,0.08963,0.0000,0.4415,0.5585,True,True
73.2284,0.0000,6.3325,-225.1259,0.08869,0.0000,0.4395,0.5605,True,True
73.2445,0.0000,6.3460,-225.2145,0.08962,0.0000,0.4375,0.5625,True,True
73.2615,0.0000,6.3595,-225.3028,0.08934,0.0000,0.4355,0.5645,True,True
73.2784,0.0000,6.3734,-225.3938,0.09210,0.0000,0.4334,0.5666,True,True
73.2950,0.0000,6.3871,-225.4836,0.09081,0.0000,0.4313,0.5687,True,True
73.3112,0.0000,6.4003,-225.5695,0.08686,0.0000,0.4294,0.5706,True,True
73.3277,0.0000,6.4138,-225.6580,0.08955,0.0000,0.4274,0.5726,True,True
73.3444,0.0000,6.4276,-225.7474,0.09046,0.0000,0.4253,0.5747,True,True
73.3614,0.0000,6.4413,-225.8367,0.09037,0.0000,0.4233,0.5767,True,True
73.3781,0.0000,6.4548,-225.9252,0.08954,0.0000,0.4212,0.5788,True,True
73.3945,0.0000,6.4685,-226.0141,0.08994,0.0000,0.4192,0.5808,True,True
73.4109,0.0000,6.4821,-226.1028,0.08976,0.0000,0.4172,0.5828,True,True
73.4256,0.0000,6.4939,-226.1791,0.07718,0.0000,0.4155,0.5845,True,True
73.4407,0.0000,6.5062,-226.2593,0.08108,0.0000,0.4136,0.5864,True,True
73.4563,0.0000,6.5184,-226.3387,0.08040,0.0000,0.4118,0.5882,True,True
73.4719,0.0000,6.5304,-226.4166,0.07875,0.0000,0.4101,0.5899,True,True
73.4874,0.0000,6.5420,-226.4918,0.07614,0.0000,0.4083,0.5917,True,True
73.5031,0.0000,6.5536,-226.5666,0.07569,0.0000,0.4066,0.5934,True,True
73.5193,0.0000,6.5651,-226.6415,0.07581,0.0000,0.4049,0.5951,True,True
73.5363,0.0000,6.5768,-226.7170,0.07634,0.0000,0.4032,0.5968,True,True
73.5511,0.0000,6.5868,-226.7816,0.06542,0.0000,0.4018,0.5982,True,True
73.5669,0.0000,6.5973,-226.8497,0.06888,0.0000,0.4002,0.5998,True,True
73.5832,0.0000,6.6080,-226.9186,0.06973,0.0000,0.3987,0.6013,True,True
73.5998,0.0000,6.6183,-226.9856,0.06780,0.0000,0.3971,0.6029,True,True
73.6161,0.0000,6.6282,-227.0495,0.06465,0.0000,0.3957,0.6043,True,True
73.6326,0.0000,6.6379,-227.1120,0.06325,0.0000,0.3943,0.6057,True,True
73.6490,0.0000,6.6473,-227.1723,0.06101,0.0000,0.3929,0.6071,True,True
73.6654,0.0000,6.6563,-227.2303,0.05871,0.0000,0.3916,0.6084,True,True
73.6818,0.0000,6.6650,-227.2867,0.05707,0.0000,0.3903,0.6097,True,True
73.6984,0.0000,6.6735,-227.3413,0.05526,0.0000,0.3891,0.6109,True,True
73.7144,0.0000,6.6815,-227.3926,0.05194,0.0000,0.3879,0.6121,True,True
73.7308,0.0000,6.6893,-227.4428,0.05072,0.0000,0.3868,0.6132,True,True
73.7472,0.0000,6.6967,-227.4910,0.04884,0.0000,0.3857,0.6143,True,True
73.7632,0.0000,6.7038,-227.5361,0.04565,0.0000,0.3847,0.6153,True,True
73.7795,0.0000,6.7106,-227.5803,0.04471,0.0000,0.3837,0.6163,True,True
73.7953,0.0000,6.7170,-227.6213,0.04151,0.0000,0.3828,0.6172,True,True
73.8116,0.0000,6.7233,-227.6614,0.04058,0.0000,0.3819,0.6181,True,True
73.8277,0.0000,6.7292,-227.6992,0.03819,0.0000,0.3810,0.6190,True,True
73.8445,0.0000,6.7349,-227.7363,0.03759,0.0000,0.3802,0.6198,True,True
73.8613,0.0000,6.7404,-227.7712,0.03536,0.0000,0.3794,0.6206,True,True
73.8783,0.0000,6.7455,-227.8042,0.03337,0.0000,0.3787,0.6213,True,True
73.8944,0.0000,6.7503,-227.8350,0.03115,0.0000,0.3780,0.6220,True,True
73.9113,0.0000,6.7548,-227.8639,0.02928,0.0000,0.3773,0.6227,True,True
73.9281,0.0000,6.7590,-227.8909,0.02730,0.0000,0.3767,0.6233,True,True
73.9445,0.0000,6.7628,-227.9153,0.02472,0.0000,0.3762,0.6238,True,True
73.9613,0.0000,6.7664,-227.9380,0.02299,0.0000,0.3757,0.6243,True,True
73.9781,0.0000,6.7696,-227.9589,0.02106,0.0000,0.3752,0.6248,True,True
73.9949,0.0000,6.7725,-227.9773,0.01869,0.0000,0.3748,0.6252,True,True
74.0115,0.0000,6.7725,-227.9773,0.00000,0.0000,0.3748,0.6252,True,True
74.0278,0.0000,6.7728,-227.9794,0.00212,0.0000,0.3748,0.6253,True,True
74.0445,0.0000,6.7734,-227.9835,0.00414,0.0000,0.3747,0.6253,True,True
74.0617,0.0000,6.7744,-227.9897,0.00627,0.0000,0.3745,0.6255,True,True
74.0778,0.0000,6.7757,-227.9979,0.00829,0.0000,0.3743,0.6257,True,True
74.0946,0.0000,6.7773,-228.0082,0.01044,0.0000,0.3741,0.6259,True,True
74.1112,0.0000,6.7792,-228.0207,0.01260,0.0000,0.3738,0.6262,True,True
74.1279,0.0000,6.7815,-228.0351,0.01458,0.0000,0.3735,0.6265,True,True
74.1446,0.0000,6.7840,-228.0515,0.01659,0.0000,0.3731,0.6269,True,True
74.1612,0.0000,6.7869,-228.0700,0.01880,0.0000,0.3727,0.6273,True,True
74.1778,0.0000,6.7902,-228.0906,0.02085,0.0000,0.3723,0.6277,True,True
74.1928,0.0000,6.7932,-228.1100,0.01966,0.0000,0.3718,0.6282,True,True
74.2085,0.0000,6.7969,-228.1335,0.02371,0.0000,0.3713,0.6287,True,True
74.2240,0.0000,6.8007,-228.1582,0.02503,0.0000,0.3707,0.6293,True,True
74.2400,0.0000,6.8050,-228.1853,0.02738,0.0000,0.3701,0.6299,True,True
74.2557,0.0000,6.8094,-228.2139,0.02897,0.0000,0.3695,0.6305,True,True
74.2715,0.0000,6.8142,-228.2444,0.03086,0.0000,0.3688,0.6312,True,True
74.2874,0.0000,6.8193,-228.2768,0.03286,0.0000,0.3681,0.6319,True,True
74.3039,0.0000,6.8248,-228.3121,0.03569,0.0000,0.3673,0.6327,True,True
74.3201,0.0000,6.8307,-228.3499,0.03830,0.0000,0.3665,0.6335,True,True
74.3360,0.0000,6.8367,-228.3886,0.03910,0.0000,0.3656,0.6344,True,True
74.3527,0.0000,6.8433,-228.4307,0.04267,0.0000,0.3647,0.6353,True,True
74.3672,0.0000,6.8493,-228.4691,0.03886,0.0000,0.3638,0.6362,True,True
74.3829,0.0000,6.8559,-228.5115,0.04286,0.0000,0.3629,0.6371,True,True
74.4006,0.0000,6.8638,-228.5619,0.05100,0.0000,0.3617,0.6383,True,True
74.4166,0.0000,6.8717,-228.6118,0.05057,0.0000,0.3606,0.6394,True,True
74.4322,0.0000,6.8792,-228.6602,0.04893,0.0000,0.3595,0.6405,True,True
74.4485,0.0000,6.8875,-228.7129,0.05335,0.0000,0.3584,0.6416,True,True
74.4645,0.0000,6.8959,-228.7664,0.05420,0.0000,0.3572,0.6428,True,True
74.4807,0.0000,6.9048,-228.8230,0.05733,0.0000,0.3559,0.6441,True,True
74.4977,0.0000,6.9142,-228.8830,0.06070,0.0000,0.3546,0.6454,True,True
74.5133,0.0000,6.9235,-228.9424,0.06008,0.0000,0.3533,0.6467,True,True
74.5293,0.0000,6.9332,-229.0043,0.06265,0.0000,0.3519,0.6481,True,True
74.5453,0.0000,6.9431,-229.0673,0.06386,0.0000,0.3505,0.6495,True,True
74.5633,0.0000,6.9545,-229.1398,0.07337,0.0000,0.3489,0.6511,True,True
74.5800,0.0000,6.9658,-229.2118,0.07291,0.0000,0.3473,0.6527,True,True
74.5964,0.0000,6.9770,-229.2828,0.07181,0.0000,0.3457,0.6543,True,True
74.6123,0.0000,6.9881,-229.3536,0.07166,0.0000,0.3442,0.6558,True,True
74.6288,0.0000,6.9999,-229.4287,0.07603,0.0000,0.3425,0.6575,True,True
74.6460,0.0000,7.0127,-229.5098,0.08213,0.0000,0.3407,0.6593,True,True
74.6626,0.0000,7.0253,-229.5896,0.08084,0.0000,0.3390,0.6610,True,True
74.6799,0.0000,7.0387,-229.6743,0.08569,0.0000,0.3371,0.6629,True,True
74.6966,0.0000,7.0523,-229.7606,0.08736,0.0000,0.3352,0.6648,True,True
74.7128,0.0000,7.0655,-229.8445,0.08496,0.0000,0.3334,0.6666,True,True
74.7299,0.0000,7.0799,-229.9359,0.09255,0.0000,0.3314,0.6686,True,True
74.7461,0.0000,7.0936,-230.0223,0.08743,0.0000,0.3295,0.6705,True,True
74.7626,0.0000,7.1075,-230.1105,0.08931,0.0000,0.3276,0.6724,True,True
74.7799,0.0000,7.1219,-230.2012,0.09180,0.0000,0.3256,0.6744,True,True
74.7965,0.0000,7.1362,-230.2916,0.09155,0.0000,0.3236,0.6764,True,True
74.8131,0.0000,7.1501,-230.3794,0.08895,0.0000,0.3217,0.6783,True,True
74.8296,0.0000,7.1641,-230.4678,0.08951,0.0000,0.3198,0.6802,True,True
74.8460,0.0000,7.1779,-230.5551,0.08834,0.0000,0.3179,0.6821,True,True
74.8623,0.0000,7.1917,-230.6423,0.08833,0.0000,0.3160,0.6840,True,True
74.8795,0.0000,7.2059,-230.7316,0.09033,0.0000,0.3141,0.6859,True,True
74.8958,0.0000,7.2201,-230.8210,0.09055,0.0000,0.3122,0.6878,True,True
74.9123,0.0000,7.2341,-230.9092,0.08931,0.0000,0.3103,0.6897,True,True
74.9286,0.0000,7.2479,-230.9962,0.08808,0.0000,0.3084,0.6916,True,True
74.9456,0.0000,7.2618,-231.0840,0.08890,0.0000,0.3065,0.6935,True,True
74.9621,0.0000,7.2762,-231.1740,0.09119,0.0000,0.3046,0.6954,True,True
74.9783,0.0000,7.2900,-231.2608,0.08788,0.0000,0.3027,0.6973,True,True
74.9947,0.0000,7.3039,-231.3484,0.08870,0.0000,0.3009,0.6991,True,True
75.0115,0.0000,7.3181,-231.4380,0.09073,0.0000,0.2989,0.7011,True,True
75.0280,0.0000,7.3320,-231.5252,0.08829,0.0000,0.2971,0.7029,True,True
75.0448,0.0000,7.3464,-231.6155,0.09146,0.0000,0.2952,0.7048,True,True
75.0616,0.0000,7.3607,-231.7051,0.09073,0.0000,0.2933,0.7067,True,True
75.0784,0.0000,7.3747,-231.7932,0.08919,0.0000,0.2914,0.7086,True,True
75.0954,0.0000,7.3894,-231.8853,0.09322,0.0000,0.2894,0.7106,True,True
75.1119,0.0000,7.4033,-231.9726,0.08846,0.0000,0.2876,0.7124,True,True
75.1279,0.0000,7.4170,-232.0584,0.08690,0.0000,0.2858,0.7142,True,True
75.1443,0.0000,7.4310,-232.1460,0.08865,0.0000,0.2839,0.7161,True,True
75.1610,0.0000,7.4451,-232.2338,0.08896,0.0000,0.2821,0.7179,True,True
75.1763,0.0000,7.4570,-232.3087,0.07578,0.0000,0.2805,0.7195,True,True
75.1914,0.0000,7.4697,-232.3878,0.08020,0.0000,0.2789,0.7211,True,True
75.2074,0.0000,7.4822,-232.4665,0.07966,0.0000,0.2772,0.7228,True,True
75.2234,0.0000,7.4945,-232.5430,0.07745,0.0000,0.2756,0.7244,True,True
75.2393,0.0000,7.5064,-232.6176,0.07557,0.0000,0.2741,0.7259,True,True
75.2552,0.0000,7.5180,-232.6898,0.07317,0.0000,0.2726,0.7274,True,True
75.2715,0.0000,7.5295,-232.7619,0.07295,0.0000,0.2711,0.7289,True,True
75.2872,0.0000,7.5405,-232.8306,0.06954,0.0000,0.2696,0.7304,True,True
75.3033,0.0000,7.5514,-232.8982,0.06853,0.0000,0.2682,0.7318,True,True
75.3197,0.0000,7.5621,-232.9651,0.06768,0.0000,0.2668,0.7332,True,True
75.3360,0.0000,7.5724,-233.0295,0.06528,0.0000,0.2655,0.7345,True,True
75.3528,0.0000,7.5826,-233.0934,0.06472,0.0000,0.2642,0.7358,True,True
75.3694,0.0000,7.5926,-233.1554,0.06279,0.0000,0.2629,0.7371,True,True
75.3863,0.0000,7.6022,-233.2152,0.06058,0.0000,0.2617,0.7383,True,True
75.4014,0.0000,7.6104,-233.2664,0.05183,0.0000,0.2606,0.7394,True,True
75.4194,0.0000,7.6204,-233.3287,0.06313,0.0000,0.2594,0.7406,True,True
75.4326,0.0000,7.6272,-233.3713,0.04315,0.0000,0.2585,0.7415,True,True
75.4488,0.0000,7.6354,-233.4219,0.05121,0.0000,0.2574,0.7426,True,True
75.4651,0.0000,7.6432,-233.4709,0.04959,0.0000,0.2564,0.7436,True,True
75.4806,0.0000,7.6504,-233.5159,0.04565,0.0000,0.2555,0.7445,True,True
75.4963,0.0000,7.6574,-233.5593,0.04389,0.0000,0.2546,0.7454,True,True
75.5118,0.0000,7.6641,-233.6007,0.04199,0.0000,0.2538,0.7462,True,True
75.5276,0.0000,7.6705,-233.6408,0.04055,0.0000,0.2530,0.7470,True,True
75.5444,0.0000,7.6770,-233.6812,0.04091,0.0000,0.2522,0.7478,True,True
75.5612,0.0000,7.6831,-233.7193,0.03857,0.0000,0.2514,0.7486,True,True
75.5779,0.0000,7.6889,-233.7555,0.03669,0.0000,0.2506,0.7494,True,True
75.5945,0.0000,7.6944,-233.7897,0.03463,0.0000,0.2499,0.7501,True,True
75.6084,0.0000,7.6987,-233.8164,0.02706,0.0000,0.2494,0.7506,True,True
75.6238,0.0000,7.7033,-233.8448,0.02882,0.0000,0.2488,0.7512,True,True
75.6397,0.0000,7.7077,-233.8719,0.02742,0.0000,0.2483,0.7517,True,True
75.6568,0.0000,7.7119,-233.8983,0.02677,0.0000,0.2477,0.7523,True,True
75.6726,0.0000,7.7158,-233.9223,0.02431,0.0000,0.2473,0.7527,True,True
75.6885,0.0000,7.7192,-233.9438,0.02168,0.0000,0.2468,0.7532,True,True
75.7038,0.0000,7.7222,-233.9625,0.01901,0.0000,0.2464,0.7536,True,True
75.7200,0.0000,7.7251,-233.9802,0.01788,0.0000,0.2461,0.7539,True,True
75.7360,0.0000,7.7251,-233.9802,0.00000,0.0000,0.2461,0.7539,True,True
75.7501,0.0000,7.7253,-233.9817,0.00151,0.0000,0.2461,0.7539,True,True
75.7656,0.0000,7.7258,-233.9850,0.00342,0.0000,0.2460,0.7540,True,True
75.7819,0.0000,7.7267,-233.9905,0.00555,0.0000,0.2459,0.7541,True,True
75.7980,0.0000,7.7279,-233.9981,0.00763,0.0000,0.2457,0.7543,True,True
75.8138,0.0000,7.7294,-234.0071,0.00918,0.0000,0.2455,0.7545,True,True
75.8299,0.0000,7.7312,-234.0184,0.01138,0.0000,0.2453,0.7547,True,True
75.8454,0.0000,7.7333,-234.0311,0.01287,0.0000,0.2451,0.7549,True,True
75.8612,0.0000,7.7356,-234.0457,0.01479,0.0000,0.2448,0.7552,True,True
75.8776,0.0000,7.7384,-234.0629,0.01743,0.0000,0.2444,0.7556,True,True
75.8944,0.0000,7.7415,-234.0825,0.01991,0.0000,0.2440,0.7560,True,True
75.9090,0.0000,7.7445,-234.1009,0.01859,0.0000,0.2437,0.7563,True,True
75.9245,0.0000,7.7480,-234.1227,0.02204,0.0000,0.2432,0.7568,True,True
75.9406,0.0000,7.7520,-234.1475,0.02515,0.0000,0.2427,0.7573,True,True
75.9564,0.0000,7.7561,-234.1732,0.02610,0.0000,0.2422,0.7578,True,True
75.9716,0.0000,7.7604,-234.1999,0.02703,0.0000,0.2417,0.7583,True,True
75.9872,0.0000,7.7651,-234.2289,0.02935,0.0000,0.2411,0.7589,True,True
76.0029,0.0000,7.7700,-234.2594,0.03083,0.0000,0.2405,0.7595,True,True
76.0194,0.0000,7.7757,-234.2945,0.03558,0.0000,0.2398,0.7602,True,True
76.0339,0.0000,7.7806,-234.3254,0.03134,0.0000,0.2391,0.7609,True,True
76.0486,0.0000,7.7863,-234.3608,0.03587,0.0000,0.2384,0.7616,True,True
76.0643,0.0000,7.7925,-234.3991,0.03875,0.0000,0.2377,0.7623,True,True
76.0796,0.0000,7.7988,-234.4382,0.03957,0.0000,0.2369,0.7631,True,True
76.0951,0.0000,7.8054,-234.4792,0.04159,0.0000,0.2361,0.7639,True,True
76.1112,0.0000,7.8125,-234.5232,0.04457,0.0000,0.2352,0.7648,True,True
76.1260,0.0000,7.8193,-234.5655,0.04286,0.0000,0.2344,0.7656,True,True
76.1414,0.0000,7.8270,-234.6131,0.04815,0.0000,0.2334,0.7666,True,True
76.1570,0.0000,7.8349,-234.6619,0.04946,0.0000,0.2324,0.7676,True,True
76.1724,0.0000,7.8429,-234.7116,0.05034,0.0000,0.2315,0.7685,True,True
76.1878,0.0000,7.8512,-234.7630,0.05202,0.0000,0.2304,0.7696,True,True
76.2030,0.0000,7.8597,-234.8159,0.05368,0.0000,0.2294,0.7706,True,True
76.2194,0.0000,7.8691,-234.8740,0.05883,0.0000,0.2282,0.7718,True,True
76.2342,0.0000,7.8777,-234.9276,0.05422,0.0000,0.2272,0.7728,True,True
76.2497,0.0000,7.8871,-234.9860,0.05924,0.0000,0.2260,0.7740,True,True
76.2652,0.0000,7.8972,-235.0485,0.06329,0.0000,0.2248,0.7752,True,True
76.2808,0.0000,7.9074,-235.1116,0.06388,0.0000,0.2236,0.7764,True,True
76.2962,0.0000,7.9177,-235.1751,0.06431,0.0000,0.2223,0.7777,True,True
76.3117,0.0000,7.9284,-235.2414,0.06714,0.0000,0.2210,0.7790,True,True
76.3278,0.0000,7.9397,-235.3116,0.07110,0.0000,0.2197,0.7803,True,True
76.3447,0.0000,7.9519,-235.3870,0.07645,0.0000,0.2182,0.7818,True,True
76.3593,0.0000,7.9623,-235.4519,0.06569,0.0000,0.2169,0.7831,True,True
76.3741,0.0000,7.9738,-235.5231,0.07211,0.0000,0.2156,0.7844,True,True
76.3909,0.0000,7.9867,-235.6023,0.08025,0.0000,0.2140,0.7860,True,True
76.4076,0.0000,8.0003,-235.6867,0.08548,0.0000,0.2124,0.7876,True,True
76.4224,0.0000,8.0130,-235.7650,0.07934,0.0000,0.2109,0.7891,True,True
76.4376,0.0000,8.0258,-235.8445,0.08052,0.0000,0.2094,0.7906,True,True
76.4534,0.0000,8.0391,-235.9264,0.08303,0.0000,0.2078,0.7922,True,True
76.4694,0.0000,8.0531,-236.0133,0.08798,0.0000,0.2061,0.7939,True,True
76.4836,0.0000,8.0652,-236.0880,0.07563,0.0000,0.2047,0.7953,True,True
76.4992,0.0000,8.0789,-236.1727,0.08588,0.0000,0.2031,0.7969,True,True
76.5149,0.0000,8.0925,-236.2564,0.08477,0.0000,0.2015,0.7985,True,True
76.5302,0.0000,8.1057,-236.3379,0.08259,0.0000,0.2000,0.8000,True,True
76.5457,0.0000,8.1189,-236.4197,0.08279,0.0000,0.1984,0.8016,True,True
76.5614,0.0000,8.1324,-236.5029,0.08427,0.0000,0.1969,0.8031,True,True
76.5783,0.0000,8.1467,-236.5912,0.08950,0.0000,0.1952,0.8048,True,True
76.5933,0.0000,8.1592,-236.6684,0.07815,0.0000,0.1938,0.8062,True,True
76.6095,0.0000,8.1735,-236.7568,0.08958,0.0000,0.1921,0.8079,True,True
76.6241,0.0000,8.1867,-236.8382,0.08248,0.0000,0.1906,0.8094,True,True
76.6399,0.0000,8.2003,-236.9224,0.08528,0.0000,0.1890,0.8110,True,True
76.6562,0.0000,8.2143,-237.0085,0.08729,0.0000,0.1874,0.8126,True,True
76.6738,0.0000,8.2297,-237.1038,0.09650,0.0000,0.1857,0.8143,True,True
76.6929,0.0000,8.2454,-237.2004,0.09782,0.0000,0.1839,0.8161,True,True
76.7112,0.0000,8.2618,-237.3017,0.10266,0.0000,0.1820,0.8180,True,True
76.7276,0.0000,8.2762,-237.3901,0.08955,0.0000,0.1804,0.8196,True,True
76.7445,0.0000,8.2906,-237.4794,0.09043,0.0000,0.1788,0.8212,True,True
76.7613,0.0000,8.3050,-237.5681,0.08986,0.0000,0.1772,0.8228,True,True
76.7765,0.0000,8.3178,-237.6470,0.07994,0.0000,0.1758,0.8242,True,True
76.7928,0.0000,8.3318,-237.7330,0.08720,0.0000,0.1742,0.8258,True,True
76.8081,0.0000,8.3458,-237.8191,0.08722,0.0000,0.1727,0.8273,True,True
76.8249,0.0000,8.3602,-237.9081,0.09018,0.0000,0.1711,0.8289,True,True
76.8423,0.0000,8.3747,-237.9974,0.09042,0.0000,0.1695,0.8305,True,True
76.8577,0.0000,8.3886,-238.0830,0.08675,0.0000,0.1679,0.8321,True,True
76.8733,0.0000,8.4021,-238.1663,0.08440,0.0000,0.1665,0.8335,True,True
76.8891,0.0000,8.4155,-238.2488,0.08351,0.0000,0.1650,0.8350,True,True
76.9052,0.0000,8.4288,-238.3308,0.08311,0.0000,0.1636,0.8364,True,True
76.9207,0.0000,8.4415,-238.4089,0.07915,0.0000,0.1622,0.8378,True,True
76.9368,0.0000,8.4541,-238.4866,0.07868,0.0000,0.1608,0.8392,True,True
76.9528,0.0000,8.4664,-238.5621,0.07649,0.0000,0.1595,0.8405,True,True
76.9693,0.0000,8.4790,-238.6395,0.07839,0.0000,0.1582,0.8418,True,True
76.9836,0.0000,8.4895,-238.7044,0.06581,0.0000,0.1570,0.8430,True,True
76.9998,0.0000,8.5009,-238.7743,0.07077,0.0000,0.1558,0.8442,True,True
77.0163,0.0000,8.5125,-238.8461,0.07278,0.0000,0.1546,0.8454,True,True
77.0326,0.0000,8.5236,-238.9141,0.06888,0.0000,0.1534,0.8466,True,True
77.0486,0.0000,8.5341,-238.9787,0.06544,0.0000,0.1523,0.8477,True,True
77.0651,0.0000,8.5446,-239.0433,0.06548,0.0000,0.1512,0.8488,True,True
77.0811,0.0000,8.5545,-239.1043,0.06174,0.0000,0.1502,0.8498,True,True
77.0973,0.0000,8.5642,-239.1640,0.06052,0.0000,0.1491,0.8509,True,True
77.1139,0.0000,8.5737,-239.2229,0.05967,0.0000,0.1481,0.8519,True,True
77.1303,0.0000,8.5829,-239.2791,0.05692,0.0000,0.1472,0.8528,True,True
77.1463,0.0000,8.5915,-239.3323,0.05394,0.0000,0.1463,0.8537,True,True
77.1625,0.0000,8.5999,-239.3841,0.05248,0.0000,0.1454,0.8546,True,True
77.1785,0.0000,8.6080,-239.4336,0.05013,0.0000,0.1446,0.8554,True,True
77.1945,0.0000,8.6156,-239.4805,0.04751,0.0000,0.1438,0.8562,True,True
77.2113,0.0000,8.6233,-239.5278,0.04791,0.0000,0.1430,0.8570,True,True
77.2282,0.0000,8.6306,-239.5730,0.04574,0.0000,0.1423,0.8577,True,True
77.2444,0.0000,8.6377,-239.6164,0.04400,0.0000,0.1415,0.8585,True,True
77.2612,0.0000,8.6444,-239.6575,0.04169,0.0000,0.1408,0.8592,True,True
77.2780,0.0000,8.6507,-239.6966,0.03954,0.0000,0.1402,0.8598,True,True
77.2945,0.0000,8.6567,-239.7337,0.03767,0.0000,0.1396,0.8604,True,True
77.3110,0.0000,8.6624,-239.7687,0.03540,0.0000,0.1390,0.8610,True,True
77.3277,0.0000,8.6678,-239.8016,0.03335,0.0000,0.1385,0.8615,True,True
77.3444,0.0000,8.6728,-239.8327,0.03147,0.0000,0.1379,0.8621,True,True
77.3609,0.0000,8.6775,-239.8614,0.02908,0.0000,0.1375,0.8625,True,True
77.3759,0.0000,8.6813,-239.8848,0.02378,0.0000,0.1371,0.8629,True,True
77.3922,0.0000,8.6853,-239.9095,0.02500,0.0000,0.1367,0.8633,True,True
77.4071,0.0000,8.6887,-239.9305,0.02121,0.0000,0.1363,0.8637,True,True
77.4230,0.0000,8.6920,-239.9510,0.02078,0.0000,0.1360,0.8640,True,True
77.4390,0.0000,8.6950,-239.9694,0.01866,0.0000,0.1357,0.8643,True,True
77.4545,0.0000,8.6977,-239.9856,0.01643,0.0000,0.1354,0.8646,True,True
77.4698,0.0000,8.6977,-239.9856,0.00000,0.0000,0.1354,0.8646,True,True
77.4860,0.0000,8.6980,-239.9875,0.00198,0.0000,0.1354,0.8646,True,True
77.5027,0.0000,8.6986,-239.9916,0.00410,0.0000,0.1353,0.8647,True,True
77.5178,0.0000,8.6994,-239.9964,0.00488,0.0000,0.1352,0.8648,True,True
77.5332,0.0000,8.7006,-240.0039,0.00759,0.0000,0.1351,0.8649,True,True
77.5482,0.0000,8.7021,-240.0129,0.00911,0.0000,0.1350,0.8650,True,True
77.5627,0.0000,8.7037,-240.0229,0.01016,0.0000,0.1348,0.8652,True,True
77.5777,0.0000,8.7057,-240.0349,0.01214,0.0000,0.1346,0.8654,True,True
77.5944,0.0000,8.7082,-240.0502,0.01555,0.0000,0.1344,0.8656,True,True
77.6076,0.0000,8.7103,-240.0636,0.01351,0.0000,0.1341,0.8659,True,True
77.6226,0.0000,8.7131,-240.0807,0.01739,0.0000,0.1339,0.8661,True,True
77.6383,0.0000,8.7162,-240.0999,0.01940,0.0000,0.1336,0.8664,True,True
77.6534,0.0000,8.7196,-240.1209,0.02124,0.0000,0.1332,0.8668,True,True
77.6697,0.0000,8.7235,-240.1443,0.02379,0.0000,0.1328,0.8672,True,True
77.6844,0.0000,8.7272,-240.1672,0.02314,0.0000,0.1325,0.8675,True,True
77.6983,0.0000,8.7312,-240.1919,0.02501,0.0000,0.1321,0.8679,True,True
77.7136,0.0000,8.7356,-240.2189,0.02738,0.0000,0.1316,0.8684,True,True
77.7277,0.0000,8.7400,-240.2463,0.02775,0.0000,0.1312,0.8688,True,True
77.7445,0.0000,8.7456,-240.2803,0.03450,0.0000,0.1306,0.8694,True,True
77.7575,0.0000,8.7501,-240.3082,0.02823,0.0000,0.1302,0.8698,True,True
77.7719,0.0000,8.7553,-240.3403,0.03256,0.0000,0.1297,0.8703,True,True
77.7868,0.0000,8.7610,-240.3754,0.03546,0.0000,0.1291,0.8709,True,True
77.8026,0.0000,8.7673,-240.4143,0.03950,0.0000,0.1285,0.8715,True,True
77.8160,0.0000,8.7729,-240.4487,0.03480,0.0000,0.1279,0.8721,True,True
77.8304,0.0000,8.7792,-240.4872,0.03902,0.0000,0.1273,0.8727,True,True
77.8450,0.0000,8.7858,-240.5277,0.04107,0.0000,0.1266,0.8734,True,True
77.8610,0.0000,8.7933,-240.5740,0.04687,0.0000,0.1259,0.8741,True,True
77.8738,0.0000,8.7995,-240.6124,0.03885,0.0000,0.1253,0.8747,True,True
77.8884,0.0000,8.8067,-240.6567,0.04491,0.0000,0.1246,0.8754,True,True
77.9033,0.0000,8.8145,-240.7049,0.04885,0.0000,0.1238,0.8762,True,True
77.9194,0.0000,8.8233,-240.7587,0.05449,0.0000,0.1230,0.8770,True,True
77.9323,0.0000,8.8305,-240.8029,0.04480,0.0000,0.1223,0.8777,True,True
77.9474,0.0000,8.8390,-240.8557,0.05349,0.0000,0.1214,0.8786,True,True
77.9623,0.0000,8.8479,-240.9101,0.05514,0.0000,0.1206,0.8794,True,True
77.9776,0.0000,8.8574,-240.9684,0.05907,0.0000,0.1197,0.8803,True,True
77.9907,0.0000,8.8655,-241.0185,0.05071,0.0000,0.1189,0.8811,True,True
78.0055,0.0000,8.8751,-241.0777,0.06003,0.0000,0.1180,0.8820,True,True
78.0204,0.0000,8.8850,-241.1385,0.06160,0.0000,0.1170,0.8830,True,True
78.0362,0.0000,8.8955,-241.2035,0.06578,0.0000,0.1160,0.8840,True,True
78.0527,0.0000,8.9073,-241.2758,0.07327,0.0000,0.1149,0.8851,True,True
78.0660,0.0000,8.9168,-241.3347,0.05966,0.0000,0.1140,0.8860,True,True
78.0817,0.0000,8.9284,-241.4057,0.07191,0.0000,0.1129,0.8871,True,True
78.0966,0.0000,8.9396,-241.4745,0.06975,0.0000,0.1119,0.8881,True,True
78.1115,0.0000,8.9511,-241.5456,0.07201,0.0000,0.1108,0.8892,True,True
78.1278,0.0000,8.9639,-241.6243,0.07978,0.0000,0.1096,0.8904,True,True
78.1408,0.0000,8.9745,-241.6899,0.06639,0.0000,0.1086,0.8914,True,True
78.1560,0.0000,8.9870,-241.7666,0.07770,0.0000,0.1075,0.8925,True,True
78.1709,0.0000,8.9996,-241.8442,0.07870,0.0000,0.1063,0.8937,True,True
78.1862,0.0000,9.0125,-241.9239,0.08069,0.0000,0.1051,0.8949,True,True
78.2026,0.0000,9.0269,-242.0124,0.08966,0.0000,0.1038,0.8962,True,True
78.2159,0.0000,9.0384,-242.0833,0.07185,0.0000,0.1028,0.8972,True,True
78.2313,0.0000,9.0516,-242.1649,0.08267,0.0000,0.1016,0.8984,True,True
78.2462,0.0000,9.0647,-242.2453,0.08143,0.0000,0.1004,0.8996,True,True
78.2615,0.0000,9.0777,-242.3256,0.08133,0.0000,0.0992,0.9008,True,True
78.2776,0.0000,9.0918,-242.4122,0.08774,0.0000,0.0980,0.9020,True,True
78.2909,0.0000,9.1033,-242.4832,0.07190,0.0000,0.0970,0.9030,True,True
78.3055,0.0000,9.1160,-242.5615,0.07935,0.0000,0.0958,0.9042,True,True
78.3205,0.0000,9.1289,-242.6411,0.08071,0.0000,0.0947,0.9053,True,True
78.3368,0.0000,9.1423,-242.7235,0.08346,0.0000,0.0935,0.9065,True,True
78.3517,0.0000,9.1550,-242.8023,0.07981,0.0000,0.0924,0.9076,True,True
78.3658,0.0000,9.1680,-242.8821,0.08086,0.0000,0.0913,0.9087,True,True
78.3812,0.0000,9.1813,-242.9641,0.08309,0.0000,0.0902,0.9098,True,True
78.3963,0.0000,9.1943,-243.0446,0.08154,0.0000,0.0890,0.9110,True,True
78.4113,0.0000,9.2073,-243.1248,0.08120,0.0000,0.0879,0.9121,True,True
78.4276,0.0000,9.2214,-243.2120,0.08836,0.0000,0.0867,0.9133,True,True
78.4411,0.0000,9.2329,-243.2830,0.07188,0.0000,0.0858,0.9142,True,True
78.4549,0.0000,9.2450,-243.3576,0.07563,0.0000,0.0848,0.9152,True,True
78.4698,0.0000,9.2579,-243.4370,0.08038,0.0000,0.0837,0.9163,True,True
78.4862,0.0000,9.2718,-243.5230,0.08717,0.0000,0.0825,0.9175,True,True
78.4995,0.0000,9.2835,-243.5951,0.07302,0.0000,0.0816,0.9184,True,True
78.5153,0.0000,9.2966,-243.6763,0.08225,0.0000,0.0805,0.9195,True,True
78.5299,0.0000,9.3096,-243.7567,0.08141,0.0000,0.0794,0.9206,True,True
78.5448,0.0000,9.3226,-243.8365,0.08086,0.0000,0.0784,0.9216,True,True
78.5631,0.0000,9.3383,-243.9339,0.09874,0.0000,0.0771,0.9229,True,True
78.5813,0.0000,9.3540,-244.0307,0.09798,0.0000,0.0758,0.9242,True,True
78.5989,0.0000,9.3692,-244.1245,0.09506,0.0000,0.0746,0.9254,True,True
78.6156,0.0000,9.3834,-244.2125,0.08914,0.0000,0.0735,0.9265,True,True
78.6316,0.0000,9.3968,-244.2954,0.08395,0.0000,0.0724,0.9276,True,True
78.6472,0.0000,9.4096,-244.3744,0.08002,0.0000,0.0714,0.9286,True,True
78.6628,0.0000,9.4220,-244.4510,0.07762,0.0000,0.0705,0.9295,True,True
78.6789,0.0000,9.4345,-244.5285,0.07850,0.0000,0.0695,0.9305,True,True
78.6952,0.0000,9.4467,-244.6043,0.07682,0.0000,0.0686,0.9314,True,True
78.7119,0.0000,9.4589,-244.6797,0.07635,0.0000,0.0676,0.9324,True,True
78.7286,0.0000,9.4710,-244.7548,0.07601,0.0000,0.0667,0.9333,True,True
78.7450,0.0000,9.4825,-244.8259,0.07203,0.0000,0.0658,0.9342,True,True
78.7613,0.0000,9.4936,-244.8948,0.06982,0.0000,0.0650,0.9350,True,True
78.7776,0.0000,9.5044,-244.9612,0.06728,0.0000,0.0642,0.9358,True,True
78.7944,0.0000,9.5150,-245.0275,0.06710,0.0000,0.0634,0.9366,True,True
78.8112,0.0000,9.5253,-245.0910,0.06442,0.0000,0.0626,0.9374,True,True
78.8277,0.0000,9.5353,-245.1529,0.06263,0.0000,0.0619,0.9381,True,True
78.8410,0.0000,9.5431,-245.2013,0.04903,0.0000,0.0613,0.9387,True,True
78.8560,0.0000,9.5514,-245.2528,0.05221,0.0000,0.0607,0.9393,True,True
78.8705,0.0000,9.5595,-245.3029,0.05073,0.0000,0.0601,0.9399,True,True
78.8860,0.0000,9.5676,-245.3535,0.05127,0.0000,0.0595,0.9405,True,True
78.8991,0.0000,9.5744,-245.3954,0.04243,0.0000,0.0590,0.9410,True,True
78.9144,0.0000,9.5819,-245.4420,0.04720,0.0000,0.0585,0.9415,True,True
78.9295,0.0000,9.5891,-245.4870,0.04555,0.0000,0.0580,0.9420,True,True
78.9445,0.0000,9.5960,-245.5295,0.04304,0.0000,0.0575,0.9425,True,True
78.9611,0.0000,9.6032,-245.5744,0.04552,0.0000,0.0570,0.9430,True,True
78.9760,0.0000,9.6094,-245.6130,0.03910,0.0000,0.0565,0.9435,True,True
78.9945,0.0000,9.6169,-245.6592,0.04678,0.0000,0.0560,0.9440,True,True
79.0114,0.0000,9.6232,-245.6983,0.03957,0.0000,0.0556,0.9444,True,True
79.0277,0.0000,9.6291,-245.7353,0.03754,0.0000,0.0552,0.9448,True,True
79.0444,0.0000,9.6348,-245.7706,0.03570,0.0000,0.0548,0.9452,True,True
79.0594,0.0000,9.6395,-245.7995,0.02926,0.0000,0.0544,0.9456,True,True
79.0748,0.0000,9.6442,-245.8289,0.02978,0.0000,0.0541,0.9459,True,True
79.0909,0.0000,9.6489,-245.8578,0.02933,0.0000,0.0538,0.9462,True,True
79.1076,0.0000,9.6533,-245.8851,0.02768,0.0000,0.0535,0.9465,True,True
79.1234,0.0000,9.6571,-245.9093,0.02447,0.0000,0.0532,0.9468,True,True
79.1399,0.0000,9.6608,-245.9321,0.02306,0.0000,0.0530,0.9470,True,True
79.1562,0.0000,9.6642,-245.9533,0.02148,0.0000,0.0527,0.9473,True,True
79.1723,0.0000,9.6672,-245.9718,0.01881,0.0000,0.0525,0.9475,True,True
79.1881,0.0000,9.6699,-245.9882,0.01657,0.0000,0.0523,0.9477,True,True
79.2039,0.0000,9.6699,-245.9882,0.00000,0.0000,0.0523,0.9477,True,True
79.2199,0.0000,9.6702,-245.9901,0.00193,0.0000,0.0523,0.9477,True,True
79.2359,0.0000,9.6708,-245.9939,0.00383,0.0000,0.0523,0.9477,True,True
79.2529,0.0000,9.6717,-245.9999,0.00612,0.0000,0.0522,0.9478,True,True
79.2696,0.0000,9.6730,-246.0080,0.00819,0.0000,0.0521,0.9479,True,True
79.2861,0.0000,9.6747,-246.0182,0.01026,0.0000,0.0520,0.9480,True,True
79.2989,0.0000,9.6761,-246.0272,0.00920,0.0000,0.0519,0.9481,True,True
79.3156,0.0000,9.6783,-246.0407,0.01362,0.0000,0.0518,0.9482,True,True
79.3318,0.0000,9.6807,-246.0558,0.01536,0.0000,0.0516,0.9484,True,True
79.3472,0.0000,9.6835,-246.0729,0.01728,0.0000,0.0514,0.9486,True,True
79.3634,0.0000,9.6865,-246.0919,0.01926,0.0000,0.0512,0.9488,True,True
79.3791,0.0000,9.6898,-246.1123,0.02068,0.0000,0.0510,0.9490,True,True
79.3946,0.0000,9.6933,-246.1342,0.02218,0.0000,0.0507,0.9493,True,True
79.4111,0.0000,9.6973,-246.1592,0.02528,0.0000,0.0505,0.9495,True,True
79.4275,0.0000,9.7018,-246.1868,0.02796,0.0000,0.0502,0.9498,True,True
79.4443,0.0000,9.7066,-246.2166,0.03017,0.0000,0.0498,0.9502,True,True
79.4589,0.0000,9.7108,-246.2430,0.02680,0.0000,0.0496,0.9504,True,True
79.4738,0.0000,9.7158,-246.2738,0.03117,0.0000,0.0492,0.9508,True,True
79.4889,0.0000,9.7209,-246.3057,0.03228,0.0000,0.0489,0.9511,True,True
79.5045,0.0000,9.7264,-246.3400,0.03471,0.0000,0.0485,0.9515,True,True
79.5197,0.0000,9.7322,-246.3760,0.03647,0.0000,0.0481,0.9519,True,True
79.5361,0.0000,9.7386,-246.4160,0.04057,0.0000,0.0477,0.9523,True,True
79.5500,0.0000,9.7444,-246.4519,0.03636,0.0000,0.0473,0.9527,True,True
79.5661,0.0000,9.7513,-246.4948,0.04337,0.0000,0.0469,0.9531,True,True
79.5825,0.0000,9.7588,-246.5414,0.04727,0.0000,0.0464,0.9536,True,True
79.5982,0.0000,9.7661,-246.5872,0.04633,0.0000,0.0459,0.9541,True,True
79.6137,0.0000,9.7736,-246.6341,0.04754,0.0000,0.0454,0.9546,True,True
79.6292,0.0000,9.7814,-246.6826,0.04916,0.0000,0.0449,0.9551,True,True
79.6442,0.0000,9.7893,-246.7318,0.04982,0.0000,0.0444,0.9556,True,True
79.6598,0.0000,9.7973,-246.7818,0.05061,0.0000,0.0439,0.9561,True,True
79.6737,0.0000,9.8055,-246.8327,0.05152,0.0000,0.0434,0.9566,True,True
79.6895,0.0000,9.8144,-246.8883,0.05628,0.0000,0.0428,0.9572,True,True
79.7053,0.0000,9.8237,-246.9463,0.05877,0.0000,0.0423,0.9577,True,True
79.7205,0.0000,9.8332,-247.0053,0.05974,0.0000,0.0417,0.9583,True,True
79.7362,0.0000,9.8431,-247.0672,0.06274,0.0000,0.0410,0.9590,True,True
79.7517,0.0000,9.8528,-247.1277,0.06126,0.0000,0.0405,0.9595,True,True
79.7659,0.0000,9.8626,-247.1892,0.06226,0.0000,0.0398,0.9602,True,True
79.7811,0.0000,9.8732,-247.2551,0.06673,0.0000,0.0392,0.9608,True,True
79.7965,0.0000,9.8840,-247.3224,0.06818,0.0000,0.0386,0.9614,True,True
79.8118,0.0000,9.8951,-247.3916,0.07013,0.0000,0.0379,0.9621,True,True
79.8276,0.0000,9.9068,-247.4648,0.07405,0.0000,0.0372,0.9628,True,True
79.8448,0.0000,9.9194,-247.5440,0.08021,0.0000,0.0365,0.9635,True,True
79.8613,0.0000,9.9324,-247.6255,0.08252,0.0000,0.0357,0.9643,True,True
79.8759,0.0000,9.9437,-247.6959,0.07131,0.0000,0.0350,0.9650,True,True
79.8911,0.0000,9.9563,-247.7747,0.07987,0.0000,0.0343,0.9657,True,True
79.9066,0.0000,9.9695,-247.8571,0.08341,0.0000,0.0336,0.9664,True,True
79.9221,0.0000,9.9824,-247.9380,0.08193,0.0000,0.0328,0.9672,True,True
79.9377,0.0000,9.9958,-248.0219,0.08492,0.0000,0.0321,0.9679,True,True
79.9537,0.0000,10.0088,-248.1033,0.08245,0.0000,0.0314,0.9686,True,True
79.9697,0.0000,10.0228,-248.1914,0.08920,0.0000,0.0306,0.9694,True,True
79.9845,0.0000,10.0349,-248.2675,0.07704,0.0000,0.0300,0.9700,True,True
79.9993,0.0000,10.0482,-248.3507,0.08426,0.0000,0.0293,0.9707,True,True
80.0151,0.0000,10.0617,-248.4350,0.08543,0.0000,0.0285,0.9715,True,True
80.0304,0.0000,10.0748,-248.5173,0.08333,0.0000,0.0279,0.9721,True,True
80.0455,0.0000,10.0876,-248.5979,0.08158,0.0000,0.0272,0.9728,True,True
80.0613,0.0000,10.1008,-248.6811,0.08424,0.0000,0.0265,0.9735,True,True
80.0777,0.0000,10.1148,-248.7691,0.08915,0.0000,0.0258,0.9742,True,True
80.0949,0.0000,10.1290,-248.8583,0.09025,0.0000,0.0251,0.9749,True,True
80.1110,0.0000,10.1431,-248.9470,0.08981,0.0000,0.0244,0.9756,True,True
80.1250,0.0000,10.1548,-249.0208,0.07479,0.0000,0.0238,0.9762,True,True
80.1405,0.0000,10.1680,-249.1040,0.08417,0.0000,0.0232,0.9768,True,True
80.1575,0.0000,10.1817,-249.1904,0.08748,0.0000,0.0225,0.9775,True,True
80.1720,0.0000,10.1947,-249.2723,0.08295,0.0000,0.0219,0.9781,True,True
80.1874,0.0000,10.2076,-249.3537,0.08242,0.0000,0.0213,0.9787,True,True
80.2035,0.0000,10.2207,-249.4357,0.08309,0.0000,0.0207,0.9793,True,True
80.2197,0.0000,10.2348,-249.5248,0.09013,0.0000,0.0201,0.9799,True,True
80.2334,0.0000,10.2464,-249.5983,0.07446,0.0000,0.0196,0.9804,True,True
80.2484,0.0000,10.2590,-249.6780,0.08069,0.0000,0.0190,0.9810,True,True
80.2636,0.0000,10.2720,-249.7598,0.08282,0.0000,0.0184,0.9816,True,True
80.2786,0.0000,10.2848,-249.8412,0.08243,0.0000,0.0179,0.9821,True,True
80.2944,0.0000,10.2980,-249.9247,0.08450,0.0000,0.0173,0.9827,True,True
80.3088,0.0000,10.3102,-250.0016,0.07785,0.0000,0.0168,0.9832,True,True
80.3231,0.0000,10.3224,-250.0787,0.07804,0.0000,0.0163,0.9837,True,True
80.3377,0.0000,10.3347,-250.1566,0.07886,0.0000,0.0158,0.9842,True,True
80.3525,0.0000,10.3469,-250.2343,0.07874,0.0000,0.0153,0.9847,True,True
80.3671,0.0000,10.3588,-250.3094,0.07596,0.0000,0.0149,0.9851,True,True
80.3819,0.0000,10.3706,-250.3842,0.07571,0.0000,0.0144,0.9856,True,True
80.3967,0.0000,10.3820,-250.4569,0.07367,0.0000,0.0140,0.9860,True,True
80.4116,0.0000,10.3934,-250.5288,0.07277,0.0000,0.0135,0.9865,True,True
80.4275,0.0000,10.4051,-250.6037,0.07580,0.0000,0.0131,0.9869,True,True
80.4421,0.0000,10.4154,-250.6686,0.06572,0.0000,0.0127,0.9873,True,True
80.4575,0.0000,10.4264,-250.7391,0.07138,0.0000,0.0123,0.9877,True,True
80.4728,0.0000,10.4370,-250.8064,0.06810,0.0000,0.0120,0.9880,True,True
80.4890,0.0000,10.4477,-250.8745,0.06892,0.0000,0.0116,0.9884,True,True
80.5043,0.0000,10.4579,-250.9388,0.06515,0.0000,0.0112,0.9888,True,True
80.5198,0.0000,10.4677,-251.0012,0.06310,0.0000,0.0109,0.9891,True,True
80.5361,0.0000,10.4775,-251.0641,0.06365,0.0000,0.0106,0.9894,True,True
80.5526,0.0000,10.4874,-251.1269,0.06363,0.0000,0.0102,0.9898,True,True
80.5660,0.0000,10.4951,-251.1762,0.04990,0.0000,0.0100,0.9900,True,True
80.5812,0.0000,10.5036,-251.2305,0.05491,0.0000,0.0097,0.9903,True,True
80.5965,0.0000,10.5119,-251.2834,0.05358,0.0000,0.0094,0.9906,True,True
80.6121,0.0000,10.5201,-251.3354,0.05262,0.0000,0.0092,0.9908,True,True
80.6277,0.0000,10.5279,-251.3853,0.05057,0.0000,0.0089,0.9911,True,True
80.6442,0.0000,10.5360,-251.4369,0.05220,0.0000,0.0087,0.9913,True,True
80.6574,0.0000,10.5421,-251.4760,0.03952,0.0000,0.0085,0.9915,True,True
80.6732,0.0000,10.5493,-251.5218,0.04643,0.0000,0.0083,0.9917,True,True
80.6886,0.0000,10.5560,-251.5648,0.04352,0.0000,0.0081,0.9919,True,True
80.7039,0.0000,10.5624,-251.6057,0.04131,0.0000,0.0079,0.9921,True,True
80.7195,0.0000,10.5686,-251.6452,0.04008,0.0000,0.0077,0.9923,True,True
80.7362,0.0000,10.5748,-251.6850,0.04028,0.0000,0.0075,0.9925,True,True
80.7500,0.0000,10.5798,-251.7171,0.03240,0.0000,0.0074,0.9926,True,True
80.7654,0.0000,10.5852,-251.7517,0.03510,0.0000,0.0072,0.9928,True,True
80.7812,0.0000,10.5903,-251.7845,0.03314,0.0000,0.0071,0.9929,True,True
80.7970,0.0000,10.5952,-251.8156,0.03149,0.0000,0.0070,0.9930,True,True
80.8127,0.0000,10.5998,-251.8448,0.02954,0.0000,0.0068,0.9932,True,True
80.8283,0.0000,10.6040,-251.8723,0.02783,0.0000,0.0067,0.9933,True,True
80.8447,0.0000,10.6082,-251.8989,0.02690,0.0000,0.0066,0.9934,True,True
80.8609,0.0000,10.6123,-251.9249,0.02633,0.0000,0.0065,0.9935,True,True
80.8776,0.0000,10.6161,-251.9496,0.02500,0.0000,0.0064,0.9936,True,True
80.8912,0.0000,10.6191,-251.9685,0.01917,0.0000,0.0063,0.9937,True,True
80.9073,0.0000,10.6226,-251.9908,0.02258,0.0000,0.0062,0.9938,True,True
80.9223,0.0000,10.6226,-251.9908,0.00000,0.0000,0.0062,0.9938,True,True
80.9377,0.0000,10.6228,-251.9925,0.00173,0.0000,0.0062,0.9938,True,True
80.9528,0.0000,10.6234,-251.9960,0.00354,0.0000,0.0062,0.9938,True,True
80.9701,0.0000,10.6243,-252.0018,0.00581,0.0000,0.0062,0.9938,True,True
80.9845,0.0000,10.6253,-252.0085,0.00678,0.0000,0.0062,0.9938,True,True
80.9998,0.0000,10.6267,-252.0173,0.00891,0.0000,0.0061,0.9939,True,True
81.0150,0.0000,10.6283,-252.0278,0.01062,0.0000,0.0061,0.9939,True,True
81.0310,0.0000,10.6303,-252.0406,0.01296,0.0000,0.0060,0.9940,True,True
81.0462,0.0000,10.6325,-252.0548,0.01436,0.0000,0.0060,0.9940,True,True
81.0621,0.0000,10.6351,-252.0713,0.01671,0.0000,0.0059,0.9941,True,True
81.0787,0.0000,10.6380,-252.0901,0.01903,0.0000,0.0058,0.9942,True,True
81.0944,0.0000,10.6412,-252.1103,0.02049,0.0000,0.0058,0.9942,True,True
81.1112,0.0000,10.6448,-252.1338,0.02372,0.0000,0.0057,0.9943,True,True
81.1258,0.0000,10.6482,-252.1552,0.02173,0.0000,0.0056,0.9944,True,True
81.1421,0.0000,10.6523,-252.1817,0.02678,0.0000,0.0055,0.9945,True,True
81.1580,0.0000,10.6566,-252.2094,0.02800,0.0000,0.0054,0.9946,True,True
81.1732,0.0000,10.6612,-252.2387,0.02971,0.0000,0.0053,0.9947,True,True
81.1888,0.0000,10.6660,-252.2696,0.03124,0.0000,0.0051,0.9949,True,True
81.2045,0.0000,10.6710,-252.3021,0.03291,0.0000,0.0050,0.9950,True,True
81.2196,0.0000,10.6763,-252.3358,0.03410,0.0000,0.0049,0.9951,True,True
81.2361,0.0000,10.6822,-252.3737,0.03834,0.0000,0.0048,0.9952,True,True
81.2525,0.0000,10.6885,-252.4143,0.04115,0.0000,0.0046,0.9954,True,True
81.2661,0.0000,10.6939,-252.4489,0.03496,0.0000,0.0045,0.9955,True,True
81.2812,0.0000,10.7001,-252.4889,0.04051,0.0000,0.0044,0.9956,True,True
81.2980,0.0000,10.7071,-252.5340,0.04565,0.0000,0.0042,0.9958,True,True
81.3133,0.0000,10.7142,-252.5798,0.04629,0.0000,0.0041,0.9959,True,True
81.3292,0.0000,10.7217,-252.6277,0.04850,0.0000,0.0039,0.9961,True,True
81.3447,0.0000,10.7292,-252.6763,0.04915,0.0000,0.0037,0.9963,True,True
81.3611,0.0000,10.7375,-252.7294,0.05377,0.0000,0.0036,0.9964,True,True
81.3751,0.0000,10.7448,-252.7769,0.04810,0.0000,0.0034,0.9966,True,True
81.3906,0.0000,10.7530,-252.8293,0.05299,0.0000,0.0033,0.9967,True,True
81.4057,0.0000,10.7616,-252.8849,0.05633,0.0000,0.0031,0.9969,True,True
81.4213,0.0000,10.7705,-252.9426,0.05838,0.0000,0.0029,0.9971,True,True
81.4369,0.0000,10.7798,-253.0022,0.06028,0.0000,0.0028,0.9972,True,True
81.4525,0.0000,10.7893,-253.0636,0.06212,0.0000,0.0026,0.9974,True,True
81.4694,0.0000,10.7998,-253.1315,0.06875,0.0000,0.0024,0.9976,True,True
81.4833,0.0000,10.8087,-253.1891,0.05821,0.0000,0.0023,0.9977,True,True
81.4984,0.0000,10.8187,-253.2541,0.06577,0.0000,0.0021,0.9979,True,True
81.5140,0.0000,10.8294,-253.3229,0.06965,0.0000,0.0020,0.9980,True,True
81.5299,0.0000,10.8404,-253.3944,0.07232,0.0000,0.0018,0.9982,True,True
81.5456,0.0000,10.8516,-253.4670,0.07349,0.0000,0.0016,0.9984,True,True
81.5615,0.0000,10.8633,-253.5425,0.07638,0.0000,0.0015,0.9985,True,True
81.5781,0.0000,10.8753,-253.6203,0.07871,0.0000,0.0013,0.9987,True,True
81.5944,0.0000,10.8881,-253.7035,0.08419,0.0000,0.0012,0.9988,True,True
81.6111,0.0000,10.9011,-253.7884,0.08588,0.0000,0.0010,0.9990,True,True
81.6275,0.0000,10.9145,-253.8755,0.08811,0.0000,0.0009,0.9991,True,True
81.6410,0.0000,10.9255,-253.9469,0.07227,0.0000,0.0008,0.9992,True,True
81.6567,0.0000,10.9384,-254.0305,0.08459,0.0000,0.0007,0.9993,True,True
81.6722,0.0000,10.9512,-254.1137,0.08418,0.0000,0.0006,0.9994,True,True
81.6877,0.0000,10.9638,-254.1964,0.08372,0.0000,0.0005,0.9995,True,True
81.7031,0.0000,10.9765,-254.2789,0.08341,0.0000,0.0004,0.9996,True,True
81.7193,0.0000,10.9897,-254.3649,0.08703,0.0000,0.0003,0.9997,True,True
81.7339,0.0000,11.0014,-254.4414,0.07739,0.0000,0.0002,0.9998,True,True
81.7502,0.0000,11.0147,-254.5285,0.08816,0.0000,0.0002,0.9998,True,True
81.7657,0.0000,11.0275,-254.6118,0.08423,0.0000,0.0001,0.9999,True,True
81.7818,0.0000,11.0407,-254.6986,0.08778,0.0000,0.0001,0.9999,True,True
81.7976,0.0000,11.0536,-254.7829,0.08531,0.0000,0.0000,1.0000,True,True
81.8135,0.0000,11.0665,-254.8674,0.08548,0.0000,0.0000,1.0000,True,True
81.8290,0.0000,11.0792,-254.9509,0.08442,0.0000,0.0000,1.0000,True,True
81.8442,0.0000,11.0915,-255.0315,0.08159,0.0000,0.0000,1.0000,True,True
81.8612,0.0000,11.1051,-255.1208,0.09032,0.0000,0.0000,1.0000,True,True
81.8749,0.0000,11.1164,-255.1953,0.07533,0.0000,0.0000,1.0000,True,True
81.8912,0.0000,11.1295,-255.2814,0.08703,0.0000,0.0000,1.0000,True,True
81.9065,0.0000,11.1421,-255.3642,0.08375,0.0000,0.0000,1.0000,True,True
81.9224,0.0000,11.1550,-255.4490,0.08586,0.0000,0.0000,1.0000,True,True
81.9389,0.0000,11.1680,-255.5347,0.08669,0.0000,0.0000,1.0000,True,True
81.9542,0.0000,11.1807,-255.6186,0.08485,0.0000,0.0000,1.0000,True,True
81.9696,0.0000,11.1931,-255.7010,0.08327,0.0000,0.0000,1.0000,True,True
81.9862,0.0000,11.2063,-255.7881,0.08809,0.0000,0.0000,1.0000,True,True
82.0026,0.0000,11.2198,-255.8772,0.09009,0.0000,0.0000,1.0000,True,True
82.0165,0.0000,11.2309,-255.9508,0.07448,0.0000,0.0000,1.0000,True,True
82.0316,0.0000,11.2432,-256.0318,0.08196,0.0000,0.0000,1.0000,True,True
82.0467,0.0000,11.2553,-256.1124,0.08147,0.0000,0.0000,1.0000,True,True
82.0619,0.0000,11.2674,-256.1930,0.08154,0.0000,0.0000,1.0000,True,True
82.0776,0.0000,11.2797,-256.2744,0.08225,0.0000,0.0000,1.0000,True,True
82.0922,0.0000,11.2907,-256.3477,0.07416,0.0000,0.0000,1.0000,True,True
82.1072,0.0000,11.3019,-256.4222,0.07533,0.0000,0.0000,1.0000,True,True
82.1225,0.0000,11.3131,-256.4965,0.07518,0.0000,0.0000,1.0000,True,True
82.1372,0.0000,11.3238,-256.5674,0.07165,0.0000,0.0000,1.0000,True,True
82.1526,0.0000,11.3344,-256.6385,0.07187,0.0000,0.0000,1.0000,True,True
82.1702,0.0000,11.3457,-256.7138,0.07619,0.0000,0.0000,1.0000,True,True
82.1831,0.0000,11.3548,-256.7744,0.06128,0.0000,0.0000,1.0000,True,True
82.1991,0.0000,11.3651,-256.8430,0.06931,0.0000,0.0000,1.0000,True,True
82.2144,0.0000,11.3745,-256.9061,0.06388,0.0000,0.0000,1.0000,True,True
82.2310,0.0000,11.3846,-256.9737,0.06835,0.0000,0.0000,1.0000,True,True
82.2470,0.0000,11.3941,-257.0370,0.06396,0.0000,0.0000,1.0000,True,True
82.2627,0.0000,11.4030,-257.0965,0.06020,0.0000,0.0000,1.0000,True,True
82.2789,0.0000,11.4117,-257.1550,0.05909,0.0000,0.0000,1.0000,True,True
82.2944,0.0000,11.4202,-257.2120,0.05767,0.0000,0.0000,1.0000,True,True
82.3111,0.0000,11.4288,-257.2696,0.05822,0.0000,0.0000,1.0000,True,True
82.3261,0.0000,11.4362,-257.3192,0.05014,0.0000,0.0000,1.0000,True,True
82.3427,0.0000,11.4441,-257.3721,0.05353,0.0000,0.0000,1.0000,True,True
82.3575,0.0000,11.4511,-257.4196,0.04804,0.0000,0.0000,1.0000,True,True
82.3730,0.0000,11.4580,-257.4659,0.04681,0.0000,0.0000,1.0000,True,True
82.3889,0.0000,11.4649,-257.5122,0.04681,0.0000,0.0000,1.0000,True,True
82.4043,0.0000,11.4712,-257.5548,0.04301,0.0000,0.0000,1.0000,True,True
82.4205,0.0000,11.4774,-257.5965,0.04214,0.0000,0.0000,1.0000,True,True
82.4363,0.0000,11.4834,-257.6368,0.04079,0.0000,0.0000,1.0000,True,True
82.4527,0.0000,11.4893,-257.6765,0.04011,0.0000,0.0000,1.0000,True,True
82.4680,0.0000,11.4943,-257.7100,0.03387,0.0000,0.0000,1.0000,True,True
82.4823,0.0000,11.4991,-257.7430,0.03335,0.0000,0.0000,1.0000,True,True
82.4975,0.0000,11.5038,-257.7743,0.03168,0.0000,0.0000,1.0000,True,True
82.5132,0.0000,11.5084,-257.8052,0.03122,0.0000,0.0000,1.0000,True,True
82.5289,0.0000,11.5126,-257.8340,0.02906,0.0000,0.0000,1.0000,True,True
82.5455,0.0000,11.5169,-257.8627,0.02903,0.0000,0.0000,1.0000,True,True
82.5626,0.0000,11.5209,-257.8899,0.02749,0.0000,0.0000,1.0000,True,True
82.5779,0.0000,11.5242,-257.9119,0.02231,0.0000,0.0000,1.0000,True,True
82.5944,0.0000,11.5276,-257.9346,0.02289,0.0000,0.0000,1.0000,True,True
82.6111,0.0000,11.5306,-257.9550,0.02061,0.0000,0.0000,1.0000,True,True
82.6276,0.0000,11.5333,-257.9734,0.01867,0.0000,0.0000,1.0000,True,True
82.6444,0.0000,11.5357,-257.9898,0.01660,0.0000,0.0000,1.0000,True,True
82.6584,0.0000,11.5357,-257.9898,0.00000,0.0000,0.0000,1.0000,True,True
82.6741,0.0000,11.5360,-257.9917,0.00188,0.0000,0.0000,1.0000,True,True
82.6896,0.0000,11.5366,-257.9953,0.00364,0.0000,0.0000,1.0000,True,True
82.7052,0.0000,11.5374,-258.0007,0.00546,0.0000,0.0000,1.0000,True,True
82.7208,0.0000,11.5384,-258.0080,0.00734,0.0000,0.0000,1.0000,True,True
82.7375,0.0000,11.5398,-258.0175,0.00969,0.0000,0.0000,1.0000,True,True
82.7545,0.0000,11.5416,-258.0296,0.01222,0.0000,0.0000,1.0000,True,True
82.7704,0.0000,11.5436,-258.0432,0.01370,0.0000,0.0000,1.0000,True,True
82.7863,0.0000,11.5458,-258.0581,0.01512,0.0000,0.0000,1.0000,True,True
82.8028,0.0000,11.5484,-258.0756,0.01761,0.0000,0.0000,1.0000,True,True
82.8193,0.0000,11.5513,-258.0955,0.02017,0.0000,0.0000,1.0000,True,True
82.8362,0.0000,11.5546,-258.1175,0.02218,0.0000,0.0000,1.0000,True,True
82.8527,0.0000,11.5581,-258.1416,0.02437,0.0000,0.0000,1.0000,True,True
82.8701,0.0000,11.5614,-258.1639,0.02261,0.0000,0.0000,1.0000,True,True
82.8836,0.0000,11.5655,-258.1917,0.02807,0.0000,0.0000,1.0000,True,True
82.8980,0.0000,11.5693,-258.2174,0.02594,0.0000,0.0000,1.0000,True,True
82.9147,0.0000,11.5739,-258.2485,0.03143,0.0000,0.0000,1.0000,True,True
82.9308,0.0000,11.5788,-258.2819,0.03378,0.0000,0.0000,1.0000,True,True
82.9470,0.0000,11.5839,-258.3165,0.03501,0.0000,0.0000,1.0000,True,True
82.9632,0.0000,11.5893,-258.3527,0.03659,0.0000,0.0000,1.0000,True,True
82.9793,0.0000,11.5950,-258.3914,0.03905,0.0000,0.0000,1.0000,True,True
82.9949,0.0000,11.6007,-258.4304,0.03948,0.0000,0.0000,1.0000,True,True
83.0112,0.0000,11.6069,-258.4721,0.04211,0.0000,0.0000,1.0000,True,True
83.0278,0.0000,11.6136,-258.5178,0.04618,0.0000,0.0000,1.0000,True,True
83.0443,0.0000,11.6206,-258.5657,0.04842,0.0000,0.0000,1.0000,True,True
83.0589,0.0000,11.6270,-258.6091,0.04389,0.0000,0.0000,1.0000,True,True
83.0743,0.0000,11.6340,-258.6566,0.04805,0.0000,0.0000,1.0000,True,True
83.0906,0.0000,11.6415,-258.7082,0.05206,0.0000,0.0000,1.0000,True,True
83.1058,0.0000,11.6490,-258.7593,0.05173,0.0000,0.0000,1.0000,True,True
83.1217,0.0000,11.6570,-258.8138,0.05506,0.0000,0.0000,1.0000,True,True
83.1377,0.0000,11.6653,-258.8706,0.05740,0.0000,0.0000,1.0000,True,True
83.1534,0.0000,11.6739,-258.9287,0.05873,0.0000,0.0000,1.0000,True,True
83.1693,0.0000,11.6827,-258.9887,0.06067,0.0000,0.0000,1.0000,True,True
83.1862,0.0000,11.6922,-259.0539,0.06585,0.0000,0.0000,1.0000,True,True
83.2026,0.0000,11.7020,-259.1213,0.06813,0.0000,0.0000,1.0000,True,True
83.2168,0.0000,11.7103,-259.1784,0.05773,0.0000,0.0000,1.0000,True,True
83.2326,0.0000,11.7204,-259.2474,0.06970,0.0000,0.0000,1.0000,True,True
83.2486,0.0000,11.7307,-259.3183,0.07164,0.0000,0.0000,1.0000,True,True
83.2647,0.0000,11.7412,-259.3902,0.07266,0.0000,0.0000,1.0000,True,True
83.2805,0.0000,11.7518,-259.4631,0.07368,0.0000,0.0000,1.0000,True,True
83.2963,0.0000,11.7627,-259.5380,0.07571,0.0000,0.0000,1.0000,True,True
83.3126,0.0000,11.7741,-259.6166,0.07940,0.0000,0.0000,1.0000,True,True
83.3286,0.0000,11.7856,-259.6964,0.08058,0.0000,0.0000,1.0000,True,True
83.3444,0.0000,11.7972,-259.7764,0.08088,0.0000,0.0000,1.0000,True,True
83.3612,0.0000,11.8098,-259.8631,0.08764,0.0000,0.0000,1.0000,True,True
83.3784,0.0000,11.8226,-259.9517,0.08946,0.0000,0.0000,1.0000,True,True
83.3945,0.0000,11.8356,-260.0411,0.09041,0.0000,0.0000,1.0000,True,True
83.4112,0.0000,11.8483,-260.1299,0.08972,0.0000,0.0000,1.0000,True,True
83.4260,0.0000,11.8597,-260.2087,0.07961,0.0000,0.0000,1.0000,True,True
83.4417,0.0000,11.8720,-260.2940,0.08615,0.0000,0.0000,1.0000,True,True
83.4566,0.0000,11.8835,-260.3743,0.08115,0.0000,0.0000,1.0000,True,True
83.4725,0.0000,11.8957,-260.4589,0.08547,0.0000,0.0000,1.0000,True,True
83.4875,0.0000,11.9072,-260.5387,0.08062,0.0000,0.0000,1.0000,True,True
83.5029,0.0000,11.9191,-260.6220,0.08413,0.0000,0.0000,1.0000,True,True
83.5193,0.0000,11.9315,-260.7088,0.08771,0.0000,0.0000,1.0000,True,True
83.5337,0.0000,11.9424,-260.7847,0.07661,0.0000,0.0000,1.0000,True,True
83.5483,0.0000,11.9537,-260.8640,0.08009,0.0000,0.0000,1.0000,True,True
83.5660,0.0000,11.9673,-260.9590,0.09600,0.0000,0.0000,1.0000,True,True
83.5812,0.0000,11.9790,-261.0408,0.08261,0.0000,0.0000,1.0000,True,True
83.5970,0.0000,11.9908,-261.1242,0.08424,0.0000,0.0000,1.0000,True,True
83.6123,0.0000,12.0025,-261.2063,0.08292,0.0000,0.0000,1.0000,True,True
83.6277,0.0000,12.0142,-261.2886,0.08319,0.0000,0.0000,1.0000,True,True
83.6445,0.0000,12.0268,-261.3773,0.08961,0.0000,0.0000,1.0000,True,True
83.6576,0.0000,12.0369,-261.4483,0.07167,0.0000,0.0000,1.0000,True,True
83.6732,0.0000,12.0487,-261.5318,0.08436,0.0000,0.0000,1.0000,True,True
83.6885,0.0000,12.0602,-261.6131,0.08207,0.0000,0.0000,1.0000,True,True
83.7034,0.0000,12.0713,-261.6921,0.07982,0.0000,0.0000,1.0000,True,True
83.7195,0.0000,12.0835,-261.7780,0.08673,0.0000,0.0000,1.0000,True,True
83.7336,0.0000,12.0942,-261.8544,0.07714,0.0000,0.0000,1.0000,True,True
83.7482,0.0000,12.1054,-261.9334,0.07976,0.0000,0.0000,1.0000,True,True
83.7629,0.0000,12.1165,-262.0118,0.07924,0.0000,0.0000,1.0000,True,True
83.7777,0.0000,12.1276,-262.0912,0.08018,0.0000,0.0000,1.0000,True,True
83.7941,0.0000,12.1398,-262.1787,0.08835,0.0000,0.0000,1.0000,True,True
83.8079,0.0000,12.1500,-262.2509,0.07291,0.0000,0.0000,1.0000,True,True
83.8229,0.0000,12.1607,-262.3276,0.07744,0.0000,0.0000,1.0000,True,True
83.8379,0.0000,12.1712,-262.4023,0.07544,0.0000,0.0000,1.0000,True,True
83.8527,0.0000,12.1814,-262.4752,0.07353,0.0000,0.0000,1.0000,True,True
83.8692,0.0000,12.1924,-262.5541,0.07974,0.0000,0.0000,1.0000,True,True
83.8821,0.0000,12.2009,-262.6149,0.06132,0.0000,0.0000,1.0000,True,True
83.8971,0.0000,12.2104,-262.6833,0.06911,0.0000,0.0000,1.0000,True,True
83.9118,0.0000,12.2195,-262.7487,0.06600,0.0000,0.0000,1.0000,True,True
83.9275,0.0000,12.2290,-262.8170,0.06902,0.0000,0.0000,1.0000,True,True
83.9415,0.0000,12.2372,-262.8761,0.05959,0.0000,0.0000,1.0000,True,True
83.9565,0.0000,12.2458,-262.9381,0.06267,0.0000,0.0000,1.0000,True,True
83.9715,0.0000,12.2543,-262.9987,0.06119,0.0000,0.0000,1.0000,True,True
83.9865,0.0000,12.2624,-263.0574,0.05921,0.0000,0.0000,1.0000,True,True
84.0026,0.0000,12.2708,-263.1183,0.06146,0.0000,0.0000,1.0000,True,True
84.0165,0.0000,12.2779,-263.1696,0.05185,0.0000,0.0000,1.0000,True,True
84.0314,0.0000,12.2852,-263.2230,0.05385,0.0000,0.0000,1.0000,True,True
84.0466,0.0000,12.2925,-263.2753,0.05283,0.0000,0.0000,1.0000,True,True
84.0624,0.0000,12.2997,-263.3279,0.05305,0.0000,0.0000,1.0000,True,True
84.0785,0.0000,12.3068,-263.3793,0.05194,0.0000,0.0000,1.0000,True,True
84.0943,0.0000,12.3137,-263.4290,0.05009,0.0000,0.0000,1.0000,True,True
84.1108,0.0000,12.3205,-263.4786,0.05012,0.0000,0.0000,1.0000,True,True
84.1252,0.0000,12.3261,-263.5190,0.04072,0.0000,0.0000,1.0000,True,True
84.1413,0.0000,12.3323,-263.5640,0.04546,0.0000,0.0000,1.0000,True,True
84.1570,0.0000,12.3380,-263.6057,0.04205,0.0000,0.0000,1.0000,True,True
84.1726,0.0000,12.3433,-263.6448,0.03955,0.0000,0.0000,1.0000,True,True
84.1874,0.0000,12.3483,-263.6812,0.03666,0.0000,0.0000,1.0000,True,True
84.2028,0.0000,12.3532,-263.7166,0.03576,0.0000,0.0000,1.0000,True,True
84.2192,0.0000,12.3581,-263.7523,0.03601,0.0000,0.0000,1.0000,True,True
84.2336,0.0000,12.3621,-263.7815,0.02951,0.0000,0.0000,1.0000,True,True
84.2486,0.0000,12.3662,-263.8116,0.03037,0.0000,0.0000,1.0000,True,True
84.2639,0.0000,12.3700,-263.8397,0.02834,0.0000,0.0000,1.0000,True,True
84.2792,0.0000,12.3737,-263.8665,0.02704,0.0000,0.0000,1.0000,True,True
84.2943,0.0000,12.3771,-263.8910,0.02477,0.0000,0.0000,1.0000,True,True
84.3112,0.0000,12.3805,-263.9160,0.02523,0.0000,0.0000,1.0000,True,True
84.3278,0.0000,12.3836,-263.9390,0.02319,0.0000,0.0000,1.0000,True,True
84.3445,0.0000,12.3865,-263.9599,0.02110,0.0000,0.0000,1.0000,True,True
84.3587,0.0000,12.3887,-263.9762,0.01645,0.0000,0.0000,1.0000,True,True
84.3733,0.0000,12.3887,-263.9762,0.00000,0.0000,0.0000,1.0000,True,True
84.3885,0.0000,12.3890,-263.9778,0.00169,0.0000,0.0000,1.0000,True,True
84.4031,0.0000,12.3894,-263.9811,0.00330,0.0000,0.0000,1.0000,True,True
84.4194,0.0000,12.3902,-263.9866,0.00554,0.0000,0.0000,1.0000,True,True
84.4334,0.0000,12.3910,-263.9928,0.00625,0.0000,0.0000,1.0000,True,True
84.4486,0.0000,12.3922,-264.0012,0.00850,0.0000,0.0000,1.0000,True,True
84.4634,0.0000,12.3935,-264.0113,0.01019,0.0000,0.0000,1.0000,True,True
84.4782,0.0000,12.3951,-264.0228,0.01158,0.0000,0.0000,1.0000,True,True
84.4942,0.0000,12.3971,-264.0372,0.01451,0.0000,0.0000,1.0000,True,True
84.5088,0.0000,12.3990,-264.0517,0.01466,0.0000,0.0000,1.0000,True,True
84.5237,0.0000,12.4013,-264.0684,0.01682,0.0000,0.0000,1.0000,True,True
84.5389,0.0000,12.4038,-264.0869,0.01869,0.0000,0.0000,1.0000,True,True
84.5533,0.0000,12.4065,-264.1064,0.01974,0.0000,0.0000,1.0000,True,True
84.5691,0.0000,12.4096,-264.1296,0.02335,0.0000,0.0000,1.0000,True,True
84.5833,0.0000,12.4126,-264.1516,0.02221,0.0000,0.0000,1.0000,True,True
84.5989,0.0000,12.4162,-264.1776,0.02630,0.0000,0.0000,1.0000,True,True
84.6139,0.0000,12.4198,-264.2048,0.02738,0.0000,0.0000,1.0000,True,True
84.6290,0.0000,12.4237,-264.2333,0.02880,0.0000,0.0000,1.0000,True,True
84.6442,0.0000,12.4279,-264.2638,0.03080,0.0000,0.0000,1.0000,True,True
84.6610,0.0000,12.4327,-264.2994,0.03594,0.0000,0.0000,1.0000,True,True
84.6752,0.0000,12.4370,-264.3306,0.03148,0.0000,0.0000,1.0000,True,True
84.6899,0.0000,12.4418,-264.3661,0.03585,0.0000,0.0000,1.0000,True,True
84.7059,0.0000,12.4471,-264.4051,0.03933,0.0000,0.0000,1.0000,True,True
84.7213,0.0000,12.4525,-264.4453,0.04056,0.0000,0.0000,1.0000,True,True
84.7364,0.0000,12.4581,-264.4860,0.04109,0.0000,0.0000,1.0000,True,True
84.7526,0.0000,12.4642,-264.5316,0.04595,0.0000,0.0000,1.0000,True,True
84.7665,0.0000,12.4697,-264.5718,0.04065,0.0000,0.0000,1.0000,True,True
84.7815,0.0000,12.4758,-264.6176,0.04613,0.0000,0.0000,1.0000,True,True
84.7967,0.0000,12.4823,-264.6655,0.04841,0.0000,0.0000,1.0000,True,True
84.8124,0.0000,12.4891,-264.7163,0.05121,0.0000,0.0000,1.0000,True,True
84.8276,0.0000,12.4961,-264.7682,0.05238,0.0000,0.0000,1.0000,True,True
84.8441,0.0000,12.5040,-264.8262,0.05857,0.0000,0.0000,1.0000,True,True
84.8578,0.0000,12.5106,-264.8752,0.04936,0.0000,0.0000,1.0000,True,True
84.8727,0.0000,12.5180,-264.9305,0.05589,0.0000,0.0000,1.0000,True,True
84.8883,0.0000,12.5260,-264.9897,0.05965,0.0000,0.0000,1.0000,True,True
84.9031,0.0000,12.5339,-265.0486,0.05946,0.0000,0.0000,1.0000,True,True
84.9193,0.0000,12.5427,-265.1141,0.06614,0.0000,0.0000,1.0000,True,True
84.9330,0.0000,12.5503,-265.1714,0.05782,0.0000,0.0000,1.0000,True,True
84.9480,0.0000,12.5589,-265.2353,0.06444,0.0000,0.0000,1.0000,True,True
84.9637,0.0000,12.5680,-265.3033,0.06857,0.0000,0.0000,1.0000,True,True
84.9790,0.0000,12.5773,-265.3728,0.07014,0.0000,0.0000,1.0000,True,True
84.9950,0.0000,12.5870,-265.4459,0.07371,0.0000,0.0000,1.0000,True,True
85.0115,0.0000,12.5972,-265.5219,0.07669,0.0000,0.0000,1.0000,True,True
85.0279,0.0000,12.6079,-265.6030,0.08183,0.0000,0.0000,1.0000,True,True
85.0425,0.0000,12.6171,-265.6725,0.07007,0.0000,0.0000,1.0000,True,True
85.0571,0.0000,12.6274,-265.7502,0.07841,0.0000,0.0000,1.0000,True,True
85.0724,0.0000,12.6381,-265.8306,0.08109,0.0000,0.0000,1.0000,True,True
85.0880,0.0000,12.6491,-265.9135,0.08367,0.0000,0.0000,1.0000,True,True
85.1033,0.0000,12.6600,-265.9956,0.08281,0.0000,0.0000,1.0000,True,True
85.1193,0.0000,12.6711,-266.0804,0.08557,0.0000,0.0000,1.0000,True,True
85.1362,0.0000,12.6829,-266.1698,0.09015,0.0000,0.0000,1.0000,True,True
85.1508,0.0000,12.6927,-266.2447,0.07547,0.0000,0.0000,1.0000,True,True
85.1655,0.0000,12.7038,-266.3290,0.08504,0.0000,0.0000,1.0000,True,True
85.1816,0.0000,12.7149,-266.4135,0.08520,0.0000,0.0000,1.0000,True,True
85.1974,0.0000,12.7261,-266.4992,0.08652,0.0000,0.0000,1.0000,True,True
85.2126,0.0000,12.7368,-266.5811,0.08257,0.0000,0.0000,1.0000,True,True
85.2293,0.0000,12.7484,-266.6700,0.08959,0.0000,0.0000,1.0000,True,True
85.2449,0.0000,12.7593,-266.7538,0.08460,0.0000,0.0000,1.0000,True,True
85.2609,0.0000,12.7704,-266.8392,0.08605,0.0000,0.0000,1.0000,True,True
85.2776,0.0000,12.7820,-266.9282,0.08974,0.0000,0.0000,1.0000,True,True
85.2944,0.0000,12.7937,-267.0179,0.09051,0.0000,0.0000,1.0000,True,True
85.3083,0.0000,12.8033,-267.0923,0.07502,0.0000,0.0000,1.0000,True,True
85.3239,0.0000,12.8141,-267.1766,0.08496,0.0000,0.0000,1.0000,True,True
85.3401,0.0000,12.8253,-267.2632,0.08739,0.0000,0.0000,1.0000,True,True
85.3557,0.0000,12.8361,-267.3468,0.08428,0.0000,0.0000,1.0000,True,True
85.3725,0.0000,12.8474,-267.4346,0.08853,0.0000,0.0000,1.0000,True,True
85.3881,0.0000,12.8584,-267.5202,0.08628,0.0000,0.0000,1.0000,True,True
85.4036,0.0000,12.8690,-267.6034,0.08387,0.0000,0.0000,1.0000,True,True
85.4195,0.0000,12.8799,-267.6885,0.08584,0.0000,0.0000,1.0000,True,True
85.4361,0.0000,12.8911,-267.7763,0.08848,0.0000,0.0000,1.0000,True,True
85.4527,0.0000,12.9026,-267.8661,0.09048,0.0000,0.0000,1.0000,True,True
85.4673,0.0000,12.9124,-267.9429,0.07744,0.0000,0.0000,1.0000,True,True
85.4823,0.0000,12.9229,-268.0250,0.08279,0.0000,0.0000,1.0000,True,True
85.4977,0.0000,12.9332,-268.1070,0.08268,0.0000,0.0000,1.0000,True,True
85.5132,0.0000,12.9437,-268.1900,0.08361,0.0000,0.0000,1.0000,True,True
85.5288,0.0000,12.9540,-268.2708,0.08152,0.0000,0.0000,1.0000,True,True
85.5445,0.0000,12.9641,-268.3507,0.08050,0.0000,0.0000,1.0000,True,True
85.5610,0.0000,12.9744,-268.4322,0.08216,0.0000,0.0000,1.0000,True,True
85.5775,0.0000,12.9846,-268.5131,0.08148,0.0000,0.0000,1.0000,True,True
85.5919,0.0000,12.9931,-268.5813,0.06874,0.0000,0.0000,1.0000,True,True
85.6076,0.0000,13.0022,-268.6538,0.07311,0.0000,0.0000,1.0000,True,True
85.6239,0.0000,13.0113,-268.7265,0.07323,0.0000,0.0000,1.0000,True,True
85.6405,0.0000,13.0205,-268.8000,0.07415,0.0000,0.0000,1.0000,True,True
85.6569,0.0000,13.0292,-268.8692,0.06972,0.0000,0.0000,1.0000,True,True
85.6733,0.0000,13.0377,-268.9373,0.06862,0.0000,0.0000,1.0000,True,True
85.6896,0.0000,13.0459,-269.0028,0.06603,0.0000,0.0000,1.0000,True,True
85.7060,0.0000,13.0539,-269.0672,0.06482,0.0000,0.0000,1.0000,True,True
85.7226,0.0000,13.0616,-269.1293,0.06258,0.0000,0.0000,1.0000,True,True
85.7392,0.0000,13.0691,-269.1901,0.06126,0.0000,0.0000,1.0000,True,True
85.7559,0.0000,13.0763,-269.2485,0.05889,0.0000,0.0000,1.0000,True,True
85.7725,0.0000,13.0834,-269.3054,0.05729,0.0000,0.0000,1.0000,True,True
85.7888,0.0000,13.0900,-269.3590,0.05403,0.0000,0.0000,1.0000,True,True
85.8054,0.0000,13.0965,-269.4112,0.05265,0.0000,0.0000,1.0000,True,True
85.8221,0.0000,13.1027,-269.4614,0.05052,0.0000,0.0000,1.0000,True,True
85.8380,0.0000,13.1084,-269.5079,0.04686,0.0000,0.0000,1.0000,True,True
85.8547,0.0000,13.1141,-269.5543,0.04680,0.0000,0.0000,1.0000,True,True
85.8711,0.0000,13.1194,-269.5972,0.04323,0.0000,0.0000,1.0000,True,True
85.8875,0.0000,13.1246,-269.6395,0.04261,0.0000,0.0000,1.0000,True,True
85.9042,0.0000,13.1296,-269.6802,0.04101,0.0000,0.0000,1.0000,True,True
85.9206,0.0000,13.1342,-269.7177,0.03769,0.0000,0.0000,1.0000,True,True
85.9377,0.0000,13.1386,-269.7541,0.03671,0.0000,0.0000,1.0000,True,True
85.9554,0.0000,13.1430,-269.7902,0.03634,0.0000,0.0000,1.0000,True,True
85.9724,0.0000,13.1471,-269.8233,0.03339,0.0000,0.0000,1.0000,True,True
85.9895,0.0000,13.1508,-269.8536,0.03053,0.0000,0.0000,1.0000,True,True
86.0062,0.0000,13.1542,-269.8816,0.02822,0.0000,0.0000,1.0000,True,True
86.0230,0.0000,13.1574,-269.9073,0.02589,0.0000,0.0000,1.0000,True,True
86.0402,0.0000,13.1603,-269.9314,0.02426,0.0000,0.0000,1.0000,True,True
86.0574,0.0000,13.1630,-269.9532,0.02195,0.0000,0.0000,1.0000,True,True
86.0748,0.0000,13.1655,-269.9736,0.02057,0.0000,0.0000,1.0000,True,True
86.0922,0.0000,13.1679,-269.9928,0.01931,0.0000,0.0000,1.0000,True,True
86.1093,0.0000,13.1679,-269.9928,0.00000,0.0000,0.0000,1.0000,True,True
86.1248,0.0000,13.1681,-269.9947,0.00194,0.0000,0.0000,1.0000,True,True
86.1413,0.0000,13.1686,-269.9986,0.00394,0.0000,0.0000,1.0000,True,True
86.1577,0.0000,13.1693,-270.0047,0.00615,0.0000,0.0000,1.0000,True,True
86.1742,0.0000,13.1703,-270.0126,0.00799,0.0000,0.0000,1.0000,True,True
86.1916,0.0000,13.1715,-270.0229,0.01030,0.0000,0.0000,1.0000,True,True
86.2090,0.0000,13.1731,-270.0356,0.01285,0.0000,0.0000,1.0000,True,True
86.2259,0.0000,13.1748,-270.0503,0.01476,0.0000,0.0000,1.0000,True,True
86.2418,0.0000,13.1768,-270.0664,0.01623,0.0000,0.0000,1.0000,True,True
86.2583,0.0000,13.1790,-270.0849,0.01866,0.0000,0.0000,1.0000,True,True
86.2750,0.0000,13.1815,-270.1054,0.02066,0.0000,0.0000,1.0000,True,True
86.2916,0.0000,13.1843,-270.1281,0.02287,0.0000,0.0000,1.0000,True,True
86.3079,0.0000,13.1872,-270.1521,0.02413,0.0000,0.0000,1.0000,True,True
86.3247,0.0000,13.1905,-270.1793,0.02742,0.0000,0.0000,1.0000,True,True
86.3411,0.0000,13.1939,-270.2074,0.02831,0.0000,0.0000,1.0000,True,True
86.3576,0.0000,13.1976,-270.2380,0.03086,0.0000,0.0000,1.0000,True,True
86.3737,0.0000,13.2015,-270.2704,0.03262,0.0000,0.0000,1.0000,True,True
86.3902,0.0000,13.2057,-270.3049,0.03471,0.0000,0.0000,1.0000,True,True
86.4071,0.0000,13.2103,-270.3426,0.03803,0.0000,0.0000,1.0000,True,True
86.4240,0.0000,13.2150,-270.3819,0.03959,0.0000,0.0000,1.0000,True,True
86.4413,0.0000,13.2201,-270.4238,0.04218,0.0000,0.0000,1.0000,True,True
86.4574,0.0000,13.2253,-270.4662,0.04273,0.0000,0.0000,1.0000,True,True
86.4737,0.0000,13.2307,-270.5113,0.04543,0.0000,0.0000,1.0000,True,True
86.4914,0.0000,13.2366,-270.5605,0.04948,0.0000,0.0000,1.0000,True,True
86.5083,0.0000,13.2426,-270.6106,0.05047,0.0000,0.0000,1.0000,True,True
86.5254,0.0000,13.2489,-270.6632,0.05299,0.0000,0.0000,1.0000,True,True
86.5425,0.0000,13.2555,-270.7180,0.05517,0.0000,0.0000,1.0000,True,True
86.5612,0.0000,13.2631,-270.7818,0.06430,0.0000,0.0000,1.0000,True,True
86.5799,0.0000,13.2709,-270.8471,0.06577,0.0000,0.0000,1.0000,True,True
86.5966,0.0000,13.2784,-270.9095,0.06285,0.0000,0.0000,1.0000,True,True
86.6153,0.0000,13.2868,-270.9797,0.07072,0.0000,0.0000,1.0000,True,True
86.6363,0.0000,13.2965,-271.0608,0.08159,0.0000,0.0000,1.0000,True,True
86.6528,0.0000,13.3045,-271.1288,0.06850,0.0000,0.0000,1.0000,True,True
86.6710,0.0000,13.3136,-271.2052,0.07695,0.0000,0.0000,1.0000,True,True
86.6894,0.0000,13.3230,-271.2846,0.07999,0.0000,0.0000,1.0000,True,True
86.7078,0.0000,13.3328,-271.3673,0.08322,0.0000,0.0000,1.0000,True,True
86.7277,0.0000,13.3435,-271.4581,0.09145,0.0000,0.0000,1.0000,True,True
86.7443,0.0000,13.3528,-271.5366,0.07903,0.0000,0.0000,1.0000,True,True
86.7614,0.0000,13.3625,-271.6202,0.08422,0.0000,0.0000,1.0000,True,True
86.7790,0.0000,13.3728,-271.7082,0.08852,0.0000,0.0000,1.0000,True,True
86.7968,0.0000,13.3833,-271.7981,0.09055,0.0000,0.0000,1.0000,True,True
86.8139,0.0000,13.3937,-271.8869,0.08938,0.0000,0.0000,1.0000,True,True
86.8312,0.0000,13.4048,-271.9816,0.09534,0.0000,0.0000,1.0000,True,True
86.8488,0.0000,13.4158,-272.0764,0.09542,0.0000,0.0000,1.0000,True,True
86.8674,0.0000,13.4268,-272.1717,0.09597,0.0000,0.0000,1.0000,True,True
86.8862,0.0000,13.4388,-272.2754,0.10436,0.0000,0.0000,1.0000,True,True
86.9027,0.0000,13.4491,-272.3646,0.08980,0.0000,0.0000,1.0000,True,True
86.9193,0.0000,13.4594,-272.4539,0.08998,0.0000,0.0000,1.0000,True,True
86.9378,0.0000,13.4706,-272.5513,0.09802,0.0000,0.0000,1.0000,True,True
86.9554,0.0000,13.4816,-272.6481,0.09740,0.0000,0.0000,1.0000,True,True
86.9733,0.0000,13.4926,-272.7441,0.09666,0.0000,0.0000,1.0000,True,True
86.9944,0.0000,13.5055,-272.8570,0.11356,0.0000,0.0000,1.0000,True,True
87.0110,0.0000,13.5156,-272.9455,0.08908,0.0000,0.0000,1.0000,True,True
87.0290,0.0000,13.5264,-273.0414,0.09656,0.0000,0.0000,1.0000,True,True
87.0468,0.0000,13.5374,-273.1386,0.09781,0.0000,0.0000,1.0000,True,True
87.0647,0.0000,13.5480,-273.2332,0.09520,0.0000,0.0000,1.0000,True,True
87.0831,0.0000,13.5593,-273.3327,0.10015,0.0000,0.0000,1.0000,True,True
87.1026,0.0000,13.5710,-273.4373,0.10524,0.0000,0.0000,1.0000,True,True
87.1192,0.0000,13.5811,-273.5272,0.09044,0.0000,0.0000,1.0000,True,True
87.1358,0.0000,13.5910,-273.6161,0.08944,0.0000,0.0000,1.0000,True,True
87.1539,0.0000,13.6016,-273.7113,0.09577,0.0000,0.0000,1.0000,True,True
87.1716,0.0000,13.6122,-273.8074,0.09675,0.0000,0.0000,1.0000,True,True
87.1891,0.0000,13.6226,-273.9010,0.09411,0.0000,0.0000,1.0000,True,True
87.2071,0.0000,13.6334,-273.9982,0.09783,0.0000,0.0000,1.0000,True,True
87.2242,0.0000,13.6434,-274.0892,0.09155,0.0000,0.0000,1.0000,True,True
87.2407,0.0000,13.6532,-274.1791,0.09047,0.0000,0.0000,1.0000,True,True
87.2576,0.0000,13.6629,-274.2672,0.08860,0.0000,0.0000,1.0000,True,True
87.2749,0.0000,13.6725,-274.3547,0.08802,0.0000,0.0000,1.0000,True,True
87.2919,0.0000,13.6818,-274.4394,0.08516,0.0000,0.0000,1.0000,True,True
87.3086,0.0000,13.6905,-274.5194,0.08052,0.0000,0.0000,1.0000,True,True
87.3252,0.0000,13.6990,-274.5984,0.07950,0.0000,0.0000,1.0000,True,True
87.3420,0.0000,13.7073,-274.6751,0.07708,0.0000,0.0000,1.0000,True,True
87.3598,0.0000,13.7155,-274.7508,0.07618,0.0000,0.0000,1.0000,True,True
87.3775,0.0000,13.7242,-274.8315,0.08113,0.0000,0.0000,1.0000,True,True
87.3944,0.0000,13.7318,-274.9023,0.07127,0.0000,0.0000,1.0000,True,True
87.4113,0.0000,13.7393,-274.9712,0.06922,0.0000,0.0000,1.0000,True,True
87.4284,0.0000,13.7465,-275.0388,0.06798,0.0000,0.0000,1.0000,True,True
87.4454,0.0000,13.7534,-275.1035,0.06506,0.0000,0.0000,1.0000,True,True
87.4626,0.0000,13.7602,-275.1671,0.06405,0.0000,0.0000,1.0000,True,True
87.4795,0.0000,13.7666,-275.2271,0.06034,0.0000,0.0000,1.0000,True,True
87.4967,0.0000,13.7728,-275.2853,0.05853,0.0000,0.0000,1.0000,True,True
87.5132,0.0000,13.7786,-275.3401,0.05506,0.0000,0.0000,1.0000,True,True
87.5295,0.0000,13.7842,-275.3927,0.05291,0.0000,0.0000,1.0000,True,True
87.5464,0.0000,13.7896,-275.4438,0.05137,0.0000,0.0000,1.0000,True,True
87.5645,0.0000,13.7954,-275.4977,0.05426,0.0000,0.0000,1.0000,True,True
87.5815,0.0000,13.8003,-275.5453,0.04781,0.0000,0.0000,1.0000,True,True
87.5998,0.0000,13.8054,-275.5933,0.04830,0.0000,0.0000,1.0000,True,True
87.6180,0.0000,13.8100,-275.6377,0.04458,0.0000,0.0000,1.0000,True,True
87.6340,0.0000,13.8142,-275.6773,0.03983,0.0000,0.0000,1.0000,True,True
87.6505,0.0000,13.8182,-275.7159,0.03885,0.0000,0.0000,1.0000,True,True
87.6695,0.0000,13.8225,-275.7566,0.04090,0.0000,0.0000,1.0000,True,True
87.6860,0.0000,13.8260,-275.7902,0.03381,0.0000,0.0000,1.0000,True,True
87.7027,0.0000,13.8293,-275.8219,0.03182,0.0000,0.0000,1.0000,True,True
87.7193,0.0000,13.8325,-275.8516,0.02989,0.0000,0.0000,1.0000,True,True
87.7360,0.0000,13.8353,-275.8789,0.02749,0.0000,0.0000,1.0000,True,True
87.7525,0.0000,13.8380,-275.9045,0.02568,0.0000,0.0000,1.0000,True,True
87.7692,0.0000,13.8404,-275.9277,0.02338,0.0000,0.0000,1.0000,True,True
87.7862,0.0000,13.8427,-275.9494,0.02182,0.0000,0.0000,1.0000,True,True
87.8030,0.0000,13.8447,-275.9688,0.01948,0.0000,0.0000,1.0000,True,True
87.8211,0.0000,13.8467,-275.9871,0.01838,0.0000,0.0000,1.0000,True,True
87.8388,0.0000,13.8467,-275.9871,0.00000,0.0000,0.0000,1.0000,True,True
87.8820,0.0000,13.8467,-275.9876,0.00052,0.0000,0.0000,1.0000,True,True
87.8988,0.0000,13.8470,-275.9908,0.00319,0.0000,0.0000,1.0000,True,True
87.9158,0.0000,13.8476,-275.9962,0.00540,0.0000,0.0000,1.0000,True,True
87.9315,0.0000,13.8483,-276.0029,0.00681,0.0000,0.0000,1.0000,True,True
87.9473,0.0000,13.8492,-276.0117,0.00881,0.0000,0.0000,1.0000,True,True
87.9635,0.0000,13.8503,-276.0226,0.01092,0.0000,0.0000,1.0000,True,True
87.9798,0.0000,13.8516,-276.0352,0.01276,0.0000,0.0000,1.0000,True,True
87.9954,0.0000,13.8531,-276.0496,0.01439,0.0000,0.0000,1.0000,True,True
88.0115,0.0000,13.8549,-276.0664,0.01694,0.0000,0.0000,1.0000,True,True
88.0280,0.0000,13.8568,-276.0852,0.01893,0.0000,0.0000,1.0000,True,True
88.0441,0.0000,13.8589,-276.1060,0.02086,0.0000,0.0000,1.0000,True,True
88.0611,0.0000,13.8614,-276.1294,0.02353,0.0000,0.0000,1.0000,True,True
88.0777,0.0000,13.8640,-276.1549,0.02565,0.0000,0.0000,1.0000,True,True
88.0928,0.0000,13.8664,-276.1780,0.02319,0.0000,0.0000,1.0000,True,True
88.1076,0.0000,13.8692,-276.2057,0.02786,0.0000,0.0000,1.0000,True,True
88.1239,0.0000,13.8724,-276.2362,0.03071,0.0000,0.0000,1.0000,True,True
88.1404,0.0000,13.8758,-276.2690,0.03295,0.0000,0.0000,1.0000,True,True
88.1561,0.0000,13.8792,-276.3023,0.03347,0.0000,0.0000,1.0000,True,True
88.1725,0.0000,13.8830,-276.3391,0.03697,0.0000,0.0000,1.0000,True,True
88.1889,0.0000,13.8869,-276.3771,0.03820,0.0000,0.0000,1.0000,True,True
88.2051,0.0000,13.8911,-276.4178,0.04099,0.0000,0.0000,1.0000,True,True
88.2214,0.0000,13.8955,-276.4602,0.04258,0.0000,0.0000,1.0000,True,True
88.2375,0.0000,13.9000,-276.5041,0.04412,0.0000,0.0000,1.0000,True,True
88.2546,0.0000,13.9049,-276.5518,0.04801,0.0000,0.0000,1.0000,True,True
88.2709,0.0000,13.9099,-276.6012,0.04960,0.0000,0.0000,1.0000,True,True
88.2873,0.0000,13.9150,-276.6517,0.05077,0.0000,0.0000,1.0000,True,True
88.3032,0.0000,13.9202,-276.7025,0.05107,0.0000,0.0000,1.0000,True,True
88.3196,0.0000,13.9257,-276.7574,0.05512,0.0000,0.0000,1.0000,True,True
88.3363,0.0000,13.9315,-276.8144,0.05736,0.0000,0.0000,1.0000,True,True
88.3525,0.0000,13.9375,-276.8730,0.05883,0.0000,0.0000,1.0000,True,True
88.3698,0.0000,13.9440,-276.9369,0.06429,0.0000,0.0000,1.0000,True,True
88.3869,0.0000,13.9506,-277.0023,0.06570,0.0000,0.0000,1.0000,True,True
88.4039,0.0000,13.9573,-277.0698,0.06784,0.0000,0.0000,1.0000,True,True
88.4207,0.0000,13.9642,-277.1389,0.06944,0.0000,0.0000,1.0000,True,True
88.4379,0.0000,13.9714,-277.2110,0.07244,0.0000,0.0000,1.0000,True,True
88.4547,0.0000,13.9788,-277.2846,0.07397,0.0000,0.0000,1.0000,True,True
88.4718,0.0000,13.9864,-277.3607,0.07646,0.0000,0.0000,1.0000,True,True
88.4890,0.0000,13.9943,-277.4400,0.07971,0.0000,0.0000,1.0000,True,True
88.5062,0.0000,14.0023,-277.5208,0.08124,0.0000,0.0000,1.0000,True,True
88.5235,0.0000,14.0106,-277.6050,0.08463,0.0000,0.0000,1.0000,True,True
88.5406,0.0000,14.0190,-277.6901,0.08549,0.0000,0.0000,1.0000,True,True
88.5577,0.0000,14.0274,-277.7759,0.08623,0.0000,0.0000,1.0000,True,True
88.5741,0.0000,14.0360,-277.8638,0.08831,0.0000,0.0000,1.0000,True,True
88.5916,0.0000,14.0452,-277.9570,0.09365,0.0000,0.0000,1.0000,True,True
88.6081,0.0000,14.0538,-278.0458,0.08919,0.0000,0.0000,1.0000,True,True
88.6276,0.0000,14.0639,-278.1501,0.10482,0.0000,0.0000,1.0000,True,True
88.6444,0.0000,14.0725,-278.2401,0.09035,0.0000,0.0000,1.0000,True,True
88.6611,0.0000,14.0811,-278.3289,0.08919,0.0000,0.0000,1.0000,True,True
88.6776,0.0000,14.0899,-278.4196,0.09112,0.0000,0.0000,1.0000,True,True
88.6945,0.0000,14.0986,-278.5105,0.09136,0.0000,0.0000,1.0000,True,True
88.7114,0.0000,14.1071,-278.6003,0.09018,0.0000,0.0000,1.0000,True,True
88.7284,0.0000,14.1157,-278.6906,0.09074,0.0000,0.0000,1.0000,True,True
88.7452,0.0000,14.1243,-278.7820,0.09175,0.0000,0.0000,1.0000,True,True
88.7614,0.0000,14.1326,-278.8698,0.08819,0.0000,0.0000,1.0000,True,True
88.7783,0.0000,14.1412,-278.9607,0.09132,0.0000,0.0000,1.0000,True,True
88.7950,0.0000,14.1497,-279.0509,0.09064,0.0000,0.0000,1.0000,True,True
88.8114,0.0000,14.1579,-279.1385,0.08799,0.0000,0.0000,1.0000,True,True
88.8288,0.0000,14.1664,-279.2308,0.09265,0.0000,0.0000,1.0000,True,True
88.8458,0.0000,14.1750,-279.3233,0.09290,0.0000,0.0000,1.0000,True,True
88.8632,0.0000,14.1836,-279.4156,0.09268,0.0000,0.0000,1.0000,True,True
88.8801,0.0000,14.1922,-279.5081,0.09299,0.0000,0.0000,1.0000,True,True
88.8972,0.0000,14.2005,-279.5998,0.09199,0.0000,0.0000,1.0000,True,True
88.9140,0.0000,14.2088,-279.6903,0.09092,0.0000,0.0000,1.0000,True,True
88.9307,0.0000,14.2170,-279.7798,0.08991,0.0000,0.0000,1.0000,True,True
88.9472,0.0000,14.2251,-279.8687,0.08924,0.0000,0.0000,1.0000,True,True
88.9634,0.0000,14.2330,-279.9561,0.08773,0.0000,0.0000,1.0000,True,True
88.9799,0.0000,14.2411,-280.0450,0.08929,0.0000,0.0000,1.0000,True,True
88.9963,0.0000,14.2489,-280.1328,0.08812,0.0000,0.0000,1.0000,True,True
89.0127,0.0000,14.2567,-280.2197,0.08729,0.0000,0.0000,1.0000,True,True
89.0288,0.0000,14.2641,-280.3032,0.08377,0.0000,0.0000,1.0000,True,True
89.0452,0.0000,14.2715,-280.3856,0.08279,0.0000,0.0000,1.0000,True,True
89.0616,0.0000,14.2787,-280.4663,0.08104,0.0000,0.0000,1.0000,True,True
89.0778,0.0000,14.2856,-280.5443,0.07828,0.0000,0.0000,1.0000,True,True
89.0948,0.0000,14.2926,-280.6237,0.07968,0.0000,0.0000,1.0000,True,True
89.1117,0.0000,14.2992,-280.6998,0.07637,0.0000,0.0000,1.0000,True,True
89.1286,0.0000,14.3058,-280.7755,0.07606,0.0000,0.0000,1.0000,True,True
89.1450,0.0000,14.3121,-280.8466,0.07132,0.0000,0.0000,1.0000,True,True
89.1621,0.0000,14.3182,-280.9170,0.07070,0.0000,0.0000,1.0000,True,True
89.1784,0.0000,14.3241,-280.9844,0.06764,0.0000,0.0000,1.0000,True,True
89.1950,0.0000,14.3298,-281.0498,0.06561,0.0000,0.0000,1.0000,True,True
89.2122,0.0000,14.3353,-281.1139,0.06432,0.0000,0.0000,1.0000,True,True
89.2286,0.0000,14.3405,-281.1756,0.06193,0.0000,0.0000,1.0000,True,True
89.2450,0.0000,14.3455,-281.2338,0.05847,0.0000,0.0000,1.0000,True,True
89.2622,0.0000,14.3505,-281.2921,0.05844,0.0000,0.0000,1.0000,True,True
89.2792,0.0000,14.3554,-281.3491,0.05722,0.0000,0.0000,1.0000,True,True
89.2961,0.0000,14.3600,-281.4024,0.05354,0.0000,0.0000,1.0000,True,True
89.3127,0.0000,14.3644,-281.4536,0.05133,0.0000,0.0000,1.0000,True,True
89.3291,0.0000,14.3685,-281.5016,0.04821,0.0000,0.0000,1.0000,True,True
89.3457,0.0000,14.3724,-281.5479,0.04649,0.0000,0.0000,1.0000,True,True
89.3628,0.0000,14.3761,-281.5930,0.04523,0.0000,0.0000,1.0000,True,True
89.3793,0.0000,14.3797,-281.6358,0.04300,0.0000,0.0000,1.0000,True,True
89.3958,0.0000,14.3831,-281.6763,0.04058,0.0000,0.0000,1.0000,True,True
89.4128,0.0000,14.3864,-281.7149,0.03877,0.0000,0.0000,1.0000,True,True
89.4294,0.0000,14.3894,-281.7517,0.03696,0.0000,0.0000,1.0000,True,True
89.4468,0.0000,14.3924,-281.7867,0.03513,0.0000,0.0000,1.0000,True,True
89.4633,0.0000,14.3951,-281.8192,0.03258,0.0000,0.0000,1.0000,True,True
89.4799,0.0000,14.3976,-281.8492,0.03007,0.0000,0.0000,1.0000,True,True
89.4968,0.0000,14.3999,-281.8770,0.02796,0.0000,0.0000,1.0000,True,True
89.5127,0.0000,14.4021,-281.9021,0.02517,0.0000,0.0000,1.0000,True,True
89.5291,0.0000,14.4040,-281.9257,0.02361,0.0000,0.0000,1.0000,True,True
89.5457,0.0000,14.4059,-281.9479,0.02229,0.0000,0.0000,1.0000,True,True
89.5631,0.0000,14.4077,-281.9693,0.02147,0.0000,0.0000,1.0000,True,True
89.5796,0.0000,14.4094,-281.9894,0.02018,0.0000,0.0000,1.0000,True,True
89.5958,0.0000,14.4094,-281.9894,0.00000,0.0000,0.0000,1.0000,True,True
89.6117,0.0000,14.4095,-281.9913,0.00190,0.0000,0.0000,1.0000,True,True
89.6281,0.0000,14.4099,-281.9952,0.00398,0.0000,0.0000,1.0000,True,True
89.6448,0.0000,14.4104,-282.0013,0.00609,0.0000,0.0000,1.0000,True,True
89.6611,0.0000,14.4110,-282.0093,0.00805,0.0000,0.0000,1.0000,True,True
89.6780,0.0000,14.4119,-282.0197,0.01044,0.0000,0.0000,1.0000,True,True
89.6941,0.0000,14.4128,-282.0317,0.01197,0.0000,0.0000,1.0000,True,True
89.7107,0.0000,14.4140,-282.0460,0.01439,0.0000,0.0000,1.0000,True,True
89.7274,0.0000,14.4154,-282.0626,0.01660,0.0000,0.0000,1.0000,True,True
89.7443,0.0000,14.4169,-282.0811,0.01856,0.0000,0.0000,1.0000,True,True
89.7607,0.0000,14.4186,-282.1016,0.02058,0.0000,0.0000,1.0000,True,True
89.7774,0.0000,14.4204,-282.1243,0.02278,0.0000,0.0000,1.0000,True,True
89.7943,0.0000,14.4225,-282.1491,0.02492,0.0000,0.0000,1.0000,True,True
89.8111,0.0000,14.4247,-282.1759,0.02685,0.0000,0.0000,1.0000,True,True
89.8276,0.0000,14.4270,-282.2047,0.02894,0.0000,0.0000,1.0000,True,True
89.8443,0.0000,14.4296,-282.2358,0.03117,0.0000,0.0000,1.0000,True,True
89.8593,0.0000,14.4319,-282.2644,0.02872,0.0000,0.0000,1.0000,True,True
89.8756,0.0000,14.4347,-282.2985,0.03417,0.0000,0.0000,1.0000,True,True
89.8913,0.0000,14.4377,-282.3347,0.03635,0.0000,0.0000,1.0000,True,True
89.9078,0.0000,14.4408,-282.3730,0.03849,0.0000,0.0000,1.0000,True,True
89.9243,0.0000,14.4442,-282.4138,0.04085,0.0000,0.0000,1.0000,True,True
89.9417,0.0000,14.4477,-282.4572,0.04360,0.0000,0.0000,1.0000,True,True
89.9571,0.0000,14.4512,-282.4999,0.04284,0.0000,0.0000,1.0000,True,True
89.9729,0.0000,14.4548,-282.5447,0.04491,0.0000,0.0000,1.0000,True,True
89.9896,0.0000,14.4587,-282.5939,0.04941,0.0000,0.0000,1.0000,True,True
90.0060,0.0000,14.4628,-282.6445,0.05073,0.0000,0.0000,1.0000,True,True
90.0228,0.0000,14.4670,-282.6977,0.05339,0.0000,0.0000,1.0000,True,True
90.0392,0.0000,14.4714,-282.7524,0.05489,0.0000,0.0000,1.0000,True,True
90.0554,0.0000,14.4759,-282.8081,0.05587,0.0000,0.0000,1.0000,True,True
90.0721,0.0000,14.4806,-282.8675,0.05958,0.0000,0.0000,1.0000,True,True
90.0887,0.0000,14.4855,-282.9291,0.06178,0.0000,0.0000,1.0000,True,True
90.1053,0.0000,14.4906,-282.9921,0.06319,0.0000,0.0000,1.0000,True,True
90.1213,0.0000,14.4955,-283.0549,0.06297,0.0000,0.0000,1.0000,True,True
90.1378,0.0000,14.5007,-283.1219,0.06728,0.0000,0.0000,1.0000,True,True
90.1540,0.0000,14.5060,-283.1897,0.06799,0.0000,0.0000,1.0000,True,True
90.1704,0.0000,14.5115,-283.2598,0.07028,0.0000,0.0000,1.0000,True,True
90.1867,0.0000,14.5171,-283.3320,0.07239,0.0000,0.0000,1.0000,True,True
90.2030,0.0000,14.5229,-283.4056,0.07389,0.0000,0.0000,1.0000,True,True
90.2194,0.0000,14.5288,-283.4819,0.07650,0.0000,0.0000,1.0000,True,True
90.2364,0.0000,14.5349,-283.5617,0.08004,0.0000,0.0000,1.0000,True,True
90.2525,0.0000,14.5411,-283.6426,0.08117,0.0000,0.0000,1.0000,True,True
90.2693,0.0000,14.5475,-283.7266,0.08423,0.0000,0.0000,1.0000,True,True
90.2858,0.0000,14.5540,-283.8125,0.08612,0.0000,0.0000,1.0000,True,True
90.3026,0.0000,14.5608,-283.9008,0.08854,0.0000,0.0000,1.0000,True,True
90.3193,0.0000,14.5676,-283.9904,0.08989,0.0000,0.0000,1.0000,True,True
90.3362,0.0000,14.5743,-284.0807,0.09049,0.0000,0.0000,1.0000,True,True
90.3526,0.0000,14.5809,-284.1700,0.08954,0.0000,0.0000,1.0000,True,True
90.3694,0.0000,14.5876,-284.2604,0.09073,0.0000,0.0000,1.0000,True,True
90.3862,0.0000,14.5942,-284.3497,0.08951,0.0000,0.0000,1.0000,True,True
90.4027,0.0000,14.6009,-284.4394,0.08991,0.0000,0.0000,1.0000,True,True
90.4197,0.0000,14.6075,-284.5295,0.09036,0.0000,0.0000,1.0000,True,True
90.4362,0.0000,14.6139,-284.6188,0.08953,0.0000,0.0000,1.0000,True,True
90.4528,0.0000,14.6205,-284.7098,0.09127,0.0000,0.0000,1.0000,True,True
90.4696,0.0000,14.6270,-284.8001,0.09054,0.0000,0.0000,1.0000,True,True
90.4859,0.0000,14.6333,-284.8880,0.08809,0.0000,0.0000,1.0000,True,True
90.5027,0.0000,14.6398,-284.9780,0.09026,0.0000,0.0000,1.0000,True,True
90.5194,0.0000,14.6462,-285.0682,0.09046,0.0000,0.0000,1.0000,True,True
90.5360,0.0000,14.6524,-285.1573,0.08933,0.0000,0.0000,1.0000,True,True
90.5506,0.0000,14.6580,-285.2366,0.07945,0.0000,0.0000,1.0000,True,True
90.5694,0.0000,14.6650,-285.3370,0.10068,0.0000,0.0000,1.0000,True,True
90.5857,0.0000,14.6713,-285.4265,0.08973,0.0000,0.0000,1.0000,True,True
90.6026,0.0000,14.6776,-285.5175,0.09122,0.0000,0.0000,1.0000,True,True
90.6196,0.0000,14.6839,-285.6093,0.09195,0.0000,0.0000,1.0000,True,True
90.6373,0.0000,14.6903,-285.7036,0.09449,0.0000,0.0000,1.0000,True,True
90.6539,0.0000,14.6965,-285.7943,0.09091,0.0000,0.0000,1.0000,True,True
90.6713,0.0000,14.7028,-285.8875,0.09348,0.0000,0.0000,1.0000,True,True
90.6879,0.0000,14.7089,-285.9772,0.08993,0.0000,0.0000,1.0000,True,True
90.7046,0.0000,14.7149,-286.0672,0.09016,0.0000,0.0000,1.0000,True,True
90.7213,0.0000,14.7207,-286.1560,0.08903,0.0000,0.0000,1.0000,True,True
90.7374,0.0000,14.7264,-286.2415,0.08560,0.0000,0.0000,1.0000,True,True
90.7538,0.0000,14.7319,-286.3256,0.08435,0.0000,0.0000,1.0000,True,True
90.7702,0.0000,14.7373,-286.4076,0.08215,0.0000,0.0000,1.0000,True,True
90.7866,0.0000,14.7427,-286.4884,0.08096,0.0000,0.0000,1.0000,True,True
90.8031,0.0000,14.7477,-286.5669,0.07865,0.0000,0.0000,1.0000,True,True
90.8194,0.0000,14.7525,-286.6428,0.07611,0.0000,0.0000,1.0000,True,True
90.8361,0.0000,14.7573,-286.7177,0.07498,0.0000,0.0000,1.0000,True,True
90.8523,0.0000,14.7620,-286.7901,0.07263,0.0000,0.0000,1.0000,True,True
90.8692,0.0000,14.7665,-286.8614,0.07140,0.0000,0.0000,1.0000,True,True
90.8857,0.0000,14.7709,-286.9308,0.06954,0.0000,0.0000,1.0000,True,True
90.9028,0.0000,14.7752,-286.9981,0.06743,0.0000,0.0000,1.0000,True,True
90.9191,0.0000,14.7792,-287.0629,0.06491,0.0000,0.0000,1.0000,True,True
90.9361,0.0000,14.7831,-287.1259,0.06314,0.0000,0.0000,1.0000,True,True
90.9527,0.0000,14.7869,-287.1878,0.06204,0.0000,0.0000,1.0000,True,True
90.9692,0.0000,14.7905,-287.2455,0.05782,0.0000,0.0000,1.0000,True,True
90.9861,0.0000,14.7941,-287.3035,0.05812,0.0000,0.0000,1.0000,True,True
91.0024,0.0000,14.7974,-287.3571,0.05366,0.0000,0.0000,1.0000,True,True
91.0193,0.0000,14.8007,-287.4103,0.05335,0.0000,0.0000,1.0000,True,True
91.0361,0.0000,14.8038,-287.4603,0.05008,0.0000,0.0000,1.0000,True,True
91.0527,0.0000,14.8068,-287.5095,0.04923,0.0000,0.0000,1.0000,True,True
91.0696,0.0000,14.8096,-287.5561,0.04674,0.0000,0.0000,1.0000,True,True
91.0862,0.0000,14.8122,-287.6001,0.04405,0.0000,0.0000,1.0000,True,True
91.1027,0.0000,14.8147,-287.6420,0.04198,0.0000,0.0000,1.0000,True,True
91.1192,0.0000,14.8170,-287.6815,0.03953,0.0000,0.0000,1.0000,True,True
91.1357,0.0000,14.8193,-287.7195,0.03806,0.0000,0.0000,1.0000,True,True
91.1523,0.0000,14.8214,-287.7554,0.03604,0.0000,0.0000,1.0000,True,True
91.1693,0.0000,14.8235,-287.7895,0.03415,0.0000,0.0000,1.0000,True,True
91.1860,0.0000,14.8254,-287.8213,0.03179,0.0000,0.0000,1.0000,True,True
91.2024,0.0000,14.8271,-287.8510,0.02975,0.0000,0.0000,1.0000,True,True
91.2192,0.0000,14.8288,-287.8786,0.02773,0.0000,0.0000,1.0000,True,True
91.2361,0.0000,14.8303,-287.9043,0.02568,0.0000,0.0000,1.0000,True,True
91.2524,0.0000,14.8317,-287.9278,0.02354,0.0000,0.0000,1.0000,True,True
91.2692,0.0000,14.8330,-287.9492,0.02146,0.0000,0.0000,1.0000,True,True
91.2861,0.0000,14.8341,-287.9685,0.01938,0.0000,0.0000,1.0000,True,True
91.3025,0.0000,14.8352,-287.9858,0.01730,0.0000,0.0000,1.0000,True,True
91.3195,0.0000,14.8352,-287.9858,0.00000,0.0000,0.0000,1.0000,True,True
91.3359,0.0000,14.8353,-287.9879,0.00211,0.0000,0.0000,1.0000,True,True
91.3512,0.0000,14.8355,-287.9913,0.00342,0.0000,0.0000,1.0000,True,True
91.3691,0.0000,14.8359,-287.9983,0.00700,0.0000,0.0000,1.0000,True,True
91.3824,0.0000,14.8363,-288.0045,0.00617,0.0000,0.0000,1.0000,True,True
91.3986,0.0000,14.8368,-288.0141,0.00966,0.0000,0.0000,1.0000,True,True
91.4149,0.0000,14.8375,-288.0259,0.01180,0.0000,0.0000,1.0000,True,True
91.4314,0.0000,14.8383,-288.0397,0.01385,0.0000,0.0000,1.0000,True,True
91.4473,0.0000,14.8392,-288.0550,0.01528,0.0000,0.0000,1.0000,True,True
91.4633,0.0000,14.8402,-288.0723,0.01736,0.0000,0.0000,1.0000,True,True
91.4793,0.0000,14.8413,-288.0915,0.01923,0.0000,0.0000,1.0000,True,True
91.4958,0.0000,14.8425,-288.1129,0.02140,0.0000,0.0000,1.0000,True,True
91.5114,0.0000,14.8438,-288.1356,0.02277,0.0000,0.0000,1.0000,True,True
91.5274,0.0000,14.8452,-288.1608,0.02522,0.0000,0.0000,1.0000,True,True
91.5443,0.0000,14.8469,-288.1889,0.02818,0.0000,0.0000,1.0000,True,True
91.5612,0.0000,14.8486,-288.2191,0.03017,0.0000,0.0000,1.0000,True,True
91.5774,0.0000,14.8504,-288.2513,0.03231,0.0000,0.0000,1.0000,True,True
91.5920,0.0000,14.8521,-288.2797,0.02843,0.0000,0.0000,1.0000,True,True
91.6068,0.0000,14.8540,-288.3128,0.03320,0.0000,0.0000,1.0000,True,True
91.6223,0.0000,14.8560,-288.3481,0.03528,0.0000,0.0000,1.0000,True,True
91.6378,0.0000,14.8581,-288.3849,0.03693,0.0000,0.0000,1.0000,True,True
91.6532,0.0000,14.8603,-288.4235,0.03864,0.0000,0.0000,1.0000,True,True
91.6694,0.0000,14.8627,-288.4655,0.04206,0.0000,0.0000,1.0000,True,True
91.6861,0.0000,14.8653,-288.5110,0.04554,0.0000,0.0000,1.0000,True,True
91.6995,0.0000,14.8674,-288.5496,0.03866,0.0000,0.0000,1.0000,True,True
91.7145,0.0000,14.8699,-288.5939,0.04441,0.0000,0.0000,1.0000,True,True
91.7303,0.0000,14.8726,-288.6428,0.04899,0.0000,0.0000,1.0000,True,True
91.7459,0.0000,14.8753,-288.6926,0.04985,0.0000,0.0000,1.0000,True,True
91.7609,0.0000,14.8781,-288.7427,0.05016,0.0000,0.0000,1.0000,True,True
91.7775,0.0000,14.8812,-288.7993,0.05676,0.0000,0.0000,1.0000,True,True
91.7927,0.0000,14.8841,-288.8517,0.05245,0.0000,0.0000,1.0000,True,True
91.8078,0.0000,14.8872,-288.9075,0.05584,0.0000,0.0000,1.0000,True,True
91.8230,0.0000,14.8905,-288.9665,0.05908,0.0000,0.0000,1.0000,True,True
91.8398,0.0000,14.8939,-289.0305,0.06418,0.0000,0.0000,1.0000,True,True
91.8553,0.0000,14.8973,-289.0943,0.06387,0.0000,0.0000,1.0000,True,True
91.8705,0.0000,14.9007,-289.1571,0.06283,0.0000,0.0000,1.0000,True,True
91.8859,0.0000,14.9041,-289.2222,0.06525,0.0000,0.0000,1.0000,True,True
91.9025,0.0000,14.9079,-289.2948,0.07264,0.0000,0.0000,1.0000,True,True
91.9177,0.0000,14.9113,-289.3573,0.06262,0.0000,0.0000,1.0000,True,True
91.9316,0.0000,14.9149,-289.4268,0.06962,0.0000,0.0000,1.0000,True,True
91.9469,0.0000,14.9187,-289.4984,0.07163,0.0000,0.0000,1.0000,True,True
91.9622,0.0000,14.9225,-289.5722,0.07392,0.0000,0.0000,1.0000,True,True
91.9776,0.0000,14.9264,-289.6483,0.07621,0.0000,0.0000,1.0000,True,True
91.9943,0.0000,14.9306,-289.7321,0.08397,0.0000,0.0000,1.0000,True,True
92.0091,0.0000,14.9344,-289.8063,0.07425,0.0000,0.0000,1.0000,True,True
92.0236,0.0000,14.9384,-289.8858,0.07957,0.0000,0.0000,1.0000,True,True
92.0389,0.0000,14.9426,-289.9690,0.08333,0.0000,0.0000,1.0000,True,True
92.0542,0.0000,14.9467,-290.0514,0.08253,0.0000,0.0000,1.0000,True,True
92.0697,0.0000,14.9508,-290.1352,0.08384,0.0000,0.0000,1.0000,True,True
92.0860,0.0000,14.9549,-290.2211,0.08607,0.0000,0.0000,1.0000,True,True
92.1025,0.0000,14.9593,-290.3114,0.09038,0.0000,0.0000,1.0000,True,True
92.1156,0.0000,14.9628,-290.3828,0.07146,0.0000,0.0000,1.0000,True,True
92.1310,0.0000,14.9668,-290.4650,0.08228,0.0000,0.0000,1.0000,True,True
92.1462,0.0000,14.9707,-290.5474,0.08252,0.0000,0.0000,1.0000,True,True
92.1615,0.0000,14.9745,-290.6301,0.08282,0.0000,0.0000,1.0000,True,True
92.1775,0.0000,14.9785,-290.7157,0.08563,0.0000,0.0000,1.0000,True,True
92.1942,0.0000,14.9826,-290.8055,0.08994,0.0000,0.0000,1.0000,True,True
92.2107,0.0000,14.9868,-290.8952,0.08979,0.0000,0.0000,1.0000,True,True
92.2235,0.0000,14.9900,-290.9647,0.06959,0.0000,0.0000,1.0000,True,True
92.2388,0.0000,14.9937,-291.0468,0.08218,0.0000,0.0000,1.0000,True,True
92.2541,0.0000,14.9973,-291.1292,0.08242,0.0000,0.0000,1.0000,True,True
92.2694,0.0000,15.0009,-291.2118,0.08272,0.0000,0.0000,1.0000,True,True
92.2858,0.0000,15.0048,-291.3007,0.08898,0.0000,0.0000,1.0000,True,True
92.2996,0.0000,15.0080,-291.3733,0.07267,0.0000,0.0000,1.0000,True,True
92.3145,0.0000,15.0116,-291.4551,0.08187,0.0000,0.0000,1.0000,True,True
92.3297,0.0000,15.0151,-291.5370,0.08205,0.0000,0.0000,1.0000,True,True
92.3442,0.0000,15.0184,-291.6154,0.07844,0.0000,0.0000,1.0000,True,True
92.3591,0.0000,15.0216,-291.6940,0.07868,0.0000,0.0000,1.0000,True,True
92.3734,0.0000,15.0249,-291.7729,0.07893,0.0000,0.0000,1.0000,True,True
92.3888,0.0000,15.0284,-291.8555,0.08268,0.0000,0.0000,1.0000,True,True
92.4040,0.0000,15.0318,-291.9378,0.08241,0.0000,0.0000,1.0000,True,True
92.4190,0.0000,15.0351,-292.0191,0.08134,0.0000,0.0000,1.0000,True,True
92.4334,0.0000,15.0382,-292.0963,0.07721,0.0000,0.0000,1.0000,True,True
92.4480,0.0000,15.0412,-292.1749,0.07870,0.0000,0.0000,1.0000,True,True
92.4626,0.0000,15.0442,-292.2511,0.07626,0.0000,0.0000,1.0000,True,True
92.4774,0.0000,15.0472,-292.3269,0.07583,0.0000,0.0000,1.0000,True,True
92.4916,0.0000,15.0500,-292.3984,0.07156,0.0000,0.0000,1.0000,True,True
92.5060,0.0000,15.0528,-292.4690,0.07067,0.0000,0.0000,1.0000,True,True
92.5205,0.0000,15.0554,-292.5388,0.06984,0.0000,0.0000,1.0000,True,True
92.5357,0.0000,15.0581,-292.6100,0.07122,0.0000,0.0000,1.0000,True,True
92.5504,0.0000,15.0605,-292.6753,0.06541,0.0000,0.0000,1.0000,True,True
92.5655,0.0000,15.0630,-292.7441,0.06883,0.0000,0.0000,1.0000,True,True
92.5806,0.0000,15.0655,-292.8101,0.06605,0.0000,0.0000,1.0000,True,True
92.5959,0.0000,15.0678,-292.8747,0.06462,0.0000,0.0000,1.0000,True,True
92.6114,0.0000,15.0701,-292.9370,0.06239,0.0000,0.0000,1.0000,True,True
92.6275,0.0000,15.0726,-293.0033,0.06627,0.0000,0.0000,1.0000,True,True
92.6429,0.0000,15.0746,-293.0608,0.05756,0.0000,0.0000,1.0000,True,True
92.6573,0.0000,15.0765,-293.1166,0.05585,0.0000,0.0000,1.0000,True,True
92.6719,0.0000,15.0784,-293.1711,0.05451,0.0000,0.0000,1.0000,True,True
92.6877,0.0000,15.0802,-293.2250,0.05396,0.0000,0.0000,1.0000,True,True
92.7028,0.0000,15.0821,-293.2782,0.05325,0.0000,0.0000,1.0000,True,True
92.7176,0.0000,15.0837,-293.3250,0.04678,0.0000,0.0000,1.0000,True,True
92.7311,0.0000,15.0853,-293.3722,0.04721,0.0000,0.0000,1.0000,True,True
92.7461,0.0000,15.0869,-293.4190,0.04684,0.0000,0.0000,1.0000,True,True
92.7615,0.0000,15.0885,-293.4649,0.04596,0.0000,0.0000,1.0000,True,True
92.7776,0.0000,15.0901,-293.5110,0.04611,0.0000,0.0000,1.0000,True,True
92.7923,0.0000,15.0913,-293.5505,0.03957,0.0000,0.0000,1.0000,True,True
92.8064,0.0000,15.0926,-293.5893,0.03881,0.0000,0.0000,1.0000,True,True
92.8218,0.0000,15.0938,-293.6287,0.03942,0.0000,0.0000,1.0000,True,True
92.8375,0.0000,15.0950,-293.6660,0.03725,0.0000,0.0000,1.0000,True,True
92.8526,0.0000,15.0962,-293.7019,0.03594,0.0000,0.0000,1.0000,True,True
92.8696,0.0000,15.0974,-293.7383,0.03640,0.0000,0.0000,1.0000,True,True
92.8825,0.0000,15.0982,-293.7658,0.02754,0.0000,0.0000,1.0000,True,True
92.8973,0.0000,15.0992,-293.7949,0.02910,0.0000,0.0000,1.0000,True,True
92.9125,0.0000,15.1001,-293.8234,0.02852,0.0000,0.0000,1.0000,True,True
92.9276,0.0000,15.1009,-293.8499,0.02653,0.0000,0.0000,1.0000,True,True
92.9440,0.0000,15.1018,-293.8765,0.02659,0.0000,0.0000,1.0000,True,True
92.9576,0.0000,15.1025,-293.8972,0.02070,0.0000,0.0000,1.0000,True,True
92.9721,0.0000,15.1031,-293.9176,0.02043,0.0000,0.0000,1.0000,True,True
92.9868,0.0000,15.1037,-293.9368,0.01927,0.0000,0.0000,1.0000,True,True
93.0024,0.0000,15.1043,-293.9553,0.01847,0.0000,0.0000,1.0000,True,True
93.0159,0.0000,15.1048,-293.9699,0.01466,0.0000,0.0000,1.0000,True,True
93.0307,0.0000,15.1053,-293.9843,0.01432,0.0000,0.0000,1.0000,True,True
93.0451,0.0000,15.1053,-293.9843,0.00000,0.0000,0.0000,1.0000,True,True
93.0608,0.0000,15.1053,-293.9861,0.00183,0.0000,0.0000,1.0000,True,True
93.0754,0.0000,15.1054,-293.9893,0.00324,0.0000,0.0000,1.0000,True,True
93.0896,0.0000,15.1056,-293.9941,0.00479,0.0000,0.0000,1.0000,True,True
93.1042,0.0000,15.1058,-294.0006,0.00647,0.0000,0.0000,1.0000,True,True
93.1213,0.0000,15.1061,-294.0103,0.00971,0.0000,0.0000,1.0000,True,True
93.1359,0.0000,15.1064,-294.0201,0.00986,0.0000,0.0000,1.0000,True,True
93.1525,0.0000,15.1067,-294.0335,0.01337,0.0000,0.0000,1.0000,True,True
93.1661,0.0000,15.1071,-294.0459,0.01243,0.0000,0.0000,1.0000,True,True
93.1795,0.0000,15.1075,-294.0594,0.01346,0.0000,0.0000,1.0000,True,True
93.1942,0.0000,15.1080,-294.0758,0.01640,0.0000,0.0000,1.0000,True,True
93.2088,0.0000,15.1085,-294.0935,0.01771,0.0000,0.0000,1.0000,True,True
93.2233,0.0000,15.1091,-294.1133,0.01978,0.0000,0.0000,1.0000,True,True
93.2380,0.0000,15.1097,-294.1342,0.02101,0.0000,0.0000,1.0000,True,True
93.2523,0.0000,15.1104,-294.1568,0.02253,0.0000,0.0000,1.0000,True,True
93.2666,0.0000,15.1111,-294.1805,0.02372,0.0000,0.0000,1.0000,True,True
93.2810,0.0000,15.1119,-294.2059,0.02543,0.0000,0.0000,1.0000,True,True
93.2955,0.0000,15.1127,-294.2332,0.02726,0.0000,0.0000,1.0000,True,True
93.3107,0.0000,15.1136,-294.2635,0.03038,0.0000,0.0000,1.0000,True,True
93.3253,0.0000,15.1145,-294.2937,0.03023,0.0000,0.0000,1.0000,True,True
93.3395,0.0000,15.1154,-294.3256,0.03187,0.0000,0.0000,1.0000,True,True
93.3540,0.0000,15.1164,-294.3591,0.03352,0.0000,0.0000,1.0000,True,True
93.3694,0.0000,15.1175,-294.3958,0.03676,0.0000,0.0000,1.0000,True,True
93.3825,0.0000,15.1185,-294.4299,0.03404,0.0000,0.0000,1.0000,True,True
93.3968,0.0000,15.1196,-294.4672,0.03731,0.0000,0.0000,1.0000,True,True
93.4107,0.0000,15.1207,-294.5057,0.03856,0.0000,0.0000,1.0000,True,True
93.4247,0.0000,15.1218,-294.5457,0.03999,0.0000,0.0000,1.0000,True,True
93.4390,0.0000,15.1230,-294.5876,0.04195,0.0000,0.0000,1.0000,True,True
93.4532,0.0000,15.1241,-294.6310,0.04344,0.0000,0.0000,1.0000,True,True
93.4691,0.0000,15.1255,-294.6816,0.05056,0.0000,0.0000,1.0000,True,True
93.4815,0.0000,15.1266,-294.7222,0.04066,0.0000,0.0000,1.0000,True,True
93.4956,0.0000,15.1279,-294.7699,0.04772,0.0000,0.0000,1.0000,True,True
93.5108,0.0000,15.1294,-294.8229,0.05303,0.0000,0.0000,1.0000,True,True
93.5240,0.0000,15.1307,-294.8705,0.04753,0.0000,0.0000,1.0000,True,True
93.5381,0.0000,15.1321,-294.9226,0.05214,0.0000,0.0000,1.0000,True,True
93.5524,0.0000,15.1335,-294.9769,0.05437,0.0000,0.0000,1.0000,True,True
93.5663,0.0000,15.1349,-295.0310,0.05410,0.0000,0.0000,1.0000,True,True
93.5805,0.0000,15.1364,-295.0883,0.05727,0.0000,0.0000,1.0000,True,True
93.5945,0.0000,15.1378,-295.1463,0.05803,0.0000,0.0000,1.0000,True,True
93.6089,0.0000,15.1393,-295.2063,0.06008,0.0000,0.0000,1.0000,True,True
93.6229,0.0000,15.1408,-295.2670,0.06069,0.0000,0.0000,1.0000,True,True
93.6370,0.0000,15.1423,-295.3297,0.06270,0.0000,0.0000,1.0000,True,True
93.6524,0.0000,15.1441,-295.3999,0.07024,0.0000,0.0000,1.0000,True,True
93.6649,0.0000,15.1455,-295.4582,0.05834,0.0000,0.0000,1.0000,True,True
93.6790,0.0000,15.1471,-295.5251,0.06685,0.0000,0.0000,1.0000,True,True
93.6940,0.0000,15.1487,-295.5982,0.07317,0.0000,0.0000,1.0000,True,True
93.7085,0.0000,15.1503,-295.6691,0.07094,0.0000,0.0000,1.0000,True,True
93.7239,0.0000,15.1520,-295.7478,0.07869,0.0000,0.0000,1.0000,True,True
93.7370,0.0000,15.1536,-295.8163,0.06847,0.0000,0.0000,1.0000,True,True
93.7525,0.0000,15.1554,-295.8983,0.08211,0.0000,0.0000,1.0000,True,True
93.7659,0.0000,15.1570,-295.9708,0.07247,0.0000,0.0000,1.0000,True,True
93.7805,0.0000,15.1586,-296.0497,0.07894,0.0000,0.0000,1.0000,True,True
93.7956,0.0000,15.1602,-296.1284,0.07866,0.0000,0.0000,1.0000,True,True
93.8115,0.0000,15.1619,-296.2172,0.08888,0.0000,0.0000,1.0000,True,True
93.8246,0.0000,15.1633,-296.2862,0.06895,0.0000,0.0000,1.0000,True,True
93.8386,0.0000,15.1648,-296.3630,0.07683,0.0000,0.0000,1.0000,True,True
93.8532,0.0000,15.1663,-296.4419,0.07890,0.0000,0.0000,1.0000,True,True
93.8691,0.0000,15.1680,-296.5279,0.08607,0.0000,0.0000,1.0000,True,True
93.8824,0.0000,15.1692,-296.6003,0.07234,0.0000,0.0000,1.0000,True,True
93.8972,0.0000,15.1705,-296.6796,0.07936,0.0000,0.0000,1.0000,True,True
93.9119,0.0000,15.1719,-296.7592,0.07957,0.0000,0.0000,1.0000,True,True
93.9278,0.0000,15.1733,-296.8429,0.08372,0.0000,0.0000,1.0000,True,True
93.9419,0.0000,15.1747,-296.9202,0.07737,0.0000,0.0000,1.0000,True,True
93.9607,0.0000,15.1764,-297.0228,0.10261,0.0000,0.0000,1.0000,True,True
93.9757,0.0000,15.1775,-297.1023,0.07948,0.0000,0.0000,1.0000,True,True
93.9886,0.0000,15.1786,-297.1734,0.07111,0.0000,0.0000,1.0000,True,True
94.0043,0.0000,15.1798,-297.2582,0.08479,0.0000,0.0000,1.0000,True,True
94.0190,0.0000,15.1810,-297.3379,0.07972,0.0000,0.0000,1.0000,True,True
94.0357,0.0000,15.1823,-297.4279,0.08998,0.0000,0.0000,1.0000,True,True
94.0482,0.0000,15.1833,-297.4959,0.06806,0.0000,0.0000,1.0000,True,True
94.0648,0.0000,15.1843,-297.5847,0.08881,0.0000,0.0000,1.0000,True,True
94.0796,0.0000,15.1853,-297.6652,0.08048,0.0000,0.0000,1.0000,True,True
94.0942,0.0000,15.1862,-297.7435,0.07834,0.0000,0.0000,1.0000,True,True
94.1108,0.0000,15.1873,-297.8329,0.08936,0.0000,0.0000,1.0000,True,True
94.1257,0.0000,15.1883,-297.9135,0.08066,0.0000,0.0000,1.0000,True,True
94.1391,0.0000,15.1891,-297.9832,0.06968,0.0000,0.0000,1.0000,True,True
94.1547,0.0000,15.1899,-298.0702,0.08698,0.0000,0.0000,1.0000,True,True
94.1689,0.0000,15.1907,-298.1465,0.07636,0.0000,0.0000,1.0000,True,True
94.1855,0.0000,15.1915,-298.2342,0.08762,0.0000,0.0000,1.0000,True,True
94.2035,0.0000,15.1923,-298.3271,0.09290,0.0000,0.0000,1.0000,True,True
94.2169,0.0000,15.1930,-298.3931,0.06607,0.0000,0.0000,1.0000,True,True
94.2341,0.0000,15.1938,-298.4797,0.08655,0.0000,0.0000,1.0000,True,True
94.2500,0.0000,15.1943,-298.5557,0.07602,0.0000,0.0000,1.0000,True,True
94.2623,0.0000,15.1947,-298.6140,0.05826,0.0000,0.0000,1.0000,True,True
94.2767,0.0000,15.1952,-298.6799,0.06592,0.0000,0.0000,1.0000,True,True
94.2915,0.0000,15.1956,-298.7466,0.06671,0.0000,0.0000,1.0000,True,True
94.3047,0.0000,15.1960,-298.8042,0.05762,0.0000,0.0000,1.0000,True,True
94.3189,0.0000,15.1964,-298.8639,0.05966,0.0000,0.0000,1.0000,True,True
94.3332,0.0000,15.1968,-298.9248,0.06098,0.0000,0.0000,1.0000,True,True
94.3468,0.0000,15.1972,-298.9797,0.05484,0.0000,0.0000,1.0000,True,True
94.3613,0.0000,15.1975,-299.0376,0.05789,0.0000,0.0000,1.0000,True,True
94.3750,0.0000,15.1977,-299.0906,0.05301,0.0000,0.0000,1.0000,True,True
94.3889,0.0000,15.1979,-299.1426,0.05203,0.0000,0.0000,1.0000,True,True
94.4025,0.0000,15.1981,-299.1926,0.04996,0.0000,0.0000,1.0000,True,True
94.4166,0.0000,15.1983,-299.2423,0.04977,0.0000,0.0000,1.0000,True,True
94.4301,0.0000,15.1985,-299.2890,0.04663,0.0000,0.0000,1.0000,True,True
94.4437,0.0000,15.1987,-299.3347,0.04569,0.0000,0.0000,1.0000,True,True
94.4582,0.0000,15.1989,-299.3814,0.04672,0.0000,0.0000,1.0000,True,True
94.4717,0.0000,15.1990,-299.4236,0.04224,0.0000,0.0000,1.0000,True,True
94.4854,0.0000,15.1992,-299.4652,0.04160,0.0000,0.0000,1.0000,True,True
94.4999,0.0000,15.1993,-299.5075,0.04233,0.0000,0.0000,1.0000,True,True
94.5127,0.0000,15.1994,-299.5438,0.03625,0.0000,0.0000,1.0000,True,True
94.5264,0.0000,15.1994,-299.5813,0.03748,0.0000,0.0000,1.0000,True,True
94.5415,0.0000,15.1995,-299.6207,0.03943,0.0000,0.0000,1.0000,True,True
94.5542,0.0000,15.1995,-299.6523,0.03165,0.0000,0.0000,1.0000,True,True
94.5676,0.0000,15.1996,-299.6849,0.03256,0.0000,0.0000,1.0000,True,True
94.5814,0.0000,15.1996,-299.7165,0.03162,0.0000,0.0000,1.0000,True,True
94.5950,0.0000,15.1997,-299.7468,0.03030,0.0000,0.0000,1.0000,True,True
94.6087,0.0000,15.1997,-299.7755,0.02872,0.0000,0.0000,1.0000,True,True
94.6221,0.0000,15.1997,-299.8027,0.02713,0.0000,0.0000,1.0000,True,True
94.6358,0.0000,15.1998,-299.8287,0.02606,0.0000,0.0000,1.0000,True,True
94.6499,0.0000,15.1998,-299.8542,0.02542,0.0000,0.0000,1.0000,True,True
94.6629,0.0000,15.1998,-299.8763,0.02219,0.0000,0.0000,1.0000,True,True
94.6765,0.0000,15.1999,-299.8981,0.02179,0.0000,0.0000,1.0000,True,True
94.6916,0.0000,15.1999,-299.9205,0.02240,0.0000,0.0000,1.0000,True,True
94.7084,0.0000,15.1999,-299.9433,0.02277,0.0000,0.0000,1.0000,True,True
94.7189,0.0000,15.1999,-299.9569,0.01358,0.0000,0.0000,1.0000,True,True
94.7333,0.0000,15.2000,-299.9744,0.01752,0.0000,0.0000,1.0000,True,True
94.7460,0.0000,15.2000,-299.9893,0.01492,0.0000,0.0000,1.0000,True,True
94.7596,0.0000,15.2000,-299.9893,0.00000,0.0000,0.0000,1.0000,True,True
98.7927,0.0000,1.9000,-27.9983,0.00169,1.0000,0.0000,0.0000,True,True
98.8104,0.0000,1.9000,-27.9948,0.00350,1.0000,0.0000,0.0000,True,True
98.8282,0.0000,1.9000,-27.9900,0.00480,1.0000,0.0000,0.0000,True,True
98.8460,0.0000,1.9000,-27.9852,0.00483,1.0000,0.0000,0.0000,True,True
98.8645,0.0000,1.9000,-27.9802,0.00495,1.0000,0.0000,0.0000,True,True
98.8833,0.0000,1.9000,-27.9751,0.00511,1.0000,0.0000,0.0000,True,True
98.9007,0.0000,1.9000,-27.9704,0.00471,1.0000,0.0000,0.0000,True,True
98.9183,0.0000,1.9000,-27.9657,0.00476,1.0000,0.0000,0.0000,True,True
98.9364,0.0000,1.9000,-27.9608,0.00486,1.0000,0.0000,0.0000,True,True
98.9547,0.0000,1.9000,-27.9559,0.00494,1.0000,0.0000,0.0000,True,True
98.9726,0.0000,1.9000,-27.9511,0.00480,1.0000,0.0000,0.0000,True,True
98.9915,0.0000,1.9000,-27.9448,0.00628,1.0000,0.0000,0.0000,True,True
99.0084,0.0000,1.9000,-27.9377,0.00706,1.0000,0.0000,0.0000,True,True
99.0263,0.0000,1.9000,-27.9285,0.00927,1.0000,0.0000,0.0000,True,True
99.0438,0.0000,1.9000,-27.9176,0.01090,1.0000,0.0000,0.0000,True,True
99.0616,0.0000,1.9000,-27.9051,0.01249,1.0000,0.0000,0.0000,True,True
99.0791,0.0000,1.9000,-27.8908,0.01423,1.0000,0.0000,0.0000,True,True
99.0967,0.0000,1.9000,-27.8750,0.01585,1.0000,0.0000,0.0000,True,True
99.1140,0.0000,1.9000,-27.8575,0.01751,1.0000,0.0000,0.0000,True,True
99.1332,0.0000,1.9000,-27.8361,0.02136,1.0000,0.0000,0.0000,True,True
99.1499,0.0000,1.9000,-27.8162,0.01994,1.0000,0.0000,0.0000,True,True
99.1670,0.0000,1.9000,-27.7942,0.02195,1.0000,0.0000,0.0000,True,True
99.1844,0.0000,1.9000,-27.7699,0.02431,1.0000,0.0000,0.0000,True,True
99.2020,0.0000,1.9000,-27.7440,0.02593,1.0000,0.0000,0.0000,True,True
99.2195,0.0000,1.9000,-27.7161,0.02790,1.0000,0.0000,0.0000,True,True
99.2373,0.0000,1.9000,-27.6865,0.02956,1.0000,0.0000,0.0000,True,True
99.2549,0.0000,1.9000,-27.6551,0.03142,1.0000,0.0000,0.0000,True,True
99.2722,0.0000,1.9000,-27.6225,0.03258,1.0000,0.0000,0.0000,True,True
99.2916,0.0000,1.9000,-27.5841,0.03838,1.0000,0.0000,0.0000,True,True
99.3082,0.0000,1.9000,-27.5497,0.03446,1.0000,0.0000,0.0000,True,True
99.3253,0.0000,1.9000,-27.5130,0.03665,1.0000,0.0000,0.0000,True,True
99.3434,0.0000,1.9000,-27.4726,0.04046,1.0000,0.0000,0.0000,True,True
99.3608,0.0000,1.9000,-27.4329,0.03967,1.0000,0.0000,0.0000,True,True
99.3784,0.0000,1.9000,-27.3932,0.03965,1.0000,0.0000,0.0000,True,True
99.3958,0.0000,1.9000,-27.3538,0.03943,1.0000,0.0000,0.0000,True,True
99.4136,0.0000,1.9000,-27.3140,0.03985,1.0000,0.0000,0.0000,True,True
99.4332,0.0000,1.9000,-27.2697,0.04430,1.0000,0.0000,0.0000,True,True
99.4498,0.0000,1.9000,-27.2324,0.03722,1.0000,0.0000,0.0000,True,True
99.4670,0.0000,1.9000,-27.1939,0.03851,1.0000,0.0000,0.0000,True,True
99.4858,0.0000,1.9000,-27.1514,0.04249,1.0000,0.0000,0.0000,True,True
99.5041,0.0000,1.9000,-27.1104,0.04106,1.0000,0.0000,0.0000,True,True
99.5219,0.0000,1.9000,-27.0703,0.04007,1.0000,0.0000,0.0000,True,True
99.5416,0.0000,1.9000,-27.0261,0.04420,1.0000,0.0000,0.0000,True,True
99.5583,0.0000,1.9000,-26.9886,0.03752,1.0000,0.0000,0.0000,True,True
99.5752,0.0000,1.9000,-26.9508,0.03781,1.0000,0.0000,0.0000,True,True
99.5929,0.0000,1.9000,-26.9109,0.03992,1.0000,0.0000,0.0000,True,True
99.6103,0.0000,1.9000,-26.8714,0.03947,1.0000,0.0000,0.0000,True,True
99.6278,0.0000,1.9000,-26.8320,0.03938,1.0000,0.0000,0.0000,True,True
99.6457,0.0000,1.9000,-26.7920,0.04001,1.0000,0.0000,0.0000,True,True
99.6634,0.0000,1.9000,-26.7518,0.04022,1.0000,0.0000,0.0000,True,True
99.6815,0.0000,1.9000,-26.7117,0.04008,1.0000,0.0000,0.0000,True,True
99.6998,0.0000,1.9000,-26.6699,0.04181,1.0000,0.0000,0.0000,True,True
99.7170,0.0000,1.9000,-26.6321,0.03781,1.0000,0.0000,0.0000,True,True
99.7344,0.0000,1.9000,-26.5922,0.03987,1.0000,0.0000,0.0000,True,True
99.7522,0.0000,1.9000,-26.5524,0.03981,1.0000,0.0000,0.0000,True,True
99.7696,0.0000,1.9000,-26.5130,0.03942,1.0000,0.0000,0.0000,True,True
99.7872,0.0000,1.9000,-26.4731,0.03986,1.0000,0.0000,0.0000,True,True
99.8049,0.0000,1.9000,-26.4335,0.03961,1.0000,0.0000,0.0000,True,True
99.8227,0.0000,1.9000,-26.3934,0.04007,1.0000,0.0000,0.0000,True,True
99.8415,0.0000,1.9000,-26.3512,0.04226,1.0000,0.0000,0.0000,True,True
99.8581,0.0000,1.9000,-26.3136,0.03754,1.0000,0.0000,0.0000,True,True
99.8761,0.0000,1.9000,-26.2733,0.04037,1.0000,0.0000,0.0000,True,True
99.8940,0.0000,1.9000,-26.2330,0.04027,1.0000,0.0000,0.0000,True,True
99.9115,0.0000,1.9000,-26.1935,0.03947,1.0000,0.0000,0.0000,True,True
99.9292,0.0000,1.9000,-26.1539,0.03961,1.0000,0.0000,0.0000,True,True
99.9466,0.0000,1.9000,-26.1146,0.03936,1.0000,0.0000,0.0000,True,True
99.9644,0.0000,1.9000,-26.0749,0.03967,1.0000,0.0000,0.0000,True,True
99.9832,0.0000,1.9000,-26.0323,0.04257,1.0000,0.0000,0.0000,True,True
100.0001,0.0000,1.9000,-25.9949,0.03743,1.0000,0.0000,0.0000,True,True
100.0168,0.0000,1.9000,-25.9571,0.03782,1.0000,0.0000,0.0000,True,True
100.0343,0.0000,1.9000,-25.9174,0.03969,1.0000,0.0000,0.0000,True,True
100.0518,0.0000,1.9000,-25.8779,0.03950,1.0000,0.0000,0.0000,True,True
100.0710,0.0000,1.9000,-25.8352,0.04270,1.0000,0.0000,0.0000,True,True
100.0894,0.0000,1.9000,-25.7938,0.04144,1.0000,0.0000,0.0000,True,True
100.1081,0.0000,1.9000,-25.7512,0.04255,1.0000,0.0000,0.0000,True,True
100.1258,0.0000,1.9000,-25.7115,0.03972,1.0000,0.0000,0.0000,True,True
100.1444,0.0000,1.9000,-25.6697,0.04179,1.0000,0.0000,0.0000,True,True
100.1623,0.0000,1.9000,-25.6297,0.04002,1.0000,0.0000,0.0000,True,True
100.1805,0.0000,1.9000,-25.5885,0.04118,1.0000,0.0000,0.0000,True,True
100.1998,0.0000,1.9000,-25.5449,0.04357,1.0000,0.0000,0.0000,True,True
100.2168,0.0000,1.9000,-25.5068,0.03814,1.0000,0.0000,0.0000,True,True
100.2350,0.0000,1.9000,-25.4657,0.04110,1.0000,0.0000,0.0000,True,True
100.2533,0.0000,1.9000,-25.4247,0.04096,1.0000,0.0000,0.0000,True,True
100.2717,0.0000,1.9000,-25.3835,0.04127,1.0000,0.0000,0.0000,True,True
100.2916,0.0000,1.9000,-25.3387,0.04479,1.0000,0.0000,0.0000,True,True
100.3083,0.0000,1.9000,-25.3012,0.03746,1.0000,0.0000,0.0000,True,True
100.3263,0.0000,1.9000,-25.2605,0.04068,1.0000,0.0000,0.0000,True,True
100.3442,0.0000,1.9000,-25.2200,0.04055,1.0000,0.0000,0.0000,True,True
100.3625,0.0000,1.9000,-25.1790,0.04097,1.0000,0.0000,0.0000,True,True
100.3807,0.0000,1.9000,-25.1383,0.04074,1.0000,0.0000,0.0000,True,True
100.4000,0.0000,1.9000,-25.0948,0.04349,1.0000,0.0000,0.0000,True,True
100.4173,0.0000,1.9000,-25.0561,0.03865,1.0000,0.0000,0.0000,True,True
100.4351,0.0000,1.9000,-25.0159,0.04020,1.0000,0.0000,0.0000,True,True
100.4532,0.0000,1.9000,-24.9748,0.04114,1.0000,0.0000,0.0000,True,True
100.4715,0.0000,1.9000,-24.9342,0.04060,1.0000,0.0000,0.0000,True,True
100.4896,0.0000,1.9000,-24.8936,0.04060,1.0000,0.0000,0.0000,True,True
100.5082,0.0000,1.9000,-24.8512,0.04242,1.0000,0.0000,0.0000,True,True
100.5255,0.0000,1.9000,-24.8122,0.03897,1.0000,0.0000,0.0000,True,True
100.5436,0.0000,1.9000,-24.7717,0.04047,1.0000,0.0000,0.0000,True,True
100.5616,0.0000,1.9000,-24.7310,0.04074,1.0000,0.0000,0.0000,True,True
100.5796,0.0000,1.9000,-24.6905,0.04053,1.0000,0.0000,0.0000,True,True
100.5976,0.0000,1.9000,-24.6504,0.04003,1.0000,0.0000,0.0000,True,True
100.6167,0.0000,1.9000,-24.6074,0.04305,1.0000,0.0000,0.0000,True,True
100.6336,0.0000,1.9000,-24.5695,0.03785,1.0000,0.0000,0.0000,True,True
100.6513,0.0000,1.9000,-24.5292,0.04032,1.0000,0.0000,0.0000,True,True
100.6695,0.0000,1.9000,-24.4882,0.04099,1.0000,0.0000,0.0000,True,True
100.6876,0.0000,1.9000,-24.4474,0.04084,1.0000,0.0000,0.0000,True,True
100.7066,0.0000,1.9000,-24.4063,0.04113,1.0000,0.0000,0.0000,True,True
100.7252,0.0000,1.9000,-24.3630,0.04325,1.0000,0.0000,0.0000,True,True
100.7438,0.0000,1.9000,-24.3214,0.04156,1.0000,0.0000,0.0000,True,True
100.7620,0.0000,1.9000,-24.2800,0.04147,1.0000,0.0000,0.0000,True,True
100.7835,0.0000,1.9000,-24.2322,0.04776,1.0000,0.0000,0.0000,True,True
100.8006,0.0000,1.9000,-24.1940,0.03826,1.0000,0.0000,0.0000,True,True
100.8206,0.0000,1.9000,-24.1495,0.04449,1.0000,0.0000,0.0000,True,True
100.8417,0.0000,1.9000,-24.1009,0.04852,1.0000,0.0000,0.0000,True,True
100.8584,0.0000,1.9000,-24.0633,0.03766,1.0000,0.0000,0.0000,True,True
100.8764,0.0000,1.9000,-24.0228,0.04050,1.0000,0.0000,0.0000,True,True
100.8941,0.0000,1.9000,-23.9831,0.03971,1.0000,0.0000,0.0000,True,True
100.9123,0.0000,1.9000,-23.9422,0.04088,1.0000,0.0000,0.0000,True,True
100.9302,0.0000,1.9000,-23.9016,0.04058,1.0000,0.0000,0.0000,True,True
100.9499,0.0000,1.9000,-23.8574,0.04422,1.0000,0.0000,0.0000,True,True
100.9666,0.0000,1.9000,-23.8196,0.03782,1.0000,0.0000,0.0000,True,True
100.9839,0.0000,1.9000,-23.7806,0.03893,1.0000,0.0000,0.0000,True,True
101.0018,0.0000,1.9000,-23.7404,0.04022,1.0000,0.0000,0.0000,True,True
101.0194,0.0000,1.9000,-23.7010,0.03946,1.0000,0.0000,0.0000,True,True
101.0370,0.0000,1.9000,-23.6615,0.03949,1.0000,0.0000,0.0000,True,True
101.0544,0.0000,1.9000,-23.6221,0.03933,1.0000,0.0000,0.0000,True,True
101.0719,0.0000,1.9000,-23.5829,0.03918,1.0000,0.0000,0.0000,True,True
101.0894,0.0000,1.9000,-23.5434,0.03952,1.0000,0.0000,0.0000,True,True
101.1081,0.0000,1.9000,-23.5012,0.04223,1.0000,0.0000,0.0000,True,True
101.1248,0.0000,1.9000,-23.4638,0.03744,1.0000,0.0000,0.0000,True,True
101.1449,0.0000,1.9000,-23.4185,0.04523,1.0000,0.0000,0.0000,True,True
101.1627,0.0000,1.9000,-23.3785,0.04005,1.0000,0.0000,0.0000,True,True
101.1795,0.0000,1.9000,-23.3406,0.03790,1.0000,0.0000,0.0000,True,True
101.1998,0.0000,1.9000,-23.2950,0.04560,1.0000,0.0000,0.0000,True,True
101.2168,0.0000,1.9000,-23.2571,0.03791,1.0000,0.0000,0.0000,True,True
101.2351,0.0000,1.9000,-23.2155,0.04157,1.0000,0.0000,0.0000,True,True
101.2530,0.0000,1.9000,-23.1751,0.04037,1.0000,0.0000,0.0000,True,True
101.2714,0.0000,1.9000,-23.1338,0.04131,1.0000,0.0000,0.0000,True,True
101.2900,0.0000,1.9000,-23.0932,0.04061,1.0000,0.0000,0.0000,True,True
101.3094,0.0000,1.9000,-23.0484,0.04478,1.0000,0.0000,0.0000,True,True
101.3273,0.0000,1.9000,-23.0087,0.03974,1.0000,0.0000,0.0000,True,True
101.3459,0.0000,1.9000,-22.9662,0.04248,1.0000,0.0000,0.0000,True,True
101.3652,0.0000,1.9000,-22.9243,0.04184,1.0000,0.0000,0.0000,True,True
101.3841,0.0000,1.9000,-22.8804,0.04399,1.0000,0.0000,0.0000,True,True
101.4005,0.0000,1.9000,-22.8435,0.03690,1.0000,0.0000,0.0000,True,True
101.4182,0.0000,1.9000,-22.8035,0.03998,1.0000,0.0000,0.0000,True,True
101.4378,0.0000,1.9000,-22.7614,0.04210,1.0000,0.0000,0.0000,True,True
101.4557,0.0000,1.9000,-22.7193,0.04207,1.0000,0.0000,0.0000,True,True
101.4748,0.0000,1.9000,-22.6763,0.04304,1.0000,0.0000,0.0000,True,True
101.4919,0.0000,1.9000,-22.6380,0.03823,1.0000,0.0000,0.0000,True,True
101.5104,0.0000,1.9000,-22.5960,0.04206,1.0000,0.0000,0.0000,True,True
101.5291,0.0000,1.9000,-22.5540,0.04193,1.0000,0.0000,0.0000,True,True
101.5471,0.0000,1.9000,-22.5134,0.04060,1.0000,0.0000,0.0000,True,True
101.5665,0.0000,1.9000,-22.4699,0.04349,1.0000,0.0000,0.0000,True,True
101.5832,0.0000,1.9000,-22.4325,0.03748,1.0000,0.0000,0.0000,True,True
101.6011,0.0000,1.9000,-22.3932,0.03921,1.0000,0.0000,0.0000,True,True
101.6186,0.0000,1.9000,-22.3565,0.03679,1.0000,0.0000,0.0000,True,True
101.6366,0.0000,1.9000,-22.3209,0.03557,1.0000,0.0000,0.0000,True,True
101.6544,0.0000,1.9000,-22.2869,0.03399,1.0000,0.0000,0.0000,True,True
101.6721,0.0000,1.9000,-22.2546,0.03234,1.0000,0.0000,0.0000,True,True
101.6916,0.0000,1.9000,-22.2216,0.03300,1.0000,0.0000,0.0000,True,True
101.7083,0.0000,1.9000,-22.1945,0.02708,1.0000,0.0000,0.0000,True,True
101.7271,0.0000,1.9000,-22.1662,0.02827,1.0000,0.0000,0.0000,True,True
101.7458,0.0000,1.9000,-22.1401,0.02607,1.0000,0.0000,0.0000,True,True
101.7638,0.0000,1.9000,-22.1162,0.02392,1.0000,0.0000,0.0000,True,True
101.7850,0.0000,1.9000,-22.0904,0.02586,1.0000,0.0000,0.0000,True,True
101.8015,0.0000,1.9000,-22.0718,0.01859,1.0000,0.0000,0.0000,True,True
101.8230,0.0000,1.9000,-22.0494,0.02240,1.0000,0.0000,0.0000,True,True
101.8398,0.0000,1.9000,-22.0335,0.01588,1.0000,0.0000,0.0000,True,True
101.8583,0.0000,1.9000,-22.0160,0.01747,1.0000,0.0000,0.0000,True,True
101.8763,0.0000,1.9000,-22.0160,0.00000,1.0000,0.0000,0.0000,True,True
105.9052,0.0000,2.1149,-95.9990,0.00105,0.3083,0.6917,0.0000,True,True
105.9201,0.0000,2.1149,-95.9966,0.00233,0.3084,0.6916,0.0000,True,True
105.9353,0.0000,2.1148,-95.9930,0.00366,0.3085,0.6915,0.0000,True,True
105.9504,0.0000,2.1147,-95.9889,0.00409,0.3086,0.6914,0.0000,True,True
105.9664,0.0000,2.1147,-95.9845,0.00433,0.3087,0.6913,0.0000,True,True
105.9812,0.0000,2.1146,-95.9806,0.00399,0.3087,0.6913,0.0000,True,True
105.9965,0.0000,2.1145,-95.9765,0.00407,0.3088,0.6912,0.0000,True,True
106.0113,0.0000,2.1144,-95.9725,0.00402,0.3089,0.6911,0.0000,True,True
106.0264,0.0000,2.1144,-95.9684,0.00407,0.3090,0.6910,0.0000,True,True
106.0415,0.0000,2.1143,-95.9643,0.00409,0.3091,0.6909,0.0000,True,True
106.0583,0.0000,2.1142,-95.9598,0.00452,0.3092,0.6908,0.0000,True,True
106.0720,0.0000,2.1141,-95.9561,0.00372,0.3093,0.6907,0.0000,True,True
106.0869,0.0000,2.1141,-95.9520,0.00401,0.3094,0.6906,0.0000,True,True
106.1023,0.0000,2.1140,-95.9473,0.00475,0.3095,0.6905,0.0000,True,True
106.1171,0.0000,2.1139,-95.9414,0.00585,0.3096,0.6904,0.0000,True,True
106.1332,0.0000,2.1137,-95.9337,0.00775,0.3097,0.6903,0.0000,True,True
106.1478,0.0000,2.1136,-95.9256,0.00815,0.3099,0.6901,0.0000,True,True
106.1630,0.0000,2.1134,-95.9157,0.00990,0.3101,0.6899,0.0000,True,True
106.1787,0.0000,2.1132,-95.9042,0.01142,0.3104,0.6896,0.0000,True,True
106.1934,0.0000,2.1130,-95.8923,0.01197,0.3106,0.6894,0.0000,True,True
106.2084,0.0000,2.1127,-95.8789,0.01341,0.3109,0.6891,0.0000,True,True
106.2249,0.0000,2.1124,-95.8626,0.01623,0.3113,0.6887,0.0000,True,True
106.2387,0.0000,2.1122,-95.8479,0.01472,0.3116,0.6884,0.0000,True,True
106.2538,0.0000,2.1119,-95.8307,0.01725,0.3120,0.6880,0.0000,True,True
106.2689,0.0000,2.1115,-95.8122,0.01850,0.3124,0.6876,0.0000,True,True
106.2845,0.0000,2.1111,-95.7917,0.02046,0.3128,0.6872,0.0000,True,True
106.2998,0.0000,2.1108,-95.7702,0.02154,0.3133,0.6867,0.0000,True,True
106.3165,0.0000,2.1103,-95.7453,0.02491,0.3138,0.6862,0.0000,True,True
106.3300,0.0000,2.1099,-95.7244,0.02085,0.3143,0.6857,0.0000,True,True
106.3448,0.0000,2.1095,-95.6998,0.02462,0.3148,0.6852,0.0000,True,True
106.3599,0.0000,2.1090,-95.6737,0.02613,0.3154,0.6846,0.0000,True,True
106.3752,0.0000,2.1085,-95.6460,0.02772,0.3160,0.6840,0.0000,True,True
106.3914,0.0000,2.1079,-95.6150,0.03096,0.3166,0.6834,0.0000,True,True
106.4053,0.0000,2.1074,-95.5876,0.02746,0.3172,0.6828,0.0000,True,True
106.4203,0.0000,2.1069,-95.5568,0.03078,0.3179,0.6821,0.0000,True,True
106.4354,0.0000,2.1063,-95.5243,0.03253,0.3186,0.6814,0.0000,True,True
106.4505,0.0000,2.1056,-95.4908,0.03352,0.3193,0.6807,0.0000,True,True
106.4665,0.0000,2.1050,-95.4548,0.03592,0.3201,0.6799,0.0000,True,True
106.4812,0.0000,2.1043,-95.4217,0.03314,0.3208,0.6792,0.0000,True,True
106.4964,0.0000,2.1037,-95.3875,0.03417,0.3216,0.6784,0.0000,True,True
106.5108,0.0000,2.1031,-95.3552,0.03231,0.3223,0.6777,0.0000,True,True
106.5258,0.0000,2.1024,-95.3214,0.03389,0.3230,0.6770,0.0000,True,True
106.5415,0.0000,2.1017,-95.2862,0.03521,0.3238,0.6762,0.0000,True,True
106.5561,0.0000,2.1011,-95.2533,0.03284,0.3245,0.6755,0.0000,True,True
106.5712,0.0000,2.1005,-95.2193,0.03408,0.3252,0.6748,0.0000,True,True
106.5862,0.0000,2.0998,-95.1857,0.03359,0.3259,0.6741,0.0000,True,True
106.6013,0.0000,2.0992,-95.1515,0.03416,0.3267,0.6733,0.0000,True,True
106.6164,0.0000,2.0985,-95.1175,0.03406,0.3274,0.6726,0.0000,True,True
106.6310,0.0000,2.0979,-95.0850,0.03244,0.3281,0.6719,0.0000,True,True
106.6454,0.0000,2.0973,-95.0522,0.03281,0.3289,0.6711,0.0000,True,True
106.6598,0.0000,2.0967,-95.0198,0.03244,0.3296,0.6704,0.0000,True,True
106.6747,0.0000,2.0960,-94.9862,0.03357,0.3303,0.6697,0.0000,True,True
106.6914,0.0000,2.0953,-94.9486,0.03767,0.3311,0.6689,0.0000,True,True
106.7058,0.0000,2.0946,-94.9164,0.03219,0.3318,0.6682,0.0000,True,True
106.7195,0.0000,2.0940,-94.8855,0.03087,0.3325,0.6675,0.0000,True,True
106.7339,0.0000,2.0934,-94.8530,0.03250,0.3332,0.6668,0.0000,True,True
106.7497,0.0000,2.0927,-94.8174,0.03559,0.3340,0.6660,0.0000,True,True
106.7631,0.0000,2.0921,-94.7873,0.03010,0.3346,0.6654,0.0000,True,True
106.7779,0.0000,2.0914,-94.7545,0.03284,0.3354,0.6646,0.0000,True,True
106.7924,0.0000,2.0908,-94.7215,0.03303,0.3361,0.6639,0.0000,True,True
106.8080,0.0000,2.0901,-94.6862,0.03525,0.3369,0.6631,0.0000,True,True
106.8213,0.0000,2.0895,-94.6563,0.02991,0.3375,0.6625,0.0000,True,True
106.8359,0.0000,2.0888,-94.6240,0.03234,0.3382,0.6618,0.0000,True,True
106.8502,0.0000,2.0882,-94.5915,0.03250,0.3389,0.6611,0.0000,True,True
106.8665,0.0000,2.0875,-94.5550,0.03654,0.3398,0.6602,0.0000,True,True
106.8792,0.0000,2.0869,-94.5264,0.02862,0.3404,0.6596,0.0000,True,True
106.8935,0.0000,2.0863,-94.4942,0.03220,0.3411,0.6589,0.0000,True,True
106.9080,0.0000,2.0856,-94.4613,0.03288,0.3418,0.6582,0.0000,True,True
106.9227,0.0000,2.0849,-94.4290,0.03236,0.3425,0.6575,0.0000,True,True
106.9369,0.0000,2.0843,-94.3968,0.03216,0.3432,0.6568,0.0000,True,True
106.9514,0.0000,2.0836,-94.3639,0.03292,0.3440,0.6560,0.0000,True,True
106.9664,0.0000,2.0829,-94.3301,0.03383,0.3447,0.6553,0.0000,True,True
106.9804,0.0000,2.0822,-94.2986,0.03147,0.3454,0.6546,0.0000,True,True
106.9948,0.0000,2.0816,-94.2668,0.03186,0.3461,0.6539,0.0000,True,True
107.0092,0.0000,2.0809,-94.2341,0.03268,0.3468,0.6532,0.0000,True,True
107.0248,0.0000,2.0802,-94.1987,0.03536,0.3476,0.6524,0.0000,True,True
107.0380,0.0000,2.0796,-94.1691,0.02963,0.3483,0.6517,0.0000,True,True
107.0525,0.0000,2.0789,-94.1364,0.03271,0.3490,0.6510,0.0000,True,True
107.0671,0.0000,2.0782,-94.1035,0.03292,0.3497,0.6503,0.0000,True,True
107.0831,0.0000,2.0775,-94.0676,0.03586,0.3505,0.6495,0.0000,True,True
107.0968,0.0000,2.0769,-94.0372,0.03044,0.3512,0.6488,0.0000,True,True
107.1111,0.0000,2.0762,-94.0048,0.03238,0.3519,0.6481,0.0000,True,True
107.1254,0.0000,2.0755,-93.9725,0.03234,0.3526,0.6474,0.0000,True,True
107.1416,0.0000,2.0747,-93.9364,0.03613,0.3534,0.6466,0.0000,True,True
107.1544,0.0000,2.0741,-93.9073,0.02910,0.3541,0.6459,0.0000,True,True
107.1687,0.0000,2.0734,-93.8752,0.03212,0.3548,0.6452,0.0000,True,True
107.1834,0.0000,2.0727,-93.8422,0.03303,0.3555,0.6445,0.0000,True,True
107.1981,0.0000,2.0720,-93.8098,0.03234,0.3562,0.6438,0.0000,True,True
107.2123,0.0000,2.0713,-93.7772,0.03268,0.3569,0.6431,0.0000,True,True
107.2269,0.0000,2.0706,-93.7441,0.03303,0.3577,0.6423,0.0000,True,True
107.2415,0.0000,2.0699,-93.7114,0.03273,0.3584,0.6416,0.0000,True,True
107.2561,0.0000,2.0692,-93.6789,0.03256,0.3591,0.6409,0.0000,True,True
107.2705,0.0000,2.0685,-93.6461,0.03278,0.3599,0.6401,0.0000,True,True
107.2849,0.0000,2.0679,-93.6138,0.03230,0.3606,0.6394,0.0000,True,True
107.2998,0.0000,2.0671,-93.5803,0.03352,0.3613,0.6387,0.0000,True,True
107.3139,0.0000,2.0665,-93.5484,0.03188,0.3620,0.6380,0.0000,True,True
107.3280,0.0000,2.0658,-93.5167,0.03169,0.3627,0.6373,0.0000,True,True
107.3425,0.0000,2.0651,-93.4842,0.03253,0.3635,0.6365,0.0000,True,True
107.3583,0.0000,2.0643,-93.4488,0.03543,0.3643,0.6357,0.0000,True,True
107.3716,0.0000,2.0636,-93.4188,0.02998,0.3649,0.6351,0.0000,True,True
107.3861,0.0000,2.0629,-93.3863,0.03253,0.3656,0.6344,0.0000,True,True
107.4006,0.0000,2.0622,-93.3537,0.03258,0.3664,0.6336,0.0000,True,True
107.4166,0.0000,2.0614,-93.3178,0.03591,0.3672,0.6328,0.0000,True,True
107.4296,0.0000,2.0608,-93.2882,0.02961,0.3678,0.6322,0.0000,True,True
107.4443,0.0000,2.0600,-93.2555,0.03269,0.3686,0.6314,0.0000,True,True
107.4586,0.0000,2.0593,-93.2230,0.03252,0.3693,0.6307,0.0000,True,True
107.4748,0.0000,2.0585,-93.1865,0.03654,0.3701,0.6299,0.0000,True,True
107.4876,0.0000,2.0579,-93.1576,0.02891,0.3708,0.6292,0.0000,True,True
107.5025,0.0000,2.0571,-93.1244,0.03323,0.3715,0.6285,0.0000,True,True
107.5170,0.0000,2.0564,-93.0920,0.03239,0.3722,0.6278,0.0000,True,True
107.5331,0.0000,2.0556,-93.0554,0.03663,0.3730,0.6270,0.0000,True,True
107.5462,0.0000,2.0550,-93.0260,0.02942,0.3737,0.6263,0.0000,True,True
107.5605,0.0000,2.0543,-92.9938,0.03217,0.3744,0.6256,0.0000,True,True
107.5751,0.0000,2.0535,-92.9611,0.03270,0.3752,0.6248,0.0000,True,True
107.5896,0.0000,2.0528,-92.9287,0.03242,0.3759,0.6241,0.0000,True,True
107.6040,0.0000,2.0520,-92.8962,0.03249,0.3766,0.6234,0.0000,True,True
107.6186,0.0000,2.0513,-92.8636,0.03256,0.3773,0.6227,0.0000,True,True
107.6334,0.0000,2.0505,-92.8305,0.03320,0.3781,0.6219,0.0000,True,True
107.6476,0.0000,2.0498,-92.7984,0.03209,0.3788,0.6212,0.0000,True,True
107.6622,0.0000,2.0491,-92.7654,0.03297,0.3796,0.6204,0.0000,True,True
107.6768,0.0000,2.0483,-92.7325,0.03294,0.3803,0.6197,0.0000,True,True
107.6914,0.0000,2.0476,-92.6992,0.03327,0.3810,0.6190,0.0000,True,True
107.7056,0.0000,2.0468,-92.6675,0.03172,0.3818,0.6182,0.0000,True,True
107.7200,0.0000,2.0461,-92.6347,0.03278,0.3825,0.6175,0.0000,True,True
107.7346,0.0000,2.0453,-92.6021,0.03269,0.3832,0.6168,0.0000,True,True
107.7497,0.0000,2.0446,-92.5680,0.03413,0.3840,0.6160,0.0000,True,True
107.7636,0.0000,2.0439,-92.5370,0.03098,0.3847,0.6153,0.0000,True,True
107.7779,0.0000,2.0431,-92.5047,0.03227,0.3854,0.6146,0.0000,True,True
107.7923,0.0000,2.0424,-92.4723,0.03243,0.3861,0.6139,0.0000,True,True
107.8081,0.0000,2.0415,-92.4368,0.03552,0.3870,0.6130,0.0000,True,True
107.8210,0.0000,2.0409,-92.4076,0.02924,0.3876,0.6124,0.0000,True,True
107.8355,0.0000,2.0401,-92.3750,0.03257,0.3883,0.6117,0.0000,True,True
107.8500,0.0000,2.0393,-92.3425,0.03254,0.3891,0.6109,0.0000,True,True
107.8646,0.0000,2.0386,-92.3101,0.03238,0.3898,0.6102,0.0000,True,True
107.8788,0.0000,2.0378,-92.2777,0.03238,0.3905,0.6095,0.0000,True,True
107.8933,0.0000,2.0371,-92.2450,0.03275,0.3913,0.6087,0.0000,True,True
107.9083,0.0000,2.0363,-92.2117,0.03326,0.3920,0.6080,0.0000,True,True
107.9226,0.0000,2.0355,-92.1796,0.03216,0.3928,0.6072,0.0000,True,True
107.9371,0.0000,2.0348,-92.1467,0.03286,0.3935,0.6065,0.0000,True,True
107.9515,0.0000,2.0340,-92.1141,0.03263,0.3942,0.6058,0.0000,True,True
107.9664,0.0000,2.0332,-92.0807,0.03341,0.3950,0.6050,0.0000,True,True
107.9805,0.0000,2.0325,-92.0490,0.03169,0.3957,0.6043,0.0000,True,True
107.9950,0.0000,2.0317,-92.0164,0.03265,0.3964,0.6036,0.0000,True,True
108.0096,0.0000,2.0309,-91.9836,0.03282,0.3972,0.6028,0.0000,True,True
108.0247,0.0000,2.0301,-91.9495,0.03408,0.3980,0.6020,0.0000,True,True
108.0388,0.0000,2.0293,-91.9178,0.03170,0.3987,0.6013,0.0000,True,True
108.0536,0.0000,2.0285,-91.8846,0.03323,0.3994,0.6006,0.0000,True,True
108.0682,0.0000,2.0277,-91.8517,0.03293,0.4002,0.5998,0.0000,True,True
108.0830,0.0000,2.0269,-91.8183,0.03340,0.4009,0.5991,0.0000,True,True
108.0976,0.0000,2.0262,-91.7859,0.03241,0.4017,0.5983,0.0000,True,True
108.1119,0.0000,2.0254,-91.7535,0.03234,0.4024,0.5976,0.0000,True,True
108.1264,0.0000,2.0246,-91.7208,0.03275,0.4031,0.5969,0.0000,True,True
108.1414,0.0000,2.0238,-91.6869,0.03386,0.4039,0.5961,0.0000,True,True
108.1553,0.0000,2.0230,-91.6556,0.03134,0.4046,0.5954,0.0000,True,True
108.1699,0.0000,2.0222,-91.6231,0.03250,0.4054,0.5946,0.0000,True,True
108.1843,0.0000,2.0215,-91.5906,0.03250,0.4061,0.5939,0.0000,True,True
108.1998,0.0000,2.0206,-91.5559,0.03481,0.4069,0.5931,0.0000,True,True
108.2135,0.0000,2.0199,-91.5250,0.03085,0.4076,0.5924,0.0000,True,True
108.2279,0.0000,2.0191,-91.4926,0.03240,0.4083,0.5917,0.0000,True,True
108.2421,0.0000,2.0183,-91.4606,0.03206,0.4091,0.5909,0.0000,True,True
108.2560,0.0000,2.0175,-91.4298,0.03077,0.4098,0.5902,0.0000,True,True
108.2699,0.0000,2.0168,-91.3987,0.03116,0.4105,0.5895,0.0000,True,True
108.2835,0.0000,2.0160,-91.3674,0.03123,0.4112,0.5888,0.0000,True,True
108.2976,0.0000,2.0152,-91.3362,0.03124,0.4119,0.5881,0.0000,True,True
108.3111,0.0000,2.0145,-91.3055,0.03073,0.4126,0.5874,0.0000,True,True
108.3249,0.0000,2.0137,-91.2741,0.03137,0.4133,0.5867,0.0000,True,True
108.3391,0.0000,2.0129,-91.2428,0.03139,0.4140,0.5860,0.0000,True,True
108.3531,0.0000,2.0121,-91.2112,0.03152,0.4147,0.5853,0.0000,True,True
108.3671,0.0000,2.0114,-91.1798,0.03147,0.4154,0.5846,0.0000,True,True
108.3814,0.0000,2.0106,-91.1476,0.03215,0.4162,0.5838,0.0000,True,True
108.3954,0.0000,2.0098,-91.1166,0.03106,0.4169,0.5831,0.0000,True,True
108.4090,0.0000,2.0090,-91.0853,0.03132,0.4176,0.5824,0.0000,True,True
108.4248,0.0000,2.0081,-91.0497,0.03556,0.4184,0.5816,0.0000,True,True
108.4369,0.0000,2.0075,-91.0229,0.02689,0.4190,0.5810,0.0000,True,True
108.4506,0.0000,2.0067,-90.9916,0.03129,0.4197,0.5803,0.0000,True,True
108.4645,0.0000,2.0059,-90.9603,0.03128,0.4204,0.5796,0.0000,True,True
108.4786,0.0000,2.0051,-90.9292,0.03112,0.4212,0.5788,0.0000,True,True
108.4925,0.0000,2.0043,-90.8978,0.03135,0.4219,0.5781,0.0000,True,True
108.5062,0.0000,2.0035,-90.8667,0.03114,0.4226,0.5774,0.0000,True,True
108.5202,0.0000,2.0027,-90.8353,0.03138,0.4233,0.5767,0.0000,True,True
108.5339,0.0000,2.0019,-90.8043,0.03106,0.4240,0.5760,0.0000,True,True
108.5476,0.0000,2.0012,-90.7732,0.03110,0.4247,0.5753,0.0000,True,True
108.5616,0.0000,2.0004,-90.7422,0.03102,0.4254,0.5746,0.0000,True,True
108.5755,0.0000,1.9996,-90.7106,0.03161,0.4262,0.5738,0.0000,True,True
108.5893,0.0000,1.9988,-90.6800,0.03066,0.4269,0.5731,0.0000,True,True
108.6030,0.0000,1.9980,-90.6487,0.03126,0.4276,0.5724,0.0000,True,True
108.6171,0.0000,1.9972,-90.6175,0.03124,0.4283,0.5717,0.0000,True,True
108.6314,0.0000,1.9964,-90.5860,0.03152,0.4290,0.5710,0.0000,True,True
108.6448,0.0000,1.9956,-90.5549,0.03107,0.4297,0.5703,0.0000,True,True
108.6589,0.0000,1.9948,-90.5234,0.03153,0.4304,0.5696,0.0000,True,True
108.6730,0.0000,1.9940,-90.4921,0.03131,0.4311,0.5689,0.0000,True,True
108.6867,0.0000,1.9932,-90.4607,0.03135,0.4319,0.5681,0.0000,True,True
108.7009,0.0000,1.9924,-90.4291,0.03166,0.4326,0.5674,0.0000,True,True
108.7145,0.0000,1.9916,-90.3993,0.02977,0.4333,0.5667,0.0000,True,True
108.7285,0.0000,1.9909,-90.3702,0.02917,0.4339,0.5661,0.0000,True,True
108.7423,0.0000,1.9901,-90.3423,0.02789,0.4346,0.5654,0.0000,True,True
108.7563,0.0000,1.9894,-90.3150,0.02733,0.4352,0.5648,0.0000,True,True
108.7699,0.0000,1.9888,-90.2891,0.02590,0.4358,0.5642,0.0000,True,True
108.7839,0.0000,1.9881,-90.2640,0.02506,0.4364,0.5636,0.0000,True,True
108.7980,0.0000,1.9875,-90.2401,0.02393,0.4369,0.5631,0.0000,True,True
108.8117,0.0000,1.9869,-90.2174,0.02269,0.4374,0.5626,0.0000,True,True
108.8256,0.0000,1.9863,-90.1958,0.02167,0.4379,0.5621,0.0000,True,True
108.8414,0.0000,1.9857,-90.1724,0.02334,0.4385,0.5615,0.0000,True,True
108.8538,0.0000,1.9853,-90.1550,0.01744,0.4389,0.5611,0.0000,True,True
108.8677,0.0000,1.9848,-90.1365,0.01854,0.4393,0.5607,0.0000,True,True
108.8830,0.0000,1.9843,-90.1173,0.01913,0.4397,0.5603,0.0000,True,True
108.8958,0.0000,1.9839,-90.1023,0.01502,0.4401,0.5599,0.0000,True,True
108.9096,0.0000,1.9835,-90.0871,0.01519,0.4404,0.5596,0.0000,True,True
108.9247,0.0000,1.9831,-90.0717,0.01542,0.4408,0.5592,0.0000,True,True
108.9374,0.0000,1.9828,-90.0597,0.01208,0.4411,0.5589,0.0000,True,True
108.9513,0.0000,1.9825,-90.0476,0.01207,0.4413,0.5587,0.0000,True,True
108.9665,0.0000,1.9822,-90.0357,0.01190,0.4416,0.5584,0.0000,True,True
108.9795,0.0000,1.9819,-90.0263,0.00939,0.4418,0.5582,0.0000,True,True
108.9936,0.0000,1.9817,-90.0172,0.00912,0.4420,0.5580,0.0000,True,True
109.0082,0.0000,1.9817,-90.0172,0.00000,0.4420,0.5580,0.0000,True,True
113.0265,0.0000,6.7758,-227.9986,0.00142,0.0000,0.3743,0.6257,True,True
113.0425,0.0000,6.7754,-227.9958,0.00280,0.0000,0.3744,0.6256,True,True
113.0584,0.0000,6.7747,-227.9916,0.00425,0.0000,0.3745,0.6255,True,True
113.0750,0.0000,6.7740,-227.9873,0.00442,0.0000,0.3746,0.6254,True,True
113.0914,0.0000,6.7733,-227.9828,0.00449,0.0000,0.3747,0.6253,True,True
113.1082,0.0000,6.7726,-227.9784,0.00451,0.0000,0.3748,0.6252,True,True
113.1228,0.0000,6.7720,-227.9745,0.00389,0.0000,0.3749,0.6251,True,True
113.1386,0.0000,6.7714,-227.9703,0.00432,0.0000,0.3750,0.6250,True,True
113.1545,0.0000,6.7707,-227.9660,0.00428,0.0000,0.3751,0.6249,True,True
113.1705,0.0000,6.7700,-227.9617,0.00437,0.0000,0.3751,0.6249,True,True
113.1864,0.0000,6.7694,-227.9575,0.00426,0.0000,0.3752,0.6248,True,True
113.2025,0.0000,6.7687,-227.9532,0.00437,0.0000,0.3753,0.6247,True,True
113.2186,0.0000,6.7680,-227.9487,0.00456,0.0000,0.3754,0.6246,True,True
113.2347,0.0000,6.7671,-227.9428,0.00599,0.0000,0.3756,0.6244,True,True
113.2506,0.0000,6.7660,-227.9355,0.00732,0.0000,0.3757,0.6243,True,True
113.2665,0.0000,6.7646,-227.9269,0.00869,0.0000,0.3759,0.6241,True,True
113.2830,0.0000,6.7630,-227.9166,0.01049,0.0000,0.3762,0.6238,True,True
113.2997,0.0000,6.7611,-227.9046,0.01217,0.0000,0.3764,0.6236,True,True
113.3167,0.0000,6.7590,-227.8909,0.01381,0.0000,0.3767,0.6233,True,True
113.3311,0.0000,6.7570,-227.8779,0.01320,0.0000,0.3770,0.6230,True,True
113.3471,0.0000,6.7546,-227.8623,0.01572,0.0000,0.3774,0.6226,True,True
113.3630,0.0000,6.7519,-227.8453,0.01725,0.0000,0.3778,0.6222,True,True
113.3789,0.0000,6.7491,-227.8271,0.01844,0.0000,0.3782,0.6218,True,True
113.3946,0.0000,6.7460,-227.8075,0.01978,0.0000,0.3786,0.6214,True,True
113.4106,0.0000,6.7427,-227.7864,0.02136,0.0000,0.3791,0.6209,True,True
113.4265,0.0000,6.7392,-227.7639,0.02278,0.0000,0.3796,0.6204,True,True
113.4428,0.0000,6.7355,-227.7398,0.02440,0.0000,0.3801,0.6199,True,True
113.4587,0.0000,6.7315,-227.7144,0.02571,0.0000,0.3807,0.6193,True,True
113.4746,0.0000,6.7274,-227.6876,0.02709,0.0000,0.3813,0.6187,True,True
113.4914,0.0000,6.7228,-227.6581,0.02988,0.0000,0.3820,0.6180,True,True
113.5080,0.0000,6.7180,-227.6273,0.03113,0.0000,0.3827,0.6173,True,True
113.5226,0.0000,6.7136,-227.5991,0.02855,0.0000,0.3833,0.6167,True,True
113.5388,0.0000,6.7085,-227.5668,0.03272,0.0000,0.3840,0.6160,True,True
113.5546,0.0000,6.7033,-227.5330,0.03425,0.0000,0.3848,0.6152,True,True
113.5706,0.0000,6.6978,-227.4980,0.03541,0.0000,0.3856,0.6144,True,True
113.5868,0.0000,6.6923,-227.4621,0.03632,0.0000,0.3864,0.6136,True,True
113.6028,0.0000,6.6867,-227.4264,0.03609,0.0000,0.3872,0.6128,True,True
113.6187,0.0000,6.6812,-227.3911,0.03578,0.0000,0.3880,0.6120,True,True
113.6346,0.0000,6.6757,-227.3556,0.03590,0.0000,0.3888,0.6112,True,True
113.6506,0.0000,6.6703,-227.3203,0.03568,0.0000,0.3896,0.6104,True,True
113.6666,0.0000,6.6647,-227.2846,0.03615,0.0000,0.3904,0.6096,True,True
113.6830,0.0000,6.6591,-227.2481,0.03690,0.0000,0.3912,0.6088,True,True
113.6998,0.0000,6.6533,-227.2109,0.03765,0.0000,0.3920,0.6080,True,True
113.7164,0.0000,6.6476,-227.1740,0.03734,0.0000,0.3929,0.6071,True,True
113.7330,0.0000,6.6418,-227.1369,0.03755,0.0000,0.3937,0.6063,True,True
113.7497,0.0000,6.6360,-227.0998,0.03755,0.0000,0.3946,0.6054,True,True
113.7665,0.0000,6.6303,-227.0628,0.03743,0.0000,0.3954,0.6046,True,True
113.7830,0.0000,6.6246,-227.0258,0.03749,0.0000,0.3962,0.6038,True,True
113.7997,0.0000,6.6188,-226.9888,0.03748,0.0000,0.3971,0.6029,True,True
113.8164,0.0000,6.6131,-226.9517,0.03750,0.0000,0.3979,0.6021,True,True
113.8310,0.0000,6.6081,-226.9192,0.03284,0.0000,0.3986,0.6014,True,True
113.8468,0.0000,6.6027,-226.8845,0.03517,0.0000,0.3994,0.6006,True,True
113.8625,0.0000,6.5972,-226.8491,0.03581,0.0000,0.4002,0.5998,True,True
113.8783,0.0000,6.5918,-226.8139,0.03560,0.0000,0.4010,0.5990,True,True
113.8943,0.0000,6.5863,-226.7783,0.03607,0.0000,0.4018,0.5982,True,True
113.9108,0.0000,6.5807,-226.7420,0.03670,0.0000,0.4027,0.5973,True,True
113.9271,0.0000,6.5751,-226.7057,0.03667,0.0000,0.4035,0.5965,True,True
113.9432,0.0000,6.5695,-226.6698,0.03635,0.0000,0.4043,0.5957,True,True
113.9594,0.0000,6.5639,-226.6335,0.03672,0.0000,0.4051,0.5949,True,True
113.9756,0.0000,6.5584,-226.5976,0.03633,0.0000,0.4059,0.5941,True,True
113.9921,0.0000,6.5527,-226.5611,0.03703,0.0000,0.4068,0.5932,True,True
114.0083,0.0000,6.5471,-226.5247,0.03681,0.0000,0.4076,0.5924,True,True
114.0259,0.0000,6.5411,-226.4861,0.03900,0.0000,0.4085,0.5915,True,True
114.0436,0.0000,6.5351,-226.4468,0.03977,0.0000,0.4094,0.5906,True,True
114.0612,0.0000,6.5290,-226.4076,0.03969,0.0000,0.4103,0.5897,True,True
114.0790,0.0000,6.5229,-226.3675,0.04053,0.0000,0.4112,0.5888,True,True
114.0972,0.0000,6.5167,-226.3274,0.04057,0.0000,0.4121,0.5879,True,True
114.1163,0.0000,6.5101,-226.2846,0.04337,0.0000,0.4131,0.5869,True,True
114.1329,0.0000,6.5044,-226.2475,0.03750,0.0000,0.4139,0.5861,True,True
114.1500,0.0000,6.4986,-226.2096,0.03836,0.0000,0.4148,0.5852,True,True
114.1683,0.0000,6.4923,-226.1688,0.04127,0.0000,0.4157,0.5843,True,True
114.1856,0.0000,6.4864,-226.1305,0.03875,0.0000,0.4166,0.5834,True,True
114.2036,0.0000,6.4802,-226.0907,0.04033,0.0000,0.4175,0.5825,True,True
114.2212,0.0000,6.4742,-226.0514,0.03968,0.0000,0.4184,0.5816,True,True
114.2386,0.0000,6.4683,-226.0129,0.03903,0.0000,0.4192,0.5808,True,True
114.2581,0.0000,6.4616,-225.9695,0.04386,0.0000,0.4202,0.5798,True,True
114.2747,0.0000,6.4559,-225.9325,0.03745,0.0000,0.4211,0.5789,True,True
114.2917,0.0000,6.4501,-225.8946,0.03833,0.0000,0.4219,0.5781,True,True
114.3095,0.0000,6.4441,-225.8550,0.04007,0.0000,0.4229,0.5771,True,True
114.3272,0.0000,6.4380,-225.8156,0.03986,0.0000,0.4238,0.5762,True,True
114.3452,0.0000,6.4319,-225.7760,0.04011,0.0000,0.4247,0.5753,True,True
114.3628,0.0000,6.4260,-225.7370,0.03943,0.0000,0.4255,0.5745,True,True
114.3802,0.0000,6.4199,-225.6978,0.03967,0.0000,0.4264,0.5736,True,True
114.3978,0.0000,6.4140,-225.6591,0.03909,0.0000,0.4273,0.5727,True,True
114.4164,0.0000,6.4076,-225.6174,0.04217,0.0000,0.4283,0.5717,True,True
114.4329,0.0000,6.4019,-225.5804,0.03753,0.0000,0.4291,0.5709,True,True
114.4505,0.0000,6.3960,-225.5413,0.03949,0.0000,0.4300,0.5700,True,True
114.4679,0.0000,6.3900,-225.5026,0.03918,0.0000,0.4309,0.5691,True,True
114.4852,0.0000,6.3842,-225.4643,0.03870,0.0000,0.4318,0.5682,True,True
114.5019,0.0000,6.3785,-225.4270,0.03776,0.0000,0.4326,0.5674,True,True
114.5190,0.0000,6.3727,-225.3890,0.03850,0.0000,0.4335,0.5665,True,True
114.5358,0.0000,6.3670,-225.3515,0.03786,0.0000,0.4344,0.5656,True,True
114.5529,0.0000,6.3612,-225.3136,0.03842,0.0000,0.4352,0.5648,True,True
114.5699,0.0000,6.3554,-225.2757,0.03825,0.0000,0.4361,0.5639,True,True
114.5870,0.0000,6.3496,-225.2377,0.03851,0.0000,0.4370,0.5630,True,True
114.6037,0.0000,6.3439,-225.2005,0.03763,0.0000,0.4378,0.5622,True,True
114.6207,0.0000,6.3382,-225.1631,0.03776,0.0000,0.4387,0.5613,True,True
114.6374,0.0000,6.3325,-225.1257,0.03786,0.0000,0.4395,0.5605,True,True
114.6540,0.0000,6.3268,-225.0887,0.03743,0.0000,0.4404,0.5596,True,True
114.6705,0.0000,6.3212,-225.0519,0.03725,0.0000,0.4412,0.5588,True,True
114.6871,0.0000,6.3156,-225.0151,0.03722,0.0000,0.4421,0.5579,True,True
114.7036,0.0000,6.3100,-224.9783,0.03720,0.0000,0.4429,0.5571,True,True
114.7214,0.0000,6.3040,-224.9389,0.03988,0.0000,0.4438,0.5562,True,True
114.7380,0.0000,6.2984,-224.9019,0.03744,0.0000,0.4447,0.5553,True,True
114.7546,0.0000,6.2928,-224.8652,0.03710,0.0000,0.4455,0.5545,True,True
114.7711,0.0000,6.2872,-224.8285,0.03709,0.0000,0.4464,0.5536,True,True
114.7875,0.0000,6.2816,-224.7918,0.03717,0.0000,0.4472,0.5528,True,True
114.8040,0.0000,6.2760,-224.7551,0.03717,0.0000,0.4480,0.5520,True,True
114.8205,0.0000,6.2705,-224.7184,0.03707,0.0000,0.4489,0.5511,True,True
114.8370,0.0000,6.2649,-224.6818,0.03700,0.0000,0.4497,0.5503,True,True
114.8534,0.0000,6.2593,-224.6451,0.03718,0.0000,0.4506,0.5494,True,True
114.8702,0.0000,6.2537,-224.6078,0.03772,0.0000,0.4514,0.5486,True,True
114.8869,0.0000,6.2480,-224.5706,0.03763,0.0000,0.4523,0.5477,True,True
114.9035,0.0000,6.2424,-224.5338,0.03723,0.0000,0.4531,0.5469,True,True
114.9204,0.0000,6.2368,-224.4965,0.03769,0.0000,0.4540,0.5460,True,True
114.9371,0.0000,6.2311,-224.4594,0.03753,0.0000,0.4548,0.5452,True,True
114.9537,0.0000,6.2255,-224.4221,0.03769,0.0000,0.4557,0.5443,True,True
114.9705,0.0000,6.2199,-224.3849,0.03766,0.0000,0.4566,0.5434,True,True
114.9873,0.0000,6.2143,-224.3480,0.03735,0.0000,0.4574,0.5426,True,True
115.0054,0.0000,6.2086,-224.3102,0.03816,0.0000,0.4583,0.5417,True,True
115.0209,0.0000,6.2029,-224.2728,0.03786,0.0000,0.4591,0.5409,True,True
115.0379,0.0000,6.1972,-224.2353,0.03795,0.0000,0.4600,0.5400,True,True
115.0546,0.0000,6.1916,-224.1980,0.03775,0.0000,0.4609,0.5391,True,True
115.0714,0.0000,6.1859,-224.1604,0.03799,0.0000,0.4617,0.5383,True,True
115.0885,0.0000,6.1802,-224.1230,0.03782,0.0000,0.4626,0.5374,True,True
115.1047,0.0000,6.1747,-224.0861,0.03728,0.0000,0.4634,0.5366,True,True
115.1217,0.0000,6.1690,-224.0486,0.03801,0.0000,0.4643,0.5357,True,True
115.1386,0.0000,6.1633,-224.0112,0.03779,0.0000,0.4652,0.5348,True,True
115.1554,0.0000,6.1577,-223.9740,0.03758,0.0000,0.4660,0.5340,True,True
115.1718,0.0000,6.1522,-223.9371,0.03734,0.0000,0.4669,0.5331,True,True
115.1884,0.0000,6.1466,-223.9000,0.03753,0.0000,0.4677,0.5323,True,True
115.2053,0.0000,6.1410,-223.8630,0.03737,0.0000,0.4686,0.5314,True,True
115.2219,0.0000,6.1354,-223.8261,0.03734,0.0000,0.4694,0.5306,True,True
115.2385,0.0000,6.1299,-223.7890,0.03750,0.0000,0.4703,0.5297,True,True
115.2554,0.0000,6.1242,-223.7513,0.03818,0.0000,0.4711,0.5289,True,True
115.2725,0.0000,6.1185,-223.7138,0.03791,0.0000,0.4720,0.5280,True,True
115.2889,0.0000,6.1129,-223.6765,0.03767,0.0000,0.4729,0.5271,True,True
115.3059,0.0000,6.1073,-223.6389,0.03802,0.0000,0.4737,0.5263,True,True
115.3246,0.0000,6.1009,-223.5968,0.04257,0.0000,0.4747,0.5253,True,True
115.3413,0.0000,6.0953,-223.5598,0.03747,0.0000,0.4756,0.5244,True,True
115.3579,0.0000,6.0898,-223.5227,0.03750,0.0000,0.4764,0.5236,True,True
115.3745,0.0000,6.0842,-223.4856,0.03750,0.0000,0.4773,0.5227,True,True
115.3912,0.0000,6.0786,-223.4486,0.03748,0.0000,0.4781,0.5219,True,True
115.4079,0.0000,6.0731,-223.4114,0.03759,0.0000,0.4790,0.5210,True,True
115.4246,0.0000,6.0675,-223.3743,0.03748,0.0000,0.4798,0.5202,True,True
115.4415,0.0000,6.0619,-223.3366,0.03817,0.0000,0.4807,0.5193,True,True
115.4585,0.0000,6.0562,-223.2990,0.03805,0.0000,0.4816,0.5184,True,True
115.4755,0.0000,6.0505,-223.2611,0.03830,0.0000,0.4824,0.5176,True,True
115.4925,0.0000,6.0449,-223.2234,0.03816,0.0000,0.4833,0.5167,True,True
115.5094,0.0000,6.0392,-223.1855,0.03823,0.0000,0.4842,0.5158,True,True
115.5263,0.0000,6.0336,-223.1479,0.03806,0.0000,0.4851,0.5149,True,True
115.5434,0.0000,6.0279,-223.1101,0.03819,0.0000,0.4859,0.5141,True,True
115.5604,0.0000,6.0222,-223.0722,0.03837,0.0000,0.4868,0.5132,True,True
115.5775,0.0000,6.0166,-223.0346,0.03800,0.0000,0.4877,0.5123,True,True
115.5944,0.0000,6.0109,-222.9966,0.03845,0.0000,0.4885,0.5115,True,True
115.6114,0.0000,6.0053,-222.9587,0.03829,0.0000,0.4894,0.5106,True,True
115.6283,0.0000,5.9997,-222.9212,0.03787,0.0000,0.4903,0.5097,True,True
115.6451,0.0000,5.9941,-222.8837,0.03801,0.0000,0.4911,0.5089,True,True
115.6620,0.0000,5.9885,-222.8461,0.03798,0.0000,0.4920,0.5080,True,True
115.6789,0.0000,5.9829,-222.8084,0.03812,0.0000,0.4929,0.5071,True,True
115.6959,0.0000,5.9772,-222.7706,0.03817,0.0000,0.4938,0.5062,True,True
115.7129,0.0000,5.9716,-222.7330,0.03809,0.0000,0.4946,0.5054,True,True
115.7299,0.0000,5.9660,-222.6952,0.03817,0.0000,0.4955,0.5045,True,True
115.7467,0.0000,5.9604,-222.6578,0.03778,0.0000,0.4964,0.5036,True,True
115.7636,0.0000,5.9548,-222.6202,0.03807,0.0000,0.4972,0.5028,True,True
115.7805,0.0000,5.9492,-222.5825,0.03806,0.0000,0.4981,0.5019,True,True
115.7980,0.0000,5.9436,-222.5447,0.03824,0.0000,0.4990,0.5010,True,True
115.8165,0.0000,5.9373,-222.5028,0.04236,0.0000,0.4999,0.5001,True,True
115.8330,0.0000,5.9318,-222.4656,0.03758,0.0000,0.5008,0.4992,True,True
115.8497,0.0000,5.9263,-222.4286,0.03745,0.0000,0.5016,0.4984,True,True
115.8662,0.0000,5.9210,-222.3928,0.03619,0.0000,0.5025,0.4975,True,True
115.8829,0.0000,5.9159,-222.3585,0.03463,0.0000,0.5033,0.4967,True,True
115.8996,0.0000,5.9111,-222.3257,0.03315,0.0000,0.5040,0.4960,True,True
115.9165,0.0000,5.9064,-222.2943,0.03182,0.0000,0.5047,0.4953,True,True
115.9329,0.0000,5.9020,-222.2647,0.02989,0.0000,0.5054,0.4946,True,True
115.9499,0.0000,5.8977,-222.2359,0.02912,0.0000,0.5061,0.4939,True,True
115.9670,0.0000,5.8937,-222.2085,0.02774,0.0000,0.5067,0.4933,True,True
115.9840,0.0000,5.8898,-222.1825,0.02622,0.0000,0.5073,0.4927,True,True
116.0010,0.0000,5.8862,-222.1583,0.02448,0.0000,0.5079,0.4921,True,True
116.0183,0.0000,5.8828,-222.1351,0.02340,0.0000,0.5084,0.4916,True,True
116.0352,0.0000,5.8796,-222.1138,0.02160,0.0000,0.5089,0.4911,True,True
116.0521,0.0000,5.8766,-222.0937,0.02028,0.0000,0.5094,0.4906,True,True
116.0691,0.0000,5.8739,-222.0749,0.01905,0.0000,0.5098,0.4902,True,True
116.0871,0.0000,5.8711,-222.0561,0.01897,0.0000,0.5102,0.4898,True,True
116.1043,0.0000,5.8686,-222.0392,0.01712,0.0000,0.5106,0.4894,True,True
116.1212,0.0000,5.8662,-222.0231,0.01626,0.0000,0.5110,0.4890,True,True
116.1384,0.0000,5.8662,-222.0231,0.00000,0.0000,0.5110,0.4890,True,True
