time,x,y,z,step,clearWeight,rainWeight,snowWeight,support,bodyClear
5.7069,-0.0010,0.8000,-0.0050,0.00514,1.0000,0.0000,0.0000,True,True
5.7134,-0.0014,0.8000,-0.0072,0.00216,1.0000,0.0000,0.0000,True,True
5.7216,-0.0020,0.8000,-0.0098,0.00268,1.0000,0.0000,0.0000,True,True
5.7304,-0.0026,0.8000,-0.0132,0.00348,1.0000,0.0000,0.0000,True,True
5.7387,-0.0034,0.8000,-0.0169,0.00378,1.0000,0.0000,0.0000,True,True
5.7471,-0.0042,0.8000,-0.0211,0.00426,1.0000,0.0000,0.0000,True,True
5.7554,-0.0051,0.8000,-0.0258,0.00480,1.0000,0.0000,0.0000,True,True
5.7636,-0.0062,0.8000,-0.0310,0.00532,1.0000,0.0000,0.0000,True,True
5.7720,-0.0073,0.8000,-0.0367,0.00585,1.0000,0.0000,0.0000,True,True
5.7802,-0.0086,0.8000,-0.0430,0.00636,1.0000,0.0000,0.0000,True,True
5.7887,-0.0099,0.8000,-0.0497,0.00689,1.0000,0.0000,0.0000,True,True
5.7969,-0.0114,0.8000,-0.0570,0.00741,1.0000,0.0000,0.0000,True,True
5.8054,-0.0129,0.8000,-0.0648,0.00793,1.0000,0.0000,0.0000,True,True
5.8136,-0.0146,0.8000,-0.0731,0.00845,1.0000,0.0000,0.0000,True,True
5.8219,-0.0163,0.8000,-0.0819,0.00899,1.0000,0.0000,0.0000,True,True
5.8303,-0.0182,0.8000,-0.0912,0.00950,1.0000,0.0000,0.0000,True,True
5.8386,-0.0201,0.8000,-0.1010,0.01001,1.0000,0.0000,0.0000,True,True
5.8471,-0.0222,0.8000,-0.1113,0.01053,1.0000,0.0000,0.0000,True,True
5.8553,-0.0244,0.8000,-0.1222,0.01107,1.0000,0.0000,0.0000,True,True
5.8639,-0.0266,0.8000,-0.1335,0.01157,1.0000,0.0000,0.0000,True,True
5.8720,-0.0290,0.8000,-0.1454,0.01210,1.0000,0.0000,0.0000,True,True
5.8806,-0.0315,0.8000,-0.1578,0.01265,1.0000,0.0000,0.0000,True,True
5.8888,-0.0340,0.8000,-0.1707,0.01317,1.0000,0.0000,0.0000,True,True
5.8970,-0.0367,0.8000,-0.1842,0.01371,1.0000,0.0000,0.0000,True,True
5.9054,-0.0395,0.8000,-0.1981,0.01418,1.0000,0.0000,0.0000,True,True
5.9136,-0.0424,0.8000,-0.2125,0.01470,1.0000,0.0000,0.0000,True,True
5.9223,-0.0454,0.8000,-0.2274,0.01522,1.0000,0.0000,0.0000,True,True
5.9304,-0.0484,0.8000,-0.2429,0.01575,1.0000,0.0000,0.0000,True,True
5.9388,-0.0516,0.8000,-0.2588,0.01627,1.0000,0.0000,0.0000,True,True
5.9471,-0.0549,0.8000,-0.2753,0.01679,1.0000,0.0000,0.0000,True,True
5.9556,-0.0583,0.8000,-0.2925,0.01752,1.0000,0.0000,0.0000,True,True
5.9641,-0.0619,0.8000,-0.3102,0.01808,1.0000,0.0000,0.0000,True,True
5.9729,-0.0655,0.8000,-0.3287,0.01883,1.0000,0.0000,0.0000,True,True
5.9808,-0.0692,0.8000,-0.3472,0.01890,1.0000,0.0000,0.0000,True,True
5.9891,-0.0730,0.8000,-0.3662,0.01942,1.0000,0.0000,0.0000,True,True
5.9974,-0.0769,0.8000,-0.3858,0.01994,1.0000,0.0000,0.0000,True,True
6.0059,-0.0810,0.8000,-0.4061,0.02067,1.0000,0.0000,0.0000,True,True
6.0142,-0.0851,0.8000,-0.4268,0.02109,1.0000,0.0000,0.0000,True,True
6.0225,-0.0893,0.8000,-0.4478,0.02151,1.0000,0.0000,0.0000,True,True
6.0308,-0.0936,0.8000,-0.4694,0.02203,1.0000,0.0000,0.0000,True,True
6.0392,-0.0980,0.8000,-0.4916,0.02255,1.0000,0.0000,0.0000,True,True
6.0475,-0.1025,0.8000,-0.5142,0.02307,1.0000,0.0000,0.0000,True,True
6.0559,-0.1072,0.8000,-0.5373,0.02359,1.0000,0.0000,0.0000,True,True
6.0642,-0.1119,0.8000,-0.5610,0.02411,1.0000,0.0000,0.0000,True,True
6.0725,-0.1167,0.8000,-0.5851,0.02464,1.0000,0.0000,0.0000,True,True
6.0810,-0.1216,0.8000,-0.6098,0.02516,1.0000,0.0000,0.0000,True,True
6.0895,-0.1266,0.8000,-0.6351,0.02575,1.0000,0.0000,0.0000,True,True
6.0975,-0.1318,0.8000,-0.6608,0.02620,1.0000,0.0000,0.0000,True,True
6.1059,-0.1370,0.8000,-0.6870,0.02672,1.0000,0.0000,0.0000,True,True
6.1143,-0.1423,0.8000,-0.7137,0.02727,1.0000,0.0000,0.0000,True,True
6.1230,-0.1479,0.8000,-0.7416,0.02841,1.0000,0.0000,0.0000,True,True
6.1310,-0.1534,0.8000,-0.7693,0.02830,1.0000,0.0000,0.0000,True,True
6.1395,-0.1591,0.8000,-0.7976,0.02882,1.0000,0.0000,0.0000,True,True
6.1478,-0.1648,0.8000,-0.8263,0.02934,1.0000,0.0000,0.0000,True,True
6.1562,-0.1706,0.8000,-0.8556,0.02986,1.0000,0.0000,0.0000,True,True
6.1644,-0.1766,0.8000,-0.8854,0.03037,1.0000,0.0000,0.0000,True,True
6.1729,-0.1826,0.8000,-0.9158,0.03103,1.0000,0.0000,0.0000,True,True
6.1820,-0.1893,0.8000,-0.9495,0.03430,1.0000,0.0000,0.0000,True,True
6.1902,-0.1956,0.8000,-0.9809,0.03198,1.0000,0.0000,0.0000,True,True
6.1985,-0.2020,0.8000,-1.0127,0.03251,1.0000,0.0000,0.0000,True,True
6.2068,-0.2084,0.8000,-1.0451,0.03303,1.0000,0.0000,0.0000,True,True
6.2152,-0.2150,0.8000,-1.0780,0.03356,1.0000,0.0000,0.0000,True,True
6.2235,-0.2216,0.8000,-1.1115,0.03407,1.0000,0.0000,0.0000,True,True
6.2318,-0.2284,0.8000,-1.1454,0.03459,1.0000,0.0000,0.0000,True,True
6.2402,-0.2353,0.8000,-1.1798,0.03512,1.0000,0.0000,0.0000,True,True
6.2485,-0.2422,0.8000,-1.2148,0.03563,1.0000,0.0000,0.0000,True,True
6.2568,-0.2493,0.8000,-1.2502,0.03617,1.0000,0.0000,0.0000,True,True
6.2652,-0.2565,0.8000,-1.2862,0.03668,1.0000,0.0000,0.0000,True,True
6.2735,-0.2638,0.8000,-1.3227,0.03720,1.0000,0.0000,0.0000,True,True
6.2818,-0.2711,0.8000,-1.3597,0.03772,1.0000,0.0000,0.0000,True,True
6.2902,-0.2786,0.8000,-1.3972,0.03823,1.0000,0.0000,0.0000,True,True
6.2985,-0.2862,0.8000,-1.4352,0.03878,1.0000,0.0000,0.0000,True,True
6.3069,-0.2939,0.8000,-1.4737,0.03930,1.0000,0.0000,0.0000,True,True
6.3152,-0.3017,0.8000,-1.5128,0.03980,1.0000,0.0000,0.0000,True,True
6.3236,-0.3096,0.8000,-1.5523,0.04032,1.0000,0.0000,0.0000,True,True
6.3318,-0.3175,0.8000,-1.5923,0.04084,1.0000,0.0000,0.0000,True,True
6.3402,-0.3256,0.8000,-1.6329,0.04136,1.0000,0.0000,0.0000,True,True
6.3490,-0.3338,0.8000,-1.6741,0.04202,1.0000,0.0000,0.0000,True,True
6.3569,-0.3421,0.8000,-1.7157,0.04238,1.0000,0.0000,0.0000,True,True
6.3652,-0.3505,0.8000,-1.7578,0.04294,1.0000,0.0000,0.0000,True,True
6.3735,-0.3590,0.8000,-1.8004,0.04345,1.0000,0.0000,0.0000,True,True
6.3819,-0.3676,0.8000,-1.8435,0.04396,1.0000,0.0000,0.0000,True,True
6.3902,-0.3763,0.8000,-1.8871,0.04448,1.0000,0.0000,0.0000,True,True
6.3986,-0.3851,0.8000,-1.9313,0.04501,1.0000,0.0000,0.0000,True,True
6.4069,-0.3939,0.8000,-1.9754,0.04501,1.0000,0.0000,0.0000,True,True
6.4152,-0.4027,0.8000,-2.0195,0.04499,1.0000,0.0000,0.0000,True,True
6.4235,-0.4115,0.8000,-2.0637,0.04501,1.0000,0.0000,0.0000,True,True
6.4319,-0.4203,0.8000,-2.1078,0.04500,1.0000,0.0000,0.0000,True,True
6.4402,-0.4291,0.8000,-2.1519,0.04500,1.0000,0.0000,0.0000,True,True
6.4485,-0.4379,0.8000,-2.1961,0.04501,1.0000,0.0000,0.0000,True,True
6.4569,-0.4467,0.8000,-2.2402,0.04500,1.0000,0.0000,0.0000,True,True
6.4652,-0.4555,0.8000,-2.2843,0.04499,1.0000,0.0000,0.0000,True,True
6.4735,-0.4643,0.8000,-2.3285,0.04501,1.0000,0.0000,0.0000,True,True
6.4819,-0.4731,0.8000,-2.3726,0.04500,1.0000,0.0000,0.0000,True,True
6.4902,-0.4819,0.8000,-2.4167,0.04500,1.0000,0.0000,0.0000,True,True
6.4985,-0.4907,0.8000,-2.4609,0.04501,1.0000,0.0000,0.0000,True,True
6.5069,-0.4995,0.8000,-2.5050,0.04500,1.0000,0.0000,0.0000,True,True
6.5152,-0.5083,0.8000,-2.5492,0.04501,1.0000,0.0000,0.0000,True,True
6.5236,-0.5171,0.8000,-2.5933,0.04499,1.0000,0.0000,0.0000,True,True
6.5319,-0.5259,0.8000,-2.6374,0.04501,1.0000,0.0000,0.0000,True,True
6.5402,-0.5347,0.8000,-2.6815,0.04501,1.0000,0.0000,0.0000,True,True
6.5486,-0.5435,0.8000,-2.7257,0.04500,1.0000,0.0000,0.0000,True,True
6.5569,-0.5523,0.8000,-2.7698,0.04500,1.0000,0.0000,0.0000,True,True
6.5654,-0.5611,0.8000,-2.8140,0.04501,1.0000,0.0000,0.0000,True,True
6.5740,-0.5704,0.8000,-2.8602,0.04711,1.0000,0.0000,0.0000,True,True
6.5822,-0.5791,0.8000,-2.9040,0.04474,1.0000,0.0000,0.0000,True,True
6.5905,-0.5879,0.8000,-2.9482,0.04500,1.0000,0.0000,0.0000,True,True
6.5989,-0.5967,0.8000,-2.9923,0.04501,1.0000,0.0000,0.0000,True,True
6.6072,-0.6055,0.8000,-3.0364,0.04500,1.0000,0.0000,0.0000,True,True
6.6155,-0.6143,0.8000,-3.0806,0.04501,1.0000,0.0000,0.0000,True,True
6.6241,-0.6232,0.8000,-3.1249,0.04523,1.0000,0.0000,0.0000,True,True
6.6322,-0.6319,0.8000,-3.1685,0.04443,1.0000,0.0000,0.0000,True,True
6.6406,-0.6405,0.8000,-3.2118,0.04411,1.0000,0.0000,0.0000,True,True
6.6490,-0.6490,0.8000,-3.2545,0.04361,1.0000,0.0000,0.0000,True,True
6.6575,-0.6576,0.8000,-3.2974,0.04373,1.0000,0.0000,0.0000,True,True
6.6657,-0.6659,0.8000,-3.3392,0.04256,1.0000,0.0000,0.0000,True,True
6.6741,-0.6741,0.8000,-3.3804,0.04203,1.0000,0.0000,0.0000,True,True
6.6824,-0.6822,0.8000,-3.4211,0.04152,1.0000,0.0000,0.0000,True,True
6.6907,-0.6902,0.8000,-3.4613,0.04099,1.0000,0.0000,0.0000,True,True
6.6990,-0.6981,0.8000,-3.5010,0.04046,1.0000,0.0000,0.0000,True,True
6.7074,-0.7060,0.8000,-3.5401,0.03995,1.0000,0.0000,0.0000,True,True
6.7157,-0.7137,0.8000,-3.5788,0.03945,1.0000,0.0000,0.0000,True,True
6.7240,-0.7213,0.8000,-3.6170,0.03890,1.0000,0.0000,0.0000,True,True
6.7324,-0.7288,0.8000,-3.6546,0.03839,1.0000,0.0000,0.0000,True,True
6.7407,-0.7362,0.8000,-3.6918,0.03786,1.0000,0.0000,0.0000,True,True
6.7490,-0.7435,0.8000,-3.7284,0.03735,1.0000,0.0000,0.0000,True,True
6.7573,-0.7507,0.8000,-3.7645,0.03682,1.0000,0.0000,0.0000,True,True
6.7657,-0.7578,0.8000,-3.8001,0.03631,1.0000,0.0000,0.0000,True,True
6.7740,-0.7648,0.8000,-3.8352,0.03579,1.0000,0.0000,0.0000,True,True
6.7824,-0.7717,0.8000,-3.8698,0.03526,1.0000,0.0000,0.0000,True,True
6.7907,-0.7785,0.8000,-3.9038,0.03474,1.0000,0.0000,0.0000,True,True
6.7990,-0.7852,0.8000,-3.9374,0.03423,1.0000,0.0000,0.0000,True,True
6.8074,-0.7918,0.8000,-3.9705,0.03370,1.0000,0.0000,0.0000,True,True
6.8161,-0.7985,0.8000,-4.0041,0.03429,1.0000,0.0000,0.0000,True,True
6.8254,-0.8057,0.8000,-4.0401,0.03669,1.0000,0.0000,0.0000,True,True
6.8352,-0.8127,0.8000,-4.0754,0.03599,1.0000,0.0000,0.0000,True,True
6.8528,-0.8259,0.8000,-4.1414,0.06731,1.0000,0.0000,0.0000,True,True
6.8735,-0.8406,0.8000,-4.2151,0.07518,1.0000,0.0000,0.0000,True,True
6.8818,-0.8464,0.8000,-4.2443,0.02977,1.0000,0.0000,0.0000,True,True
6.8910,-0.8528,0.8000,-4.2763,0.03261,1.0000,0.0000,0.0000,True,True
6.8995,-0.8584,0.8000,-4.3044,0.02865,1.0000,0.0000,0.0000,True,True
6.9112,-0.8660,0.8000,-4.3424,0.03882,1.0000,0.0000,0.0000,True,True
6.9197,-0.8714,0.8000,-4.3699,0.02801,1.0000,0.0000,0.0000,True,True
6.9279,-0.8767,0.8000,-4.3962,0.02684,1.0000,0.0000,0.0000,True,True
6.9362,-0.8818,0.8000,-4.4220,0.02632,1.0000,0.0000,0.0000,True,True
6.9447,-0.8869,0.8000,-4.4473,0.02580,1.0000,0.0000,0.0000,True,True
6.9530,-0.8918,0.8000,-4.4721,0.02528,1.0000,0.0000,0.0000,True,True
6.9612,-0.8967,0.8000,-4.4964,0.02478,1.0000,0.0000,0.0000,True,True
6.9701,-0.9016,0.8000,-4.5214,0.02542,1.0000,0.0000,0.0000,True,True
6.9784,-0.9063,0.8000,-4.5446,0.02370,1.0000,0.0000,0.0000,True,True
6.9874,-0.9110,0.8000,-4.5684,0.02423,1.0000,0.0000,0.0000,True,True
6.9952,-0.9153,0.8000,-4.5901,0.02212,1.0000,0.0000,0.0000,True,True
7.0035,-0.9197,0.8000,-4.6117,0.02212,1.0000,0.0000,0.0000,True,True
7.0119,-0.9239,0.8000,-4.6329,0.02159,1.0000,0.0000,0.0000,True,True
7.0203,-0.9280,0.8000,-4.6536,0.02110,1.0000,0.0000,0.0000,True,True
7.0284,-0.9320,0.8000,-4.6737,0.02053,1.0000,0.0000,0.0000,True,True
7.0369,-0.9359,0.8000,-4.6934,0.02004,1.0000,0.0000,0.0000,True,True
7.0451,-0.9398,0.8000,-4.7125,0.01951,1.0000,0.0000,0.0000,True,True
7.0535,-0.9435,0.8000,-4.7312,0.01899,1.0000,0.0000,0.0000,True,True
7.0618,-0.9471,0.8000,-4.7493,0.01846,1.0000,0.0000,0.0000,True,True
7.0701,-0.9506,0.8000,-4.7669,0.01795,1.0000,0.0000,0.0000,True,True
7.0807,-0.9540,0.8000,-4.7840,0.01743,1.0000,0.0000,0.0000,True,True
7.0871,-0.9573,0.8000,-4.8005,0.01691,1.0000,0.0000,0.0000,True,True
7.0951,-0.9605,0.8000,-4.8166,0.01638,1.0000,0.0000,0.0000,True,True
7.1035,-0.9636,0.8000,-4.8322,0.01586,1.0000,0.0000,0.0000,True,True
7.1119,-0.9666,0.8000,-4.8472,0.01534,1.0000,0.0000,0.0000,True,True
7.1202,-0.9695,0.8000,-4.8617,0.01482,1.0000,0.0000,0.0000,True,True
7.1285,-0.9723,0.8000,-4.8758,0.01430,1.0000,0.0000,0.0000,True,True
7.1368,-0.9750,0.8000,-4.8893,0.01379,1.0000,0.0000,0.0000,True,True
7.1455,-0.9776,0.8000,-4.9025,0.01349,1.0000,0.0000,0.0000,True,True
7.1537,-0.9801,0.8000,-4.9150,0.01273,1.0000,0.0000,0.0000,True,True
7.1620,-0.9825,0.8000,-4.9270,0.01220,1.0000,0.0000,0.0000,True,True
7.1703,-0.9848,0.8000,-4.9384,0.01169,1.0000,0.0000,0.0000,True,True
7.1786,-0.9870,0.8000,-4.9494,0.01117,1.0000,0.0000,0.0000,True,True
7.1869,-0.9891,0.8000,-4.9598,0.01064,1.0000,0.0000,0.0000,True,True
7.1954,-0.9910,0.8000,-4.9697,0.01012,1.0000,0.0000,0.0000,True,True
7.2038,-0.9929,0.8000,-4.9792,0.00960,1.0000,0.0000,0.0000,True,True
7.2119,-0.9929,0.8000,-4.9792,0.00000,1.0000,0.0000,0.0000,True,True
7.2203,-0.9932,0.8000,-4.9796,0.00053,1.0000,0.0000,0.0000,True,True
7.2287,-0.9936,0.8000,-4.9806,0.00105,1.0000,0.0000,0.0000,True,True
7.2406,-0.9948,0.8000,-4.9828,0.00254,1.0000,0.0000,0.0000,True,True
7.2502,-0.9961,0.8000,-4.9853,0.00277,1.0000,0.0000,0.0000,True,True
7.2687,-0.9997,0.8000,-4.9923,0.00788,1.0000,0.0000,0.0000,True,True
7.2709,-1.0001,0.8000,-4.9931,0.00089,1.0000,0.0000,0.0000,True,True
7.2850,-1.0036,0.8000,-4.9999,0.00764,1.0000,0.0000,0.0000,True,True
7.2900,-1.0050,0.8000,-5.0026,0.00310,1.0000,0.0000,0.0000,True,True
7.2985,-1.0074,0.8000,-5.0075,0.00540,1.0000,0.0000,0.0000,True,True
7.3067,-1.0101,0.8000,-5.0127,0.00592,1.0000,0.0000,0.0000,True,True
7.3150,-1.0131,0.8000,-5.0185,0.00644,1.0000,0.0000,0.0000,True,True
7.3234,-1.0163,0.8000,-5.0247,0.00696,1.0000,0.0000,0.0000,True,True
7.3317,-1.0197,0.8000,-5.0313,0.00749,1.0000,0.0000,0.0000,True,True
7.3400,-1.0233,0.8000,-5.0384,0.00800,1.0000,0.0000,0.0000,True,True
7.3484,-1.0272,0.8000,-5.0460,0.00854,1.0000,0.0000,0.0000,True,True
7.3573,-1.0314,0.8000,-5.0541,0.00904,1.0000,0.0000,0.0000,True,True
7.3650,-1.0357,0.8000,-5.0626,0.00956,1.0000,0.0000,0.0000,True,True
7.3734,-1.0403,0.8000,-5.0716,0.01009,1.0000,0.0000,0.0000,True,True
7.3819,-1.0453,0.8000,-5.0812,0.01082,1.0000,0.0000,0.0000,True,True
7.3903,-1.0503,0.8000,-5.0911,0.01114,1.0000,0.0000,0.0000,True,True
7.3995,-1.0563,0.8000,-5.1026,0.01296,1.0000,0.0000,0.0000,True,True
7.4077,-1.0619,0.8000,-5.1135,0.01224,1.0000,0.0000,0.0000,True,True
7.4161,-1.0677,0.8000,-5.1249,0.01276,1.0000,0.0000,0.0000,True,True
7.4244,-1.0737,0.8000,-5.1367,0.01328,1.0000,0.0000,0.0000,True,True
7.4327,-1.0800,0.8000,-5.1490,0.01380,1.0000,0.0000,0.0000,True,True
7.4417,-1.0866,0.8000,-5.1617,0.01433,1.0000,0.0000,0.0000,True,True
7.4495,-1.0933,0.8000,-5.1749,0.01483,1.0000,0.0000,0.0000,True,True
7.4578,-1.1004,0.8000,-5.1886,0.01536,1.0000,0.0000,0.0000,True,True
7.4661,-1.1076,0.8000,-5.2027,0.01588,1.0000,0.0000,0.0000,True,True
7.4744,-1.1151,0.8000,-5.2173,0.01640,1.0000,0.0000,0.0000,True,True
7.4827,-1.1228,0.8000,-5.2324,0.01693,1.0000,0.0000,0.0000,True,True
7.4911,-1.1308,0.8000,-5.2479,0.01744,1.0000,0.0000,0.0000,True,True
7.4994,-1.1390,0.8000,-5.2639,0.01796,1.0000,0.0000,0.0000,True,True
7.5077,-1.1474,0.8000,-5.2803,0.01849,1.0000,0.0000,0.0000,True,True
7.5160,-1.1561,0.8000,-5.2972,0.01901,1.0000,0.0000,0.0000,True,True
7.5244,-1.1650,0.8000,-5.3146,0.01954,1.0000,0.0000,0.0000,True,True
7.5327,-1.1742,0.8000,-5.3325,0.02005,1.0000,0.0000,0.0000,True,True
7.5411,-1.1836,0.8000,-5.3508,0.02057,1.0000,0.0000,0.0000,True,True
7.5494,-1.1932,0.8000,-5.3695,0.02110,1.0000,0.0000,0.0000,True,True
7.5577,-1.2030,0.8000,-5.3888,0.02161,1.0000,0.0000,0.0000,True,True
7.5660,-1.2131,0.8000,-5.4085,0.02213,1.0000,0.0000,0.0000,True,True
7.5744,-1.2235,0.8000,-5.4286,0.02266,1.0000,0.0000,0.0000,True,True
7.5827,-1.2341,0.8000,-5.4492,0.02318,1.0000,0.0000,0.0000,True,True
7.5911,-1.2449,0.8000,-5.4703,0.02370,1.0000,0.0000,0.0000,True,True
7.5994,-1.2560,0.8000,-5.4919,0.02428,1.0000,0.0000,0.0000,True,True
7.6078,-1.2673,0.8000,-5.5140,0.02475,1.0000,0.0000,0.0000,True,True
7.6161,-1.2788,0.8000,-5.5364,0.02526,1.0000,0.0000,0.0000,True,True
7.6244,-1.2906,0.8000,-5.5594,0.02579,1.0000,0.0000,0.0000,True,True
7.6328,-1.3026,0.8000,-5.5828,0.02630,1.0000,0.0000,0.0000,True,True
7.6414,-1.3148,0.8000,-5.6066,0.02683,1.0000,0.0000,0.0000,True,True
7.6494,-1.3273,0.8000,-5.6310,0.02733,1.0000,0.0000,0.0000,True,True
7.6578,-1.3400,0.8000,-5.6558,0.02787,1.0000,0.0000,0.0000,True,True
7.6661,-1.3530,0.8000,-5.6810,0.02839,1.0000,0.0000,0.0000,True,True
7.6744,-1.3662,0.8000,-5.7067,0.02890,1.0000,0.0000,0.0000,True,True
7.6828,-1.3796,0.8000,-5.7329,0.02943,1.0000,0.0000,0.0000,True,True
7.6911,-1.3933,0.8000,-5.7596,0.02995,1.0000,0.0000,0.0000,True,True
7.6994,-1.4072,0.8000,-5.7867,0.03046,1.0000,0.0000,0.0000,True,True
7.7078,-1.4213,0.8000,-5.8143,0.03100,1.0000,0.0000,0.0000,True,True
7.7161,-1.4357,0.8000,-5.8423,0.03150,1.0000,0.0000,0.0000,True,True
7.7244,-1.4503,0.8000,-5.8708,0.03203,1.0000,0.0000,0.0000,True,True
7.7328,-1.4652,0.8000,-5.8998,0.03256,1.0000,0.0000,0.0000,True,True
7.7411,-1.4803,0.8000,-5.9292,0.03307,1.0000,0.0000,0.0000,True,True
7.7494,-1.4956,0.8000,-5.9591,0.03360,1.0000,0.0000,0.0000,True,True
7.7577,-1.5112,0.8000,-5.9894,0.03411,1.0000,0.0000,0.0000,True,True
7.7661,-1.5270,0.8000,-6.0203,0.03464,1.0000,0.0000,0.0000,True,True
7.7744,-1.5430,0.8000,-6.0515,0.03515,1.0000,0.0000,0.0000,True,True
7.7829,-1.5595,0.8000,-6.0837,0.03615,1.0000,0.0000,0.0000,True,True
7.7912,-1.5761,0.8000,-6.1159,0.03622,1.0000,0.0000,0.0000,True,True
7.7995,-1.5928,0.8000,-6.1486,0.03671,1.0000,0.0000,0.0000,True,True
7.8129,-1.6202,0.8000,-6.2020,0.06002,1.0000,0.0000,0.0000,True,True
7.8320,-1.6535,0.8000,-6.2668,0.07284,1.0000,0.0000,0.0000,True,True
7.8396,-1.6761,0.8000,-6.3110,0.04968,1.0000,0.0000,0.0000,True,True
7.8479,-1.6950,0.8000,-6.3478,0.04138,1.0000,0.0000,0.0000,True,True
7.8560,-1.7127,0.8000,-6.3823,0.03874,1.0000,0.0000,0.0000,True,True
7.8642,-1.7315,0.8000,-6.4189,0.04110,1.0000,0.0000,0.0000,True,True
7.8725,-1.7502,0.8000,-6.4553,0.04096,1.0000,0.0000,0.0000,True,True
7.8809,-1.7692,0.8000,-6.4925,0.04181,1.0000,0.0000,0.0000,True,True
7.8892,-1.7886,0.8000,-6.5302,0.04233,1.0000,0.0000,0.0000,True,True
7.8975,-1.8081,0.8000,-6.5683,0.04285,1.0000,0.0000,0.0000,True,True
7.9059,-1.8279,0.8000,-6.6069,0.04338,1.0000,0.0000,0.0000,True,True
7.9142,-1.8480,0.8000,-6.6460,0.04390,1.0000,0.0000,0.0000,True,True
7.9226,-1.8682,0.8000,-6.6855,0.04442,1.0000,0.0000,0.0000,True,True
7.9309,-1.8887,0.8000,-6.7255,0.04494,1.0000,0.0000,0.0000,True,True
7.9392,-1.9093,0.8000,-6.7655,0.04500,1.0000,0.0000,0.0000,True,True
7.9475,-1.9298,0.8000,-6.8056,0.04501,1.0000,0.0000,0.0000,True,True
7.9559,-1.9504,0.8000,-6.8456,0.04498,1.0000,0.0000,0.0000,True,True
7.9642,-1.9709,0.8000,-6.8856,0.04501,1.0000,0.0000,0.0000,True,True
7.9725,-1.9914,0.8000,-6.9257,0.04500,1.0000,0.0000,0.0000,True,True
7.9809,-2.0120,0.8000,-6.9657,0.04500,1.0000,0.0000,0.0000,True,True
7.9892,-2.0325,0.8000,-7.0057,0.04500,1.0000,0.0000,0.0000,True,True
7.9975,-2.0531,0.8000,-7.0458,0.04499,1.0000,0.0000,0.0000,True,True
8.0059,-2.0736,0.8000,-7.0859,0.04510,1.0000,0.0000,0.0000,True,True
8.0143,-2.0941,0.8000,-7.1259,0.04491,1.0000,0.0000,0.0000,True,True
8.0225,-2.1147,0.8000,-7.1659,0.04501,1.0000,0.0000,0.0000,True,True
8.0308,-2.1352,0.8000,-7.2060,0.04500,1.0000,0.0000,0.0000,True,True
8.0392,-2.1558,0.8000,-7.2460,0.04500,1.0000,0.0000,0.0000,True,True
8.0475,-2.1763,0.8000,-7.2860,0.04500,1.0000,0.0000,0.0000,True,True
8.0559,-2.1968,0.8000,-7.3261,0.04500,1.0000,0.0000,0.0000,True,True
8.0642,-2.2174,0.8000,-7.3661,0.04499,1.0000,0.0000,0.0000,True,True
8.0726,-2.2380,0.8000,-7.4064,0.04526,1.0000,0.0000,0.0000,True,True
8.0809,-2.2586,0.8000,-7.4464,0.04501,1.0000,0.0000,0.0000,True,True
8.0893,-2.2792,0.8000,-7.4866,0.04512,1.0000,0.0000,0.0000,True,True
8.0977,-2.2997,0.8000,-7.5266,0.04501,1.0000,0.0000,0.0000,True,True
8.1060,-2.3203,0.8000,-7.5667,0.04499,1.0000,0.0000,0.0000,True,True
8.1142,-2.3408,0.8000,-7.6067,0.04499,1.0000,0.0000,0.0000,True,True
8.1226,-2.3613,0.8000,-7.6467,0.04500,1.0000,0.0000,0.0000,True,True
8.1312,-2.3825,0.8000,-7.6880,0.04634,1.0000,0.0000,0.0000,True,True
8.1395,-2.4030,0.8000,-7.7279,0.04493,1.0000,0.0000,0.0000,True,True
8.1479,-2.4235,0.8000,-7.7680,0.04500,1.0000,0.0000,0.0000,True,True
8.1561,-2.4441,0.8000,-7.8080,0.04499,1.0000,0.0000,0.0000,True,True
8.1645,-2.4646,0.8000,-7.8481,0.04501,1.0000,0.0000,0.0000,True,True
8.1728,-2.4851,0.8000,-7.8881,0.04500,1.0000,0.0000,0.0000,True,True
8.1812,-2.5057,0.8000,-7.9281,0.04500,1.0000,0.0000,0.0000,True,True
8.1895,-2.5262,0.8000,-7.9682,0.04501,1.0000,0.0000,0.0000,True,True
8.1978,-2.5468,0.8000,-8.0082,0.04500,1.0000,0.0000,0.0000,True,True
8.2062,-2.5673,0.8000,-8.0483,0.04500,1.0000,0.0000,0.0000,True,True
8.2145,-2.5878,0.8000,-8.0883,0.04499,1.0000,0.0000,0.0000,True,True
8.2228,-2.6084,0.8000,-8.1283,0.04501,1.0000,0.0000,0.0000,True,True
8.2311,-2.6289,0.8000,-8.1684,0.04499,1.0000,0.0000,0.0000,True,True
8.2395,-2.6495,0.8000,-8.2084,0.04501,1.0000,0.0000,0.0000,True,True
8.2478,-2.6700,0.8000,-8.2485,0.04500,1.0000,0.0000,0.0000,True,True
8.2562,-2.6906,0.8000,-8.2885,0.04501,1.0000,0.0000,0.0000,True,True
8.2645,-2.7110,0.8000,-8.3284,0.04480,1.0000,0.0000,0.0000,True,True
8.2728,-2.7312,0.8000,-8.3678,0.04428,1.0000,0.0000,0.0000,True,True
8.2813,-2.7512,0.8000,-8.4067,0.04377,1.0000,0.0000,0.0000,True,True
8.2895,-2.7709,0.8000,-8.4452,0.04324,1.0000,0.0000,0.0000,True,True
8.2978,-2.7904,0.8000,-8.4832,0.04272,1.0000,0.0000,0.0000,True,True
8.3062,-2.8097,0.8000,-8.5207,0.04220,1.0000,0.0000,0.0000,True,True
8.3145,-2.8287,0.8000,-8.5578,0.04167,1.0000,0.0000,0.0000,True,True
8.3229,-2.8475,0.8000,-8.5944,0.04116,1.0000,0.0000,0.0000,True,True
8.3312,-2.8660,0.8000,-8.6306,0.04064,1.0000,0.0000,0.0000,True,True
8.3395,-2.8843,0.8000,-8.6663,0.04011,1.0000,0.0000,0.0000,True,True
8.3479,-2.9024,0.8000,-8.7015,0.03960,1.0000,0.0000,0.0000,True,True
8.3563,-2.9202,0.8000,-8.7363,0.03906,1.0000,0.0000,0.0000,True,True
8.3645,-2.9378,0.8000,-8.7706,0.03856,1.0000,0.0000,0.0000,True,True
8.3729,-2.9552,0.8000,-8.8044,0.03802,1.0000,0.0000,0.0000,True,True
8.3813,-2.9723,0.8000,-8.8378,0.03753,1.0000,0.0000,0.0000,True,True
8.3896,-2.9892,0.8000,-8.8708,0.03705,1.0000,0.0000,0.0000,True,True
8.3979,-3.0059,0.8000,-8.9032,0.03644,1.0000,0.0000,0.0000,True,True
8.4062,-3.0223,0.8000,-8.9352,0.03594,1.0000,0.0000,0.0000,True,True
8.4147,-3.0387,0.8000,-8.9673,0.03605,1.0000,0.0000,0.0000,True,True
8.4230,-3.0547,0.8000,-8.9983,0.03491,1.0000,0.0000,0.0000,True,True
8.4313,-3.0704,0.8000,-9.0289,0.03437,1.0000,0.0000,0.0000,True,True
8.4399,-3.0858,0.8000,-9.0590,0.03386,1.0000,0.0000,0.0000,True,True
8.4480,-3.1010,0.8000,-9.0887,0.03333,1.0000,0.0000,0.0000,True,True
8.4563,-3.1160,0.8000,-9.1179,0.03281,1.0000,0.0000,0.0000,True,True
8.4647,-3.1307,0.8000,-9.1466,0.03229,1.0000,0.0000,0.0000,True,True
8.4730,-3.1452,0.8000,-9.1749,0.03177,1.0000,0.0000,0.0000,True,True
8.4814,-3.1595,0.8000,-9.2027,0.03125,1.0000,0.0000,0.0000,True,True
8.4897,-3.1735,0.8000,-9.2300,0.03073,1.0000,0.0000,0.0000,True,True
8.4980,-3.1873,0.8000,-9.2569,0.03021,1.0000,0.0000,0.0000,True,True
8.5063,-3.2009,0.8000,-9.2833,0.02969,1.0000,0.0000,0.0000,True,True
8.5147,-3.2142,0.8000,-9.3093,0.02917,1.0000,0.0000,0.0000,True,True
8.5230,-3.2272,0.8000,-9.3348,0.02864,1.0000,0.0000,0.0000,True,True
8.5313,-3.2401,0.8000,-9.3598,0.02812,1.0000,0.0000,0.0000,True,True
8.5397,-3.2527,0.8000,-9.3843,0.02761,1.0000,0.0000,0.0000,True,True
8.5480,-3.2650,0.8000,-9.4084,0.02708,1.0000,0.0000,0.0000,True,True
8.5564,-3.2772,0.8000,-9.4321,0.02656,1.0000,0.0000,0.0000,True,True
8.5647,-3.2891,0.8000,-9.4552,0.02603,1.0000,0.0000,0.0000,True,True
8.5730,-3.3007,0.8000,-9.4779,0.02551,1.0000,0.0000,0.0000,True,True
8.5813,-3.3121,0.8000,-9.5002,0.02500,1.0000,0.0000,0.0000,True,True
8.5897,-3.3233,0.8000,-9.5220,0.02448,1.0000,0.0000,0.0000,True,True
8.5980,-3.3342,0.8000,-9.5433,0.02396,1.0000,0.0000,0.0000,True,True
8.6063,-3.3449,0.8000,-9.5641,0.02343,1.0000,0.0000,0.0000,True,True
8.6147,-3.3554,0.8000,-9.5845,0.02291,1.0000,0.0000,0.0000,True,True
8.6230,-3.3656,0.8000,-9.6044,0.02239,1.0000,0.0000,0.0000,True,True
8.6314,-3.3756,0.8000,-9.6239,0.02187,1.0000,0.0000,0.0000,True,True
8.6397,-3.3853,0.8000,-9.6429,0.02136,1.0000,0.0000,0.0000,True,True
8.6480,-3.3948,0.8000,-9.6614,0.02083,1.0000,0.0000,0.0000,True,True
8.6563,-3.4041,0.8000,-9.6795,0.02032,1.0000,0.0000,0.0000,True,True
8.6647,-3.4131,0.8000,-9.6971,0.01981,1.0000,0.0000,0.0000,True,True
8.6730,-3.4220,0.8000,-9.7143,0.01930,1.0000,0.0000,0.0000,True,True
8.6814,-3.4305,0.8000,-9.7310,0.01880,1.0000,0.0000,0.0000,True,True
8.6897,-3.4389,0.8000,-9.7473,0.01831,1.0000,0.0000,0.0000,True,True
8.6980,-3.4470,0.8000,-9.7632,0.01782,1.0000,0.0000,0.0000,True,True
8.7064,-3.4549,0.8000,-9.7786,0.01732,1.0000,0.0000,0.0000,True,True
8.7147,-3.4626,0.8000,-9.7936,0.01684,1.0000,0.0000,0.0000,True,True
8.7230,-3.4701,0.8000,-9.8081,0.01636,1.0000,0.0000,0.0000,True,True
8.7313,-3.4773,0.8000,-9.8223,0.01588,1.0000,0.0000,0.0000,True,True
8.7397,-3.4844,0.8000,-9.8360,0.01542,1.0000,0.0000,0.0000,True,True
8.7480,-3.4912,0.8000,-9.8493,0.01496,1.0000,0.0000,0.0000,True,True
8.7563,-3.4978,0.8000,-9.8622,0.01451,1.0000,0.0000,0.0000,True,True
8.7647,-3.5043,0.8000,-9.8747,0.01407,1.0000,0.0000,0.0000,True,True
8.7730,-3.5105,0.8000,-9.8869,0.01365,1.0000,0.0000,0.0000,True,True
8.7814,-3.5165,0.8000,-9.8987,0.01324,1.0000,0.0000,0.0000,True,True
8.7897,-3.5224,0.8000,-9.9101,0.01285,1.0000,0.0000,0.0000,True,True
8.7980,-3.5281,0.8000,-9.9212,0.01248,1.0000,0.0000,0.0000,True,True
8.8063,-3.5336,0.8000,-9.9320,0.01214,1.0000,0.0000,0.0000,True,True
8.8147,-3.5390,0.8000,-9.9425,0.01182,1.0000,0.0000,0.0000,True,True
8.8230,-3.5443,0.8000,-9.9528,0.01154,1.0000,0.0000,0.0000,True,True
8.8313,-3.5495,0.8000,-9.9629,0.01129,1.0000,0.0000,0.0000,True,True
8.8397,-3.5545,0.8000,-9.9727,0.01109,1.0000,0.0000,0.0000,True,True
8.8480,-3.5595,0.8000,-9.9824,0.01092,1.0000,0.0000,0.0000,True,True
8.8563,-3.5595,0.8000,-9.9824,0.00000,1.0000,0.0000,0.0000,True,True
8.8647,-3.5598,0.8000,-9.9829,0.00052,1.0000,0.0000,0.0000,True,True
8.8730,-3.5604,0.8000,-9.9837,0.00104,1.0000,0.0000,0.0000,True,True
8.8814,-3.5613,0.8000,-9.9850,0.00156,1.0000,0.0000,0.0000,True,True
8.8897,-3.5625,0.8000,-9.9867,0.00208,1.0000,0.0000,0.0000,True,True
8.8980,-3.5640,0.8000,-9.9888,0.00260,1.0000,0.0000,0.0000,True,True
8.9066,-3.5658,0.8000,-9.9914,0.00318,1.0000,0.0000,0.0000,True,True
8.9148,-3.5679,0.8000,-9.9944,0.00363,1.0000,0.0000,0.0000,True,True
8.9231,-3.5703,0.8000,-9.9978,0.00417,1.0000,0.0000,0.0000,True,True
8.9316,-3.5730,0.8000,-10.0017,0.00469,1.0000,0.0000,0.0000,True,True
8.9398,-3.5760,0.8000,-10.0059,0.00521,1.0000,0.0000,0.0000,True,True
8.9481,-3.5793,0.8000,-10.0106,0.00573,1.0000,0.0000,0.0000,True,True
8.9565,-3.5829,0.8000,-10.0157,0.00626,1.0000,0.0000,0.0000,True,True
8.9648,-3.5868,0.8000,-10.0213,0.00678,1.0000,0.0000,0.0000,True,True
8.9732,-3.5910,0.8000,-10.0273,0.00730,1.0000,0.0000,0.0000,True,True
8.9815,-3.5955,0.8000,-10.0337,0.00782,1.0000,0.0000,0.0000,True,True
8.9898,-3.6003,0.8000,-10.0405,0.00834,1.0000,0.0000,0.0000,True,True
8.9981,-3.6054,0.8000,-10.0477,0.00886,1.0000,0.0000,0.0000,True,True
9.0065,-3.6108,0.8000,-10.0554,0.00938,1.0000,0.0000,0.0000,True,True
9.0148,-3.6165,0.8000,-10.0635,0.00990,1.0000,0.0000,0.0000,True,True
9.0231,-3.6224,0.8000,-10.0720,0.01042,1.0000,0.0000,0.0000,True,True
9.0315,-3.6287,0.8000,-10.0810,0.01096,1.0000,0.0000,0.0000,True,True
9.0398,-3.6354,0.8000,-10.0904,0.01152,1.0000,0.0000,0.0000,True,True
9.0482,-3.6423,0.8000,-10.1003,0.01199,1.0000,0.0000,0.0000,True,True
9.0566,-3.6495,0.8000,-10.1105,0.01251,1.0000,0.0000,0.0000,True,True
9.0648,-3.6569,0.8000,-10.1211,0.01302,1.0000,0.0000,0.0000,True,True
9.0732,-3.6647,0.8000,-10.1322,0.01356,1.0000,0.0000,0.0000,True,True
9.0815,-3.6728,0.8000,-10.1438,0.01407,1.0000,0.0000,0.0000,True,True
9.0899,-3.6812,0.8000,-10.1557,0.01459,1.0000,0.0000,0.0000,True,True
9.0982,-3.6899,0.8000,-10.1681,0.01512,1.0000,0.0000,0.0000,True,True
9.1065,-3.6989,0.8000,-10.1809,0.01563,1.0000,0.0000,0.0000,True,True
9.1148,-3.7082,0.8000,-10.1941,0.01616,1.0000,0.0000,0.0000,True,True
9.1232,-3.7178,0.8000,-10.2077,0.01668,1.0000,0.0000,0.0000,True,True
9.1315,-3.7276,0.8000,-10.2218,0.01719,1.0000,0.0000,0.0000,True,True
9.1400,-3.7378,0.8000,-10.2363,0.01772,1.0000,0.0000,0.0000,True,True
9.1482,-3.7483,0.8000,-10.2512,0.01824,1.0000,0.0000,0.0000,True,True
9.1568,-3.7594,0.8000,-10.2670,0.01928,1.0000,0.0000,0.0000,True,True
9.1650,-3.7705,0.8000,-10.2827,0.01923,1.0000,0.0000,0.0000,True,True
9.1734,-3.7818,0.8000,-10.2989,0.01981,1.0000,0.0000,0.0000,True,True
9.1817,-3.7935,0.8000,-10.3156,0.02034,1.0000,0.0000,0.0000,True,True
9.1900,-3.8055,0.8000,-10.3326,0.02086,1.0000,0.0000,0.0000,True,True
9.1984,-3.8178,0.8000,-10.3501,0.02137,1.0000,0.0000,0.0000,True,True
9.2069,-3.8304,0.8000,-10.3681,0.02191,1.0000,0.0000,0.0000,True,True
9.2154,-3.8433,0.8000,-10.3864,0.02244,1.0000,0.0000,0.0000,True,True
9.2234,-3.8565,0.8000,-10.4052,0.02291,1.0000,0.0000,0.0000,True,True
9.2318,-3.8700,0.8000,-10.4244,0.02347,1.0000,0.0000,0.0000,True,True
9.2402,-3.8838,0.8000,-10.4440,0.02399,1.0000,0.0000,0.0000,True,True
9.2488,-3.8983,0.8000,-10.4648,0.02536,1.0000,0.0000,0.0000,True,True
9.2570,-3.9127,0.8000,-10.4852,0.02503,1.0000,0.0000,0.0000,True,True
9.2655,-3.9274,0.8000,-10.5062,0.02560,1.0000,0.0000,0.0000,True,True
9.2737,-3.9424,0.8000,-10.5275,0.02609,1.0000,0.0000,0.0000,True,True
9.2820,-3.9577,0.8000,-10.5493,0.02660,1.0000,0.0000,0.0000,True,True
9.2903,-3.9733,0.8000,-10.5715,0.02712,1.0000,0.0000,0.0000,True,True
9.2990,-3.9892,0.8000,-10.5942,0.02769,1.0000,0.0000,0.0000,True,True
9.3071,-4.0054,0.8000,-10.6172,0.02816,1.0000,0.0000,0.0000,True,True
9.3154,-4.0219,0.8000,-10.6407,0.02869,1.0000,0.0000,0.0000,True,True
9.3237,-4.0387,0.8000,-10.6646,0.02921,1.0000,0.0000,0.0000,True,True
9.3320,-4.0558,0.8000,-10.6889,0.02974,1.0000,0.0000,0.0000,True,True
9.3404,-4.0732,0.8000,-10.7137,0.03025,1.0000,0.0000,0.0000,True,True
9.3487,-4.0909,0.8000,-10.7388,0.03077,1.0000,0.0000,0.0000,True,True
9.3570,-4.1089,0.8000,-10.7644,0.03129,1.0000,0.0000,0.0000,True,True
9.3654,-4.1272,0.8000,-10.7905,0.03180,1.0000,0.0000,0.0000,True,True
9.3737,-4.1458,0.8000,-10.8169,0.03233,1.0000,0.0000,0.0000,True,True
9.3820,-4.1646,0.8000,-10.8438,0.03286,1.0000,0.0000,0.0000,True,True
9.3904,-4.1838,0.8000,-10.8711,0.03338,1.0000,0.0000,0.0000,True,True
9.3987,-4.2033,0.8000,-10.8989,0.03390,1.0000,0.0000,0.0000,True,True
9.4070,-4.2231,0.8000,-10.9270,0.03442,1.0000,0.0000,0.0000,True,True
9.4154,-4.2432,0.8000,-10.9556,0.03494,1.0000,0.0000,0.0000,True,True
9.4237,-4.2636,0.8000,-10.9846,0.03546,1.0000,0.0000,0.0000,True,True
9.4320,-4.2842,0.8000,-11.0141,0.03597,1.0000,0.0000,0.0000,True,True
9.4404,-4.3052,0.8000,-11.0439,0.03652,1.0000,0.0000,0.0000,True,True
9.4487,-4.3265,0.8000,-11.0742,0.03702,1.0000,0.0000,0.0000,True,True
9.4570,-4.3481,0.8000,-11.1049,0.03754,1.0000,0.0000,0.0000,True,True
9.4654,-4.3700,0.8000,-11.1361,0.03807,1.0000,0.0000,0.0000,True,True
9.4737,-4.3922,0.8000,-11.1677,0.03859,1.0000,0.0000,0.0000,True,True
9.4820,-4.4146,0.8000,-11.1997,0.03910,1.0000,0.0000,0.0000,True,True
9.4904,-4.4374,0.8000,-11.2321,0.03963,1.0000,0.0000,0.0000,True,True
9.4987,-4.4605,0.8000,-11.2649,0.04015,1.0000,0.0000,0.0000,True,True
9.5070,-4.4839,0.8000,-11.2982,0.04067,1.0000,0.0000,0.0000,True,True
9.5154,-4.5076,0.8000,-11.3319,0.04118,1.0000,0.0000,0.0000,True,True
9.5237,-4.5315,0.8000,-11.3660,0.04171,1.0000,0.0000,0.0000,True,True
9.5320,-4.5558,0.8000,-11.4006,0.04224,1.0000,0.0000,0.0000,True,True
9.5404,-4.5804,0.8000,-11.4356,0.04274,1.0000,0.0000,0.0000,True,True
9.5487,-4.6053,0.8000,-11.4710,0.04328,1.0000,0.0000,0.0000,True,True
9.5570,-4.6304,0.8000,-11.5068,0.04380,1.0000,0.0000,0.0000,True,True
9.5654,-4.6559,0.8000,-11.5431,0.04431,1.0000,0.0000,0.0000,True,True
9.5737,-4.6817,0.8000,-11.5798,0.04484,1.0000,0.0000,0.0000,True,True
9.5820,-4.7076,0.8000,-11.6166,0.04498,1.0000,0.0000,0.0000,True,True
9.5904,-4.7334,0.8000,-11.6534,0.04501,1.0000,0.0000,0.0000,True,True
9.5989,-4.7598,0.8000,-11.6910,0.04591,1.0000,0.0000,0.0000,True,True
9.6072,-4.7857,0.8000,-11.7278,0.04501,1.0000,0.0000,0.0000,True,True
9.6155,-4.8116,0.8000,-11.7646,0.04500,1.0000,0.0000,0.0000,True,True
9.6239,-4.8374,0.8000,-11.8015,0.04500,1.0000,0.0000,0.0000,True,True
9.6322,-4.8633,0.8000,-11.8383,0.04500,1.0000,0.0000,0.0000,True,True
9.6406,-4.8892,0.8000,-11.8751,0.04501,1.0000,0.0000,0.0000,True,True
9.6489,-4.9150,0.8000,-11.9119,0.04500,1.0000,0.0000,0.0000,True,True
9.6572,-4.9409,0.8000,-11.9488,0.04501,1.0000,0.0000,0.0000,True,True
9.6655,-4.9668,0.8000,-11.9856,0.04499,1.0000,0.0000,0.0000,True,True
9.6739,-4.9927,0.8000,-12.0224,0.04502,1.0000,0.0000,0.0000,True,True
9.6822,-5.0185,0.8000,-12.0592,0.04499,1.0000,0.0000,0.0000,True,True
9.6906,-5.0444,0.8000,-12.0961,0.04506,1.0000,0.0000,0.0000,True,True
9.6989,-5.0703,0.8000,-12.1329,0.04499,1.0000,0.0000,0.0000,True,True
9.7072,-5.0962,0.8000,-12.1697,0.04501,1.0000,0.0000,0.0000,True,True
9.7155,-5.1220,0.8000,-12.2065,0.04500,1.0000,0.0000,0.0000,True,True
9.7239,-5.1479,0.8000,-12.2434,0.04501,1.0000,0.0000,0.0000,True,True
9.7322,-5.1738,0.8000,-12.2802,0.04499,1.0000,0.0000,0.0000,True,True
9.7406,-5.1996,0.8000,-12.3170,0.04500,1.0000,0.0000,0.0000,True,True
9.7490,-5.2255,0.8000,-12.3538,0.04501,1.0000,0.0000,0.0000,True,True
9.7573,-5.2514,0.8000,-12.3907,0.04500,1.0000,0.0000,0.0000,True,True
9.7656,-5.2773,0.8000,-12.4275,0.04501,1.0000,0.0000,0.0000,True,True
9.7739,-5.3031,0.8000,-12.4643,0.04500,1.0000,0.0000,0.0000,True,True
9.7823,-5.3290,0.8000,-12.5011,0.04500,1.0000,0.0000,0.0000,True,True
9.7906,-5.3549,0.8000,-12.5380,0.04500,1.0000,0.0000,0.0000,True,True
9.7992,-5.3807,0.8000,-12.5748,0.04501,1.0000,0.0000,0.0000,True,True
9.8073,-5.4066,0.8000,-12.6116,0.04501,1.0000,0.0000,0.0000,True,True
9.8156,-5.4325,0.8000,-12.6484,0.04498,1.0000,0.0000,0.0000,True,True
9.8239,-5.4583,0.8000,-12.6852,0.04500,1.0000,0.0000,0.0000,True,True
9.8322,-5.4842,0.8000,-12.7221,0.04501,1.0000,0.0000,0.0000,True,True
9.8406,-5.5101,0.8000,-12.7589,0.04500,1.0000,0.0000,0.0000,True,True
9.8489,-5.5359,0.8000,-12.7957,0.04501,1.0000,0.0000,0.0000,True,True
9.8572,-5.5618,0.8000,-12.8325,0.04500,1.0000,0.0000,0.0000,True,True
9.8656,-5.5877,0.8000,-12.8694,0.04500,1.0000,0.0000,0.0000,True,True
9.8740,-5.6136,0.8000,-12.9062,0.04501,1.0000,0.0000,0.0000,True,True
9.8822,-5.6394,0.8000,-12.9430,0.04499,1.0000,0.0000,0.0000,True,True
9.8906,-5.6653,0.8000,-12.9799,0.04509,1.0000,0.0000,0.0000,True,True
9.8989,-5.6912,0.8000,-13.0167,0.04499,1.0000,0.0000,0.0000,True,True
9.9073,-5.7171,0.8000,-13.0535,0.04501,1.0000,0.0000,0.0000,True,True
9.9156,-5.7430,0.8000,-13.0904,0.04501,1.0000,0.0000,0.0000,True,True
9.9239,-5.7688,0.8000,-13.1272,0.04499,1.0000,0.0000,0.0000,True,True
9.9322,-5.7947,0.8000,-13.1640,0.04500,1.0000,0.0000,0.0000,True,True
9.9407,-5.8206,0.8000,-13.2008,0.04501,1.0000,0.0000,0.0000,True,True
9.9489,-5.8464,0.8000,-13.2377,0.04500,1.0000,0.0000,0.0000,True,True
9.9575,-5.8723,0.8000,-13.2745,0.04505,1.0000,0.0000,0.0000,True,True
9.9661,-5.8983,0.8000,-13.3116,0.04526,1.0000,0.0000,0.0000,True,True
9.9742,-5.9242,0.8000,-13.3484,0.04499,1.0000,0.0000,0.0000,True,True
9.9824,-5.9501,0.8000,-13.3852,0.04501,1.0000,0.0000,0.0000,True,True
9.9910,-5.9760,0.8000,-13.4220,0.04501,1.0000,0.0000,0.0000,True,True
9.9991,-6.0017,0.8000,-13.4587,0.04484,1.0000,0.0000,0.0000,True,True
10.0073,-6.0272,0.8000,-13.4950,0.04432,1.0000,0.0000,0.0000,True,True
10.0220,-6.0528,0.8000,-13.5313,0.04444,1.0000,0.0000,0.0000,True,True
10.0240,-6.0773,0.8000,-13.5663,0.04274,1.0000,0.0000,0.0000,True,True
10.0325,-6.1019,0.8000,-13.6013,0.04276,1.0000,0.0000,0.0000,True,True
10.0407,-6.1262,0.8000,-13.6359,0.04225,1.0000,0.0000,0.0000,True,True
10.0491,-6.1502,0.8000,-13.6700,0.04171,1.0000,0.0000,0.0000,True,True
10.0573,-6.1738,0.8000,-13.7037,0.04119,1.0000,0.0000,0.0000,True,True
10.0657,-6.1972,0.8000,-13.7370,0.04068,1.0000,0.0000,0.0000,True,True
10.0740,-6.2203,0.8000,-13.7699,0.04016,1.0000,0.0000,0.0000,True,True
10.0823,-6.2431,0.8000,-13.8023,0.03964,1.0000,0.0000,0.0000,True,True
10.0906,-6.2656,0.8000,-13.8343,0.03911,1.0000,0.0000,0.0000,True,True
10.0990,-6.2878,0.8000,-13.8659,0.03859,1.0000,0.0000,0.0000,True,True
10.1075,-6.3097,0.8000,-13.8970,0.03809,1.0000,0.0000,0.0000,True,True
10.1157,-6.3312,0.8000,-13.9277,0.03752,1.0000,0.0000,0.0000,True,True
10.1240,-6.3525,0.8000,-13.9580,0.03704,1.0000,0.0000,0.0000,True,True
10.1323,-6.3735,0.8000,-13.9879,0.03649,1.0000,0.0000,0.0000,True,True
10.1408,-6.3945,0.8000,-14.0178,0.03650,1.0000,0.0000,0.0000,True,True
10.1491,-6.4149,0.8000,-14.0468,0.03545,1.0000,0.0000,0.0000,True,True
10.1575,-6.4349,0.8000,-14.0754,0.03493,1.0000,0.0000,0.0000,True,True
10.1658,-6.4547,0.8000,-14.1035,0.03442,1.0000,0.0000,0.0000,True,True
10.1741,-6.4742,0.8000,-14.1313,0.03389,1.0000,0.0000,0.0000,True,True
10.1825,-6.4934,0.8000,-14.1586,0.03337,1.0000,0.0000,0.0000,True,True
10.1908,-6.5123,0.8000,-14.1855,0.03286,1.0000,0.0000,0.0000,True,True
10.1991,-6.5309,0.8000,-14.2119,0.03234,1.0000,0.0000,0.0000,True,True
10.2075,-6.5492,0.8000,-14.2379,0.03181,1.0000,0.0000,0.0000,True,True
10.2158,-6.5672,0.8000,-14.2635,0.03129,1.0000,0.0000,0.0000,True,True
10.2242,-6.5848,0.8000,-14.2887,0.03077,1.0000,0.0000,0.0000,True,True
10.2324,-6.6022,0.8000,-14.3135,0.03026,1.0000,0.0000,0.0000,True,True
10.2408,-6.6193,0.8000,-14.3378,0.02976,1.0000,0.0000,0.0000,True,True
10.2492,-6.6361,0.8000,-14.3617,0.02921,1.0000,0.0000,0.0000,True,True
10.2574,-6.6526,0.8000,-14.3852,0.02868,1.0000,0.0000,0.0000,True,True
10.2658,-6.6688,0.8000,-14.4083,0.02817,1.0000,0.0000,0.0000,True,True
10.2741,-6.6847,0.8000,-14.4309,0.02764,1.0000,0.0000,0.0000,True,True
10.2825,-6.7003,0.8000,-14.4531,0.02713,1.0000,0.0000,0.0000,True,True
10.2908,-6.7156,0.8000,-14.4748,0.02660,1.0000,0.0000,0.0000,True,True
10.2992,-6.7306,0.8000,-14.4962,0.02609,1.0000,0.0000,0.0000,True,True
10.3075,-6.7453,0.8000,-14.5171,0.02556,1.0000,0.0000,0.0000,True,True
10.3158,-6.7597,0.8000,-14.5376,0.02503,1.0000,0.0000,0.0000,True,True
10.3242,-6.7738,0.8000,-14.5576,0.02453,1.0000,0.0000,0.0000,True,True
10.3325,-6.7876,0.8000,-14.5773,0.02399,1.0000,0.0000,0.0000,True,True
10.3408,-6.8011,0.8000,-14.5965,0.02348,1.0000,0.0000,0.0000,True,True
10.3492,-6.8143,0.8000,-14.6153,0.02296,1.0000,0.0000,0.0000,True,True
10.3575,-6.8272,0.8000,-14.6336,0.02244,1.0000,0.0000,0.0000,True,True
10.3658,-6.8398,0.8000,-14.6516,0.02192,1.0000,0.0000,0.0000,True,True
10.3741,-6.8521,0.8000,-14.6691,0.02139,1.0000,0.0000,0.0000,True,True
10.3825,-6.8641,0.8000,-14.6862,0.02088,1.0000,0.0000,0.0000,True,True
10.3908,-6.8758,0.8000,-14.7028,0.02035,1.0000,0.0000,0.0000,True,True
10.3992,-6.8872,0.8000,-14.7190,0.01983,1.0000,0.0000,0.0000,True,True
10.4075,-6.8983,0.8000,-14.7349,0.01931,1.0000,0.0000,0.0000,True,True
10.4160,-6.9091,0.8000,-14.7502,0.01879,1.0000,0.0000,0.0000,True,True
10.4242,-6.9196,0.8000,-14.7652,0.01828,1.0000,0.0000,0.0000,True,True
10.4325,-6.9298,0.8000,-14.7797,0.01775,1.0000,0.0000,0.0000,True,True
10.4408,-6.9397,0.8000,-14.7938,0.01723,1.0000,0.0000,0.0000,True,True
10.4491,-6.9493,0.8000,-14.8075,0.01671,1.0000,0.0000,0.0000,True,True
10.4575,-6.9586,0.8000,-14.8207,0.01618,1.0000,0.0000,0.0000,True,True
10.4658,-6.9676,0.8000,-14.8335,0.01566,1.0000,0.0000,0.0000,True,True
10.4741,-6.9763,0.8000,-14.8459,0.01515,1.0000,0.0000,0.0000,True,True
10.4825,-6.9847,0.8000,-14.8579,0.01463,1.0000,0.0000,0.0000,True,True
10.4908,-6.9928,0.8000,-14.8695,0.01413,1.0000,0.0000,0.0000,True,True
10.4992,-7.0007,0.8000,-14.8806,0.01366,1.0000,0.0000,0.0000,True,True
10.5075,-7.0083,0.8000,-14.8914,0.01319,1.0000,0.0000,0.0000,True,True
10.5158,-7.0156,0.8000,-14.9018,0.01273,1.0000,0.0000,0.0000,True,True
10.5242,-7.0227,0.8000,-14.9119,0.01229,1.0000,0.0000,0.0000,True,True
10.5325,-7.0295,0.8000,-14.9216,0.01186,1.0000,0.0000,0.0000,True,True
10.5408,-7.0360,0.8000,-14.9310,0.01144,1.0000,0.0000,0.0000,True,True
10.5492,-7.0424,0.8000,-14.9400,0.01105,1.0000,0.0000,0.0000,True,True
10.5575,-7.0485,0.8000,-14.9487,0.01068,1.0000,0.0000,0.0000,True,True
10.5658,-7.0545,0.8000,-14.9572,0.01034,1.0000,0.0000,0.0000,True,True
10.5742,-7.0603,0.8000,-14.9654,0.01006,1.0000,0.0000,0.0000,True,True
10.5825,-7.0659,0.8000,-14.9734,0.00977,1.0000,0.0000,0.0000,True,True
10.5908,-7.0714,0.8000,-14.9812,0.00955,1.0000,0.0000,0.0000,True,True
10.5992,-7.0714,0.8000,-14.9812,0.00000,1.0000,0.0000,0.0000,True,True
10.6148,-7.0725,0.8000,-14.9827,0.00185,1.0000,0.0000,0.0000,True,True
10.6232,-7.0734,0.8000,-14.9839,0.00150,1.0000,0.0000,0.0000,True,True
10.6315,-7.0746,0.8000,-14.9855,0.00202,1.0000,0.0000,0.0000,True,True
10.6399,-7.0762,0.8000,-14.9875,0.00255,1.0000,0.0000,0.0000,True,True
10.6482,-7.0780,0.8000,-14.9900,0.00306,1.0000,0.0000,0.0000,True,True
10.6565,-7.0802,0.8000,-14.9928,0.00359,1.0000,0.0000,0.0000,True,True
10.6649,-7.0827,0.8000,-14.9961,0.00411,1.0000,0.0000,0.0000,True,True
10.6732,-7.0855,0.8000,-14.9997,0.00463,1.0000,0.0000,0.0000,True,True
10.6815,-7.0887,0.8000,-15.0038,0.00515,1.0000,0.0000,0.0000,True,True
10.6899,-7.0921,0.8000,-15.0083,0.00567,1.0000,0.0000,0.0000,True,True
10.6982,-7.0959,0.8000,-15.0132,0.00619,1.0000,0.0000,0.0000,True,True
10.7065,-7.1000,0.8000,-15.0186,0.00671,1.0000,0.0000,0.0000,True,True
10.7149,-7.1044,0.8000,-15.0243,0.00723,1.0000,0.0000,0.0000,True,True
10.7232,-7.1091,0.8000,-15.0305,0.00775,1.0000,0.0000,0.0000,True,True
10.7316,-7.1141,0.8000,-15.0370,0.00827,1.0000,0.0000,0.0000,True,True
10.7399,-7.1194,0.8000,-15.0440,0.00879,1.0000,0.0000,0.0000,True,True
10.7482,-7.1251,0.8000,-15.0514,0.00931,1.0000,0.0000,0.0000,True,True
10.7565,-7.1311,0.8000,-15.0592,0.00984,1.0000,0.0000,0.0000,True,True
10.7649,-7.1374,0.8000,-15.0674,0.01035,1.0000,0.0000,0.0000,True,True
10.7732,-7.1440,0.8000,-15.0761,0.01088,1.0000,0.0000,0.0000,True,True
10.7815,-7.1509,0.8000,-15.0851,0.01139,1.0000,0.0000,0.0000,True,True
10.7899,-7.1582,0.8000,-15.0946,0.01192,1.0000,0.0000,0.0000,True,True
10.7982,-7.1657,0.8000,-15.1044,0.01244,1.0000,0.0000,0.0000,True,True
10.8065,-7.1736,0.8000,-15.1147,0.01296,1.0000,0.0000,0.0000,True,True
10.8149,-7.1818,0.8000,-15.1254,0.01348,1.0000,0.0000,0.0000,True,True
10.8232,-7.1903,0.8000,-15.1365,0.01400,1.0000,0.0000,0.0000,True,True
10.8315,-7.1992,0.8000,-15.1481,0.01452,1.0000,0.0000,0.0000,True,True
10.8399,-7.2083,0.8000,-15.1600,0.01504,1.0000,0.0000,0.0000,True,True
10.8482,-7.2178,0.8000,-15.1724,0.01556,1.0000,0.0000,0.0000,True,True
10.8565,-7.2275,0.8000,-15.1851,0.01609,1.0000,0.0000,0.0000,True,True
10.8649,-7.2376,0.8000,-15.1983,0.01661,1.0000,0.0000,0.0000,True,True
10.8732,-7.2481,0.8000,-15.2119,0.01713,1.0000,0.0000,0.0000,True,True
10.8816,-7.2588,0.8000,-15.2259,0.01764,1.0000,0.0000,0.0000,True,True
10.8899,-7.2698,0.8000,-15.2404,0.01817,1.0000,0.0000,0.0000,True,True
10.8982,-7.2812,0.8000,-15.2552,0.01869,1.0000,0.0000,0.0000,True,True
10.9065,-7.2929,0.8000,-15.2704,0.01921,1.0000,0.0000,0.0000,True,True
10.9149,-7.3049,0.8000,-15.2861,0.01973,1.0000,0.0000,0.0000,True,True
10.9232,-7.3172,0.8000,-15.3022,0.02025,1.0000,0.0000,0.0000,True,True
10.9315,-7.3298,0.8000,-15.3187,0.02077,1.0000,0.0000,0.0000,True,True
10.9399,-7.3428,0.8000,-15.3356,0.02130,1.0000,0.0000,0.0000,True,True
10.9482,-7.3560,0.8000,-15.3529,0.02181,1.0000,0.0000,0.0000,True,True
10.9566,-7.3696,0.8000,-15.3706,0.02234,1.0000,0.0000,0.0000,True,True
10.9649,-7.3835,0.8000,-15.3888,0.02285,1.0000,0.0000,0.0000,True,True
10.9732,-7.3977,0.8000,-15.4074,0.02338,1.0000,0.0000,0.0000,True,True
10.9816,-7.4123,0.8000,-15.4263,0.02390,1.0000,0.0000,0.0000,True,True
10.9899,-7.4271,0.8000,-15.4457,0.02442,1.0000,0.0000,0.0000,True,True
10.9982,-7.4423,0.8000,-15.4655,0.02495,1.0000,0.0000,0.0000,True,True
11.0066,-7.4578,0.8000,-15.4857,0.02546,1.0000,0.0000,0.0000,True,True
11.0149,-7.4736,0.8000,-15.5063,0.02598,1.0000,0.0000,0.0000,True,True
11.0232,-7.4897,0.8000,-15.5274,0.02650,1.0000,0.0000,0.0000,True,True
11.0315,-7.5061,0.8000,-15.5488,0.02702,1.0000,0.0000,0.0000,True,True
11.0399,-7.5229,0.8000,-15.5707,0.02756,1.0000,0.0000,0.0000,True,True
11.0482,-7.5399,0.8000,-15.5930,0.02806,1.0000,0.0000,0.0000,True,True
11.0566,-7.5573,0.8000,-15.6157,0.02859,1.0000,0.0000,0.0000,True,True
11.0649,-7.5750,0.8000,-15.6388,0.02910,1.0000,0.0000,0.0000,True,True
11.0732,-7.5930,0.8000,-15.6623,0.02963,1.0000,0.0000,0.0000,True,True
11.0816,-7.6114,0.8000,-15.6863,0.03014,1.0000,0.0000,0.0000,True,True
11.0899,-7.6300,0.8000,-15.7106,0.03068,1.0000,0.0000,0.0000,True,True
11.0982,-7.6490,0.8000,-15.7354,0.03119,1.0000,0.0000,0.0000,True,True
11.1066,-7.6683,0.8000,-15.7605,0.03171,1.0000,0.0000,0.0000,True,True
11.1149,-7.6879,0.8000,-15.7861,0.03224,1.0000,0.0000,0.0000,True,True
11.1232,-7.7078,0.8000,-15.8121,0.03276,1.0000,0.0000,0.0000,True,True
11.1316,-7.7280,0.8000,-15.8385,0.03327,1.0000,0.0000,0.0000,True,True
11.1399,-7.7486,0.8000,-15.8654,0.03380,1.0000,0.0000,0.0000,True,True
11.1482,-7.7694,0.8000,-15.8926,0.03431,1.0000,0.0000,0.0000,True,True
11.1566,-7.7906,0.8000,-15.9203,0.03485,1.0000,0.0000,0.0000,True,True
11.1649,-7.8121,0.8000,-15.9484,0.03537,1.0000,0.0000,0.0000,True,True
11.1732,-7.8340,0.8000,-15.9769,0.03588,1.0000,0.0000,0.0000,True,True
11.1816,-7.8561,0.8000,-16.0057,0.03639,1.0000,0.0000,0.0000,True,True
11.1899,-7.8785,0.8000,-16.0351,0.03692,1.0000,0.0000,0.0000,True,True
11.1983,-7.9013,0.8000,-16.0648,0.03744,1.0000,0.0000,0.0000,True,True
11.2066,-7.9244,0.8000,-16.0949,0.03796,1.0000,0.0000,0.0000,True,True
11.2149,-7.9478,0.8000,-16.1255,0.03853,1.0000,0.0000,0.0000,True,True
11.2232,-7.9715,0.8000,-16.1564,0.03896,1.0000,0.0000,0.0000,True,True
11.2316,-7.9955,0.8000,-16.1878,0.03953,1.0000,0.0000,0.0000,True,True
11.2400,-8.0199,0.8000,-16.2196,0.04005,1.0000,0.0000,0.0000,True,True
11.2482,-8.0446,0.8000,-16.2518,0.04055,1.0000,0.0000,0.0000,True,True
11.2566,-8.0695,0.8000,-16.2844,0.04110,1.0000,0.0000,0.0000,True,True
11.2649,-8.0949,0.8000,-16.3175,0.04161,1.0000,0.0000,0.0000,True,True
11.2732,-8.1205,0.8000,-16.3509,0.04213,1.0000,0.0000,0.0000,True,True
11.2816,-8.1464,0.8000,-16.3848,0.04265,1.0000,0.0000,0.0000,True,True
11.2899,-8.1727,0.8000,-16.4191,0.04317,1.0000,0.0000,0.0000,True,True
11.2982,-8.1992,0.8000,-16.4537,0.04370,1.0000,0.0000,0.0000,True,True
11.3066,-8.2261,0.8000,-16.4889,0.04422,1.0000,0.0000,0.0000,True,True
11.3149,-8.2533,0.8000,-16.5244,0.04472,1.0000,0.0000,0.0000,True,True
11.3233,-8.2807,0.8000,-16.5601,0.04501,1.0000,0.0000,0.0000,True,True
11.3316,-8.3080,0.8000,-16.5958,0.04500,1.0000,0.0000,0.0000,True,True
11.3399,-8.3354,0.8000,-16.6315,0.04501,1.0000,0.0000,0.0000,True,True
11.3482,-8.3628,0.8000,-16.6673,0.04499,1.0000,0.0000,0.0000,True,True
11.3566,-8.3901,0.8000,-16.7030,0.04501,1.0000,0.0000,0.0000,True,True
11.3649,-8.4175,0.8000,-16.7387,0.04499,1.0000,0.0000,0.0000,True,True
11.3732,-8.4449,0.8000,-16.7744,0.04501,1.0000,0.0000,0.0000,True,True
11.3816,-8.4722,0.8000,-16.8102,0.04500,1.0000,0.0000,0.0000,True,True
11.3899,-8.4996,0.8000,-16.8459,0.04500,1.0000,0.0000,0.0000,True,True
11.3982,-8.5270,0.8000,-16.8816,0.04500,1.0000,0.0000,0.0000,True,True
11.4066,-8.5543,0.8000,-16.9174,0.04501,1.0000,0.0000,0.0000,True,True
11.4149,-8.5817,0.8000,-16.9531,0.04500,1.0000,0.0000,0.0000,True,True
11.4233,-8.6090,0.8000,-16.9888,0.04500,1.0000,0.0000,0.0000,True,True
11.4316,-8.6364,0.8000,-17.0245,0.04499,1.0000,0.0000,0.0000,True,True
11.4399,-8.6638,0.8000,-17.0603,0.04500,1.0000,0.0000,0.0000,True,True
11.4482,-8.6911,0.8000,-17.0960,0.04501,1.0000,0.0000,0.0000,True,True
11.4566,-8.7185,0.8000,-17.1317,0.04500,1.0000,0.0000,0.0000,True,True
11.4649,-8.7459,0.8000,-17.1674,0.04500,1.0000,0.0000,0.0000,True,True
11.4732,-8.7732,0.8000,-17.2032,0.04500,1.0000,0.0000,0.0000,True,True
11.4816,-8.8006,0.8000,-17.2389,0.04499,1.0000,0.0000,0.0000,True,True
11.4899,-8.8280,0.8000,-17.2746,0.04501,1.0000,0.0000,0.0000,True,True
11.4982,-8.8553,0.8000,-17.3103,0.04500,1.0000,0.0000,0.0000,True,True
11.5066,-8.8827,0.8000,-17.3461,0.04500,1.0000,0.0000,0.0000,True,True
11.5149,-8.9101,0.8000,-17.3818,0.04501,1.0000,0.0000,0.0000,True,True
11.5232,-8.9374,0.8000,-17.4175,0.04499,1.0000,0.0000,0.0000,True,True
11.5316,-8.9648,0.8000,-17.4532,0.04501,1.0000,0.0000,0.0000,True,True
11.5399,-8.9921,0.8000,-17.4890,0.04500,1.0000,0.0000,0.0000,True,True
11.5483,-9.0195,0.8000,-17.5247,0.04499,1.0000,0.0000,0.0000,True,True
11.5566,-9.0469,0.8000,-17.5604,0.04500,1.0000,0.0000,0.0000,True,True
11.5649,-9.0742,0.8000,-17.5962,0.04501,1.0000,0.0000,0.0000,True,True
11.5732,-9.1016,0.8000,-17.6319,0.04501,1.0000,0.0000,0.0000,True,True
11.5816,-9.1290,0.8000,-17.6676,0.04499,1.0000,0.0000,0.0000,True,True
11.5899,-9.1563,0.8000,-17.7033,0.04501,1.0000,0.0000,0.0000,True,True
11.5982,-9.1837,0.8000,-17.7391,0.04499,1.0000,0.0000,0.0000,True,True
11.6066,-9.2111,0.8000,-17.7748,0.04500,1.0000,0.0000,0.0000,True,True
11.6149,-9.2384,0.8000,-17.8105,0.04500,1.0000,0.0000,0.0000,True,True
11.6233,-9.2658,0.8000,-17.8462,0.04500,1.0000,0.0000,0.0000,True,True
11.6316,-9.2932,0.8000,-17.8820,0.04501,1.0000,0.0000,0.0000,True,True
11.6399,-9.3205,0.8000,-17.9177,0.04500,1.0000,0.0000,0.0000,True,True
11.6483,-9.3479,0.8000,-17.9534,0.04501,1.0000,0.0000,0.0000,True,True
11.6566,-9.3752,0.8000,-17.9891,0.04499,1.0000,0.0000,0.0000,True,True
11.6649,-9.4026,0.8000,-18.0249,0.04499,1.0000,0.0000,0.0000,True,True
11.6732,-9.4300,0.8000,-18.0606,0.04501,1.0000,0.0000,0.0000,True,True
11.6816,-9.4573,0.8000,-18.0963,0.04501,1.0000,0.0000,0.0000,True,True
11.6899,-9.4847,0.8000,-18.1321,0.04501,1.0000,0.0000,0.0000,True,True
11.6983,-9.5121,0.8000,-18.1678,0.04500,1.0000,0.0000,0.0000,True,True
11.7066,-9.5394,0.8000,-18.2035,0.04502,1.0000,0.0000,0.0000,True,True
11.7149,-9.5668,0.8000,-18.2392,0.04500,1.0000,0.0000,0.0000,True,True
11.7234,-9.5942,0.8000,-18.2750,0.04506,1.0000,0.0000,0.0000,True,True
11.7317,-9.6215,0.8000,-18.3107,0.04494,1.0000,0.0000,0.0000,True,True
11.7399,-9.6489,0.8000,-18.3464,0.04500,1.0000,0.0000,0.0000,True,True
11.7530,-9.6915,0.8000,-18.4020,0.07006,1.0000,0.0000,0.0000,True,True
11.7614,-9.7189,0.8000,-18.4378,0.04502,1.0000,0.0000,0.0000,True,True
11.7698,-9.7462,0.8000,-18.4735,0.04500,1.0000,0.0000,0.0000,True,True
11.7779,-9.7734,0.8000,-18.5090,0.04476,1.0000,0.0000,0.0000,True,True
11.7864,-9.8004,0.8000,-18.5442,0.04426,1.0000,0.0000,0.0000,True,True
11.7948,-9.8269,0.8000,-18.5789,0.04372,1.0000,0.0000,0.0000,True,True
11.8030,-9.8532,0.8000,-18.6132,0.04319,1.0000,0.0000,0.0000,True,True
11.8112,-9.8792,0.8000,-18.6470,0.04268,1.0000,0.0000,0.0000,True,True
11.8196,-9.9048,0.8000,-18.6805,0.04216,1.0000,0.0000,0.0000,True,True
11.8279,-9.9301,0.8000,-18.7136,0.04163,1.0000,0.0000,0.0000,True,True
11.8363,-9.9551,0.8000,-18.7462,0.04113,1.0000,0.0000,0.0000,True,True
11.8446,-9.9798,0.8000,-18.7784,0.04060,1.0000,0.0000,0.0000,True,True
11.8529,-10.0042,0.8000,-18.8103,0.04008,1.0000,0.0000,0.0000,True,True
11.8613,-10.0282,0.8000,-18.8417,0.03955,1.0000,0.0000,0.0000,True,True
11.8696,-10.0521,0.8000,-18.8728,0.03921,1.0000,0.0000,0.0000,True,True
11.8779,-10.0754,0.8000,-18.9032,0.03834,1.0000,0.0000,0.0000,True,True
11.8863,-10.0985,0.8000,-18.9334,0.03801,1.0000,0.0000,0.0000,True,True
11.8946,-10.1213,0.8000,-18.9631,0.03747,1.0000,0.0000,0.0000,True,True
11.9029,-10.1438,0.8000,-18.9925,0.03701,1.0000,0.0000,0.0000,True,True
11.9113,-10.1659,0.8000,-19.0215,0.03644,1.0000,0.0000,0.0000,True,True
11.9198,-10.1882,0.8000,-19.0505,0.03663,1.0000,0.0000,0.0000,True,True
11.9281,-10.2097,0.8000,-19.0786,0.03538,1.0000,0.0000,0.0000,True,True
11.9365,-10.2309,0.8000,-19.1063,0.03487,1.0000,0.0000,0.0000,True,True
11.9448,-10.2518,0.8000,-19.1336,0.03434,1.0000,0.0000,0.0000,True,True
11.9531,-10.2724,0.8000,-19.1604,0.03381,1.0000,0.0000,0.0000,True,True
11.9615,-10.2926,0.8000,-19.1868,0.03330,1.0000,0.0000,0.0000,True,True
11.9698,-10.3125,0.8000,-19.2129,0.03277,1.0000,0.0000,0.0000,True,True
11.9781,-10.3322,0.8000,-19.2385,0.03225,1.0000,0.0000,0.0000,True,True
11.9865,-10.3515,0.8000,-19.2637,0.03174,1.0000,0.0000,0.0000,True,True
11.9948,-10.3704,0.8000,-19.2884,0.03120,1.0000,0.0000,0.0000,True,True
12.0031,-10.3891,0.8000,-19.3128,0.03069,1.0000,0.0000,0.0000,True,True
12.0114,-10.4074,0.8000,-19.3368,0.03018,1.0000,0.0000,0.0000,True,True
12.0199,-10.4255,0.8000,-19.3603,0.02968,1.0000,0.0000,0.0000,True,True
12.0281,-10.4432,0.8000,-19.3834,0.02913,1.0000,0.0000,0.0000,True,True
12.0365,-10.4607,0.8000,-19.4063,0.02874,1.0000,0.0000,0.0000,True,True
12.0459,-10.4778,0.8000,-19.4286,0.02809,1.0000,0.0000,0.0000,True,True
12.0534,-10.4946,0.8000,-19.4505,0.02768,1.0000,0.0000,0.0000,True,True
12.0615,-10.5110,0.8000,-19.4720,0.02703,1.0000,0.0000,0.0000,True,True
12.0699,-10.5272,0.8000,-19.4930,0.02652,1.0000,0.0000,0.0000,True,True
12.0782,-10.5430,0.8000,-19.5137,0.02600,1.0000,0.0000,0.0000,True,True
12.0870,-10.5590,0.8000,-19.5346,0.02633,1.0000,0.0000,0.0000,True,True
12.0952,-10.5741,0.8000,-19.5544,0.02493,1.0000,0.0000,0.0000,True,True
12.1036,-10.5890,0.8000,-19.5738,0.02442,1.0000,0.0000,0.0000,True,True
12.1121,-10.6035,0.8000,-19.5928,0.02393,1.0000,0.0000,0.0000,True,True
12.1205,-10.6179,0.8000,-19.6115,0.02357,1.0000,0.0000,0.0000,True,True
12.1287,-10.6318,0.8000,-19.6296,0.02285,1.0000,0.0000,0.0000,True,True
12.1372,-10.6453,0.8000,-19.6474,0.02233,1.0000,0.0000,0.0000,True,True
12.1453,-10.6586,0.8000,-19.6647,0.02181,1.0000,0.0000,0.0000,True,True
12.1536,-10.6716,0.8000,-19.6816,0.02129,1.0000,0.0000,0.0000,True,True
12.1626,-10.6848,0.8000,-19.6989,0.02186,1.0000,0.0000,0.0000,True,True
12.1709,-10.6972,0.8000,-19.7150,0.02030,1.0000,0.0000,0.0000,True,True
12.1793,-10.7093,0.8000,-19.7308,0.01989,1.0000,0.0000,0.0000,True,True
12.1875,-10.7209,0.8000,-19.7460,0.01917,1.0000,0.0000,0.0000,True,True
12.1959,-10.7323,0.8000,-19.7609,0.01865,1.0000,0.0000,0.0000,True,True
12.2042,-10.7433,0.8000,-19.7752,0.01813,1.0000,0.0000,0.0000,True,True
12.2125,-10.7540,0.8000,-19.7892,0.01760,1.0000,0.0000,0.0000,True,True
12.2209,-10.7644,0.8000,-19.8028,0.01710,1.0000,0.0000,0.0000,True,True
12.2292,-10.7745,0.8000,-19.8159,0.01655,1.0000,0.0000,0.0000,True,True
12.2375,-10.7842,0.8000,-19.8287,0.01605,1.0000,0.0000,0.0000,True,True
12.2459,-10.7937,0.8000,-19.8410,0.01552,1.0000,0.0000,0.0000,True,True
12.2542,-10.8028,0.8000,-19.8529,0.01500,1.0000,0.0000,0.0000,True,True
12.2625,-10.8116,0.8000,-19.8644,0.01448,1.0000,0.0000,0.0000,True,True
12.2709,-10.8201,0.8000,-19.8755,0.01396,1.0000,0.0000,0.0000,True,True
12.2792,-10.8282,0.8000,-19.8861,0.01343,1.0000,0.0000,0.0000,True,True
12.2876,-10.8361,0.8000,-19.8964,0.01292,1.0000,0.0000,0.0000,True,True
12.2958,-10.8436,0.8000,-19.9063,0.01242,1.0000,0.0000,0.0000,True,True
12.3043,-10.8509,0.8000,-19.9157,0.01185,1.0000,0.0000,0.0000,True,True
12.3126,-10.8578,0.8000,-19.9247,0.01135,1.0000,0.0000,0.0000,True,True
12.3208,-10.8643,0.8000,-19.9333,0.01083,1.0000,0.0000,0.0000,True,True
12.3292,-10.8706,0.8000,-19.9415,0.01031,1.0000,0.0000,0.0000,True,True
12.3375,-10.8766,0.8000,-19.9492,0.00980,1.0000,0.0000,0.0000,True,True
12.3459,-10.8822,0.8000,-19.9566,0.00927,1.0000,0.0000,0.0000,True,True
12.3542,-10.8875,0.8000,-19.9635,0.00875,1.0000,0.0000,0.0000,True,True
12.3625,-10.8925,0.8000,-19.9701,0.00822,1.0000,0.0000,0.0000,True,True
12.3708,-10.8972,0.8000,-19.9762,0.00770,1.0000,0.0000,0.0000,True,True
12.3792,-10.9016,0.8000,-19.9819,0.00722,1.0000,0.0000,0.0000,True,True
12.3875,-10.9016,0.8000,-19.9819,0.00000,1.0000,0.0000,0.0000,True,True
12.3958,-10.9019,0.8000,-19.9823,0.00052,1.0000,0.0000,0.0000,True,True
12.4042,-10.9025,0.8000,-19.9832,0.00104,1.0000,0.0000,0.0000,True,True
12.4125,-10.9034,0.8000,-19.9845,0.00156,1.0000,0.0000,0.0000,True,True
12.4209,-10.9046,0.8000,-19.9862,0.00208,1.0000,0.0000,0.0000,True,True
12.4297,-10.9062,0.8000,-19.9884,0.00271,1.0000,0.0000,0.0000,True,True
12.4378,-10.9080,0.8000,-19.9909,0.00313,1.0000,0.0000,0.0000,True,True
12.4461,-10.9101,0.8000,-19.9939,0.00366,1.0000,0.0000,0.0000,True,True
12.4544,-10.9125,0.8000,-19.9974,0.00418,1.0000,0.0000,0.0000,True,True
12.4628,-10.9152,0.8000,-20.0012,0.00470,1.0000,0.0000,0.0000,True,True
12.4711,-10.9182,0.8000,-20.0055,0.00522,1.0000,0.0000,0.0000,True,True
12.4795,-10.9215,0.8000,-20.0102,0.00575,1.0000,0.0000,0.0000,True,True
12.4878,-10.9251,0.8000,-20.0153,0.00626,1.0000,0.0000,0.0000,True,True
12.4961,-10.9290,0.8000,-20.0209,0.00679,1.0000,0.0000,0.0000,True,True
12.5044,-10.9332,0.8000,-20.0268,0.00731,1.0000,0.0000,0.0000,True,True
12.5128,-10.9377,0.8000,-20.0332,0.00783,1.0000,0.0000,0.0000,True,True
12.5211,-10.9425,0.8000,-20.0401,0.00835,1.0000,0.0000,0.0000,True,True
12.5294,-10.9476,0.8000,-20.0473,0.00887,1.0000,0.0000,0.0000,True,True
12.5378,-10.9530,0.8000,-20.0550,0.00939,1.0000,0.0000,0.0000,True,True
12.5461,-10.9587,0.8000,-20.0631,0.00991,1.0000,0.0000,0.0000,True,True
12.5544,-10.9647,0.8000,-20.0716,0.01043,1.0000,0.0000,0.0000,True,True
12.5628,-10.9710,0.8000,-20.0806,0.01095,1.0000,0.0000,0.0000,True,True
12.5711,-10.9776,0.8000,-20.0900,0.01147,1.0000,0.0000,0.0000,True,True
12.5794,-10.9845,0.8000,-20.0998,0.01200,1.0000,0.0000,0.0000,True,True
12.5878,-10.9917,0.8000,-20.1100,0.01251,1.0000,0.0000,0.0000,True,True
12.5961,-10.9992,0.8000,-20.1207,0.01303,1.0000,0.0000,0.0000,True,True
12.6045,-11.0070,0.8000,-20.1318,0.01356,1.0000,0.0000,0.0000,True,True
12.6128,-11.0151,0.8000,-20.1433,0.01408,1.0000,0.0000,0.0000,True,True
12.6212,-11.0235,0.8000,-20.1552,0.01460,1.0000,0.0000,0.0000,True,True
12.6294,-11.0322,0.8000,-20.1676,0.01512,1.0000,0.0000,0.0000,True,True
12.6378,-11.0412,0.8000,-20.1804,0.01564,1.0000,0.0000,0.0000,True,True
12.6461,-11.0505,0.8000,-20.1936,0.01616,1.0000,0.0000,0.0000,True,True
12.6544,-11.0601,0.8000,-20.2073,0.01668,1.0000,0.0000,0.0000,True,True
12.6629,-11.0700,0.8000,-20.2213,0.01721,1.0000,0.0000,0.0000,True,True
12.6711,-11.0803,0.8000,-20.2359,0.01778,1.0000,0.0000,0.0000,True,True
12.6794,-11.0907,0.8000,-20.2508,0.01818,1.0000,0.0000,0.0000,True,True
12.6878,-11.1015,0.8000,-20.2661,0.01877,1.0000,0.0000,0.0000,True,True
12.6961,-11.1126,0.8000,-20.2819,0.01929,1.0000,0.0000,0.0000,True,True
12.7047,-11.1240,0.8000,-20.2981,0.01985,1.0000,0.0000,0.0000,True,True
12.7129,-11.1357,0.8000,-20.3147,0.02029,1.0000,0.0000,0.0000,True,True
12.7212,-11.1477,0.8000,-20.3318,0.02089,1.0000,0.0000,0.0000,True,True
12.7295,-11.1600,0.8000,-20.3492,0.02132,1.0000,0.0000,0.0000,True,True
12.7378,-11.1726,0.8000,-20.3672,0.02192,1.0000,0.0000,0.0000,True,True
12.7461,-11.1855,0.8000,-20.3855,0.02241,1.0000,0.0000,0.0000,True,True
12.7546,-11.1987,0.8000,-20.4043,0.02294,1.0000,0.0000,0.0000,True,True
12.7628,-11.2122,0.8000,-20.4234,0.02345,1.0000,0.0000,0.0000,True,True
12.7713,-11.2260,0.8000,-20.4430,0.02398,1.0000,0.0000,0.0000,True,True
12.7798,-11.2401,0.8000,-20.4632,0.02460,1.0000,0.0000,0.0000,True,True
12.7880,-11.2545,0.8000,-20.4836,0.02503,1.0000,0.0000,0.0000,True,True
12.7962,-11.2692,0.8000,-20.5045,0.02554,1.0000,0.0000,0.0000,True,True
12.8046,-11.2842,0.8000,-20.5259,0.02606,1.0000,0.0000,0.0000,True,True
12.8129,-11.2995,0.8000,-20.5476,0.02658,1.0000,0.0000,0.0000,True,True
12.8212,-11.3151,0.8000,-20.5698,0.02710,1.0000,0.0000,0.0000,True,True
12.8295,-11.3310,0.8000,-20.5923,0.02762,1.0000,0.0000,0.0000,True,True
12.8378,-11.3472,0.8000,-20.6154,0.02815,1.0000,0.0000,0.0000,True,True
12.8462,-11.3637,0.8000,-20.6388,0.02866,1.0000,0.0000,0.0000,True,True
12.8546,-11.3805,0.8000,-20.6627,0.02919,1.0000,0.0000,0.0000,True,True
12.8629,-11.3976,0.8000,-20.6871,0.02979,1.0000,0.0000,0.0000,True,True
12.8712,-11.4150,0.8000,-20.7117,0.03014,1.0000,0.0000,0.0000,True,True
12.8795,-11.4326,0.8000,-20.7369,0.03074,1.0000,0.0000,0.0000,True,True
12.8878,-11.4506,0.8000,-20.7624,0.03128,1.0000,0.0000,0.0000,True,True
12.8962,-11.4689,0.8000,-20.7884,0.03178,1.0000,0.0000,0.0000,True,True
12.9046,-11.4875,0.8000,-20.8149,0.03231,1.0000,0.0000,0.0000,True,True
12.9130,-11.5064,0.8000,-20.8417,0.03284,1.0000,0.0000,0.0000,True,True
12.9212,-11.5256,0.8000,-20.8690,0.03335,1.0000,0.0000,0.0000,True,True
12.9299,-11.5459,0.8000,-20.8979,0.03535,1.0000,0.0000,0.0000,True,True
12.9382,-11.5657,0.8000,-20.9261,0.03442,1.0000,0.0000,0.0000,True,True
12.9466,-11.5858,0.8000,-20.9546,0.03494,1.0000,0.0000,0.0000,True,True
12.9549,-11.6062,0.8000,-20.9836,0.03547,1.0000,0.0000,0.0000,True,True
12.9632,-11.6269,0.8000,-21.0131,0.03597,1.0000,0.0000,0.0000,True,True
12.9715,-11.6479,0.8000,-21.0429,0.03651,1.0000,0.0000,0.0000,True,True
12.9799,-11.6692,0.8000,-21.0732,0.03702,1.0000,0.0000,0.0000,True,True
12.9882,-11.6908,0.8000,-21.1039,0.03754,1.0000,0.0000,0.0000,True,True
12.9965,-11.7127,0.8000,-21.1350,0.03807,1.0000,0.0000,0.0000,True,True
13.0049,-11.7350,0.8000,-21.1667,0.03866,1.0000,0.0000,0.0000,True,True
13.0132,-11.7575,0.8000,-21.1986,0.03910,1.0000,0.0000,0.0000,True,True
13.0215,-11.7803,0.8000,-21.2311,0.03963,1.0000,0.0000,0.0000,True,True
13.0299,-11.8034,0.8000,-21.2639,0.04015,1.0000,0.0000,0.0000,True,True
13.0382,-11.8268,0.8000,-21.2972,0.04068,1.0000,0.0000,0.0000,True,True
13.0466,-11.8505,0.8000,-21.3309,0.04120,1.0000,0.0000,0.0000,True,True
13.0549,-11.8745,0.8000,-21.3650,0.04171,1.0000,0.0000,0.0000,True,True
13.0632,-11.8988,0.8000,-21.3995,0.04222,1.0000,0.0000,0.0000,True,True
13.0715,-11.9234,0.8000,-21.4345,0.04276,1.0000,0.0000,0.0000,True,True
13.0799,-11.9483,0.8000,-21.4699,0.04328,1.0000,0.0000,0.0000,True,True
13.0883,-11.9735,0.8000,-21.5057,0.04379,1.0000,0.0000,0.0000,True,True
13.0965,-11.9990,0.8000,-21.5420,0.04433,1.0000,0.0000,0.0000,True,True
13.1049,-12.0248,0.8000,-21.5786,0.04484,1.0000,0.0000,0.0000,True,True
13.1132,-12.0507,0.8000,-21.6154,0.04500,1.0000,0.0000,0.0000,True,True
13.1215,-12.0766,0.8000,-21.6522,0.04501,1.0000,0.0000,0.0000,True,True
13.1299,-12.1024,0.8000,-21.6890,0.04499,1.0000,0.0000,0.0000,True,True
13.1382,-12.1283,0.8000,-21.7259,0.04500,1.0000,0.0000,0.0000,True,True
13.1470,-12.1543,0.8000,-21.7627,0.04510,1.0000,0.0000,0.0000,True,True
13.1549,-12.1801,0.8000,-21.7995,0.04491,1.0000,0.0000,0.0000,True,True
13.1632,-12.2060,0.8000,-21.8363,0.04499,1.0000,0.0000,0.0000,True,True
13.1715,-12.2319,0.8000,-21.8731,0.04501,1.0000,0.0000,0.0000,True,True
13.1799,-12.2578,0.8000,-21.9099,0.04500,1.0000,0.0000,0.0000,True,True
13.1882,-12.2837,0.8000,-21.9467,0.04500,1.0000,0.0000,0.0000,True,True
13.1965,-12.3096,0.8000,-21.9835,0.04501,1.0000,0.0000,0.0000,True,True
13.2049,-12.3355,0.8000,-22.0203,0.04500,1.0000,0.0000,0.0000,True,True
13.2132,-12.3614,0.8000,-22.0571,0.04500,1.0000,0.0000,0.0000,True,True
13.2216,-12.3873,0.8000,-22.0939,0.04501,1.0000,0.0000,0.0000,True,True
13.2299,-12.4131,0.8000,-22.1307,0.04499,1.0000,0.0000,0.0000,True,True
13.2382,-12.4390,0.8000,-22.1675,0.04500,1.0000,0.0000,0.0000,True,True
13.2465,-12.4649,0.8000,-22.2044,0.04500,1.0000,0.0000,0.0000,True,True
13.2549,-12.4908,0.8000,-22.2412,0.04500,1.0000,0.0000,0.0000,True,True
13.2632,-12.5167,0.8000,-22.2780,0.04500,1.0000,0.0000,0.0000,True,True
13.2715,-12.5426,0.8000,-22.3148,0.04501,1.0000,0.0000,0.0000,True,True
13.2799,-12.5685,0.8000,-22.3516,0.04499,1.0000,0.0000,0.0000,True,True
13.2882,-12.5944,0.8000,-22.3884,0.04501,1.0000,0.0000,0.0000,True,True
13.2965,-12.6203,0.8000,-22.4252,0.04500,1.0000,0.0000,0.0000,True,True
13.3049,-12.6462,0.8000,-22.4620,0.04501,1.0000,0.0000,0.0000,True,True
13.3132,-12.6721,0.8000,-22.4988,0.04499,1.0000,0.0000,0.0000,True,True
13.3215,-12.6980,0.8000,-22.5356,0.04500,1.0000,0.0000,0.0000,True,True
13.3299,-12.7239,0.8000,-22.5724,0.04501,1.0000,0.0000,0.0000,True,True
13.3382,-12.7497,0.8000,-22.6092,0.04500,1.0000,0.0000,0.0000,True,True
13.3466,-12.7756,0.8000,-22.6460,0.04500,1.0000,0.0000,0.0000,True,True
13.3549,-12.8015,0.8000,-22.6828,0.04500,1.0000,0.0000,0.0000,True,True
13.3632,-12.8274,0.8000,-22.7197,0.04501,1.0000,0.0000,0.0000,True,True
13.3716,-12.8533,0.8000,-22.7565,0.04500,1.0000,0.0000,0.0000,True,True
13.3799,-12.8792,0.8000,-22.7933,0.04500,1.0000,0.0000,0.0000,True,True
13.3882,-12.9051,0.8000,-22.8301,0.04501,1.0000,0.0000,0.0000,True,True
13.3965,-12.9310,0.8000,-22.8669,0.04500,1.0000,0.0000,0.0000,True,True
13.4049,-12.9569,0.8000,-22.9037,0.04500,1.0000,0.0000,0.0000,True,True
13.4132,-12.9828,0.8000,-22.9405,0.04500,1.0000,0.0000,0.0000,True,True
13.4216,-13.0087,0.8000,-22.9773,0.04501,1.0000,0.0000,0.0000,True,True
13.4299,-13.0345,0.8000,-23.0141,0.04499,1.0000,0.0000,0.0000,True,True
13.4382,-13.0604,0.8000,-23.0509,0.04501,1.0000,0.0000,0.0000,True,True
13.4466,-13.0863,0.8000,-23.0877,0.04500,1.0000,0.0000,0.0000,True,True
13.4549,-13.1122,0.8000,-23.1245,0.04500,1.0000,0.0000,0.0000,True,True
13.4632,-13.1381,0.8000,-23.1614,0.04501,1.0000,0.0000,0.0000,True,True
13.4715,-13.1640,0.8000,-23.1982,0.04500,1.0000,0.0000,0.0000,True,True
13.4799,-13.1899,0.8000,-23.2350,0.04500,1.0000,0.0000,0.0000,True,True
13.4883,-13.2158,0.8000,-23.2718,0.04501,1.0000,0.0000,0.0000,True,True
13.4966,-13.2417,0.8000,-23.3086,0.04500,1.0000,0.0000,0.0000,True,True
13.5049,-13.2676,0.8000,-23.3454,0.04500,1.0000,0.0000,0.0000,True,True
13.5132,-13.2935,0.8000,-23.3822,0.04500,1.0000,0.0000,0.0000,True,True
13.5216,-13.3194,0.8000,-23.4190,0.04500,1.0000,0.0000,0.0000,True,True
13.5299,-13.3452,0.8000,-23.4557,0.04488,1.0000,0.0000,0.0000,True,True
13.5402,-13.3761,0.8000,-23.4996,0.05371,1.0000,0.0000,0.0000,True,True
13.5484,-13.4013,0.8000,-23.5355,0.04382,1.0000,0.0000,0.0000,True,True
13.5567,-13.4262,0.8000,-23.5709,0.04332,1.0000,0.0000,0.0000,True,True
13.5650,-13.4508,0.8000,-23.6059,0.04279,1.0000,0.0000,0.0000,True,True
13.5733,-13.4752,0.8000,-23.6405,0.04228,1.0000,0.0000,0.0000,True,True
13.5817,-13.4992,0.8000,-23.6746,0.04175,1.0000,0.0000,0.0000,True,True
13.5900,-13.5229,0.8000,-23.7084,0.04123,1.0000,0.0000,0.0000,True,True
13.5984,-13.5463,0.8000,-23.7417,0.04070,1.0000,0.0000,0.0000,True,True
13.6067,-13.5694,0.8000,-23.7745,0.04019,1.0000,0.0000,0.0000,True,True
13.6150,-13.5923,0.8000,-23.8070,0.03967,1.0000,0.0000,0.0000,True,True
13.6233,-13.6148,0.8000,-23.8390,0.03915,1.0000,0.0000,0.0000,True,True
13.6317,-13.6370,0.8000,-23.8706,0.03862,1.0000,0.0000,0.0000,True,True
13.6400,-13.6589,0.8000,-23.9017,0.03810,1.0000,0.0000,0.0000,True,True
13.6483,-13.6806,0.8000,-23.9325,0.03760,1.0000,0.0000,0.0000,True,True
13.6567,-13.7019,0.8000,-23.9628,0.03705,1.0000,0.0000,0.0000,True,True
13.6650,-13.7229,0.8000,-23.9927,0.03654,1.0000,0.0000,0.0000,True,True
13.6733,-13.7436,0.8000,-24.0222,0.03602,1.0000,0.0000,0.0000,True,True
13.6817,-13.7641,0.8000,-24.0512,0.03550,1.0000,0.0000,0.0000,True,True
13.6900,-13.7842,0.8000,-24.0798,0.03498,1.0000,0.0000,0.0000,True,True
13.6983,-13.8040,0.8000,-24.1080,0.03445,1.0000,0.0000,0.0000,True,True
13.7067,-13.8235,0.8000,-24.1357,0.03395,1.0000,0.0000,0.0000,True,True
13.7150,-13.8428,0.8000,-24.1631,0.03342,1.0000,0.0000,0.0000,True,True
13.7233,-13.8617,0.8000,-24.1900,0.03290,1.0000,0.0000,0.0000,True,True
13.7317,-13.8803,0.8000,-24.2165,0.03237,1.0000,0.0000,0.0000,True,True
13.7400,-13.8986,0.8000,-24.2425,0.03185,1.0000,0.0000,0.0000,True,True
13.7484,-13.9167,0.8000,-24.2681,0.03134,1.0000,0.0000,0.0000,True,True
13.7567,-13.9344,0.8000,-24.2933,0.03081,1.0000,0.0000,0.0000,True,True
13.7650,-13.9518,0.8000,-24.3181,0.03029,1.0000,0.0000,0.0000,True,True
13.7733,-13.9690,0.8000,-24.3425,0.02977,1.0000,0.0000,0.0000,True,True
13.7817,-13.9858,0.8000,-24.3664,0.02924,1.0000,0.0000,0.0000,True,True
13.7900,-14.0023,0.8000,-24.3899,0.02878,1.0000,0.0000,0.0000,True,True
13.7983,-14.0185,0.8000,-24.4130,0.02816,1.0000,0.0000,0.0000,True,True
13.8067,-14.0345,0.8000,-24.4356,0.02770,1.0000,0.0000,0.0000,True,True
13.8150,-14.0501,0.8000,-24.4578,0.02716,1.0000,0.0000,0.0000,True,True
13.8234,-14.0654,0.8000,-24.4796,0.02665,1.0000,0.0000,0.0000,True,True
13.8317,-14.0805,0.8000,-24.5010,0.02612,1.0000,0.0000,0.0000,True,True
13.8401,-14.0952,0.8000,-24.5219,0.02561,1.0000,0.0000,0.0000,True,True
13.8484,-14.1096,0.8000,-24.5425,0.02509,1.0000,0.0000,0.0000,True,True
13.8567,-14.1238,0.8000,-24.5626,0.02456,1.0000,0.0000,0.0000,True,True
13.8650,-14.1376,0.8000,-24.5822,0.02405,1.0000,0.0000,0.0000,True,True
13.8733,-14.1511,0.8000,-24.6015,0.02353,1.0000,0.0000,0.0000,True,True
13.8817,-14.1644,0.8000,-24.6203,0.02301,1.0000,0.0000,0.0000,True,True
13.8900,-14.1773,0.8000,-24.6387,0.02247,1.0000,0.0000,0.0000,True,True
13.8983,-14.1899,0.8000,-24.6566,0.02196,1.0000,0.0000,0.0000,True,True
13.9067,-14.2023,0.8000,-24.6742,0.02145,1.0000,0.0000,0.0000,True,True
13.9150,-14.2143,0.8000,-24.6913,0.02092,1.0000,0.0000,0.0000,True,True
13.9234,-14.2261,0.8000,-24.7080,0.02042,1.0000,0.0000,0.0000,True,True
13.9317,-14.2375,0.8000,-24.7242,0.01986,1.0000,0.0000,0.0000,True,True
13.9400,-14.2486,0.8000,-24.7400,0.01935,1.0000,0.0000,0.0000,True,True
13.9484,-14.2595,0.8000,-24.7555,0.01884,1.0000,0.0000,0.0000,True,True
13.9567,-14.2700,0.8000,-24.7704,0.01831,1.0000,0.0000,0.0000,True,True
13.9650,-14.2802,0.8000,-24.7850,0.01780,1.0000,0.0000,0.0000,True,True
13.9733,-14.2902,0.8000,-24.7991,0.01727,1.0000,0.0000,0.0000,True,True
13.9817,-14.2998,0.8000,-24.8128,0.01675,1.0000,0.0000,0.0000,True,True
13.9900,-14.3091,0.8000,-24.8261,0.01623,1.0000,0.0000,0.0000,True,True
13.9983,-14.3182,0.8000,-24.8389,0.01571,1.0000,0.0000,0.0000,True,True
14.0067,-14.3269,0.8000,-24.8514,0.01519,1.0000,0.0000,0.0000,True,True
14.0150,-14.3354,0.8000,-24.8634,0.01467,1.0000,0.0000,0.0000,True,True
14.0234,-14.3435,0.8000,-24.8749,0.01415,1.0000,0.0000,0.0000,True,True
14.0317,-14.3513,0.8000,-24.8861,0.01363,1.0000,0.0000,0.0000,True,True
14.0400,-14.3589,0.8000,-24.8968,0.01311,1.0000,0.0000,0.0000,True,True
14.0484,-14.3661,0.8000,-24.9071,0.01259,1.0000,0.0000,0.0000,True,True
14.0567,-14.3731,0.8000,-24.9170,0.01207,1.0000,0.0000,0.0000,True,True
14.0650,-14.3797,0.8000,-24.9264,0.01154,1.0000,0.0000,0.0000,True,True
14.0734,-14.3861,0.8000,-24.9354,0.01105,1.0000,0.0000,0.0000,True,True
14.0817,-14.3921,0.8000,-24.9440,0.01048,1.0000,0.0000,0.0000,True,True
14.0900,-14.3978,0.8000,-24.9522,0.00998,1.0000,0.0000,0.0000,True,True
14.0986,-14.4033,0.8000,-24.9599,0.00946,1.0000,0.0000,0.0000,True,True
14.1067,-14.4084,0.8000,-24.9672,0.00894,1.0000,0.0000,0.0000,True,True
14.1150,-14.4133,0.8000,-24.9741,0.00842,1.0000,0.0000,0.0000,True,True
14.1234,-14.4178,0.8000,-24.9806,0.00790,1.0000,0.0000,0.0000,True,True
14.1317,-14.4178,0.8000,-24.9806,0.00000,1.0000,0.0000,0.0000,True,True
14.1400,-14.4181,0.8000,-24.9810,0.00052,1.0000,0.0000,0.0000,True,True
14.1485,-14.4185,0.8000,-24.9820,0.00104,1.0000,0.0000,0.0000,True,True
14.1567,-14.4192,0.8000,-24.9834,0.00156,1.0000,0.0000,0.0000,True,True
14.1650,-14.4202,0.8000,-24.9852,0.00208,1.0000,0.0000,0.0000,True,True
14.1734,-14.4214,0.8000,-24.9875,0.00260,1.0000,0.0000,0.0000,True,True
14.1818,-14.4228,0.8000,-24.9903,0.00313,1.0000,0.0000,0.0000,True,True
14.1901,-14.4245,0.8000,-24.9935,0.00365,1.0000,0.0000,0.0000,True,True
14.1984,-14.4264,0.8000,-24.9972,0.00417,1.0000,0.0000,0.0000,True,True
14.2067,-14.4286,0.8000,-25.0014,0.00470,1.0000,0.0000,0.0000,True,True
14.2150,-14.4309,0.8000,-25.0061,0.00521,1.0000,0.0000,0.0000,True,True
14.2234,-14.4336,0.8000,-25.0112,0.00573,1.0000,0.0000,0.0000,True,True
14.2317,-14.4364,0.8000,-25.0167,0.00625,1.0000,0.0000,0.0000,True,True
14.2400,-14.4395,0.8000,-25.0227,0.00677,1.0000,0.0000,0.0000,True,True
14.2484,-14.4429,0.8000,-25.0292,0.00730,1.0000,0.0000,0.0000,True,True
14.2567,-14.4464,0.8000,-25.0362,0.00782,1.0000,0.0000,0.0000,True,True
14.2650,-14.4503,0.8000,-25.0436,0.00834,1.0000,0.0000,0.0000,True,True
14.2734,-14.4543,0.8000,-25.0515,0.00886,1.0000,0.0000,0.0000,True,True
14.2817,-14.4586,0.8000,-25.0598,0.00938,1.0000,0.0000,0.0000,True,True
14.2900,-14.4631,0.8000,-25.0686,0.00990,1.0000,0.0000,0.0000,True,True
14.2983,-14.4679,0.8000,-25.0779,0.01042,1.0000,0.0000,0.0000,True,True
14.3068,-14.4730,0.8000,-25.0876,0.01100,1.0000,0.0000,0.0000,True,True
14.3150,-14.4782,0.8000,-25.0978,0.01141,1.0000,0.0000,0.0000,True,True
14.3234,-14.4837,0.8000,-25.1084,0.01198,1.0000,0.0000,0.0000,True,True
14.3318,-14.4894,0.8000,-25.1196,0.01252,1.0000,0.0000,0.0000,True,True
14.3400,-14.4954,0.8000,-25.1311,0.01302,1.0000,0.0000,0.0000,True,True
14.3484,-14.5016,0.8000,-25.1433,0.01363,1.0000,0.0000,0.0000,True,True
14.3568,-14.5080,0.8000,-25.1558,0.01407,1.0000,0.0000,0.0000,True,True
14.3651,-14.5147,0.8000,-25.1687,0.01459,1.0000,0.0000,0.0000,True,True
14.3734,-14.5216,0.8000,-25.1822,0.01511,1.0000,0.0000,0.0000,True,True
14.3818,-14.5288,0.8000,-25.1961,0.01564,1.0000,0.0000,0.0000,True,True
14.3901,-14.5362,0.8000,-25.2104,0.01615,1.0000,0.0000,0.0000,True,True
14.3984,-14.5438,0.8000,-25.2253,0.01668,1.0000,0.0000,0.0000,True,True
14.4068,-14.5517,0.8000,-25.2406,0.01720,1.0000,0.0000,0.0000,True,True
14.4151,-14.5598,0.8000,-25.2563,0.01771,1.0000,0.0000,0.0000,True,True
14.4234,-14.5682,0.8000,-25.2725,0.01824,1.0000,0.0000,0.0000,True,True
14.4317,-14.5768,0.8000,-25.2892,0.01875,1.0000,0.0000,0.0000,True,True
14.4401,-14.5856,0.8000,-25.3063,0.01928,1.0000,0.0000,0.0000,True,True
14.4484,-14.5946,0.8000,-25.3239,0.01980,1.0000,0.0000,0.0000,True,True
14.4568,-14.6040,0.8000,-25.3420,0.02032,1.0000,0.0000,0.0000,True,True
14.4651,-14.6135,0.8000,-25.3605,0.02085,1.0000,0.0000,0.0000,True,True
14.4734,-14.6233,0.8000,-25.3795,0.02136,1.0000,0.0000,0.0000,True,True
14.4818,-14.6333,0.8000,-25.3990,0.02189,1.0000,0.0000,0.0000,True,True
14.4901,-14.6436,0.8000,-25.4189,0.02240,1.0000,0.0000,0.0000,True,True
14.4984,-14.6541,0.8000,-25.4393,0.02293,1.0000,0.0000,0.0000,True,True
14.5068,-14.6648,0.8000,-25.4601,0.02345,1.0000,0.0000,0.0000,True,True
14.5151,-14.6758,0.8000,-25.4814,0.02397,1.0000,0.0000,0.0000,True,True
14.5234,-14.6870,0.8000,-25.5032,0.02449,1.0000,0.0000,0.0000,True,True
14.5318,-14.6984,0.8000,-25.5254,0.02501,1.0000,0.0000,0.0000,True,True
14.5401,-14.7101,0.8000,-25.5481,0.02553,1.0000,0.0000,0.0000,True,True
14.5484,-14.7220,0.8000,-25.5713,0.02605,1.0000,0.0000,0.0000,True,True
14.5568,-14.7342,0.8000,-25.5949,0.02657,1.0000,0.0000,0.0000,True,True
14.5651,-14.7466,0.8000,-25.6190,0.02709,1.0000,0.0000,0.0000,True,True
14.5734,-14.7593,0.8000,-25.6435,0.02761,1.0000,0.0000,0.0000,True,True
14.5818,-14.7721,0.8000,-25.6686,0.02814,1.0000,0.0000,0.0000,True,True
14.5901,-14.7853,0.8000,-25.6940,0.02865,1.0000,0.0000,0.0000,True,True
14.5984,-14.7986,0.8000,-25.7200,0.02918,1.0000,0.0000,0.0000,True,True
14.6068,-14.8122,0.8000,-25.7464,0.02969,1.0000,0.0000,0.0000,True,True
14.6151,-14.8260,0.8000,-25.7732,0.03021,1.0000,0.0000,0.0000,True,True
14.6234,-14.8401,0.8000,-25.8006,0.03074,1.0000,0.0000,0.0000,True,True
14.6318,-14.8544,0.8000,-25.8283,0.03125,1.0000,0.0000,0.0000,True,True
14.6401,-14.8690,0.8000,-25.8566,0.03178,1.0000,0.0000,0.0000,True,True
14.6485,-14.8838,0.8000,-25.8853,0.03230,1.0000,0.0000,0.0000,True,True
14.6568,-14.8988,0.8000,-25.9145,0.03282,1.0000,0.0000,0.0000,True,True
14.6651,-14.9141,0.8000,-25.9441,0.03334,1.0000,0.0000,0.0000,True,True
14.6734,-14.9296,0.8000,-25.9742,0.03386,1.0000,0.0000,0.0000,True,True
14.6818,-14.9453,0.8000,-26.0048,0.03439,1.0000,0.0000,0.0000,True,True
14.6901,-14.9613,0.8000,-26.0358,0.03489,1.0000,0.0000,0.0000,True,True
14.6984,-14.9775,0.8000,-26.0673,0.03543,1.0000,0.0000,0.0000,True,True
14.7068,-14.9940,0.8000,-26.0993,0.03594,1.0000,0.0000,0.0000,True,True
14.7151,-15.0107,0.8000,-26.1317,0.03646,1.0000,0.0000,0.0000,True,True
14.7234,-15.0276,0.8000,-26.1646,0.03699,1.0000,0.0000,0.0000,True,True
14.7318,-15.0448,0.8000,-26.1979,0.03750,1.0000,0.0000,0.0000,True,True
14.7401,-15.0622,0.8000,-26.2317,0.03803,1.0000,0.0000,0.0000,True,True
14.7484,-15.0798,0.8000,-26.2660,0.03854,1.0000,0.0000,0.0000,True,True
14.7568,-15.0977,0.8000,-26.3007,0.03908,1.0000,0.0000,0.0000,True,True
14.7651,-15.1158,0.8000,-26.3359,0.03958,1.0000,0.0000,0.0000,True,True
14.7735,-15.1342,0.8000,-26.3716,0.04011,1.0000,0.0000,0.0000,True,True
14.7818,-15.1528,0.8000,-26.4077,0.04063,1.0000,0.0000,0.0000,True,True
14.7901,-15.1716,0.8000,-26.4443,0.04115,1.0000,0.0000,0.0000,True,True
14.7985,-15.1907,0.8000,-26.4813,0.04166,1.0000,0.0000,0.0000,True,True
14.8068,-15.2100,0.8000,-26.5188,0.04219,1.0000,0.0000,0.0000,True,True
14.8151,-15.2296,0.8000,-26.5568,0.04272,1.0000,0.0000,0.0000,True,True
14.8235,-15.2494,0.8000,-26.5952,0.04323,1.0000,0.0000,0.0000,True,True
14.8318,-15.2694,0.8000,-26.6341,0.04375,1.0000,0.0000,0.0000,True,True
14.8401,-15.2897,0.8000,-26.6735,0.04428,1.0000,0.0000,0.0000,True,True
14.8485,-15.3102,0.8000,-26.7133,0.04480,1.0000,0.0000,0.0000,True,True
14.8568,-15.3308,0.8000,-26.7533,0.04499,1.0000,0.0000,0.0000,True,True
14.8651,-15.3514,0.8000,-26.7933,0.04501,1.0000,0.0000,0.0000,True,True
14.8734,-15.3720,0.8000,-26.8334,0.04500,1.0000,0.0000,0.0000,True,True
14.8818,-15.3926,0.8000,-26.8734,0.04500,1.0000,0.0000,0.0000,True,True
14.8901,-15.4132,0.8000,-26.9134,0.04500,1.0000,0.0000,0.0000,True,True
14.8984,-15.4338,0.8000,-26.9534,0.04501,1.0000,0.0000,0.0000,True,True
14.9068,-15.4544,0.8000,-26.9934,0.04500,1.0000,0.0000,0.0000,True,True
14.9151,-15.4750,0.8000,-27.0334,0.04501,1.0000,0.0000,0.0000,True,True
14.9235,-15.4957,0.8000,-27.0734,0.04500,1.0000,0.0000,0.0000,True,True
14.9318,-15.5163,0.8000,-27.1134,0.04500,1.0000,0.0000,0.0000,True,True
14.9401,-15.5369,0.8000,-27.1534,0.04500,1.0000,0.0000,0.0000,True,True
14.9485,-15.5575,0.8000,-27.1934,0.04502,1.0000,0.0000,0.0000,True,True
14.9568,-15.5781,0.8000,-27.2334,0.04500,1.0000,0.0000,0.0000,True,True
14.9651,-15.5987,0.8000,-27.2735,0.04500,1.0000,0.0000,0.0000,True,True
14.9736,-15.6193,0.8000,-27.3135,0.04501,1.0000,0.0000,0.0000,True,True
14.9818,-15.6399,0.8000,-27.3535,0.04500,1.0000,0.0000,0.0000,True,True
14.9901,-15.6605,0.8000,-27.3935,0.04500,1.0000,0.0000,0.0000,True,True
14.9985,-15.6811,0.8000,-27.4335,0.04500,1.0000,0.0000,0.0000,True,True
15.0068,-15.7017,0.8000,-27.4735,0.04500,1.0000,0.0000,0.0000,True,True
15.0151,-15.7223,0.8000,-27.5135,0.04500,1.0000,0.0000,0.0000,True,True
15.0235,-15.7429,0.8000,-27.5535,0.04501,1.0000,0.0000,0.0000,True,True
15.0318,-15.7635,0.8000,-27.5935,0.04500,1.0000,0.0000,0.0000,True,True
15.0401,-15.7841,0.8000,-27.6335,0.04500,1.0000,0.0000,0.0000,True,True
15.0485,-15.8047,0.8000,-27.6735,0.04501,1.0000,0.0000,0.0000,True,True
15.0568,-15.8253,0.8000,-27.7135,0.04500,1.0000,0.0000,0.0000,True,True
15.0651,-15.8459,0.8000,-27.7535,0.04499,1.0000,0.0000,0.0000,True,True
15.0735,-15.8665,0.8000,-27.7936,0.04500,1.0000,0.0000,0.0000,True,True
15.0818,-15.8871,0.8000,-27.8336,0.04500,1.0000,0.0000,0.0000,True,True
15.0901,-15.9078,0.8000,-27.8736,0.04502,1.0000,0.0000,0.0000,True,True
15.0985,-15.9284,0.8000,-27.9136,0.04500,1.0000,0.0000,0.0000,True,True
15.1068,-15.9490,0.8000,-27.9536,0.04500,1.0000,0.0000,0.0000,True,True
15.1152,-15.9697,0.8000,-27.9938,0.04522,1.0000,0.0000,0.0000,True,True
15.1235,-15.9903,0.8000,-28.0338,0.04501,1.0000,0.0000,0.0000,True,True
15.1318,-16.0109,0.8000,-28.0738,0.04504,1.0000,0.0000,0.0000,True,True
15.1402,-16.0315,0.8000,-28.1138,0.04499,1.0000,0.0000,0.0000,True,True
15.1485,-16.0521,0.8000,-28.1539,0.04501,1.0000,0.0000,0.0000,True,True
15.1568,-16.0727,0.8000,-28.1939,0.04500,1.0000,0.0000,0.0000,True,True
15.1652,-16.0933,0.8000,-28.2339,0.04501,1.0000,0.0000,0.0000,True,True
15.1735,-16.1139,0.8000,-28.2739,0.04500,1.0000,0.0000,0.0000,True,True
15.1819,-16.1345,0.8000,-28.3139,0.04498,1.0000,0.0000,0.0000,True,True
15.1902,-16.1549,0.8000,-28.3534,0.04447,1.0000,0.0000,0.0000,True,True
15.1985,-16.1750,0.8000,-28.3925,0.04395,1.0000,0.0000,0.0000,True,True
15.2069,-16.1949,0.8000,-28.4311,0.04342,1.0000,0.0000,0.0000,True,True
15.2152,-16.2145,0.8000,-28.4692,0.04290,1.0000,0.0000,0.0000,True,True
15.2235,-16.2339,0.8000,-28.5069,0.04239,1.0000,0.0000,0.0000,True,True
15.2319,-16.2531,0.8000,-28.5441,0.04187,1.0000,0.0000,0.0000,True,True
15.2402,-16.2720,0.8000,-28.5809,0.04134,1.0000,0.0000,0.0000,True,True
15.2485,-16.2907,0.8000,-28.6171,0.04081,1.0000,0.0000,0.0000,True,True
15.2569,-16.3092,0.8000,-28.6530,0.04030,1.0000,0.0000,0.0000,True,True
15.2652,-16.3274,0.8000,-28.6883,0.03978,1.0000,0.0000,0.0000,True,True
15.2752,-16.3489,0.8000,-28.7301,0.04695,1.0000,0.0000,0.0000,True,True
15.2826,-16.3646,0.8000,-28.7606,0.03427,1.0000,0.0000,0.0000,True,True
15.2909,-16.3821,0.8000,-28.7945,0.03823,1.0000,0.0000,0.0000,True,True
15.2992,-16.3993,0.8000,-28.8281,0.03771,1.0000,0.0000,0.0000,True,True
15.3075,-16.4164,0.8000,-28.8611,0.03719,1.0000,0.0000,0.0000,True,True
15.3160,-16.4332,0.8000,-28.8937,0.03668,1.0000,0.0000,0.0000,True,True
15.3242,-16.4497,0.8000,-28.9259,0.03615,1.0000,0.0000,0.0000,True,True
15.3325,-16.4660,0.8000,-28.9576,0.03563,1.0000,0.0000,0.0000,True,True
15.3409,-16.4821,0.8000,-28.9888,0.03510,1.0000,0.0000,0.0000,True,True
15.3492,-16.4979,0.8000,-29.0195,0.03459,1.0000,0.0000,0.0000,True,True
15.3575,-16.5135,0.8000,-29.0498,0.03408,1.0000,0.0000,0.0000,True,True
15.3659,-16.5289,0.8000,-29.0796,0.03354,1.0000,0.0000,0.0000,True,True
15.3742,-16.5440,0.8000,-29.1090,0.03302,1.0000,0.0000,0.0000,True,True
15.3825,-16.5589,0.8000,-29.1379,0.03251,1.0000,0.0000,0.0000,True,True
15.3909,-16.5735,0.8000,-29.1663,0.03198,1.0000,0.0000,0.0000,True,True
15.3993,-16.5879,0.8000,-29.1943,0.03146,1.0000,0.0000,0.0000,True,True
15.4075,-16.6021,0.8000,-29.2218,0.03094,1.0000,0.0000,0.0000,True,True
15.4159,-16.6160,0.8000,-29.2488,0.03042,1.0000,0.0000,0.0000,True,True
15.4242,-16.6297,0.8000,-29.2754,0.02990,1.0000,0.0000,0.0000,True,True
15.4325,-16.6432,0.8000,-29.3015,0.02937,1.0000,0.0000,0.0000,True,True
15.4409,-16.6564,0.8000,-29.3272,0.02886,1.0000,0.0000,0.0000,True,True
15.4492,-16.6694,0.8000,-29.3524,0.02833,1.0000,0.0000,0.0000,True,True
15.4575,-16.6821,0.8000,-29.3771,0.02782,1.0000,0.0000,0.0000,True,True
15.4659,-16.6946,0.8000,-29.4014,0.02729,1.0000,0.0000,0.0000,True,True
15.4742,-16.7069,0.8000,-29.4252,0.02677,1.0000,0.0000,0.0000,True,True
15.4825,-16.7189,0.8000,-29.4485,0.02625,1.0000,0.0000,0.0000,True,True
15.4909,-16.7307,0.8000,-29.4714,0.02573,1.0000,0.0000,0.0000,True,True
15.4993,-16.7422,0.8000,-29.4938,0.02521,1.0000,0.0000,0.0000,True,True
15.5076,-16.7535,0.8000,-29.5158,0.02470,1.0000,0.0000,0.0000,True,True
15.5159,-16.7646,0.8000,-29.5372,0.02417,1.0000,0.0000,0.0000,True,True
15.5242,-16.7754,0.8000,-29.5583,0.02365,1.0000,0.0000,0.0000,True,True
15.5325,-16.7860,0.8000,-29.5788,0.02312,1.0000,0.0000,0.0000,True,True
15.5409,-16.7963,0.8000,-29.5989,0.02260,1.0000,0.0000,0.0000,True,True
15.5493,-16.8065,0.8000,-29.6186,0.02209,1.0000,0.0000,0.0000,True,True
15.5575,-16.8163,0.8000,-29.6377,0.02156,1.0000,0.0000,0.0000,True,True
15.5659,-16.8260,0.8000,-29.6564,0.02104,1.0000,0.0000,0.0000,True,True
15.5742,-16.8354,0.8000,-29.6747,0.02053,1.0000,0.0000,0.0000,True,True
15.5825,-16.8445,0.8000,-29.6925,0.02000,1.0000,0.0000,0.0000,True,True
15.5909,-16.8534,0.8000,-29.7098,0.01948,1.0000,0.0000,0.0000,True,True
15.5993,-16.8621,0.8000,-29.7266,0.01896,1.0000,0.0000,0.0000,True,True
15.6075,-16.8706,0.8000,-29.7430,0.01844,1.0000,0.0000,0.0000,True,True
15.6159,-16.8788,0.8000,-29.7590,0.01792,1.0000,0.0000,0.0000,True,True
15.6242,-16.8867,0.8000,-29.7744,0.01740,1.0000,0.0000,0.0000,True,True
15.6325,-16.8945,0.8000,-29.7894,0.01688,1.0000,0.0000,0.0000,True,True
15.6409,-16.9019,0.8000,-29.8040,0.01635,1.0000,0.0000,0.0000,True,True
15.6493,-16.9092,0.8000,-29.8181,0.01584,1.0000,0.0000,0.0000,True,True
15.6575,-16.9162,0.8000,-29.8317,0.01531,1.0000,0.0000,0.0000,True,True
15.6659,-16.9230,0.8000,-29.8448,0.01480,1.0000,0.0000,0.0000,True,True
15.6742,-16.9295,0.8000,-29.8575,0.01427,1.0000,0.0000,0.0000,True,True
15.6826,-16.9358,0.8000,-29.8697,0.01375,1.0000,0.0000,0.0000,True,True
15.6909,-16.9419,0.8000,-29.8815,0.01323,1.0000,0.0000,0.0000,True,True
15.6993,-16.9477,0.8000,-29.8929,0.01278,1.0000,0.0000,0.0000,True,True
15.7076,-16.9533,0.8000,-29.9036,0.01213,1.0000,0.0000,0.0000,True,True
15.7159,-16.9586,0.8000,-29.9140,0.01166,1.0000,0.0000,0.0000,True,True
15.7242,-16.9637,0.8000,-29.9239,0.01115,1.0000,0.0000,0.0000,True,True
15.7326,-16.9686,0.8000,-29.9334,0.01063,1.0000,0.0000,0.0000,True,True
15.7409,-16.9732,0.8000,-29.9424,0.01011,1.0000,0.0000,0.0000,True,True
15.7493,-16.9776,0.8000,-29.9509,0.00964,1.0000,0.0000,0.0000,True,True
15.7576,-16.9818,0.8000,-29.9590,0.00906,1.0000,0.0000,0.0000,True,True
15.7659,-16.9857,0.8000,-29.9666,0.00854,1.0000,0.0000,0.0000,True,True
15.7743,-16.9894,0.8000,-29.9738,0.00817,1.0000,0.0000,0.0000,True,True
15.7826,-16.9930,0.8000,-29.9808,0.00788,1.0000,0.0000,0.0000,True,True
15.7912,-16.9930,0.8000,-29.9808,0.00000,1.0000,0.0000,0.0000,True,True
15.7995,-16.9931,0.8000,-29.9814,0.00052,1.0000,0.0000,0.0000,True,True
15.8079,-16.9933,0.8000,-29.9824,0.00104,1.0000,0.0000,0.0000,True,True
15.8162,-16.9937,0.8000,-29.9839,0.00156,1.0000,0.0000,0.0000,True,True
15.8245,-16.9941,0.8000,-29.9860,0.00208,1.0000,0.0000,0.0000,True,True
15.8329,-16.9946,0.8000,-29.9885,0.00260,1.0000,0.0000,0.0000,True,True
15.8412,-16.9952,0.8000,-29.9916,0.00312,1.0000,0.0000,0.0000,True,True
15.8495,-16.9959,0.8000,-29.9951,0.00364,1.0000,0.0000,0.0000,True,True
15.8579,-16.9967,0.8000,-29.9992,0.00417,1.0000,0.0000,0.0000,True,True
15.8662,-16.9976,0.8000,-30.0038,0.00469,1.0000,0.0000,0.0000,True,True
15.8745,-16.9987,0.8000,-30.0089,0.00521,1.0000,0.0000,0.0000,True,True
15.8829,-16.9998,0.8000,-30.0146,0.00573,1.0000,0.0000,0.0000,True,True
15.8912,-17.0010,0.8000,-30.0207,0.00625,1.0000,0.0000,0.0000,True,True
15.8995,-17.0024,0.8000,-30.0273,0.00677,1.0000,0.0000,0.0000,True,True
15.9079,-17.0038,0.8000,-30.0345,0.00729,1.0000,0.0000,0.0000,True,True
15.9162,-17.0053,0.8000,-30.0421,0.00781,1.0000,0.0000,0.0000,True,True
15.9245,-17.0070,0.8000,-30.0503,0.00833,1.0000,0.0000,0.0000,True,True
15.9329,-17.0087,0.8000,-30.0590,0.00885,1.0000,0.0000,0.0000,True,True
15.9412,-17.0106,0.8000,-30.0682,0.00937,1.0000,0.0000,0.0000,True,True
15.9495,-17.0125,0.8000,-30.0779,0.00990,1.0000,0.0000,0.0000,True,True
15.9579,-17.0146,0.8000,-30.0881,0.01042,1.0000,0.0000,0.0000,True,True
15.9686,-17.0173,0.8000,-30.1020,0.01418,1.0000,0.0000,0.0000,True,True
15.9778,-17.0199,0.8000,-30.1146,0.01283,1.0000,0.0000,0.0000,True,True
15.9858,-17.0222,0.8000,-30.1261,0.01179,1.0000,0.0000,0.0000,True,True
15.9971,-17.0256,0.8000,-30.1431,0.01730,1.0000,0.0000,0.0000,True,True
16.0026,-17.0274,0.8000,-30.1519,0.00896,1.0000,0.0000,0.0000,True,True
16.0111,-17.0301,0.8000,-30.1653,0.01375,1.0000,0.0000,0.0000,True,True
16.0193,-17.0329,0.8000,-30.1793,0.01425,1.0000,0.0000,0.0000,True,True
16.0276,-17.0358,0.8000,-30.1938,0.01478,1.0000,0.0000,0.0000,True,True
16.0360,-17.0388,0.8000,-30.2088,0.01530,1.0000,0.0000,0.0000,True,True
16.0443,-17.0419,0.8000,-30.2243,0.01582,1.0000,0.0000,0.0000,True,True
16.0526,-17.0451,0.8000,-30.2403,0.01634,1.0000,0.0000,0.0000,True,True
16.0610,-17.0484,0.8000,-30.2569,0.01686,1.0000,0.0000,0.0000,True,True
16.0694,-17.0518,0.8000,-30.2739,0.01739,1.0000,0.0000,0.0000,True,True
16.0777,-17.0554,0.8000,-30.2915,0.01790,1.0000,0.0000,0.0000,True,True
16.0860,-17.0590,0.8000,-30.3095,0.01842,1.0000,0.0000,0.0000,True,True
16.0943,-17.0627,0.8000,-30.3281,0.01895,1.0000,0.0000,0.0000,True,True
16.1027,-17.0665,0.8000,-30.3472,0.01947,1.0000,0.0000,0.0000,True,True
16.1110,-17.0705,0.8000,-30.3668,0.01999,1.0000,0.0000,0.0000,True,True
16.1193,-17.0745,0.8000,-30.3869,0.02051,1.0000,0.0000,0.0000,True,True
16.1276,-17.0786,0.8000,-30.4075,0.02103,1.0000,0.0000,0.0000,True,True
16.1360,-17.0829,0.8000,-30.4287,0.02155,1.0000,0.0000,0.0000,True,True
16.1443,-17.0872,0.8000,-30.4503,0.02208,1.0000,0.0000,0.0000,True,True
16.1526,-17.0917,0.8000,-30.4724,0.02259,1.0000,0.0000,0.0000,True,True
16.1610,-17.0962,0.8000,-30.4951,0.02312,1.0000,0.0000,0.0000,True,True
16.1693,-17.1009,0.8000,-30.5184,0.02371,1.0000,0.0000,0.0000,True,True
16.1857,-17.1087,0.8000,-30.5573,0.03973,1.0000,0.0000,0.0000,True,True
16.1993,-17.1185,0.8000,-30.6062,0.04984,1.0000,0.0000,0.0000,True,True
16.2079,-17.1237,0.8000,-30.6322,0.02659,1.0000,0.0000,0.0000,True,True
16.2162,-17.1290,0.8000,-30.6585,0.02682,1.0000,0.0000,0.0000,True,True
16.2244,-17.1343,0.8000,-30.6851,0.02707,1.0000,0.0000,0.0000,True,True
16.2327,-17.1398,0.8000,-30.7121,0.02760,1.0000,0.0000,0.0000,True,True
16.2411,-17.1453,0.8000,-30.7397,0.02812,1.0000,0.0000,0.0000,True,True
16.2494,-17.1509,0.8000,-30.7678,0.02865,1.0000,0.0000,0.0000,True,True
16.2577,-17.1567,0.8000,-30.7964,0.02917,1.0000,0.0000,0.0000,True,True
16.2661,-17.1625,0.8000,-30.8255,0.02967,1.0000,0.0000,0.0000,True,True
16.2744,-17.1684,0.8000,-30.8551,0.03021,1.0000,0.0000,0.0000,True,True
16.2828,-17.1745,0.8000,-30.8852,0.03072,1.0000,0.0000,0.0000,True,True
16.2911,-17.1806,0.8000,-30.9159,0.03125,1.0000,0.0000,0.0000,True,True
16.2994,-17.1869,0.8000,-30.9470,0.03177,1.0000,0.0000,0.0000,True,True
16.3078,-17.1932,0.8000,-30.9787,0.03229,1.0000,0.0000,0.0000,True,True
16.3162,-17.1997,0.8000,-31.0109,0.03281,1.0000,0.0000,0.0000,True,True
16.3244,-17.2062,0.8000,-31.0435,0.03332,1.0000,0.0000,0.0000,True,True
16.3327,-17.2129,0.8000,-31.0767,0.03385,1.0000,0.0000,0.0000,True,True
16.3411,-17.2197,0.8000,-31.1104,0.03436,1.0000,0.0000,0.0000,True,True
16.3494,-17.2265,0.8000,-31.1446,0.03490,1.0000,0.0000,0.0000,True,True
16.3578,-17.2335,0.8000,-31.1794,0.03543,1.0000,0.0000,0.0000,True,True
16.3661,-17.2406,0.8000,-31.2146,0.03592,1.0000,0.0000,0.0000,True,True
16.3744,-17.2477,0.8000,-31.2503,0.03646,1.0000,0.0000,0.0000,True,True
16.3828,-17.2550,0.8000,-31.2866,0.03698,1.0000,0.0000,0.0000,True,True
16.3911,-17.2624,0.8000,-31.3234,0.03756,1.0000,0.0000,0.0000,True,True
16.3994,-17.2699,0.8000,-31.3607,0.03803,1.0000,0.0000,0.0000,True,True
16.4078,-17.2774,0.8000,-31.3985,0.03853,1.0000,0.0000,0.0000,True,True
16.4161,-17.2851,0.8000,-31.4368,0.03906,1.0000,0.0000,0.0000,True,True
16.4245,-17.2929,0.8000,-31.4756,0.03959,1.0000,0.0000,0.0000,True,True
16.4328,-17.3008,0.8000,-31.5149,0.04010,1.0000,0.0000,0.0000,True,True
16.4411,-17.3088,0.8000,-31.5548,0.04064,1.0000,0.0000,0.0000,True,True
16.4494,-17.3169,0.8000,-31.5951,0.04113,1.0000,0.0000,0.0000,True,True
16.4578,-17.3251,0.8000,-31.6359,0.04166,1.0000,0.0000,0.0000,True,True
16.4661,-17.3334,0.8000,-31.6773,0.04218,1.0000,0.0000,0.0000,True,True
16.4744,-17.3418,0.8000,-31.7192,0.04271,1.0000,0.0000,0.0000,True,True
16.4828,-17.3503,0.8000,-31.7616,0.04323,1.0000,0.0000,0.0000,True,True
16.4912,-17.3589,0.8000,-31.8045,0.04378,1.0000,0.0000,0.0000,True,True
16.4994,-17.3676,0.8000,-31.8479,0.04427,1.0000,0.0000,0.0000,True,True
16.5078,-17.3764,0.8000,-31.8918,0.04481,1.0000,0.0000,0.0000,True,True
16.5161,-17.3853,0.8000,-31.9359,0.04499,1.0000,0.0000,0.0000,True,True
16.5245,-17.3941,0.8000,-31.9801,0.04499,1.0000,0.0000,0.0000,True,True
16.5328,-17.4030,0.8000,-32.0242,0.04500,1.0000,0.0000,0.0000,True,True
16.5411,-17.4118,0.8000,-32.0683,0.04500,1.0000,0.0000,0.0000,True,True
16.5494,-17.4207,0.8000,-32.1124,0.04500,1.0000,0.0000,0.0000,True,True
16.5578,-17.4295,0.8000,-32.1565,0.04501,1.0000,0.0000,0.0000,True,True
16.5661,-17.4384,0.8000,-32.2007,0.04500,1.0000,0.0000,0.0000,True,True
16.5744,-17.4472,0.8000,-32.2448,0.04499,1.0000,0.0000,0.0000,True,True
16.5828,-17.4561,0.8000,-32.2889,0.04500,1.0000,0.0000,0.0000,True,True
16.5911,-17.4649,0.8000,-32.3330,0.04500,1.0000,0.0000,0.0000,True,True
16.5994,-17.4738,0.8000,-32.3771,0.04501,1.0000,0.0000,0.0000,True,True
16.6078,-17.4826,0.8000,-32.4213,0.04500,1.0000,0.0000,0.0000,True,True
16.6161,-17.4915,0.8000,-32.4654,0.04500,1.0000,0.0000,0.0000,True,True
16.6438,-17.5102,0.8000,-32.5584,0.09489,1.0000,0.0000,0.0000,True,True
16.6467,-17.5240,0.8000,-32.6272,0.07014,1.0000,0.0000,0.0000,True,True
16.6577,-17.5356,0.8000,-32.6852,0.05921,1.0000,0.0000,0.0000,True,True
16.6660,-17.5445,0.8000,-32.7296,0.04528,1.0000,0.0000,0.0000,True,True
16.6744,-17.5534,0.8000,-32.7741,0.04534,1.0000,0.0000,0.0000,True,True
16.6827,-17.5623,0.8000,-32.8181,0.04484,1.0000,0.0000,0.0000,True,True
16.6911,-17.5711,0.8000,-32.8622,0.04500,1.0000,0.0000,0.0000,True,True
16.6994,-17.5800,0.8000,-32.9063,0.04500,1.0000,0.0000,0.0000,True,True
16.7077,-17.5888,0.8000,-32.9504,0.04499,1.0000,0.0000,0.0000,True,True
16.7160,-17.5977,0.8000,-32.9945,0.04501,1.0000,0.0000,0.0000,True,True
16.7244,-17.6065,0.8000,-33.0387,0.04502,1.0000,0.0000,0.0000,True,True
16.7327,-17.6154,0.8000,-33.0828,0.04500,1.0000,0.0000,0.0000,True,True
16.7411,-17.6242,0.8000,-33.1269,0.04500,1.0000,0.0000,0.0000,True,True
16.7494,-17.6330,0.8000,-33.1707,0.04463,1.0000,0.0000,0.0000,True,True
16.7577,-17.6417,0.8000,-33.2139,0.04409,1.0000,0.0000,0.0000,True,True
16.7661,-17.6502,0.8000,-33.2566,0.04358,1.0000,0.0000,0.0000,True,True
16.7744,-17.6587,0.8000,-33.2989,0.04306,1.0000,0.0000,0.0000,True,True
16.7827,-17.6671,0.8000,-33.3406,0.04255,1.0000,0.0000,0.0000,True,True
16.7911,-17.6753,0.8000,-33.3817,0.04200,1.0000,0.0000,0.0000,True,True
16.7994,-17.6835,0.8000,-33.4224,0.04149,1.0000,0.0000,0.0000,True,True
16.8078,-17.6916,0.8000,-33.4627,0.04105,1.0000,0.0000,0.0000,True,True
16.8161,-17.6995,0.8000,-33.5023,0.04046,1.0000,0.0000,0.0000,True,True
16.8244,-17.7074,0.8000,-33.5415,0.03993,1.0000,0.0000,0.0000,True,True
16.8327,-17.7151,0.8000,-33.5801,0.03941,1.0000,0.0000,0.0000,True,True
16.8411,-17.7228,0.8000,-33.6183,0.03889,1.0000,0.0000,0.0000,True,True
16.8494,-17.7303,0.8000,-33.6559,0.03837,1.0000,0.0000,0.0000,True,True
16.8578,-17.7378,0.8000,-33.6930,0.03785,1.0000,0.0000,0.0000,True,True
16.8661,-17.7451,0.8000,-33.7296,0.03732,1.0000,0.0000,0.0000,True,True
16.8744,-17.7524,0.8000,-33.7657,0.03681,1.0000,0.0000,0.0000,True,True
16.8829,-17.7596,0.8000,-33.8018,0.03688,1.0000,0.0000,0.0000,True,True
16.8912,-17.7667,0.8000,-33.8369,0.03575,1.0000,0.0000,0.0000,True,True
16.8996,-17.7736,0.8000,-33.8716,0.03542,1.0000,0.0000,0.0000,True,True
16.9079,-17.7804,0.8000,-33.9056,0.03464,1.0000,0.0000,0.0000,True,True
16.9163,-17.7872,0.8000,-33.9391,0.03419,1.0000,0.0000,0.0000,True,True
16.9246,-17.7938,0.8000,-33.9721,0.03366,1.0000,0.0000,0.0000,True,True
16.9329,-17.8003,0.8000,-34.0046,0.03315,1.0000,0.0000,0.0000,True,True
16.9413,-17.8067,0.8000,-34.0366,0.03262,1.0000,0.0000,0.0000,True,True
16.9497,-17.8130,0.8000,-34.0681,0.03212,1.0000,0.0000,0.0000,True,True
16.9579,-17.8192,0.8000,-34.0990,0.03157,1.0000,0.0000,0.0000,True,True
16.9663,-17.8254,0.8000,-34.1295,0.03107,1.0000,0.0000,0.0000,True,True
16.9746,-17.8314,0.8000,-34.1594,0.03055,1.0000,0.0000,0.0000,True,True
16.9829,-17.8373,0.8000,-34.1889,0.03003,1.0000,0.0000,0.0000,True,True
16.9913,-17.8431,0.8000,-34.2178,0.02950,1.0000,0.0000,0.0000,True,True
16.9996,-17.8488,0.8000,-34.2462,0.02898,1.0000,0.0000,0.0000,True,True
17.0079,-17.8544,0.8000,-34.2741,0.02846,1.0000,0.0000,0.0000,True,True
17.0163,-17.8599,0.8000,-34.3015,0.02794,1.0000,0.0000,0.0000,True,True
17.0246,-17.8653,0.8000,-34.3284,0.02742,1.0000,0.0000,0.0000,True,True
17.0330,-17.8706,0.8000,-34.3548,0.02690,1.0000,0.0000,0.0000,True,True
17.0413,-17.8757,0.8000,-34.3806,0.02638,1.0000,0.0000,0.0000,True,True
17.0496,-17.8808,0.8000,-34.4060,0.02585,1.0000,0.0000,0.0000,True,True
17.0579,-17.8858,0.8000,-34.4308,0.02534,1.0000,0.0000,0.0000,True,True
17.0663,-17.8907,0.8000,-34.4551,0.02482,1.0000,0.0000,0.0000,True,True
17.0746,-17.8955,0.8000,-34.4790,0.02429,1.0000,0.0000,0.0000,True,True
17.0829,-17.9001,0.8000,-34.5023,0.02377,1.0000,0.0000,0.0000,True,True
17.0913,-17.9047,0.8000,-34.5251,0.02325,1.0000,0.0000,0.0000,True,True
17.0996,-17.9092,0.8000,-34.5474,0.02274,1.0000,0.0000,0.0000,True,True
17.1079,-17.9136,0.8000,-34.5691,0.02220,1.0000,0.0000,0.0000,True,True
17.1163,-17.9178,0.8000,-34.5904,0.02169,1.0000,0.0000,0.0000,True,True
17.1246,-17.9220,0.8000,-34.6111,0.02117,1.0000,0.0000,0.0000,True,True
17.1329,-17.9260,0.8000,-34.6314,0.02065,1.0000,0.0000,0.0000,True,True
17.1413,-17.9300,0.8000,-34.6511,0.02012,1.0000,0.0000,0.0000,True,True
17.1496,-17.9339,0.8000,-34.6703,0.01961,1.0000,0.0000,0.0000,True,True
17.1579,-17.9376,0.8000,-34.6890,0.01908,1.0000,0.0000,0.0000,True,True
17.1663,-17.9413,0.8000,-34.7072,0.01856,1.0000,0.0000,0.0000,True,True
17.1746,-17.9448,0.8000,-34.7249,0.01805,1.0000,0.0000,0.0000,True,True
17.1829,-17.9483,0.8000,-34.7421,0.01752,1.0000,0.0000,0.0000,True,True
17.1913,-17.9516,0.8000,-34.7588,0.01701,1.0000,0.0000,0.0000,True,True
17.1996,-17.9549,0.8000,-34.7749,0.01648,1.0000,0.0000,0.0000,True,True
17.2079,-17.9580,0.8000,-34.7906,0.01596,1.0000,0.0000,0.0000,True,True
17.2163,-17.9610,0.8000,-34.8057,0.01544,1.0000,0.0000,0.0000,True,True
17.2247,-17.9640,0.8000,-34.8204,0.01492,1.0000,0.0000,0.0000,True,True
17.2329,-17.9668,0.8000,-34.8345,0.01440,1.0000,0.0000,0.0000,True,True
17.2413,-17.9695,0.8000,-34.8481,0.01388,1.0000,0.0000,0.0000,True,True
17.2496,-17.9721,0.8000,-34.8612,0.01335,1.0000,0.0000,0.0000,True,True
17.2580,-17.9747,0.8000,-34.8738,0.01283,1.0000,0.0000,0.0000,True,True
17.2663,-17.9771,0.8000,-34.8858,0.01231,1.0000,0.0000,0.0000,True,True
17.2746,-17.9794,0.8000,-34.8974,0.01179,1.0000,0.0000,0.0000,True,True
17.2830,-17.9816,0.8000,-34.9084,0.01127,1.0000,0.0000,0.0000,True,True
17.2913,-17.9838,0.8000,-34.9190,0.01082,1.0000,0.0000,0.0000,True,True
17.2996,-17.9858,0.8000,-34.9292,0.01039,1.0000,0.0000,0.0000,True,True
17.3080,-17.9878,0.8000,-34.9390,0.00998,1.0000,0.0000,0.0000,True,True
17.3163,-17.9897,0.8000,-34.9484,0.00959,1.0000,0.0000,0.0000,True,True
17.3247,-17.9915,0.8000,-34.9575,0.00923,1.0000,0.0000,0.0000,True,True
17.3329,-17.9932,0.8000,-34.9662,0.00891,1.0000,0.0000,0.0000,True,True
17.3414,-17.9949,0.8000,-34.9747,0.00863,1.0000,0.0000,0.0000,True,True
17.3496,-17.9966,0.8000,-34.9829,0.00840,1.0000,0.0000,0.0000,True,True
17.3580,-17.9966,0.8000,-34.9829,0.00000,1.0000,0.0000,0.0000,True,True
17.3663,-17.9964,0.8000,-34.9834,0.00052,1.0000,0.0000,0.0000,True,True
17.3746,-17.9961,0.8000,-34.9844,0.00104,1.0000,0.0000,0.0000,True,True
17.3830,-17.9956,0.8000,-34.9859,0.00157,1.0000,0.0000,0.0000,True,True
17.3913,-17.9949,0.8000,-34.9879,0.00209,1.0000,0.0000,0.0000,True,True
17.3996,-17.9941,0.8000,-34.9904,0.00261,1.0000,0.0000,0.0000,True,True
17.4080,-17.9931,0.8000,-34.9934,0.00317,1.0000,0.0000,0.0000,True,True
17.4163,-17.9920,0.8000,-34.9968,0.00366,1.0000,0.0000,0.0000,True,True
17.4247,-17.9907,0.8000,-35.0008,0.00418,1.0000,0.0000,0.0000,True,True
17.4330,-17.9892,0.8000,-35.0053,0.00470,1.0000,0.0000,0.0000,True,True
17.4414,-17.9876,0.8000,-35.0102,0.00522,1.0000,0.0000,0.0000,True,True
17.4497,-17.9857,0.8000,-35.0157,0.00574,1.0000,0.0000,0.0000,True,True
17.4581,-17.9838,0.8000,-35.0216,0.00626,1.0000,0.0000,0.0000,True,True
17.4665,-17.9817,0.8000,-35.0280,0.00679,1.0000,0.0000,0.0000,True,True
17.4748,-17.9794,0.8000,-35.0350,0.00729,1.0000,0.0000,0.0000,True,True
17.4830,-17.9769,0.8000,-35.0424,0.00782,1.0000,0.0000,0.0000,True,True
17.4914,-17.9743,0.8000,-35.0503,0.00834,1.0000,0.0000,0.0000,True,True
17.4997,-17.9715,0.8000,-35.0587,0.00886,1.0000,0.0000,0.0000,True,True
17.5080,-17.9686,0.8000,-35.0676,0.00938,1.0000,0.0000,0.0000,True,True
17.5163,-17.9655,0.8000,-35.0770,0.00990,1.0000,0.0000,0.0000,True,True
17.5247,-17.9622,0.8000,-35.0869,0.01043,1.0000,0.0000,0.0000,True,True
17.5330,-17.9588,0.8000,-35.0973,0.01094,1.0000,0.0000,0.0000,True,True
17.5415,-17.9552,0.8000,-35.1082,0.01146,1.0000,0.0000,0.0000,True,True
17.5497,-17.9514,0.8000,-35.1196,0.01198,1.0000,0.0000,0.0000,True,True
17.5580,-17.9475,0.8000,-35.1314,0.01250,1.0000,0.0000,0.0000,True,True
17.5664,-17.9434,0.8000,-35.1438,0.01303,1.0000,0.0000,0.0000,True,True
17.5747,-17.9391,0.8000,-35.1567,0.01354,1.0000,0.0000,0.0000,True,True
17.5830,-17.9347,0.8000,-35.1700,0.01407,1.0000,0.0000,0.0000,True,True
17.5914,-17.9301,0.8000,-35.1839,0.01458,1.0000,0.0000,0.0000,True,True
17.5997,-17.9254,0.8000,-35.1982,0.01511,1.0000,0.0000,0.0000,True,True
17.6080,-17.9205,0.8000,-35.2131,0.01563,1.0000,0.0000,0.0000,True,True
17.6164,-17.9154,0.8000,-35.2284,0.01615,1.0000,0.0000,0.0000,True,True
17.6247,-17.9102,0.8000,-35.2442,0.01667,1.0000,0.0000,0.0000,True,True
17.6330,-17.9048,0.8000,-35.2605,0.01719,1.0000,0.0000,0.0000,True,True
17.6414,-17.8992,0.8000,-35.2774,0.01771,1.0000,0.0000,0.0000,True,True
17.6497,-17.8935,0.8000,-35.2947,0.01824,1.0000,0.0000,0.0000,True,True
17.6581,-17.8876,0.8000,-35.3125,0.01876,1.0000,0.0000,0.0000,True,True
17.6947,-17.8601,0.8000,-35.3958,0.08769,1.0000,0.0000,0.0000,True,True
17.7024,-17.8525,0.8000,-35.4189,0.02432,1.0000,0.0000,0.0000,True,True
17.7107,-17.8456,0.8000,-35.4398,0.02204,1.0000,0.0000,0.0000,True,True
17.7190,-17.8385,0.8000,-35.4612,0.02256,1.0000,0.0000,0.0000,True,True
17.7274,-17.8312,0.8000,-35.4831,0.02309,1.0000,0.0000,0.0000,True,True
17.7357,-17.8238,0.8000,-35.5055,0.02361,1.0000,0.0000,0.0000,True,True
17.7440,-17.8162,0.8000,-35.5285,0.02413,1.0000,0.0000,0.0000,True,True
17.7524,-17.8085,0.8000,-35.5519,0.02466,1.0000,0.0000,0.0000,True,True
17.7607,-17.8006,0.8000,-35.5758,0.02517,1.0000,0.0000,0.0000,True,True
17.7690,-17.7925,0.8000,-35.6002,0.02569,1.0000,0.0000,0.0000,True,True
17.7774,-17.7843,0.8000,-35.6250,0.02622,1.0000,0.0000,0.0000,True,True
17.7857,-17.7759,0.8000,-35.6504,0.02674,1.0000,0.0000,0.0000,True,True
17.7941,-17.7673,0.8000,-35.6765,0.02745,1.0000,0.0000,0.0000,True,True
17.8029,-17.7586,0.8000,-35.7029,0.02778,1.0000,0.0000,0.0000,True,True
17.8108,-17.7497,0.8000,-35.7297,0.02830,1.0000,0.0000,0.0000,True,True
17.8191,-17.7407,0.8000,-35.7571,0.02883,1.0000,0.0000,0.0000,True,True
17.8274,-17.7315,0.8000,-35.7850,0.02934,1.0000,0.0000,0.0000,True,True
17.8358,-17.7221,0.8000,-35.8133,0.02987,1.0000,0.0000,0.0000,True,True
17.8441,-17.7125,0.8000,-35.8422,0.03037,1.0000,0.0000,0.0000,True,True
17.8524,-17.7028,0.8000,-35.8715,0.03091,1.0000,0.0000,0.0000,True,True
17.8608,-17.6930,0.8000,-35.9013,0.03142,1.0000,0.0000,0.0000,True,True
17.8691,-17.6830,0.8000,-35.9317,0.03195,1.0000,0.0000,0.0000,True,True
17.8776,-17.6728,0.8000,-35.9625,0.03246,1.0000,0.0000,0.0000,True,True
17.8857,-17.6624,0.8000,-35.9938,0.03299,1.0000,0.0000,0.0000,True,True
17.8941,-17.6519,0.8000,-36.0256,0.03351,1.0000,0.0000,0.0000,True,True
17.9024,-17.6412,0.8000,-36.0579,0.03403,1.0000,0.0000,0.0000,True,True
17.9107,-17.6304,0.8000,-36.0907,0.03455,1.0000,0.0000,0.0000,True,True
17.9191,-17.6194,0.8000,-36.1240,0.03507,1.0000,0.0000,0.0000,True,True
17.9274,-17.6082,0.8000,-36.1578,0.03559,1.0000,0.0000,0.0000,True,True
17.9358,-17.5969,0.8000,-36.1921,0.03612,1.0000,0.0000,0.0000,True,True
17.9441,-17.5854,0.8000,-36.2269,0.03662,1.0000,0.0000,0.0000,True,True
17.9524,-17.5737,0.8000,-36.2622,0.03715,1.0000,0.0000,0.0000,True,True
17.9608,-17.5619,0.8000,-36.2979,0.03767,1.0000,0.0000,0.0000,True,True
17.9691,-17.5499,0.8000,-36.3342,0.03820,1.0000,0.0000,0.0000,True,True
17.9774,-17.5378,0.8000,-36.3710,0.03870,1.0000,0.0000,0.0000,True,True
17.9858,-17.5254,0.8000,-36.4082,0.03925,1.0000,0.0000,0.0000,True,True
17.9941,-17.5130,0.8000,-36.4460,0.03975,1.0000,0.0000,0.0000,True,True
18.0024,-17.5003,0.8000,-36.4842,0.04027,1.0000,0.0000,0.0000,True,True
18.0107,-17.4875,0.8000,-36.5229,0.04080,1.0000,0.0000,0.0000,True,True
18.0191,-17.4745,0.8000,-36.5622,0.04132,1.0000,0.0000,0.0000,True,True
18.0274,-17.4614,0.8000,-36.6019,0.04183,1.0000,0.0000,0.0000,True,True
18.0358,-17.4481,0.8000,-36.6421,0.04237,1.0000,0.0000,0.0000,True,True
18.0441,-17.4347,0.8000,-36.6828,0.04289,1.0000,0.0000,0.0000,True,True
18.0527,-17.4206,0.8000,-36.7253,0.04476,1.0000,0.0000,0.0000,True,True
18.0610,-17.4068,0.8000,-36.7671,0.04395,1.0000,0.0000,0.0000,True,True
18.0693,-17.3929,0.8000,-36.8093,0.04446,1.0000,0.0000,0.0000,True,True
18.0777,-17.3788,0.8000,-36.8520,0.04497,1.0000,0.0000,0.0000,True,True
18.0860,-17.3646,0.8000,-36.8947,0.04501,1.0000,0.0000,0.0000,True,True
18.0943,-17.3505,0.8000,-36.9375,0.04500,1.0000,0.0000,0.0000,True,True
18.1027,-17.3364,0.8000,-36.9802,0.04500,1.0000,0.0000,0.0000,True,True
18.1110,-17.3223,0.8000,-37.0229,0.04498,1.0000,0.0000,0.0000,True,True
18.1193,-17.3081,0.8000,-37.0656,0.04501,1.0000,0.0000,0.0000,True,True
18.1277,-17.2940,0.8000,-37.1084,0.04500,1.0000,0.0000,0.0000,True,True
18.1360,-17.2799,0.8000,-37.1511,0.04500,1.0000,0.0000,0.0000,True,True
18.1444,-17.2658,0.8000,-37.1938,0.04501,1.0000,0.0000,0.0000,True,True
18.1527,-17.2516,0.8000,-37.2365,0.04500,1.0000,0.0000,0.0000,True,True
18.1610,-17.2375,0.8000,-37.2793,0.04499,1.0000,0.0000,0.0000,True,True
18.1694,-17.2234,0.8000,-37.3220,0.04502,1.0000,0.0000,0.0000,True,True
18.1777,-17.2093,0.8000,-37.3647,0.04500,1.0000,0.0000,0.0000,True,True
18.1860,-17.1951,0.8000,-37.4075,0.04501,1.0000,0.0000,0.0000,True,True
18.1944,-17.1810,0.8000,-37.4502,0.04500,1.0000,0.0000,0.0000,True,True
18.2027,-17.1669,0.8000,-37.4929,0.04500,1.0000,0.0000,0.0000,True,True
18.2110,-17.1528,0.8000,-37.5356,0.04500,1.0000,0.0000,0.0000,True,True
18.2194,-17.1387,0.8000,-37.5784,0.04499,1.0000,0.0000,0.0000,True,True
18.2277,-17.1245,0.8000,-37.6211,0.04501,1.0000,0.0000,0.0000,True,True
18.2362,-17.1101,0.8000,-37.6646,0.04586,1.0000,0.0000,0.0000,True,True
18.2445,-17.0960,0.8000,-37.7074,0.04501,1.0000,0.0000,0.0000,True,True
18.2529,-17.0818,0.8000,-37.7504,0.04537,1.0000,0.0000,0.0000,True,True
18.2613,-17.0676,0.8000,-37.7932,0.04500,1.0000,0.0000,0.0000,True,True
18.2696,-17.0535,0.8000,-37.8359,0.04501,1.0000,0.0000,0.0000,True,True
18.2779,-17.0394,0.8000,-37.8786,0.04499,1.0000,0.0000,0.0000,True,True
18.2862,-17.0253,0.8000,-37.9214,0.04501,1.0000,0.0000,0.0000,True,True
18.2946,-17.0112,0.8000,-37.9641,0.04499,1.0000,0.0000,0.0000,True,True
18.3029,-16.9970,0.8000,-38.0068,0.04501,1.0000,0.0000,0.0000,True,True
18.3113,-16.9829,0.8000,-38.0496,0.04500,1.0000,0.0000,0.0000,True,True
18.3196,-16.9688,0.8000,-38.0923,0.04499,1.0000,0.0000,0.0000,True,True
18.3279,-16.9547,0.8000,-38.1350,0.04500,1.0000,0.0000,0.0000,True,True
18.3362,-16.9405,0.8000,-38.1777,0.04500,1.0000,0.0000,0.0000,True,True
18.3446,-16.9265,0.8000,-38.2202,0.04473,1.0000,0.0000,0.0000,True,True
18.3529,-16.9126,0.8000,-38.2622,0.04421,1.0000,0.0000,0.0000,True,True
18.3613,-16.8989,0.8000,-38.3036,0.04369,1.0000,0.0000,0.0000,True,True
18.3696,-16.8854,0.8000,-38.3446,0.04316,1.0000,0.0000,0.0000,True,True
18.3779,-16.8720,0.8000,-38.3851,0.04263,1.0000,0.0000,0.0000,True,True
18.3863,-16.8588,0.8000,-38.4251,0.04213,1.0000,0.0000,0.0000,True,True
18.3946,-16.8457,0.8000,-38.4646,0.04159,1.0000,0.0000,0.0000,True,True
18.4029,-16.8328,0.8000,-38.5036,0.04108,1.0000,0.0000,0.0000,True,True
18.4112,-16.8201,0.8000,-38.5421,0.04055,1.0000,0.0000,0.0000,True,True
18.4196,-16.8075,0.8000,-38.5801,0.04004,1.0000,0.0000,0.0000,True,True
18.4279,-16.7951,0.8000,-38.6176,0.03951,1.0000,0.0000,0.0000,True,True
18.4363,-16.7829,0.8000,-38.6547,0.03901,1.0000,0.0000,0.0000,True,True
18.4446,-16.7708,0.8000,-38.6912,0.03847,1.0000,0.0000,0.0000,True,True
18.4531,-16.7589,0.8000,-38.7272,0.03794,1.0000,0.0000,0.0000,True,True
18.4613,-16.7472,0.8000,-38.7628,0.03743,1.0000,0.0000,0.0000,True,True
18.4696,-16.7356,0.8000,-38.7978,0.03691,1.0000,0.0000,0.0000,True,True
18.4779,-16.7242,0.8000,-38.8324,0.03639,1.0000,0.0000,0.0000,True,True
18.4863,-16.7129,0.8000,-38.8664,0.03587,1.0000,0.0000,0.0000,True,True
18.4946,-16.7018,0.8000,-38.9000,0.03535,1.0000,0.0000,0.0000,True,True
18.5039,-16.6898,0.8000,-38.9363,0.03823,1.0000,0.0000,0.0000,True,True
18.5121,-16.6791,0.8000,-38.9688,0.03424,1.0000,0.0000,0.0000,True,True
18.5204,-16.6685,0.8000,-39.0008,0.03374,1.0000,0.0000,0.0000,True,True
18.5288,-16.6580,0.8000,-39.0323,0.03321,1.0000,0.0000,0.0000,True,True
18.5371,-16.6478,0.8000,-39.0634,0.03269,1.0000,0.0000,0.0000,True,True
18.5454,-16.6377,0.8000,-39.0939,0.03217,1.0000,0.0000,0.0000,True,True
18.5538,-16.6278,0.8000,-39.1240,0.03165,1.0000,0.0000,0.0000,True,True
18.5621,-16.6180,0.8000,-39.1535,0.03112,1.0000,0.0000,0.0000,True,True
18.5704,-16.6084,0.8000,-39.1826,0.03061,1.0000,0.0000,0.0000,True,True
18.5788,-16.5989,0.8000,-39.2112,0.03009,1.0000,0.0000,0.0000,True,True
18.5871,-16.5897,0.8000,-39.2392,0.02956,1.0000,0.0000,0.0000,True,True
18.5954,-16.5805,0.8000,-39.2668,0.02904,1.0000,0.0000,0.0000,True,True
18.6038,-16.5716,0.8000,-39.2939,0.02852,1.0000,0.0000,0.0000,True,True
18.6121,-16.5628,0.8000,-39.3204,0.02799,1.0000,0.0000,0.0000,True,True
18.6204,-16.5542,0.8000,-39.3465,0.02748,1.0000,0.0000,0.0000,True,True
18.6288,-16.5457,0.8000,-39.3721,0.02695,1.0000,0.0000,0.0000,True,True
18.6371,-16.5374,0.8000,-39.3972,0.02644,1.0000,0.0000,0.0000,True,True
18.6454,-16.5293,0.8000,-39.4218,0.02591,1.0000,0.0000,0.0000,True,True
18.6538,-16.5213,0.8000,-39.4459,0.02539,1.0000,0.0000,0.0000,True,True
18.6621,-16.5135,0.8000,-39.4696,0.02487,1.0000,0.0000,0.0000,True,True
18.6704,-16.5059,0.8000,-39.4927,0.02435,1.0000,0.0000,0.0000,True,True
18.6788,-16.4983,0.8000,-39.5155,0.02401,1.0000,0.0000,0.0000,True,True
18.6872,-16.4910,0.8000,-39.5376,0.02330,1.0000,0.0000,0.0000,True,True
18.6955,-16.4839,0.8000,-39.5592,0.02279,1.0000,0.0000,0.0000,True,True
18.7039,-16.4769,0.8000,-39.5804,0.02227,1.0000,0.0000,0.0000,True,True
18.7122,-16.4701,0.8000,-39.6010,0.02174,1.0000,0.0000,0.0000,True,True
18.7205,-16.4634,0.8000,-39.6212,0.02122,1.0000,0.0000,0.0000,True,True
18.7288,-16.4569,0.8000,-39.6408,0.02070,1.0000,0.0000,0.0000,True,True
18.7372,-16.4506,0.8000,-39.6600,0.02018,1.0000,0.0000,0.0000,True,True
18.7455,-16.4444,0.8000,-39.6786,0.01966,1.0000,0.0000,0.0000,True,True
18.7538,-16.4384,0.8000,-39.6968,0.01914,1.0000,0.0000,0.0000,True,True
18.7622,-16.4326,0.8000,-39.7145,0.01862,1.0000,0.0000,0.0000,True,True
18.7705,-16.4269,0.8000,-39.7317,0.01810,1.0000,0.0000,0.0000,True,True
18.7788,-16.4214,0.8000,-39.7484,0.01758,1.0000,0.0000,0.0000,True,True
18.7872,-16.4160,0.8000,-39.7646,0.01705,1.0000,0.0000,0.0000,True,True
18.7955,-16.4108,0.8000,-39.7803,0.01653,1.0000,0.0000,0.0000,True,True
18.8038,-16.4058,0.8000,-39.7955,0.01601,1.0000,0.0000,0.0000,True,True
18.8122,-16.4009,0.8000,-39.8102,0.01549,1.0000,0.0000,0.0000,True,True
18.8205,-16.3962,0.8000,-39.8244,0.01497,1.0000,0.0000,0.0000,True,True
18.8288,-16.3917,0.8000,-39.8381,0.01445,1.0000,0.0000,0.0000,True,True
18.8372,-16.3873,0.8000,-39.8513,0.01393,1.0000,0.0000,0.0000,True,True
18.8455,-16.3831,0.8000,-39.8641,0.01341,1.0000,0.0000,0.0000,True,True
18.8538,-16.3791,0.8000,-39.8763,0.01288,1.0000,0.0000,0.0000,True,True
18.8622,-16.3752,0.8000,-39.8880,0.01236,1.0000,0.0000,0.0000,True,True
18.8705,-16.3715,0.8000,-39.8993,0.01184,1.0000,0.0000,0.0000,True,True
18.8788,-16.3679,0.8000,-39.9100,0.01132,1.0000,0.0000,0.0000,True,True
18.8872,-16.3645,0.8000,-39.9203,0.01080,1.0000,0.0000,0.0000,True,True
18.8955,-16.3613,0.8000,-39.9300,0.01028,1.0000,0.0000,0.0000,True,True
18.9038,-16.3583,0.8000,-39.9393,0.00976,1.0000,0.0000,0.0000,True,True
18.9122,-16.3554,0.8000,-39.9481,0.00924,1.0000,0.0000,0.0000,True,True
18.9205,-16.3526,0.8000,-39.9563,0.00872,1.0000,0.0000,0.0000,True,True
18.9288,-16.3500,0.8000,-39.9643,0.00834,1.0000,0.0000,0.0000,True,True
18.9372,-16.3475,0.8000,-39.9719,0.00799,1.0000,0.0000,0.0000,True,True
18.9455,-16.3451,0.8000,-39.9792,0.00769,1.0000,0.0000,0.0000,True,True
18.9539,-16.3451,0.8000,-39.9792,0.00000,1.0000,0.0000,0.0000,True,True
18.9622,-16.3446,0.8000,-39.9792,0.00052,1.0000,0.0000,0.0000,True,True
18.9705,-16.3435,0.8000,-39.9794,0.00104,1.0000,0.0000,0.0000,True,True
18.9788,-16.3420,0.8000,-39.9796,0.00156,1.0000,0.0000,0.0000,True,True
18.9872,-16.3399,0.8000,-39.9799,0.00208,1.0000,0.0000,0.0000,True,True
18.9955,-16.3374,0.8000,-39.9803,0.00260,1.0000,0.0000,0.0000,True,True
19.0039,-16.3343,0.8000,-39.9808,0.00313,1.0000,0.0000,0.0000,True,True
19.0122,-16.3307,0.8000,-39.9813,0.00365,1.0000,0.0000,0.0000,True,True
19.0205,-16.3265,0.8000,-39.9819,0.00417,1.0000,0.0000,0.0000,True,True
19.0288,-16.3219,0.8000,-39.9826,0.00469,1.0000,0.0000,0.0000,True,True
19.0372,-16.3167,0.8000,-39.9834,0.00521,1.0000,0.0000,0.0000,True,True
19.0455,-16.3111,0.8000,-39.9842,0.00573,1.0000,0.0000,0.0000,True,True
19.0538,-16.3049,0.8000,-39.9851,0.00625,1.0000,0.0000,0.0000,True,True
19.0622,-16.2982,0.8000,-39.9861,0.00677,1.0000,0.0000,0.0000,True,True
19.0705,-16.2910,0.8000,-39.9872,0.00729,1.0000,0.0000,0.0000,True,True
19.0788,-16.2832,0.8000,-39.9883,0.00781,1.0000,0.0000,0.0000,True,True
19.0872,-16.2750,0.8000,-39.9895,0.00834,1.0000,0.0000,0.0000,True,True
19.0955,-16.2662,0.8000,-39.9908,0.00886,1.0000,0.0000,0.0000,True,True
19.1038,-16.2570,0.8000,-39.9922,0.00938,1.0000,0.0000,0.0000,True,True
19.1122,-16.2472,0.8000,-39.9937,0.00990,1.0000,0.0000,0.0000,True,True
19.1205,-16.2369,0.8000,-39.9952,0.01042,1.0000,0.0000,0.0000,True,True
19.1288,-16.2260,0.8000,-39.9968,0.01094,1.0000,0.0000,0.0000,True,True
19.1372,-16.2147,0.8000,-39.9985,0.01146,1.0000,0.0000,0.0000,True,True
19.1455,-16.2028,0.8000,-40.0002,0.01199,1.0000,0.0000,0.0000,True,True
19.1538,-16.1905,0.8000,-40.0020,0.01250,1.0000,0.0000,0.0000,True,True
19.1622,-16.1776,0.8000,-40.0040,0.01303,1.0000,0.0000,0.0000,True,True
19.1705,-16.1642,0.8000,-40.0059,0.01355,1.0000,0.0000,0.0000,True,True
19.1789,-16.1503,0.8000,-40.0080,0.01407,1.0000,0.0000,0.0000,True,True
19.1872,-16.1358,0.8000,-40.0101,0.01459,1.0000,0.0000,0.0000,True,True
19.1955,-16.1209,0.8000,-40.0123,0.01511,1.0000,0.0000,0.0000,True,True
19.2039,-16.1054,0.8000,-40.0146,0.01563,1.0000,0.0000,0.0000,True,True
19.2222,-16.0694,0.8000,-40.0200,0.03640,1.0000,0.0000,0.0000,True,True
19.2246,-16.0642,0.8000,-40.0207,0.00524,1.0000,0.0000,0.0000,True,True
19.2331,-16.0467,0.8000,-40.0233,0.01770,1.0000,0.0000,0.0000,True,True
19.2413,-16.0291,0.8000,-40.0259,0.01785,1.0000,0.0000,0.0000,True,True
19.2511,-16.0105,0.8000,-40.0287,0.01879,1.0000,0.0000,0.0000,True,True
19.2581,-15.9917,0.8000,-40.0315,0.01901,1.0000,0.0000,0.0000,True,True
19.2664,-15.9724,0.8000,-40.0343,0.01953,1.0000,0.0000,0.0000,True,True
19.2747,-15.9525,0.8000,-40.0373,0.02006,1.0000,0.0000,0.0000,True,True
19.2831,-15.9322,0.8000,-40.0403,0.02058,1.0000,0.0000,0.0000,True,True
19.2914,-15.9113,0.8000,-40.0434,0.02111,1.0000,0.0000,0.0000,True,True
19.2997,-15.8899,0.8000,-40.0465,0.02163,1.0000,0.0000,0.0000,True,True
19.3080,-15.8680,0.8000,-40.0498,0.02214,1.0000,0.0000,0.0000,True,True
19.3164,-15.8456,0.8000,-40.0531,0.02266,1.0000,0.0000,0.0000,True,True
19.3247,-15.8226,0.8000,-40.0565,0.02318,1.0000,0.0000,0.0000,True,True
19.3331,-15.7992,0.8000,-40.0600,0.02371,1.0000,0.0000,0.0000,True,True
19.3414,-15.7752,0.8000,-40.0635,0.02423,1.0000,0.0000,0.0000,True,True
19.3497,-15.7507,0.8000,-40.0671,0.02475,1.0000,0.0000,0.0000,True,True
19.3586,-15.7257,0.8000,-40.0708,0.02532,1.0000,0.0000,0.0000,True,True
19.3664,-15.7002,0.8000,-40.0746,0.02576,1.0000,0.0000,0.0000,True,True
19.3747,-15.6742,0.8000,-40.0785,0.02632,1.0000,0.0000,0.0000,True,True
19.3830,-15.6476,0.8000,-40.0824,0.02683,1.0000,0.0000,0.0000,True,True
19.3914,-15.6206,0.8000,-40.0864,0.02735,1.0000,0.0000,0.0000,True,True
19.4001,-15.5930,0.8000,-40.0905,0.02787,1.0000,0.0000,0.0000,True,True
19.4081,-15.5649,0.8000,-40.0946,0.02839,1.0000,0.0000,0.0000,True,True
19.4164,-15.5363,0.8000,-40.0989,0.02892,1.0000,0.0000,0.0000,True,True
19.4247,-15.5072,0.8000,-40.1032,0.02943,1.0000,0.0000,0.0000,True,True
19.4330,-15.4776,0.8000,-40.1076,0.02996,1.0000,0.0000,0.0000,True,True
19.4414,-15.4474,0.8000,-40.1120,0.03048,1.0000,0.0000,0.0000,True,True
19.4497,-15.4167,0.8000,-40.1166,0.03100,1.0000,0.0000,0.0000,True,True
19.4580,-15.3856,0.8000,-40.1212,0.03153,1.0000,0.0000,0.0000,True,True
19.4664,-15.3539,0.8000,-40.1259,0.03203,1.0000,0.0000,0.0000,True,True
19.4747,-15.3217,0.8000,-40.1307,0.03256,1.0000,0.0000,0.0000,True,True
19.4833,-15.2889,0.8000,-40.1355,0.03309,1.0000,0.0000,0.0000,True,True
19.4914,-15.2557,0.8000,-40.1404,0.03360,1.0000,0.0000,0.0000,True,True
19.4997,-15.2219,0.8000,-40.1454,0.03413,1.0000,0.0000,0.0000,True,True
19.5080,-15.1877,0.8000,-40.1505,0.03464,1.0000,0.0000,0.0000,True,True
19.5164,-15.1529,0.8000,-40.1556,0.03517,1.0000,0.0000,0.0000,True,True
19.5247,-15.1176,0.8000,-40.1609,0.03568,1.0000,0.0000,0.0000,True,True
19.5332,-15.0817,0.8000,-40.1662,0.03621,1.0000,0.0000,0.0000,True,True
19.5414,-15.0454,0.8000,-40.1715,0.03673,1.0000,0.0000,0.0000,True,True
19.5497,-15.0086,0.8000,-40.1770,0.03724,1.0000,0.0000,0.0000,True,True
19.5587,-14.9712,0.8000,-40.1825,0.03778,1.0000,0.0000,0.0000,True,True
19.5664,-14.9333,0.8000,-40.1881,0.03829,1.0000,0.0000,0.0000,True,True
19.5749,-14.8949,0.8000,-40.1938,0.03881,1.0000,0.0000,0.0000,True,True
19.5832,-14.8560,0.8000,-40.1996,0.03933,1.0000,0.0000,0.0000,True,True
19.5917,-14.8166,0.8000,-40.2054,0.03986,1.0000,0.0000,0.0000,True,True
19.5997,-14.7767,0.8000,-40.2113,0.04037,1.0000,0.0000,0.0000,True,True
19.6084,-14.7362,0.8000,-40.2173,0.04090,1.0000,0.0000,0.0000,True,True
19.6164,-14.6952,0.8000,-40.2234,0.04142,1.0000,0.0000,0.0000,True,True
19.6247,-14.6537,0.8000,-40.2295,0.04192,1.0000,0.0000,0.0000,True,True
19.6331,-14.6117,0.8000,-40.2357,0.04246,1.0000,0.0000,0.0000,True,True
19.6414,-14.5692,0.8000,-40.2420,0.04299,1.0000,0.0000,0.0000,True,True
19.6497,-14.5262,0.8000,-40.2484,0.04349,1.0000,0.0000,0.0000,True,True
19.6581,-14.4826,0.8000,-40.2549,0.04402,1.0000,0.0000,0.0000,True,True
19.6664,-14.4386,0.8000,-40.2614,0.04454,1.0000,0.0000,0.0000,True,True
19.6749,-14.3940,0.8000,-40.2680,0.04502,1.0000,0.0000,0.0000,True,True
19.6831,-14.3495,0.8000,-40.2746,0.04499,1.0000,0.0000,0.0000,True,True
19.6917,-14.3049,0.8000,-40.2812,0.04514,1.0000,0.0000,0.0000,True,True
19.7002,-14.2604,0.8000,-40.2878,0.04498,1.0000,0.0000,0.0000,True,True
19.7082,-14.2159,0.8000,-40.2944,0.04500,1.0000,0.0000,0.0000,True,True
19.7167,-14.1714,0.8000,-40.3009,0.04500,1.0000,0.0000,0.0000,True,True
19.7247,-14.1268,0.8000,-40.3075,0.04499,1.0000,0.0000,0.0000,True,True
19.7331,-14.0823,0.8000,-40.3141,0.04503,1.0000,0.0000,0.0000,True,True
19.7414,-14.0378,0.8000,-40.3207,0.04497,1.0000,0.0000,0.0000,True,True
19.7497,-13.9933,0.8000,-40.3273,0.04500,1.0000,0.0000,0.0000,True,True
19.7581,-13.9488,0.8000,-40.3339,0.04500,1.0000,0.0000,0.0000,True,True
19.7668,-13.9041,0.8000,-40.3405,0.04517,1.0000,0.0000,0.0000,True,True
19.7749,-13.8597,0.8000,-40.3471,0.04487,1.0000,0.0000,0.0000,True,True
19.7831,-13.8152,0.8000,-40.3537,0.04502,1.0000,0.0000,0.0000,True,True
19.7914,-13.7707,0.8000,-40.3603,0.04499,1.0000,0.0000,0.0000,True,True
19.8000,-13.7262,0.8000,-40.3668,0.04500,1.0000,0.0000,0.0000,True,True
19.8084,-13.6816,0.8000,-40.3734,0.04500,1.0000,0.0000,0.0000,True,True
19.8164,-13.6371,0.8000,-40.3800,0.04500,1.0000,0.0000,0.0000,True,True
19.8249,-13.5926,0.8000,-40.3866,0.04499,1.0000,0.0000,0.0000,True,True
19.8334,-13.5481,0.8000,-40.3932,0.04501,1.0000,0.0000,0.0000,True,True
19.8415,-13.5036,0.8000,-40.3998,0.04500,1.0000,0.0000,0.0000,True,True
19.8498,-13.4591,0.8000,-40.4064,0.04501,1.0000,0.0000,0.0000,True,True
19.8584,-13.4146,0.8000,-40.4130,0.04499,1.0000,0.0000,0.0000,True,True
19.8667,-13.3700,0.8000,-40.4196,0.04500,1.0000,0.0000,0.0000,True,True
19.8751,-13.3255,0.8000,-40.4262,0.04501,1.0000,0.0000,0.0000,True,True
19.8834,-13.2810,0.8000,-40.4327,0.04501,1.0000,0.0000,0.0000,True,True
19.8916,-13.2365,0.8000,-40.4393,0.04498,1.0000,0.0000,0.0000,True,True
19.8998,-13.1920,0.8000,-40.4459,0.04500,1.0000,0.0000,0.0000,True,True
19.9084,-13.1475,0.8000,-40.4525,0.04500,1.0000,0.0000,0.0000,True,True
19.9164,-13.1029,0.8000,-40.4591,0.04500,1.0000,0.0000,0.0000,True,True
19.9249,-13.0584,0.8000,-40.4657,0.04501,1.0000,0.0000,0.0000,True,True
19.9338,-13.0132,0.8000,-40.4724,0.04571,1.0000,0.0000,0.0000,True,True
19.9418,-12.9687,0.8000,-40.4790,0.04494,1.0000,0.0000,0.0000,True,True
19.9501,-12.9242,0.8000,-40.4856,0.04500,1.0000,0.0000,0.0000,True,True
19.9585,-12.8797,0.8000,-40.4922,0.04501,1.0000,0.0000,0.0000,True,True
19.9674,-12.8352,0.8000,-40.4987,0.04499,1.0000,0.0000,0.0000,True,True
19.9753,-12.7907,0.8000,-40.5053,0.04500,1.0000,0.0000,0.0000,True,True
19.9835,-12.7461,0.8000,-40.5119,0.04500,1.0000,0.0000,0.0000,True,True
19.9918,-12.7016,0.8000,-40.5185,0.04501,1.0000,0.0000,0.0000,True,True
20.0010,-12.6571,0.8000,-40.5251,0.04501,1.0000,0.0000,0.0000,True,True
20.0087,-12.6126,0.8000,-40.5317,0.04501,1.0000,0.0000,0.0000,True,True
20.0168,-12.5681,0.8000,-40.5383,0.04498,1.0000,0.0000,0.0000,True,True
20.0251,-12.5236,0.8000,-40.5449,0.04500,1.0000,0.0000,0.0000,True,True
20.0334,-12.4790,0.8000,-40.5515,0.04501,1.0000,0.0000,0.0000,True,True
20.0426,-12.4324,0.8000,-40.5584,0.04711,1.0000,0.0000,0.0000,True,True
20.0504,-12.3879,0.8000,-40.5650,0.04502,1.0000,0.0000,0.0000,True,True
20.0597,-12.3384,0.8000,-40.5723,0.05003,1.0000,0.0000,0.0000,True,True
20.0681,-12.2939,0.8000,-40.5789,0.04503,1.0000,0.0000,0.0000,True,True
20.0763,-12.2491,0.8000,-40.5855,0.04523,1.0000,0.0000,0.0000,True,True
20.0850,-12.2032,0.8000,-40.5923,0.04642,1.0000,0.0000,0.0000,True,True
20.0933,-12.1587,0.8000,-40.5989,0.04501,1.0000,0.0000,0.0000,True,True
20.1038,-12.1055,0.8000,-40.6068,0.05380,1.0000,0.0000,0.0000,True,True
20.1116,-12.0610,0.8000,-40.6133,0.04496,1.0000,0.0000,0.0000,True,True
20.1200,-12.0165,0.8000,-40.6199,0.04499,1.0000,0.0000,0.0000,True,True
20.1282,-11.9720,0.8000,-40.6265,0.04501,1.0000,0.0000,0.0000,True,True
20.1365,-11.9274,0.8000,-40.6331,0.04500,1.0000,0.0000,0.0000,True,True
20.1448,-11.8829,0.8000,-40.6397,0.04501,1.0000,0.0000,0.0000,True,True
20.1532,-11.8383,0.8000,-40.6463,0.04509,1.0000,0.0000,0.0000,True,True
20.1615,-11.7939,0.8000,-40.6529,0.04491,1.0000,0.0000,0.0000,True,True
20.1698,-11.7494,0.8000,-40.6595,0.04499,1.0000,0.0000,0.0000,True,True
20.1782,-11.7049,0.8000,-40.6661,0.04500,1.0000,0.0000,0.0000,True,True
20.1865,-11.6603,0.8000,-40.6727,0.04502,1.0000,0.0000,0.0000,True,True
20.1948,-11.6158,0.8000,-40.6792,0.04499,1.0000,0.0000,0.0000,True,True
20.2032,-11.5713,0.8000,-40.6858,0.04501,1.0000,0.0000,0.0000,True,True
20.2115,-11.5268,0.8000,-40.6924,0.04501,1.0000,0.0000,0.0000,True,True
20.2198,-11.4823,0.8000,-40.6990,0.04501,1.0000,0.0000,0.0000,True,True
20.2282,-11.4378,0.8000,-40.7056,0.04499,1.0000,0.0000,0.0000,True,True
20.2365,-11.3932,0.8000,-40.7122,0.04501,1.0000,0.0000,0.0000,True,True
20.2449,-11.3487,0.8000,-40.7188,0.04500,1.0000,0.0000,0.0000,True,True
20.2532,-11.3042,0.8000,-40.7254,0.04500,1.0000,0.0000,0.0000,True,True
20.2615,-11.2597,0.7998,-40.7320,0.04501,1.0000,0.0000,0.0000,True,True
20.2698,-11.2152,0.7991,-40.7386,0.04500,1.0000,0.0000,0.0000,True,True
20.2782,-11.1707,0.7983,-40.7451,0.04501,1.0000,0.0000,0.0000,True,True
20.2865,-11.1262,0.7975,-40.7517,0.04501,1.0000,0.0000,0.0000,True,True
20.2948,-11.0816,0.7968,-40.7583,0.04502,1.0000,0.0000,0.0000,True,True
20.3032,-11.0371,0.7960,-40.7649,0.04502,1.0000,0.0000,0.0000,True,True
20.3115,-10.9926,0.7952,-40.7715,0.04501,1.0000,0.0000,0.0000,True,True
20.3199,-10.9481,0.7945,-40.7781,0.04501,1.0000,0.0000,0.0000,True,True
20.3282,-10.9036,0.7937,-40.7847,0.04501,1.0000,0.0000,0.0000,True,True
20.3365,-10.8590,0.7929,-40.7913,0.04500,1.0000,0.0000,0.0000,True,True
20.3449,-10.8145,0.7922,-40.7979,0.04501,1.0000,0.0000,0.0000,True,True
20.3532,-10.7769,0.7919,-40.8231,0.04534,1.0000,0.0000,0.0000,True,True
20.3615,-10.7452,0.7919,-40.8548,0.04484,1.0000,0.0000,0.0000,True,True
20.3698,-10.7139,0.7919,-40.8861,0.04428,1.0000,0.0000,0.0000,True,True
20.3782,-10.6829,0.7919,-40.9171,0.04378,1.0000,0.0000,0.0000,True,True
20.3865,-10.6523,0.7919,-40.9477,0.04325,1.0000,0.0000,0.0000,True,True
20.3948,-10.6221,0.7919,-40.9779,0.04273,1.0000,0.0000,0.0000,True,True
20.4032,-10.5923,0.7919,-41.0077,0.04221,1.0000,0.0000,0.0000,True,True
20.4115,-10.5628,0.7919,-41.0372,0.04170,1.0000,0.0000,0.0000,True,True
20.4198,-10.5334,0.7919,-41.0666,0.04155,1.0000,0.0000,0.0000,True,True
20.4282,-10.5037,0.7919,-41.0963,0.04206,1.0000,0.0000,0.0000,True,True
20.4365,-10.4736,0.7919,-41.1265,0.04259,1.0000,0.0000,0.0000,True,True
20.4448,-10.4431,0.7919,-41.1569,0.04311,1.0000,0.0000,0.0000,True,True
20.4532,-10.4122,0.7919,-41.1878,0.04362,1.0000,0.0000,0.0000,True,True
20.4615,-10.3810,0.7919,-41.2190,0.04415,1.0000,0.0000,0.0000,True,True
20.4699,-10.3494,0.7919,-41.2506,0.04467,1.0000,0.0000,0.0000,True,True
20.4782,-10.3182,0.7919,-41.2829,0.04491,1.0000,0.0000,0.0000,True,True
20.4865,-10.2951,0.7922,-41.3208,0.04440,1.0000,0.0000,0.0000,True,True
20.4948,-10.2723,0.7925,-41.3583,0.04387,1.0000,0.0000,0.0000,True,True
20.5032,-10.2498,0.7928,-41.3953,0.04336,1.0000,0.0000,0.0000,True,True
20.5115,-10.2270,0.7931,-41.4327,0.04376,1.0000,0.0000,0.0000,True,True
20.5198,-10.2039,0.7934,-41.4705,0.04428,1.0000,0.0000,0.0000,True,True
20.5282,-10.1806,0.8000,-41.5087,0.04528,1.0000,0.0000,0.0000,True,True
20.5365,-10.1572,0.8000,-41.5472,0.04500,1.0000,0.0000,0.0000,True,True
20.5449,-10.1338,0.8000,-41.5856,0.04501,1.0000,0.0000,0.0000,True,True
20.5532,-10.1104,0.8000,-41.6240,0.04501,1.0000,0.0000,0.0000,True,True
20.5615,-10.0870,0.8000,-41.6625,0.04499,1.0000,0.0000,0.0000,True,True
20.5698,-10.0636,0.8000,-41.7009,0.04500,1.0000,0.0000,0.0000,True,True
20.5782,-10.0401,0.8000,-41.7393,0.04500,1.0000,0.0000,0.0000,True,True
20.5865,-10.0167,0.8000,-41.7778,0.04501,1.0000,0.0000,0.0000,True,True
20.5949,-9.9932,0.8000,-41.8164,0.04527,1.0000,0.0000,0.0000,True,True
20.6032,-9.9698,0.8000,-41.8548,0.04490,1.0000,0.0000,0.0000,True,True
20.6115,-9.9464,0.8000,-41.8932,0.04501,1.0000,0.0000,0.0000,True,True
20.6199,-9.9230,0.8000,-41.9316,0.04500,1.0000,0.0000,0.0000,True,True
20.6282,-9.8995,0.8000,-41.9700,0.04499,1.0000,0.0000,0.0000,True,True
20.6366,-9.8761,0.8000,-42.0085,0.04501,1.0000,0.0000,0.0000,True,True
20.6449,-9.8527,0.8000,-42.0469,0.04500,1.0000,0.0000,0.0000,True,True
20.6532,-9.8293,0.8000,-42.0853,0.04500,1.0000,0.0000,0.0000,True,True
20.6615,-9.8059,0.8000,-42.1238,0.04500,1.0000,0.0000,0.0000,True,True
20.6699,-9.7825,0.8000,-42.1622,0.04501,1.0000,0.0000,0.0000,True,True
20.6782,-9.7590,0.8000,-42.2006,0.04500,1.0000,0.0000,0.0000,True,True
20.6866,-9.7356,0.8000,-42.2390,0.04499,1.0000,0.0000,0.0000,True,True
20.6949,-9.7122,0.8000,-42.2775,0.04501,1.0000,0.0000,0.0000,True,True
20.7032,-9.6888,0.8000,-42.3159,0.04500,1.0000,0.0000,0.0000,True,True
20.7116,-9.6654,0.8000,-42.3543,0.04501,1.0000,0.0000,0.0000,True,True
20.7199,-9.6420,0.8000,-42.3928,0.04500,1.0000,0.0000,0.0000,True,True
20.7283,-9.6185,0.8000,-42.4312,0.04501,1.0000,0.0000,0.0000,True,True
20.7365,-9.5951,0.8000,-42.4696,0.04499,1.0000,0.0000,0.0000,True,True
20.7449,-9.5717,0.8000,-42.5081,0.04501,1.0000,0.0000,0.0000,True,True
20.7533,-9.5483,0.8000,-42.5465,0.04500,1.0000,0.0000,0.0000,True,True
20.7616,-9.5249,0.8000,-42.5849,0.04501,1.0000,0.0000,0.0000,True,True
20.7699,-9.5015,0.8000,-42.6234,0.04500,1.0000,0.0000,0.0000,True,True
20.7782,-9.4780,0.8000,-42.6618,0.04500,1.0000,0.0000,0.0000,True,True
20.7866,-9.4546,0.8000,-42.7002,0.04500,1.0000,0.0000,0.0000,True,True
20.7949,-9.4312,0.8000,-42.7386,0.04500,1.0000,0.0000,0.0000,True,True
20.8032,-9.4078,0.8000,-42.7771,0.04502,1.0000,0.0000,0.0000,True,True
20.8116,-9.3844,0.8000,-42.8155,0.04500,1.0000,0.0000,0.0000,True,True
20.8199,-9.3610,0.8000,-42.8539,0.04500,1.0000,0.0000,0.0000,True,True
20.8282,-9.3375,0.8000,-42.8924,0.04500,1.0000,0.0000,0.0000,True,True
20.8365,-9.3141,0.8000,-42.9308,0.04500,1.0000,0.0000,0.0000,True,True
20.8449,-9.2907,0.8000,-42.9692,0.04501,1.0000,0.0000,0.0000,True,True
20.8533,-9.2673,0.8000,-43.0076,0.04499,1.0000,0.0000,0.0000,True,True
20.8616,-9.2439,0.8000,-43.0461,0.04501,1.0000,0.0000,0.0000,True,True
20.8699,-9.2205,0.8000,-43.0845,0.04500,1.0000,0.0000,0.0000,True,True
20.8782,-9.1970,0.8000,-43.1229,0.04501,1.0000,0.0000,0.0000,True,True
20.8866,-9.1736,0.8000,-43.1614,0.04500,1.0000,0.0000,0.0000,True,True
20.8949,-9.1502,0.8000,-43.1998,0.04500,1.0000,0.0000,0.0000,True,True
20.9032,-9.1268,0.8000,-43.2382,0.04500,1.0000,0.0000,0.0000,True,True
20.9116,-9.1034,0.8000,-43.2767,0.04500,1.0000,0.0000,0.0000,True,True
20.9199,-9.0800,0.8000,-43.3151,0.04500,1.0000,0.0000,0.0000,True,True
20.9282,-9.0565,0.8000,-43.3535,0.04501,1.0000,0.0000,0.0000,True,True
20.9365,-9.0332,0.8000,-43.3918,0.04484,1.0000,0.0000,0.0000,True,True
20.9449,-9.0102,0.8000,-43.4296,0.04430,1.0000,0.0000,0.0000,True,True
20.9532,-8.9874,0.8000,-43.4670,0.04380,1.0000,0.0000,0.0000,True,True
20.9616,-8.9649,0.8000,-43.5040,0.04325,1.0000,0.0000,0.0000,True,True
20.9699,-8.9426,0.8000,-43.5405,0.04276,1.0000,0.0000,0.0000,True,True
20.9782,-8.9206,0.8000,-43.5765,0.04223,1.0000,0.0000,0.0000,True,True
20.9866,-8.8990,0.8000,-43.6121,0.04169,1.0000,0.0000,0.0000,True,True
20.9949,-8.8775,0.8000,-43.6473,0.04119,1.0000,0.0000,0.0000,True,True
21.0032,-8.8564,0.8000,-43.6820,0.04066,1.0000,0.0000,0.0000,True,True
21.0116,-8.8355,0.8000,-43.7163,0.04013,1.0000,0.0000,0.0000,True,True
21.0199,-8.8149,0.8000,-43.7501,0.03962,1.0000,0.0000,0.0000,True,True
21.0283,-8.7945,0.8000,-43.7835,0.03910,1.0000,0.0000,0.0000,True,True
21.0366,-8.7744,0.8000,-43.8165,0.03857,1.0000,0.0000,0.0000,True,True
21.0449,-8.7546,0.8000,-43.8490,0.03806,1.0000,0.0000,0.0000,True,True
21.0532,-8.7351,0.8000,-43.8810,0.03752,1.0000,0.0000,0.0000,True,True
21.0616,-8.7159,0.8000,-43.9126,0.03701,1.0000,0.0000,0.0000,True,True
21.0699,-8.6969,0.8000,-43.9438,0.03648,1.0000,0.0000,0.0000,True,True
21.0782,-8.6782,0.8000,-43.9745,0.03598,1.0000,0.0000,0.0000,True,True
21.0866,-8.6597,0.8000,-44.0048,0.03546,1.0000,0.0000,0.0000,True,True
21.0950,-8.6415,0.8000,-44.0346,0.03492,1.0000,0.0000,0.0000,True,True
21.1032,-8.6236,0.8000,-44.0640,0.03441,1.0000,0.0000,0.0000,True,True
21.1116,-8.6060,0.8000,-44.0929,0.03388,1.0000,0.0000,0.0000,True,True
21.1199,-8.5886,0.8000,-44.1214,0.03336,1.0000,0.0000,0.0000,True,True
21.1283,-8.5716,0.8000,-44.1494,0.03284,1.0000,0.0000,0.0000,True,True
21.1366,-8.5547,0.8000,-44.1770,0.03232,1.0000,0.0000,0.0000,True,True
21.1449,-8.5382,0.8000,-44.2042,0.03181,1.0000,0.0000,0.0000,True,True
21.1532,-8.5219,0.8000,-44.2309,0.03127,1.0000,0.0000,0.0000,True,True
21.1616,-8.5059,0.8000,-44.2572,0.03077,1.0000,0.0000,0.0000,True,True
21.1700,-8.4901,0.8000,-44.2831,0.03030,1.0000,0.0000,0.0000,True,True
21.1782,-8.4747,0.8000,-44.3084,0.02966,1.0000,0.0000,0.0000,True,True
21.1866,-8.4595,0.8000,-44.3333,0.02920,1.0000,0.0000,0.0000,True,True
21.1949,-8.4446,0.8000,-44.3578,0.02868,1.0000,0.0000,0.0000,True,True
21.2033,-8.4299,0.8000,-44.3819,0.02817,1.0000,0.0000,0.0000,True,True
21.2116,-8.4155,0.8000,-44.4055,0.02764,1.0000,0.0000,0.0000,True,True
21.2199,-8.4014,0.8000,-44.4286,0.02712,1.0000,0.0000,0.0000,True,True
21.2283,-8.3876,0.8000,-44.4513,0.02659,1.0000,0.0000,0.0000,True,True
21.2366,-8.3740,0.8000,-44.4736,0.02608,1.0000,0.0000,0.0000,True,True
21.2450,-8.3607,0.8000,-44.4954,0.02555,1.0000,0.0000,0.0000,True,True
21.2532,-8.3477,0.8000,-44.5168,0.02504,1.0000,0.0000,0.0000,True,True
21.2616,-8.3350,0.8000,-44.5377,0.02452,1.0000,0.0000,0.0000,True,True
21.2699,-8.3225,0.8000,-44.5582,0.02399,1.0000,0.0000,0.0000,True,True
21.2783,-8.3103,0.8000,-44.5783,0.02347,1.0000,0.0000,0.0000,True,True
21.2866,-8.2983,0.8000,-44.5979,0.02295,1.0000,0.0000,0.0000,True,True
21.2949,-8.2866,0.8000,-44.6170,0.02243,1.0000,0.0000,0.0000,True,True
21.3033,-8.2752,0.8000,-44.6357,0.02191,1.0000,0.0000,0.0000,True,True
21.3116,-8.2641,0.8000,-44.6540,0.02139,1.0000,0.0000,0.0000,True,True
21.3199,-8.2533,0.8000,-44.6718,0.02087,1.0000,0.0000,0.0000,True,True
21.3283,-8.2427,0.8000,-44.6892,0.02034,1.0000,0.0000,0.0000,True,True
21.3366,-8.2323,0.8000,-44.7061,0.01982,1.0000,0.0000,0.0000,True,True
21.3449,-8.2223,0.8000,-44.7226,0.01930,1.0000,0.0000,0.0000,True,True
21.3533,-8.2125,0.8000,-44.7386,0.01878,1.0000,0.0000,0.0000,True,True
21.3616,-8.2030,0.8000,-44.7542,0.01826,1.0000,0.0000,0.0000,True,True
21.3699,-8.1938,0.8000,-44.7694,0.01774,1.0000,0.0000,0.0000,True,True
21.3782,-8.1848,0.8000,-44.7841,0.01722,1.0000,0.0000,0.0000,True,True
21.3866,-8.1762,0.8000,-44.7983,0.01670,1.0000,0.0000,0.0000,True,True
21.3949,-8.1677,0.8000,-44.8122,0.01617,1.0000,0.0000,0.0000,True,True
21.4033,-8.1596,0.8000,-44.8255,0.01565,1.0000,0.0000,0.0000,True,True
21.4116,-8.1517,0.8000,-44.8384,0.01513,1.0000,0.0000,0.0000,True,True
21.4199,-8.1441,0.8000,-44.8509,0.01461,1.0000,0.0000,0.0000,True,True
21.4283,-8.1368,0.8000,-44.8629,0.01408,1.0000,0.0000,0.0000,True,True
21.4366,-8.1297,0.8000,-44.8745,0.01356,1.0000,0.0000,0.0000,True,True
21.4450,-8.1229,0.8000,-44.8857,0.01304,1.0000,0.0000,0.0000,True,True
21.4533,-8.1164,0.8000,-44.8964,0.01252,1.0000,0.0000,0.0000,True,True
21.4616,-8.1102,0.8000,-44.9066,0.01200,1.0000,0.0000,0.0000,True,True
21.4699,-8.1042,0.8000,-44.9164,0.01148,1.0000,0.0000,0.0000,True,True
21.4783,-8.0985,0.8000,-44.9258,0.01096,1.0000,0.0000,0.0000,True,True
21.4866,-8.0931,0.8000,-44.9347,0.01044,1.0000,0.0000,0.0000,True,True
21.4949,-8.0879,0.8000,-44.9432,0.01000,1.0000,0.0000,0.0000,True,True
21.5033,-8.0829,0.8000,-44.9514,0.00959,1.0000,0.0000,0.0000,True,True
21.5116,-8.0781,0.8000,-44.9593,0.00920,1.0000,0.0000,0.0000,True,True
21.5199,-8.0735,0.8000,-44.9668,0.00884,1.0000,0.0000,0.0000,True,True
21.5283,-8.0691,0.8000,-44.9741,0.00853,1.0000,0.0000,0.0000,True,True
21.5367,-8.0648,0.8000,-44.9812,0.00826,1.0000,0.0000,0.0000,True,True
21.5450,-8.0648,0.8000,-44.9812,0.00000,1.0000,0.0000,0.0000,True,True
21.5629,-8.0648,0.8000,-44.9817,0.00052,1.0000,0.0000,0.0000,True,True
21.5713,-8.0648,0.8000,-44.9827,0.00105,1.0000,0.0000,0.0000,True,True
21.5796,-8.0648,0.8000,-44.9843,0.00157,1.0000,0.0000,0.0000,True,True
21.5880,-8.0647,0.8000,-44.9864,0.00209,1.0000,0.0000,0.0000,True,True
21.5963,-8.0647,0.8000,-44.9890,0.00261,1.0000,0.0000,0.0000,True,True
21.6047,-8.0647,0.8000,-44.9921,0.00313,1.0000,0.0000,0.0000,True,True
21.6130,-8.0647,0.8000,-44.9958,0.00365,1.0000,0.0000,0.0000,True,True
21.6213,-8.0647,0.8000,-45.0000,0.00417,1.0000,0.0000,0.0000,True,True
21.6296,-8.0647,0.8000,-45.0047,0.00470,1.0000,0.0000,0.0000,True,True
21.6380,-8.0647,0.8000,-45.0099,0.00522,1.0000,0.0000,0.0000,True,True
21.6463,-8.0647,0.8000,-45.0156,0.00574,1.0000,0.0000,0.0000,True,True
21.6547,-8.0647,0.8000,-45.0219,0.00626,1.0000,0.0000,0.0000,True,True
21.6630,-8.0647,0.8000,-45.0287,0.00678,1.0000,0.0000,0.0000,True,True
21.6714,-8.0646,0.8000,-45.0360,0.00730,1.0000,0.0000,0.0000,True,True
21.6798,-8.0646,0.8000,-45.0438,0.00782,1.0000,0.0000,0.0000,True,True
21.6881,-8.0646,0.8000,-45.0521,0.00837,1.0000,0.0000,0.0000,True,True
21.6964,-8.0646,0.8000,-45.0610,0.00885,1.0000,0.0000,0.0000,True,True
21.7047,-8.0646,0.8000,-45.0704,0.00938,1.0000,0.0000,0.0000,True,True
21.7130,-8.0645,0.8000,-45.0803,0.00990,1.0000,0.0000,0.0000,True,True
21.7214,-8.0645,0.8000,-45.0907,0.01043,1.0000,0.0000,0.0000,True,True
21.7296,-8.0645,0.8000,-45.1016,0.01094,1.0000,0.0000,0.0000,True,True
21.7380,-8.0645,0.8000,-45.1131,0.01147,1.0000,0.0000,0.0000,True,True
21.7464,-8.0644,0.8000,-45.1251,0.01199,1.0000,0.0000,0.0000,True,True
21.7546,-8.0644,0.8000,-45.1376,0.01251,1.0000,0.0000,0.0000,True,True
21.7630,-8.0644,0.8000,-45.1506,0.01303,1.0000,0.0000,0.0000,True,True
21.7714,-8.0643,0.8000,-45.1642,0.01356,1.0000,0.0000,0.0000,True,True
21.7797,-8.0643,0.8000,-45.1783,0.01407,1.0000,0.0000,0.0000,True,True
21.7880,-8.0643,0.8000,-45.1929,0.01460,1.0000,0.0000,0.0000,True,True
21.7964,-8.0642,0.8000,-45.2080,0.01512,1.0000,0.0000,0.0000,True,True
21.8047,-8.0642,0.8000,-45.2236,0.01563,1.0000,0.0000,0.0000,True,True
21.8130,-8.0642,0.8000,-45.2398,0.01615,1.0000,0.0000,0.0000,True,True
21.8213,-8.0641,0.8000,-45.2564,0.01668,1.0000,0.0000,0.0000,True,True
21.8296,-8.0641,0.8000,-45.2736,0.01720,1.0000,0.0000,0.0000,True,True
21.8380,-8.0641,0.8000,-45.2914,0.01772,1.0000,0.0000,0.0000,True,True
21.8463,-8.0640,0.8000,-45.3096,0.01824,1.0000,0.0000,0.0000,True,True
21.8547,-8.0640,0.8000,-45.3284,0.01876,1.0000,0.0000,0.0000,True,True
21.8630,-8.0639,0.8000,-45.3476,0.01928,1.0000,0.0000,0.0000,True,True
21.8714,-8.0639,0.8000,-45.3674,0.01981,1.0000,0.0000,0.0000,True,True
21.8796,-8.0638,0.8000,-45.3878,0.02032,1.0000,0.0000,0.0000,True,True
21.8881,-8.0638,0.8000,-45.4086,0.02085,1.0000,0.0000,0.0000,True,True
21.8963,-8.0637,0.8000,-45.4300,0.02136,1.0000,0.0000,0.0000,True,True
21.9047,-8.0637,0.8000,-45.4519,0.02188,1.0000,0.0000,0.0000,True,True
21.9130,-8.0636,0.8000,-45.4743,0.02241,1.0000,0.0000,0.0000,True,True
21.9214,-8.0636,0.8000,-45.4972,0.02292,1.0000,0.0000,0.0000,True,True
21.9296,-8.0635,0.8000,-45.5206,0.02345,1.0000,0.0000,0.0000,True,True
21.9380,-8.0635,0.8000,-45.5446,0.02397,1.0000,0.0000,0.0000,True,True
21.9463,-8.0634,0.8000,-45.5691,0.02449,1.0000,0.0000,0.0000,True,True
21.9547,-8.0634,0.8000,-45.5942,0.02508,1.0000,0.0000,0.0000,True,True
21.9631,-8.0633,0.8000,-45.6196,0.02546,1.0000,0.0000,0.0000,True,True
21.9713,-8.0632,0.8000,-45.6457,0.02605,1.0000,0.0000,0.0000,True,True
21.9797,-8.0632,0.8000,-45.6723,0.02657,1.0000,0.0000,0.0000,True,True
21.9880,-8.0631,0.8000,-45.6993,0.02708,1.0000,0.0000,0.0000,True,True
21.9965,-8.0631,0.8000,-45.7272,0.02789,1.0000,0.0000,0.0000,True,True
22.0048,-8.0630,0.8000,-45.7554,0.02814,1.0000,0.0000,0.0000,True,True
22.0131,-8.0629,0.8000,-45.7840,0.02867,1.0000,0.0000,0.0000,True,True
22.0214,-8.0629,0.8000,-45.8132,0.02917,1.0000,0.0000,0.0000,True,True
22.0297,-8.0628,0.8000,-45.8429,0.02969,1.0000,0.0000,0.0000,True,True
22.0381,-8.0627,0.8000,-45.8731,0.03022,1.0000,0.0000,0.0000,True,True
22.0465,-8.0627,0.8000,-45.9039,0.03075,1.0000,0.0000,0.0000,True,True
22.0548,-8.0626,0.8000,-45.9351,0.03127,1.0000,0.0000,0.0000,True,True
22.0631,-8.0625,0.8000,-45.9669,0.03178,1.0000,0.0000,0.0000,True,True
22.0714,-8.0624,0.8000,-45.9992,0.03231,1.0000,0.0000,0.0000,True,True
22.0798,-8.0624,0.8000,-46.0321,0.03283,1.0000,0.0000,0.0000,True,True
22.0892,-8.0623,0.8000,-46.0654,0.03335,1.0000,0.0000,0.0000,True,True
22.0964,-8.0622,0.8000,-46.0993,0.03387,1.0000,0.0000,0.0000,True,True
22.1048,-8.0621,0.8000,-46.1337,0.03439,1.0000,0.0000,0.0000,True,True
22.1131,-8.0621,0.8000,-46.1686,0.03491,1.0000,0.0000,0.0000,True,True
22.1214,-8.0620,0.8000,-46.2040,0.03543,1.0000,0.0000,0.0000,True,True
22.1297,-8.0619,0.8000,-46.2400,0.03596,1.0000,0.0000,0.0000,True,True
22.1381,-8.0618,0.8000,-46.2765,0.03648,1.0000,0.0000,0.0000,True,True
22.1464,-8.0617,0.8000,-46.3135,0.03700,1.0000,0.0000,0.0000,True,True
22.1547,-8.0616,0.8000,-46.3510,0.03753,1.0000,0.0000,0.0000,True,True
22.1631,-8.0615,0.8000,-46.3890,0.03803,1.0000,0.0000,0.0000,True,True
22.1714,-8.0615,0.8000,-46.4276,0.03857,1.0000,0.0000,0.0000,True,True
22.1797,-8.0614,0.8000,-46.4667,0.03908,1.0000,0.0000,0.0000,True,True
22.1881,-8.0613,0.8000,-46.5063,0.03960,1.0000,0.0000,0.0000,True,True
22.1964,-8.0612,0.8000,-46.5464,0.04012,1.0000,0.0000,0.0000,True,True
22.2048,-8.0611,0.8000,-46.5870,0.04065,1.0000,0.0000,0.0000,True,True
22.2131,-8.0610,0.8000,-46.6282,0.04117,1.0000,0.0000,0.0000,True,True
22.2214,-8.0609,0.8000,-46.6699,0.04168,1.0000,0.0000,0.0000,True,True
22.2297,-8.0608,0.8000,-46.7121,0.04222,1.0000,0.0000,0.0000,True,True
22.2381,-8.0607,0.8000,-46.7548,0.04273,1.0000,0.0000,0.0000,True,True
22.2464,-8.0606,0.8000,-46.7981,0.04325,1.0000,0.0000,0.0000,True,True
22.2553,-8.0605,0.8000,-46.8441,0.04599,1.0000,0.0000,0.0000,True,True
22.2635,-8.0604,0.8000,-46.8884,0.04432,1.0000,0.0000,0.0000,True,True
22.2718,-8.0603,0.8000,-46.9332,0.04484,1.0000,0.0000,0.0000,True,True
22.2802,-8.0602,0.8000,-46.9782,0.04500,1.0000,0.0000,0.0000,True,True
22.2885,-8.0601,0.8000,-47.0232,0.04502,1.0000,0.0000,0.0000,True,True
22.2968,-8.0600,0.8000,-47.0682,0.04499,1.0000,0.0000,0.0000,True,True
22.3052,-8.0599,0.8000,-47.1133,0.04502,1.0000,0.0000,0.0000,True,True
22.3136,-8.0598,0.8000,-47.1582,0.04498,1.0000,0.0000,0.0000,True,True
22.3219,-8.0597,0.8000,-47.2032,0.04501,1.0000,0.0000,0.0000,True,True
22.3310,-8.0596,0.8000,-47.2494,0.04611,1.0000,0.0000,0.0000,True,True
22.3390,-8.0595,0.8000,-47.2957,0.04633,1.0000,0.0000,0.0000,True,True
22.3474,-8.0594,0.8000,-47.3407,0.04501,1.0000,0.0000,0.0000,True,True
22.3570,-8.0593,0.8000,-47.3929,0.05216,1.0000,0.0000,0.0000,True,True
22.3697,-8.0591,0.8000,-47.4614,0.06858,1.0000,0.0000,0.0000,True,True
22.3780,-8.0590,0.8000,-47.5064,0.04501,1.0000,0.0000,0.0000,True,True
22.3864,-8.0589,0.8000,-47.5514,0.04500,1.0000,0.0000,0.0000,True,True
22.3947,-8.0588,0.8000,-47.5964,0.04500,1.0000,0.0000,0.0000,True,True
22.4054,-8.0587,0.8000,-47.6506,0.05416,1.0000,0.0000,0.0000,True,True
22.4130,-8.0586,0.8000,-47.6956,0.04500,1.0000,0.0000,0.0000,True,True
22.4251,-8.0584,0.8000,-47.7606,0.06501,1.0000,0.0000,0.0000,True,True
22.4354,-8.0583,0.8000,-47.8165,0.05584,1.0000,0.0000,0.0000,True,True
22.4442,-8.0582,0.8000,-47.8637,0.04724,1.0000,0.0000,0.0000,True,True
22.4549,-8.0580,0.8000,-47.9212,0.05751,1.0000,0.0000,0.0000,True,True
22.4640,-8.0579,0.8000,-47.9708,0.04960,1.0000,0.0000,0.0000,True,True
22.4724,-8.0578,0.8000,-48.0161,0.04528,1.0000,0.0000,0.0000,True,True
22.4857,-8.0577,0.8000,-48.0878,0.07170,1.0000,0.0000,0.0000,True,True
22.4943,-8.0576,0.8000,-48.1343,0.04650,1.0000,0.0000,0.0000,True,True
22.5030,-8.0575,0.8000,-48.1797,0.04538,1.0000,0.0000,0.0000,True,True
22.5112,-8.0574,0.8000,-48.2232,0.04357,1.0000,0.0000,0.0000,True,True
22.5206,-8.0573,0.8000,-48.2712,0.04794,1.0000,0.0000,0.0000,True,True
22.5302,-8.0571,0.8000,-48.3203,0.04914,1.0000,0.0000,0.0000,True,True
22.5388,-8.0570,0.8000,-48.3632,0.04292,1.0000,0.0000,0.0000,True,True
22.5476,-8.0569,0.8000,-48.4060,0.04276,1.0000,0.0000,0.0000,True,True
22.5563,-8.0568,0.8000,-48.4469,0.04088,1.0000,0.0000,0.0000,True,True
22.5641,-8.0568,0.8000,-48.4872,0.04031,1.0000,0.0000,0.0000,True,True
22.5724,-8.0567,0.8000,-48.5270,0.03981,1.0000,0.0000,0.0000,True,True
22.5810,-8.0566,0.8000,-48.5675,0.04047,1.0000,0.0000,0.0000,True,True
22.5893,-8.0565,0.8000,-48.6062,0.03875,1.0000,0.0000,0.0000,True,True
22.5976,-8.0564,0.8000,-48.6444,0.03822,1.0000,0.0000,0.0000,True,True
22.6059,-8.0563,0.8000,-48.6821,0.03772,1.0000,0.0000,0.0000,True,True
22.6143,-8.0562,0.8000,-48.7193,0.03717,1.0000,0.0000,0.0000,True,True
22.6226,-8.0561,0.8000,-48.7560,0.03668,1.0000,0.0000,0.0000,True,True
22.6309,-8.0561,0.8000,-48.7921,0.03614,1.0000,0.0000,0.0000,True,True
22.6392,-8.0560,0.8000,-48.8278,0.03563,1.0000,0.0000,0.0000,True,True
22.6476,-8.0559,0.8000,-48.8629,0.03510,1.0000,0.0000,0.0000,True,True
22.6559,-8.0558,0.8000,-48.8974,0.03458,1.0000,0.0000,0.0000,True,True
22.6643,-8.0557,0.8000,-48.9315,0.03407,1.0000,0.0000,0.0000,True,True
22.6726,-8.0557,0.8000,-48.9651,0.03355,1.0000,0.0000,0.0000,True,True
22.6809,-8.0556,0.8000,-48.9981,0.03302,1.0000,0.0000,0.0000,True,True
22.7122,-8.0555,0.8000,-49.0306,0.03249,1.0000,0.0000,0.0000,True,True
22.7143,-8.0553,0.8000,-49.1258,0.09528,1.0000,0.0000,0.0000,True,True
22.7292,-8.0552,0.8000,-49.1809,0.05505,1.0000,0.0000,0.0000,True,True
22.7371,-8.0551,0.8000,-49.2098,0.02888,1.0000,0.0000,0.0000,True,True
22.7492,-8.0550,0.8000,-49.2529,0.04311,1.0000,0.0000,0.0000,True,True
22.7537,-8.0550,0.8000,-49.2688,0.01592,1.0000,0.0000,0.0000,True,True
22.7621,-8.0549,0.8000,-49.2976,0.02881,1.0000,0.0000,0.0000,True,True
22.7704,-8.0548,0.8000,-49.3259,0.02827,1.0000,0.0000,0.0000,True,True
22.7787,-8.0548,0.8000,-49.3536,0.02775,1.0000,0.0000,0.0000,True,True
22.7871,-8.0547,0.8000,-49.3809,0.02724,1.0000,0.0000,0.0000,True,True
22.7954,-8.0547,0.8000,-49.4076,0.02671,1.0000,0.0000,0.0000,True,True
22.8038,-8.0546,0.8000,-49.4338,0.02619,1.0000,0.0000,0.0000,True,True
22.8122,-8.0545,0.8000,-49.4595,0.02570,1.0000,0.0000,0.0000,True,True
22.8204,-8.0545,0.8000,-49.4846,0.02515,1.0000,0.0000,0.0000,True,True
22.8288,-8.0544,0.8000,-49.5093,0.02463,1.0000,0.0000,0.0000,True,True
22.8371,-8.0544,0.8000,-49.5334,0.02411,1.0000,0.0000,0.0000,True,True
22.8454,-8.0543,0.8000,-49.5570,0.02358,1.0000,0.0000,0.0000,True,True
22.8537,-8.0543,0.8000,-49.5800,0.02306,1.0000,0.0000,0.0000,True,True
22.8621,-8.0542,0.8000,-49.6026,0.02255,1.0000,0.0000,0.0000,True,True
22.8704,-8.0542,0.8000,-49.6246,0.02202,1.0000,0.0000,0.0000,True,True
22.8787,-8.0541,0.8000,-49.6461,0.02151,1.0000,0.0000,0.0000,True,True
22.8871,-8.0541,0.8000,-49.6671,0.02098,1.0000,0.0000,0.0000,True,True
22.8954,-8.0540,0.8000,-49.6876,0.02046,1.0000,0.0000,0.0000,True,True
22.9039,-8.0540,0.8000,-49.7075,0.01994,1.0000,0.0000,0.0000,True,True
22.9122,-8.0539,0.8000,-49.7269,0.01942,1.0000,0.0000,0.0000,True,True
22.9204,-8.0539,0.8000,-49.7458,0.01890,1.0000,0.0000,0.0000,True,True
22.9287,-8.0538,0.8000,-49.7642,0.01838,1.0000,0.0000,0.0000,True,True
22.9371,-8.0538,0.8000,-49.7821,0.01786,1.0000,0.0000,0.0000,True,True
22.9456,-8.0538,0.8000,-49.7994,0.01737,1.0000,0.0000,0.0000,True,True
22.9540,-8.0537,0.8000,-49.8166,0.01715,1.0000,0.0000,0.0000,True,True
22.9624,-8.0537,0.8000,-49.8329,0.01630,1.0000,0.0000,0.0000,True,True
22.9709,-8.0537,0.8000,-49.8491,0.01627,1.0000,0.0000,0.0000,True,True
22.9793,-8.0536,0.8000,-49.8644,0.01523,1.0000,0.0000,0.0000,True,True
22.9877,-8.0536,0.8000,-49.8791,0.01471,1.0000,0.0000,0.0000,True,True
22.9959,-8.0536,0.8000,-49.8933,0.01418,1.0000,0.0000,0.0000,True,True
23.0043,-8.0535,0.8000,-49.9069,0.01368,1.0000,0.0000,0.0000,True,True
23.0126,-8.0535,0.8000,-49.9201,0.01314,1.0000,0.0000,0.0000,True,True
23.0210,-8.0535,0.8000,-49.9327,0.01262,1.0000,0.0000,0.0000,True,True
23.0293,-8.0534,0.8000,-49.9448,0.01210,1.0000,0.0000,0.0000,True,True
23.0376,-8.0534,0.8000,-49.9564,0.01158,1.0000,0.0000,0.0000,True,True
23.0460,-8.0534,0.8000,-49.9674,0.01106,1.0000,0.0000,0.0000,True,True
23.0543,-8.0534,0.8000,-49.9780,0.01054,1.0000,0.0000,0.0000,True,True
23.0626,-8.0534,0.8000,-49.9780,0.00000,1.0000,0.0000,0.0000,True,True
23.0709,-8.0534,0.8000,-49.9785,0.00052,1.0000,0.0000,0.0000,True,True
23.0792,-8.0534,0.8000,-49.9796,0.00104,1.0000,0.0000,0.0000,True,True
23.0876,-8.0534,0.8000,-49.9811,0.00156,1.0000,0.0000,0.0000,True,True
23.0959,-8.0534,0.8000,-49.9832,0.00209,1.0000,0.0000,0.0000,True,True
23.1042,-8.0534,0.8000,-49.9858,0.00261,1.0000,0.0000,0.0000,True,True
23.1125,-8.0534,0.8000,-49.9889,0.00313,1.0000,0.0000,0.0000,True,True
23.1209,-8.0534,0.8000,-49.9926,0.00365,1.0000,0.0000,0.0000,True,True
23.1293,-8.0534,0.8000,-49.9968,0.00417,1.0000,0.0000,0.0000,True,True
23.1375,-8.0534,0.8000,-50.0014,0.00469,1.0000,0.0000,0.0000,True,True
23.1459,-8.0534,0.8000,-50.0067,0.00521,1.0000,0.0000,0.0000,True,True
23.1542,-8.0534,0.8000,-50.0124,0.00573,1.0000,0.0000,0.0000,True,True
23.1628,-8.0534,0.8000,-50.0189,0.00647,1.0000,0.0000,0.0000,True,True
23.1711,-8.0534,0.8000,-50.0256,0.00679,1.0000,0.0000,0.0000,True,True
23.1795,-8.0534,0.8000,-50.0330,0.00731,1.0000,0.0000,0.0000,True,True
23.1878,-8.0534,0.8000,-50.0408,0.00783,1.0000,0.0000,0.0000,True,True
23.1961,-8.0534,0.8000,-50.0491,0.00835,1.0000,0.0000,0.0000,True,True
23.2045,-8.0534,0.8000,-50.0580,0.00888,1.0000,0.0000,0.0000,True,True
23.2128,-8.0534,0.8000,-50.0674,0.00940,1.0000,0.0000,0.0000,True,True
23.2212,-8.0534,0.8000,-50.0773,0.00992,1.0000,0.0000,0.0000,True,True
23.2295,-8.0534,0.8000,-50.0878,0.01044,1.0000,0.0000,0.0000,True,True
23.2378,-8.0534,0.8000,-50.0987,0.01096,1.0000,0.0000,0.0000,True,True
23.2462,-8.0534,0.8000,-50.1102,0.01148,1.0000,0.0000,0.0000,True,True
23.2545,-8.0534,0.8000,-50.1222,0.01200,1.0000,0.0000,0.0000,True,True
23.2628,-8.0534,0.8000,-50.1348,0.01252,1.0000,0.0000,0.0000,True,True
23.2712,-8.0534,0.8000,-50.1479,0.01310,1.0000,0.0000,0.0000,True,True
23.2795,-8.0534,0.8000,-50.1614,0.01355,1.0000,0.0000,0.0000,True,True
23.2879,-8.0534,0.8000,-50.1755,0.01409,1.0000,0.0000,0.0000,True,True
23.2962,-8.0534,0.8000,-50.1901,0.01461,1.0000,0.0000,0.0000,True,True
23.3045,-8.0534,0.8000,-50.2052,0.01513,1.0000,0.0000,0.0000,True,True
23.3128,-8.0534,0.8000,-50.2209,0.01565,1.0000,0.0000,0.0000,True,True
23.3212,-8.0534,0.8000,-50.2371,0.01617,1.0000,0.0000,0.0000,True,True
23.3296,-8.0534,0.8000,-50.2537,0.01669,1.0000,0.0000,0.0000,True,True
23.3378,-8.0534,0.8000,-50.2710,0.01721,1.0000,0.0000,0.0000,True,True
23.3462,-8.0534,0.8000,-50.2887,0.01773,1.0000,0.0000,0.0000,True,True
23.3545,-8.0534,0.8000,-50.3069,0.01826,1.0000,0.0000,0.0000,True,True
23.3628,-8.0534,0.8000,-50.3257,0.01878,1.0000,0.0000,0.0000,True,True
23.3712,-8.0534,0.8000,-50.3450,0.01930,1.0000,0.0000,0.0000,True,True
23.3795,-8.0534,0.8000,-50.3648,0.01982,1.0000,0.0000,0.0000,True,True
23.3879,-8.0534,0.8000,-50.3852,0.02034,1.0000,0.0000,0.0000,True,True
23.3962,-8.0534,0.8000,-50.4061,0.02087,1.0000,0.0000,0.0000,True,True
23.4045,-8.0534,0.8000,-50.4274,0.02139,1.0000,0.0000,0.0000,True,True
23.4129,-8.0534,0.8000,-50.4493,0.02191,1.0000,0.0000,0.0000,True,True
23.4212,-8.0534,0.8000,-50.4718,0.02243,1.0000,0.0000,0.0000,True,True
23.4295,-8.0534,0.8000,-50.4947,0.02295,1.0000,0.0000,0.0000,True,True
23.4408,-8.0534,0.8000,-50.5252,0.03048,1.0000,0.0000,0.0000,True,True
23.4536,-8.0534,0.8000,-50.5643,0.03910,1.0000,0.0000,0.0000,True,True
23.4646,-8.0534,0.8000,-50.5974,0.03305,1.0000,0.0000,0.0000,True,True
23.4729,-8.0534,0.8000,-50.6230,0.02564,1.0000,0.0000,0.0000,True,True
23.4812,-8.0534,0.8000,-50.6492,0.02619,1.0000,0.0000,0.0000,True,True
23.4899,-8.0534,0.8000,-50.6770,0.02785,1.0000,0.0000,0.0000,True,True
23.4982,-8.0534,0.8000,-50.7043,0.02724,1.0000,0.0000,0.0000,True,True
23.5066,-8.0534,0.8000,-50.7320,0.02776,1.0000,0.0000,0.0000,True,True
23.5149,-8.0534,0.8000,-50.7603,0.02829,1.0000,0.0000,0.0000,True,True
23.5232,-8.0534,0.8000,-50.7891,0.02881,1.0000,0.0000,0.0000,True,True
23.5316,-8.0534,0.8000,-50.8185,0.02933,1.0000,0.0000,0.0000,True,True
23.5401,-8.0534,0.8000,-50.8492,0.03070,1.0000,0.0000,0.0000,True,True
23.5485,-8.0534,0.8000,-50.8796,0.03039,1.0000,0.0000,0.0000,True,True
23.5568,-8.0534,0.8000,-50.9105,0.03089,1.0000,0.0000,0.0000,True,True
23.5651,-8.0534,0.8000,-50.9419,0.03144,1.0000,0.0000,0.0000,True,True
23.5735,-8.0534,0.8000,-50.9738,0.03195,1.0000,0.0000,0.0000,True,True
23.5818,-8.0533,0.8000,-51.0063,0.03247,1.0000,0.0000,0.0000,True,True
23.5901,-8.0533,0.8000,-51.0393,0.03299,1.0000,0.0000,0.0000,True,True
23.5985,-8.0533,0.8000,-51.0728,0.03351,1.0000,0.0000,0.0000,True,True
23.6068,-8.0533,0.8000,-51.1068,0.03402,1.0000,0.0000,0.0000,True,True
23.6152,-8.0533,0.8000,-51.1414,0.03456,1.0000,0.0000,0.0000,True,True
23.6235,-8.0533,0.8000,-51.1765,0.03507,1.0000,0.0000,0.0000,True,True
23.6318,-8.0533,0.8000,-51.2120,0.03559,1.0000,0.0000,0.0000,True,True
23.6404,-8.0533,0.8000,-51.2488,0.03680,1.0000,0.0000,0.0000,True,True
23.6486,-8.0533,0.8000,-51.2855,0.03662,1.0000,0.0000,0.0000,True,True
23.6569,-8.0533,0.8000,-51.3226,0.03717,1.0000,0.0000,0.0000,True,True
23.6656,-8.0533,0.8000,-51.3603,0.03769,1.0000,0.0000,0.0000,True,True
23.6738,-8.0533,0.8000,-51.3985,0.03822,1.0000,0.0000,0.0000,True,True
23.6822,-8.0533,0.8000,-51.4373,0.03873,1.0000,0.0000,0.0000,True,True
23.6903,-8.0533,0.8000,-51.4765,0.03925,1.0000,0.0000,0.0000,True,True
23.6987,-8.0533,0.8000,-51.5163,0.03978,1.0000,0.0000,0.0000,True,True
23.7070,-8.0533,0.8000,-51.5566,0.04029,1.0000,0.0000,0.0000,True,True
23.7155,-8.0533,0.8000,-51.5974,0.04082,1.0000,0.0000,0.0000,True,True
23.7240,-8.0533,0.8000,-51.6387,0.04133,1.0000,0.0000,0.0000,True,True
23.7322,-8.0533,0.8000,-51.6806,0.04185,1.0000,0.0000,0.0000,True,True
23.7404,-8.0533,0.8000,-51.7230,0.04239,1.0000,0.0000,0.0000,True,True
23.7487,-8.0533,0.8000,-51.7659,0.04289,1.0000,0.0000,0.0000,True,True
23.7571,-8.0533,0.8000,-51.8093,0.04342,1.0000,0.0000,0.0000,True,True
23.7655,-8.0533,0.8000,-51.8535,0.04419,1.0000,0.0000,0.0000,True,True
23.7737,-8.0533,0.8000,-51.8979,0.04436,1.0000,0.0000,0.0000,True,True
23.7822,-8.0533,0.8000,-51.9428,0.04499,1.0000,0.0000,0.0000,True,True
23.7905,-8.0533,0.8000,-51.9878,0.04501,1.0000,0.0000,0.0000,True,True
23.7987,-8.0533,0.8000,-52.0329,0.04501,1.0000,0.0000,0.0000,True,True
23.8071,-8.0533,0.8000,-52.0779,0.04501,1.0000,0.0000,0.0000,True,True
23.8155,-8.0533,0.8000,-52.1229,0.04508,1.0000,0.0000,0.0000,True,True
23.8242,-8.0533,0.8000,-52.1696,0.04667,1.0000,0.0000,0.0000,True,True
23.8324,-8.0533,0.8000,-52.2146,0.04501,1.0000,0.0000,0.0000,True,True
23.8408,-8.0533,0.8000,-52.2597,0.04508,1.0000,0.0000,0.0000,True,True
23.8492,-8.0533,0.8000,-52.3047,0.04501,1.0000,0.0000,0.0000,True,True
23.8574,-8.0533,0.8000,-52.3497,0.04501,1.0000,0.0000,0.0000,True,True
23.8658,-8.0533,0.8000,-52.3948,0.04503,1.0000,0.0000,0.0000,True,True
23.8742,-8.0533,0.8000,-52.4397,0.04499,1.0000,0.0000,0.0000,True,True
23.8824,-8.0533,0.8000,-52.4847,0.04497,1.0000,0.0000,0.0000,True,True
23.8907,-8.0533,0.8000,-52.5297,0.04501,1.0000,0.0000,0.0000,True,True
23.8990,-8.0533,0.8000,-52.5747,0.04499,1.0000,0.0000,0.0000,True,True
23.9074,-8.0533,0.8000,-52.6197,0.04501,1.0000,0.0000,0.0000,True,True
23.9157,-8.0533,0.8000,-52.6647,0.04500,1.0000,0.0000,0.0000,True,True
23.9240,-8.0533,0.8000,-52.7097,0.04500,1.0000,0.0000,0.0000,True,True
23.9323,-8.0533,0.8000,-52.7547,0.04499,1.0000,0.0000,0.0000,True,True
23.9407,-8.0533,0.8000,-52.7997,0.04501,1.0000,0.0000,0.0000,True,True
23.9490,-8.0533,0.8000,-52.8447,0.04501,1.0000,0.0000,0.0000,True,True
23.9573,-8.0533,0.8000,-52.8897,0.04500,1.0000,0.0000,0.0000,True,True
23.9657,-8.0533,0.8000,-52.9347,0.04499,1.0000,0.0000,0.0000,True,True
23.9740,-8.0533,0.8000,-52.9797,0.04502,1.0000,0.0000,0.0000,True,True
23.9824,-8.0533,0.8000,-53.0247,0.04499,1.0000,0.0000,0.0000,True,True
23.9907,-8.0533,0.8000,-53.0697,0.04501,1.0000,0.0000,0.0000,True,True
23.9992,-8.0533,0.8000,-53.1146,0.04489,1.0000,0.0000,0.0000,True,True
24.0074,-8.0533,0.8000,-53.1589,0.04432,1.0000,0.0000,0.0000,True,True
24.0157,-8.0533,0.8000,-53.2028,0.04382,1.0000,0.0000,0.0000,True,True
24.0240,-8.0533,0.8000,-53.2461,0.04329,1.0000,0.0000,0.0000,True,True
24.0324,-8.0533,0.8000,-53.2888,0.04276,1.0000,0.0000,0.0000,True,True
24.0407,-8.0533,0.8000,-53.3311,0.04223,1.0000,0.0000,0.0000,True,True
24.0490,-8.0533,0.8000,-53.3728,0.04173,1.0000,0.0000,0.0000,True,True
24.0574,-8.0533,0.8000,-53.4140,0.04120,1.0000,0.0000,0.0000,True,True
24.0657,-8.0533,0.8000,-53.4547,0.04068,1.0000,0.0000,0.0000,True,True
24.0740,-8.0533,0.8000,-53.4948,0.04015,1.0000,0.0000,0.0000,True,True
24.0824,-8.0533,0.8000,-53.5345,0.03965,1.0000,0.0000,0.0000,True,True
24.0907,-8.0533,0.8000,-53.5736,0.03911,1.0000,0.0000,0.0000,True,True
24.0990,-8.0533,0.8000,-53.6122,0.03860,1.0000,0.0000,0.0000,True,True
24.1074,-8.0533,0.8000,-53.6503,0.03808,1.0000,0.0000,0.0000,True,True
24.1157,-8.0533,0.8000,-53.6878,0.03755,1.0000,0.0000,0.0000,True,True
24.1240,-8.0533,0.8000,-53.7248,0.03703,1.0000,0.0000,0.0000,True,True
24.1324,-8.0533,0.8000,-53.7613,0.03651,1.0000,0.0000,0.0000,True,True
24.1407,-8.0533,0.8000,-53.7973,0.03599,1.0000,0.0000,0.0000,True,True
24.1490,-8.0533,0.8000,-53.8328,0.03548,1.0000,0.0000,0.0000,True,True
24.1574,-8.0533,0.8000,-53.8678,0.03495,1.0000,0.0000,0.0000,True,True
24.1657,-8.0533,0.8000,-53.9022,0.03443,1.0000,0.0000,0.0000,True,True
24.1741,-8.0533,0.8000,-53.9361,0.03391,1.0000,0.0000,0.0000,True,True
24.1825,-8.0533,0.8000,-53.9695,0.03339,1.0000,0.0000,0.0000,True,True
24.1907,-8.0533,0.8000,-54.0024,0.03287,1.0000,0.0000,0.0000,True,True
24.1992,-8.0533,0.8000,-54.0347,0.03234,1.0000,0.0000,0.0000,True,True
24.2074,-8.0533,0.8000,-54.0666,0.03183,1.0000,0.0000,0.0000,True,True
24.2158,-8.0533,0.8000,-54.0979,0.03130,1.0000,0.0000,0.0000,True,True
24.2241,-8.0533,0.8000,-54.1286,0.03078,1.0000,0.0000,0.0000,True,True
24.2324,-8.0533,0.8000,-54.1590,0.03038,1.0000,0.0000,0.0000,True,True
24.2407,-8.0533,0.8000,-54.1886,0.02963,1.0000,0.0000,0.0000,True,True
24.2495,-8.0533,0.8000,-54.2189,0.03024,1.0000,0.0000,0.0000,True,True
24.2577,-8.0533,0.8000,-54.2476,0.02868,1.0000,0.0000,0.0000,True,True
24.2660,-8.0533,0.8000,-54.2757,0.02816,1.0000,0.0000,0.0000,True,True
24.2743,-8.0533,0.8000,-54.3034,0.02764,1.0000,0.0000,0.0000,True,True
24.2827,-8.0533,0.8000,-54.3305,0.02712,1.0000,0.0000,0.0000,True,True
24.2910,-8.0533,0.8000,-54.3571,0.02661,1.0000,0.0000,0.0000,True,True
24.2994,-8.0533,0.8000,-54.3832,0.02607,1.0000,0.0000,0.0000,True,True
24.3077,-8.0533,0.8000,-54.4087,0.02555,1.0000,0.0000,0.0000,True,True
24.3160,-8.0533,0.8000,-54.4338,0.02504,1.0000,0.0000,0.0000,True,True
24.3243,-8.0533,0.8000,-54.4583,0.02452,1.0000,0.0000,0.0000,True,True
24.3327,-8.0533,0.8000,-54.4823,0.02399,1.0000,0.0000,0.0000,True,True
24.3410,-8.0533,0.8000,-54.5057,0.02348,1.0000,0.0000,0.0000,True,True
24.3493,-8.0533,0.8000,-54.5287,0.02296,1.0000,0.0000,0.0000,True,True
24.3577,-8.0533,0.8000,-54.5511,0.02243,1.0000,0.0000,0.0000,True,True
24.3660,-8.0533,0.8000,-54.5731,0.02192,1.0000,0.0000,0.0000,True,True
24.3744,-8.0533,0.8000,-54.5944,0.02139,1.0000,0.0000,0.0000,True,True
24.3827,-8.0533,0.8000,-54.6153,0.02088,1.0000,0.0000,0.0000,True,True
24.3910,-8.0533,0.8000,-54.6357,0.02036,1.0000,0.0000,0.0000,True,True
24.3995,-8.0533,0.8000,-54.6559,0.02018,1.0000,0.0000,0.0000,True,True
24.4078,-8.0533,0.8000,-54.6752,0.01931,1.0000,0.0000,0.0000,True,True
24.4161,-8.0533,0.8000,-54.6939,0.01878,1.0000,0.0000,0.0000,True,True
24.4245,-8.0533,0.8000,-54.7122,0.01826,1.0000,0.0000,0.0000,True,True
24.4328,-8.0533,0.8000,-54.7299,0.01774,1.0000,0.0000,0.0000,True,True
24.4412,-8.0533,0.8000,-54.7472,0.01722,1.0000,0.0000,0.0000,True,True
24.4495,-8.0533,0.8000,-54.7639,0.01669,1.0000,0.0000,0.0000,True,True
24.4578,-8.0533,0.8000,-54.7800,0.01617,1.0000,0.0000,0.0000,True,True
24.4662,-8.0533,0.8000,-54.7957,0.01566,1.0000,0.0000,0.0000,True,True
24.4745,-8.0533,0.8000,-54.8108,0.01514,1.0000,0.0000,0.0000,True,True
24.4828,-8.0533,0.8000,-54.8254,0.01461,1.0000,0.0000,0.0000,True,True
24.4911,-8.0533,0.8000,-54.8395,0.01410,1.0000,0.0000,0.0000,True,True
24.4995,-8.0533,0.8000,-54.8531,0.01358,1.0000,0.0000,0.0000,True,True
24.5078,-8.0533,0.8000,-54.8662,0.01305,1.0000,0.0000,0.0000,True,True
24.5161,-8.0533,0.8000,-54.8787,0.01254,1.0000,0.0000,0.0000,True,True
24.5245,-8.0533,0.8000,-54.8907,0.01202,1.0000,0.0000,0.0000,True,True
24.5328,-8.0533,0.8000,-54.9022,0.01150,1.0000,0.0000,0.0000,True,True
24.5412,-8.0533,0.8000,-54.9132,0.01097,1.0000,0.0000,0.0000,True,True
24.5495,-8.0533,0.8000,-54.9237,0.01046,1.0000,0.0000,0.0000,True,True
24.5578,-8.0533,0.8000,-54.9336,0.00994,1.0000,0.0000,0.0000,True,True
24.5662,-8.0533,0.8000,-54.9430,0.00942,1.0000,0.0000,0.0000,True,True
24.5745,-8.0533,0.8000,-54.9519,0.00890,1.0000,0.0000,0.0000,True,True
24.5828,-8.0533,0.8000,-54.9603,0.00837,1.0000,0.0000,0.0000,True,True
24.5912,-8.0533,0.8000,-54.9681,0.00785,1.0000,0.0000,0.0000,True,True
24.5996,-8.0533,0.8000,-54.9755,0.00738,1.0000,0.0000,0.0000,True,True
24.6080,-8.0533,0.8000,-54.9755,0.00000,1.0000,0.0000,0.0000,True,True
24.6162,-8.0528,0.8000,-54.9757,0.00052,1.0000,0.0000,0.0000,True,True
24.6246,-8.0519,0.8000,-54.9761,0.00104,1.0000,0.0000,0.0000,True,True
24.6329,-8.0504,0.8000,-54.9768,0.00156,1.0000,0.0000,0.0000,True,True
24.6413,-8.0485,0.8000,-54.9776,0.00209,1.0000,0.0000,0.0000,True,True
24.6496,-8.0461,0.8000,-54.9786,0.00260,1.0000,0.0000,0.0000,True,True
24.6579,-8.0432,0.8000,-54.9798,0.00313,1.0000,0.0000,0.0000,True,True
24.6663,-8.0399,0.8000,-54.9813,0.00365,1.0000,0.0000,0.0000,True,True
24.6746,-8.0360,0.8000,-54.9829,0.00417,1.0000,0.0000,0.0000,True,True
24.6829,-8.0317,0.8000,-54.9847,0.00469,1.0000,0.0000,0.0000,True,True
24.6913,-8.0269,0.8000,-54.9868,0.00521,1.0000,0.0000,0.0000,True,True
24.6997,-8.0217,0.8000,-54.9890,0.00573,1.0000,0.0000,0.0000,True,True
24.7079,-8.0159,0.8000,-54.9915,0.00626,1.0000,0.0000,0.0000,True,True
24.7163,-8.0097,0.8000,-54.9942,0.00677,1.0000,0.0000,0.0000,True,True
24.7246,-8.0030,0.8000,-54.9970,0.00729,1.0000,0.0000,0.0000,True,True
24.7329,-7.9958,0.8000,-55.0001,0.00782,1.0000,0.0000,0.0000,True,True
24.7413,-7.9881,0.8000,-55.0034,0.00834,1.0000,0.0000,0.0000,True,True
24.7496,-7.9800,0.8000,-55.0068,0.00886,1.0000,0.0000,0.0000,True,True
24.7580,-7.9713,0.8000,-55.0105,0.00938,1.0000,0.0000,0.0000,True,True
24.7663,-7.9622,0.8000,-55.0144,0.00990,1.0000,0.0000,0.0000,True,True
24.7746,-7.9527,0.8000,-55.0185,0.01042,1.0000,0.0000,0.0000,True,True
24.7829,-7.9426,0.8000,-55.0228,0.01094,1.0000,0.0000,0.0000,True,True
24.7912,-7.9321,0.8000,-55.0273,0.01146,1.0000,0.0000,0.0000,True,True
24.7996,-7.9210,0.8000,-55.0320,0.01199,1.0000,0.0000,0.0000,True,True
24.8079,-7.9095,0.8000,-55.0369,0.01250,1.0000,0.0000,0.0000,True,True
24.8163,-7.8976,0.8000,-55.0420,0.01303,1.0000,0.0000,0.0000,True,True
24.8248,-7.8851,0.8000,-55.0474,0.01354,1.0000,0.0000,0.0000,True,True
24.8329,-7.8722,0.8000,-55.0529,0.01406,1.0000,0.0000,0.0000,True,True
24.8413,-7.8588,0.8000,-55.0586,0.01458,1.0000,0.0000,0.0000,True,True
24.8497,-7.8446,0.8000,-55.0647,0.01539,1.0000,0.0000,0.0000,True,True
24.8581,-7.8302,0.8000,-55.0708,0.01564,1.0000,0.0000,0.0000,True,True
24.8664,-7.8154,0.8000,-55.0771,0.01616,1.0000,0.0000,0.0000,True,True
24.8747,-7.8000,0.8000,-55.0837,0.01668,1.0000,0.0000,0.0000,True,True
24.8831,-7.7842,0.8000,-55.0905,0.01720,1.0000,0.0000,0.0000,True,True
24.8914,-7.7679,0.8000,-55.0974,0.01772,1.0000,0.0000,0.0000,True,True
24.8997,-7.7511,0.8000,-55.1046,0.01824,1.0000,0.0000,0.0000,True,True
24.9081,-7.7339,0.8000,-55.1119,0.01876,1.0000,0.0000,0.0000,True,True
24.9164,-7.7162,0.8000,-55.1195,0.01928,1.0000,0.0000,0.0000,True,True
24.9247,-7.6979,0.8000,-55.1273,0.01981,1.0000,0.0000,0.0000,True,True
24.9331,-7.6792,0.8000,-55.1353,0.02032,1.0000,0.0000,0.0000,True,True
24.9414,-7.6601,0.8000,-55.1435,0.02085,1.0000,0.0000,0.0000,True,True
24.9497,-7.6404,0.8000,-55.1519,0.02136,1.0000,0.0000,0.0000,True,True
24.9581,-7.6203,0.8000,-55.1605,0.02189,1.0000,0.0000,0.0000,True,True
24.9665,-7.5997,0.8000,-55.1693,0.02241,1.0000,0.0000,0.0000,True,True
24.9747,-7.5786,0.8000,-55.1783,0.02293,1.0000,0.0000,0.0000,True,True
24.9831,-7.5570,0.8000,-55.1875,0.02345,1.0000,0.0000,0.0000,True,True
24.9914,-7.5350,0.8000,-55.1969,0.02397,1.0000,0.0000,0.0000,True,True
24.9998,-7.5125,0.8000,-55.2065,0.02450,1.0000,0.0000,0.0000,True,True
25.0081,-7.4895,0.8000,-55.2163,0.02502,1.0000,0.0000,0.0000,True,True
25.0171,-7.4660,0.8000,-55.2264,0.02553,1.0000,0.0000,0.0000,True,True
25.0247,-7.4420,0.8000,-55.2366,0.02606,1.0000,0.0000,0.0000,True,True
25.0331,-7.4176,0.8000,-55.2470,0.02658,1.0000,0.0000,0.0000,True,True
25.0414,-7.3927,0.8000,-55.2577,0.02710,1.0000,0.0000,0.0000,True,True
25.0498,-7.3673,0.8000,-55.2685,0.02762,1.0000,0.0000,0.0000,True,True
25.0581,-7.3414,0.8000,-55.2796,0.02814,1.0000,0.0000,0.0000,True,True
25.0664,-7.3150,0.8000,-55.2908,0.02866,1.0000,0.0000,0.0000,True,True
25.0747,-7.2882,0.8000,-55.3023,0.02918,1.0000,0.0000,0.0000,True,True
25.0831,-7.2609,0.8000,-55.3140,0.02970,1.0000,0.0000,0.0000,True,True
25.0914,-7.2331,0.8000,-55.3258,0.03022,1.0000,0.0000,0.0000,True,True
25.0998,-7.2048,0.8000,-55.3379,0.03075,1.0000,0.0000,0.0000,True,True
25.1085,-7.1760,0.8000,-55.3502,0.03128,1.0000,0.0000,0.0000,True,True
25.1164,-7.1468,0.8000,-55.3627,0.03177,1.0000,0.0000,0.0000,True,True
25.1248,-7.1171,0.8000,-55.3754,0.03230,1.0000,0.0000,0.0000,True,True
25.1331,-7.0869,0.8000,-55.3883,0.03282,1.0000,0.0000,0.0000,True,True
25.1415,-7.0562,0.8000,-55.4014,0.03336,1.0000,0.0000,0.0000,True,True
25.1497,-7.0251,0.8000,-55.4147,0.03386,1.0000,0.0000,0.0000,True,True
25.1581,-6.9935,0.8000,-55.4282,0.03439,1.0000,0.0000,0.0000,True,True
25.1664,-6.9614,0.8000,-55.4419,0.03491,1.0000,0.0000,0.0000,True,True
25.1748,-6.9288,0.8000,-55.4558,0.03543,1.0000,0.0000,0.0000,True,True
25.1831,-6.8957,0.8000,-55.4699,0.03595,1.0000,0.0000,0.0000,True,True
25.1914,-6.8622,0.8000,-55.4842,0.03647,1.0000,0.0000,0.0000,True,True
25.1998,-6.8282,0.8000,-55.4988,0.03700,1.0000,0.0000,0.0000,True,True
25.2086,-6.8282,0.8000,-55.4988,0.00000,1.0000,0.0000,0.0000,True,True
