time,x,y,z,step,clear,rain,snow,supported,bodyClear
8.5777,0.0000,0.8000,-0.0021,0.00211,1.0000,0.0000,0.0000,True,True
8.6028,0.0000,0.8000,-0.0103,0.00816,1.0000,0.0000,0.0000,True,True
8.6206,0.0000,0.8000,-0.0183,0.00807,1.0000,0.0000,0.0000,True,True
8.6321,0.0000,0.8000,-0.0245,0.00611,1.0000,0.0000,0.0000,True,True
8.6534,0.0000,0.8000,-0.0394,0.01494,1.0000,0.0000,0.0000,True,True
8.6700,0.0000,0.8000,-0.0530,0.01363,1.0000,0.0000,0.0000,True,True
8.6801,0.0000,0.8000,-0.0622,0.00913,1.0000,0.0000,0.0000,True,True
8.6950,0.0000,0.8000,-0.0769,0.01475,1.0000,0.0000,0.0000,True,True
8.7154,0.0000,0.8000,-0.1007,0.02383,1.0000,0.0000,0.0000,True,True
8.7259,0.0000,0.8000,-0.1138,0.01310,1.0000,0.0000,0.0000,True,True
8.7425,0.0000,0.8000,-0.1364,0.02251,1.0000,0.0000,0.0000,True,True
8.7520,0.0000,0.8000,-0.1502,0.01389,1.0000,0.0000,0.0000,True,True
8.7758,0.0000,0.8000,-0.1883,0.03809,1.0000,0.0000,0.0000,True,True
8.7866,0.0000,0.8000,-0.2070,0.01872,1.0000,0.0000,0.0000,True,True
8.8036,0.0000,0.8000,-0.2378,0.03080,1.0000,0.0000,0.0000,True,True
8.8201,0.0000,0.8000,-0.2700,0.03213,1.0000,0.0000,0.0000,True,True
8.8305,0.0000,0.8000,-0.2914,0.02145,1.0000,0.0000,0.0000,True,True
8.8505,0.0000,0.8000,-0.3346,0.04314,1.0000,0.0000,0.0000,True,True
8.8605,0.0000,0.8000,-0.3574,0.02284,1.0000,0.0000,0.0000,True,True
8.8809,0.0000,0.8000,-0.4058,0.04844,1.0000,0.0000,0.0000,True,True
8.8912,0.0000,0.8000,-0.4319,0.02609,1.0000,0.0000,0.0000,True,True
8.9077,0.0000,0.8000,-0.4746,0.04267,1.0000,0.0000,0.0000,True,True
8.9242,0.0000,0.8000,-0.5201,0.04546,1.0000,0.0000,0.0000,True,True
8.9335,0.0000,0.8000,-0.5461,0.02604,1.0000,0.0000,0.0000,True,True
8.9531,0.0000,0.8000,-0.6031,0.05700,1.0000,0.0000,0.0000,True,True
8.9634,0.0000,0.8000,-0.6351,0.03196,1.0000,0.0000,0.0000,True,True
8.9834,0.0000,0.8000,-0.6980,0.06290,1.0000,0.0000,0.0000,True,True
8.9934,0.0000,0.8000,-0.7309,0.03293,1.0000,0.0000,0.0000,True,True
9.0105,0.0000,0.8000,-0.7879,0.05702,1.0000,0.0000,0.0000,True,True
9.0272,0.0000,0.8000,-0.8463,0.05840,1.0000,0.0000,0.0000,True,True
9.0380,0.0000,0.8000,-0.8854,0.03911,1.0000,0.0000,0.0000,True,True
9.0530,0.0000,0.8000,-0.9403,0.05487,1.0000,0.0000,0.0000,True,True
9.0684,0.0000,0.8000,-0.9998,0.05952,1.0000,0.0000,0.0000,True,True
9.0782,0.0000,0.8000,-1.0377,0.03793,1.0000,0.0000,0.0000,True,True
9.1015,0.0000,0.8000,-1.1312,0.09346,1.0000,0.0000,0.0000,True,True
9.1123,0.0000,0.8000,-1.1766,0.04536,1.0000,0.0000,0.0000,True,True
9.1281,0.0000,0.8000,-1.2441,0.06757,1.0000,0.0000,0.0000,True,True
9.1378,0.0000,0.8000,-1.2866,0.04248,1.0000,0.0000,0.0000,True,True
9.1569,0.0000,0.8000,-1.3713,0.08473,1.0000,0.0000,0.0000,True,True
9.1687,0.0000,0.8000,-1.4259,0.05454,1.0000,0.0000,0.0000,True,True
9.1780,0.0000,0.8000,-1.4692,0.04331,1.0000,0.0000,0.0000,True,True
9.2011,0.0000,0.8000,-1.5798,0.11065,1.0000,0.0000,0.0000,True,True
9.2131,0.0000,0.8000,-1.6388,0.05896,1.0000,0.0000,0.0000,True,True
9.2276,0.0000,0.8000,-1.7103,0.07151,1.0000,0.0000,0.0000,True,True
9.2428,0.0000,0.8000,-1.7886,0.07830,1.0000,0.0000,0.0000,True,True
9.2532,0.0000,0.8000,-1.8430,0.05438,1.0000,0.0000,0.0000,True,True
9.2725,0.0000,0.8000,-1.9462,0.10322,1.0000,0.0000,0.0000,True,True
9.2833,0.0000,0.8000,-2.0048,0.05859,1.0000,0.0000,0.0000,True,True
9.3000,0.0000,0.8000,-2.0939,0.08914,1.0000,0.0000,0.0000,True,True
9.3084,0.0000,0.8000,-2.1403,0.04639,1.0000,0.0000,0.0000,True,True
9.3318,0.0000,0.8000,-2.2660,0.12569,1.0000,0.0000,0.0000,True,True
9.3439,0.0000,0.8000,-2.3321,0.06611,1.0000,0.0000,0.0000,True,True
9.3618,0.0000,0.8000,-2.4283,0.09622,1.0000,0.0000,0.0000,True,True
9.3727,0.0000,0.8000,-2.4872,0.05891,1.0000,0.0000,0.0000,True,True
9.3943,0.0000,0.8000,-2.6024,0.11519,1.0000,0.0000,0.0000,True,True
9.4044,0.0000,0.8000,-2.6585,0.05608,1.0000,0.0000,0.0000,True,True
9.4240,0.0000,0.8000,-2.7645,0.10599,1.0000,0.0000,0.0000,True,True
9.4355,0.0000,0.8000,-2.8249,0.06043,1.0000,0.0000,0.0000,True,True
9.4627,0.0000,0.8000,-2.9724,0.14748,1.0000,0.0000,0.0000,True,True
9.4753,0.0000,0.8000,-3.0413,0.06884,1.0000,0.0000,0.0000,True,True
9.4921,0.0000,0.8000,-3.1319,0.09065,1.0000,0.0000,0.0000,True,True
9.5035,0.0000,0.8000,-3.1934,0.06150,1.0000,0.0000,0.0000,True,True
9.5238,0.0000,0.8000,-3.3030,0.10957,1.0000,0.0000,0.0000,True,True
9.5352,0.0000,0.8000,-3.3645,0.06151,1.0000,0.0000,0.0000,True,True
9.5526,0.0000,0.8000,-3.4588,0.09433,1.0000,0.0000,0.0000,True,True
9.5757,0.0000,0.8000,-3.5835,0.12472,1.0000,0.0000,0.0000,True,True
9.5961,0.0000,0.8000,-3.6938,0.11023,1.0000,0.0000,0.0000,True,True
9.6084,0.0000,0.8000,-3.7605,0.06673,1.0000,0.0000,0.0000,True,True
9.6268,0.0000,0.8000,-3.8593,0.09876,1.0000,0.0000,0.0000,True,True
9.6397,0.0000,0.8000,-3.9259,0.06669,1.0000,0.0000,0.0000,True,True
9.6651,0.0000,0.8000,-4.0662,0.14026,1.0000,0.0000,0.0000,True,True
9.6774,0.0000,0.8000,-4.1325,0.06631,1.0000,0.0000,0.0000,True,True
9.6929,0.0000,0.8000,-4.2147,0.08216,1.0000,0.0000,0.0000,True,True
9.7039,0.0000,0.8000,-4.2722,0.05755,1.0000,0.0000,0.0000,True,True
9.7202,0.0000,0.8000,-4.3545,0.08228,1.0000,0.0000,0.0000,True,True
9.7306,0.0000,0.8000,-4.4075,0.05294,1.0000,0.0000,0.0000,True,True
9.7509,0.0000,0.8000,-4.5063,0.09883,1.0000,0.0000,0.0000,True,True
9.7622,0.0000,0.8000,-4.5606,0.05436,1.0000,0.0000,0.0000,True,True
9.7778,0.0000,0.8000,-4.6334,0.07275,1.0000,0.0000,0.0000,True,True
9.8060,0.0000,0.8000,-4.7607,0.12727,1.0000,0.0000,0.0000,True,True
9.8202,0.0000,0.8000,-4.8238,0.06318,1.0000,0.0000,0.0000,True,True
9.8368,0.0000,0.8000,-4.8957,0.07188,1.0000,0.0000,0.0000,True,True
9.8469,0.0000,0.8000,-4.9382,0.04250,1.0000,0.0000,0.0000,True,True
9.8787,0.0000,0.8000,-5.0644,0.12621,1.0000,0.0000,0.0000,True,True
9.8951,0.0000,0.8000,-5.1290,0.06455,1.0000,0.0000,0.0000,True,True
9.9080,0.0000,0.8000,-5.1772,0.04819,1.0000,0.0000,0.0000,True,True
9.9373,0.0000,0.8000,-5.2808,0.10366,1.0000,0.0000,0.0000,True,True
9.9478,0.0000,0.8000,-5.3182,0.03737,1.0000,0.0000,0.0000,True,True
9.9681,0.0000,0.8000,-5.3857,0.06749,1.0000,0.0000,0.0000,True,True
9.9796,0.0000,0.8000,-5.4227,0.03704,1.0000,0.0000,0.0000,True,True
10.0068,0.0000,0.8000,-5.5056,0.08292,1.0000,0.0000,0.0000,True,True
10.0488,0.0000,0.8000,-5.6201,0.11443,1.0000,0.0000,0.0000,True,True
10.0594,0.0000,0.8000,-5.6490,0.02893,1.0000,0.0000,0.0000,True,True
10.0910,0.0000,0.8000,-5.7257,0.07665,1.0000,0.0000,0.0000,True,True
10.1293,0.0000,0.8000,-5.8076,0.08197,1.0000,0.0000,0.0000,True,True
10.1440,0.0000,0.8000,-5.8368,0.02917,1.0000,0.0000,0.0000,True,True
10.1711,0.0000,0.8000,-5.8868,0.05004,1.0000,0.0000,0.0000,True,True
10.1835,0.0000,0.8000,-5.9083,0.02150,1.0000,0.0000,0.0000,True,True
10.2088,0.0000,0.8000,-5.9474,0.03906,1.0000,0.0000,0.0000,True,True
10.2353,0.0000,0.8000,-5.9823,0.03486,1.0000,0.0000,0.0000,True,True
10.2476,0.0000,0.8000,-5.9823,0.00000,1.0000,0.0000,0.0000,True,True
10.2726,0.0000,0.8000,-5.9871,0.00483,1.0000,0.0000,0.0000,True,True
10.2861,0.0000,0.8000,-5.9907,0.00356,1.0000,0.0000,0.0000,True,True
10.3130,0.0000,0.8000,-6.0037,0.01303,1.0000,0.0000,0.0000,True,True
10.3337,0.0000,0.8000,-6.0177,0.01398,1.0000,0.0000,0.0000,True,True
10.3458,0.0000,0.8000,-6.0264,0.00878,1.0000,0.0000,0.0000,True,True
10.3669,0.0000,0.8000,-6.0456,0.01914,1.0000,0.0000,0.0000,True,True
10.3772,0.0000,0.8000,-6.0557,0.01011,1.0000,0.0000,0.0000,True,True
10.4238,0.0000,0.8000,-6.1172,0.06152,1.0000,0.0000,0.0000,True,True
10.4677,0.0000,0.8000,-6.1898,0.07262,1.0000,0.0000,0.0000,True,True
10.4804,0.0000,0.8000,-6.2122,0.02232,1.0000,0.0000,0.0000,True,True
10.5066,0.0000,0.8000,-6.2631,0.05089,1.0000,0.0000,0.0000,True,True
10.5344,0.0000,0.8000,-6.3228,0.05975,1.0000,0.0000,0.0000,True,True
10.5456,0.0000,0.8000,-6.3480,0.02523,1.0000,0.0000,0.0000,True,True
10.5677,0.0000,0.8000,-6.4010,0.05299,1.0000,0.0000,0.0000,True,True
10.5781,0.0000,0.8000,-6.4267,0.02562,1.0000,0.0000,0.0000,True,True
10.5967,0.0000,0.8000,-6.4755,0.04882,1.0000,0.0000,0.0000,True,True
10.6094,0.0000,0.8000,-6.5073,0.03186,1.0000,0.0000,0.0000,True,True
10.6271,0.0000,0.8000,-6.5581,0.05073,1.0000,0.0000,0.0000,True,True
10.6380,0.0000,0.8000,-6.5913,0.03323,1.0000,0.0000,0.0000,True,True
10.6623,0.0000,0.8000,-6.6680,0.07670,1.0000,0.0000,0.0000,True,True
10.6757,0.0000,0.8000,-6.7086,0.04058,1.0000,0.0000,0.0000,True,True
10.7020,0.0000,0.8000,-6.8007,0.09210,1.0000,0.0000,0.0000,True,True
10.7136,0.0000,0.8000,-6.8415,0.04080,1.0000,0.0000,0.0000,True,True
10.7359,0.0000,0.8000,-6.9230,0.08152,1.0000,0.0000,0.0000,True,True
10.7662,0.0000,0.8000,-7.0409,0.11790,1.0000,0.0000,0.0000,True,True
10.7805,0.0000,0.8000,-7.0921,0.05120,1.0000,0.0000,0.0000,True,True
10.8062,0.0000,0.8000,-7.2052,0.11312,1.0000,0.0000,0.0000,True,True
10.8197,0.0000,0.8000,-7.2609,0.05570,1.0000,0.0000,0.0000,True,True
10.8383,0.0000,0.8000,-7.3442,0.08327,1.0000,0.0000,0.0000,True,True
10.8618,0.0000,0.8000,-7.4551,0.11095,1.0000,0.0000,0.0000,True,True
10.8746,0.0000,0.8000,-7.5123,0.05714,1.0000,0.0000,0.0000,True,True
10.8962,0.0000,0.8000,-7.6172,0.10492,1.0000,0.0000,0.0000,True,True
10.9084,0.0000,0.8000,-7.6788,0.06161,1.0000,0.0000,0.0000,True,True
10.9351,0.0000,0.8000,-7.8150,0.13624,1.0000,0.0000,0.0000,True,True
10.9468,0.0000,0.8000,-7.8797,0.06466,1.0000,0.0000,0.0000,True,True
10.9651,0.0000,0.8000,-7.9757,0.09602,1.0000,0.0000,0.0000,True,True
10.9775,0.0000,0.8000,-8.0420,0.06628,1.0000,0.0000,0.0000,True,True
11.0068,0.0000,0.8000,-8.2004,0.15840,1.0000,0.0000,0.0000,True,True
11.0194,0.0000,0.8000,-8.2709,0.07050,1.0000,0.0000,0.0000,True,True
11.0370,0.0000,0.8000,-8.3660,0.09516,1.0000,0.0000,0.0000,True,True
11.0488,0.0000,0.8000,-8.4292,0.06314,1.0000,0.0000,0.0000,True,True
11.0743,0.0000,0.8000,-8.5677,0.13851,1.0000,0.0000,0.0000,True,True
11.0866,0.0000,0.8000,-8.6341,0.06638,1.0000,0.0000,0.0000,True,True
11.1040,0.0000,0.8000,-8.7278,0.09370,1.0000,0.0000,0.0000,True,True
11.1166,0.0000,0.8000,-8.7939,0.06618,1.0000,0.0000,0.0000,True,True
11.1487,0.0000,0.8000,-8.9679,0.17394,1.0000,0.0000,0.0000,True,True
11.1594,0.0000,0.8005,-9.0277,0.05983,1.0000,0.0000,0.0000,True,True
11.1848,0.0000,0.8032,-9.1639,0.13623,1.0000,0.0000,0.0000,True,True
11.2019,0.0000,0.8050,-9.2569,0.09301,1.0000,0.0000,0.0000,True,True
11.2151,0.0000,0.8064,-9.3264,0.06953,1.0000,0.0000,0.0000,True,True
11.2422,0.0000,0.8092,-9.4714,0.14499,1.0000,0.0000,0.0000,True,True
11.2555,0.0000,0.8124,-9.5457,0.07437,1.0000,0.0000,0.0000,True,True
11.2725,0.0000,0.8174,-9.6361,0.09051,1.0000,0.0000,0.0000,True,True
11.2849,0.0000,0.8210,-9.7003,0.06430,1.0000,0.0000,0.0000,True,True
11.3136,0.0000,0.8298,-9.8577,0.15771,1.0000,0.0000,0.0000,True,True
11.3254,0.0000,0.8334,-9.9228,0.06517,1.0000,0.0000,0.0000,True,True
11.3436,0.0000,0.8395,-10.0199,0.09726,1.0000,0.0000,0.0000,True,True
11.3558,0.0000,0.8452,-10.0860,0.06635,1.0000,0.0000,0.0000,True,True
11.3827,0.0000,0.8579,-10.2302,0.14479,1.0000,0.0000,0.0000,True,True
11.3949,0.0000,0.8636,-10.2955,0.06550,1.0000,0.0000,0.0000,True,True
11.4124,0.0000,0.8715,-10.3858,0.09071,1.0000,0.0000,0.0000,True,True
11.4244,0.0000,0.8768,-10.4463,0.06068,1.0000,0.0000,0.0000,True,True
11.4509,0.0000,0.8901,-10.5748,0.12915,1.0000,0.0000,0.0000,True,True
11.4631,0.0000,0.8968,-10.6340,0.05961,1.0000,0.0000,0.0000,True,True
11.4798,0.0000,0.9057,-10.7110,0.07758,1.0000,0.0000,0.0000,True,True
11.4923,0.0000,0.9121,-10.7673,0.05662,1.0000,0.0000,0.0000,True,True
11.5189,0.0000,0.9254,-10.8831,0.11660,1.0000,0.0000,0.0000,True,True
11.5311,0.0000,0.9314,-10.9351,0.05232,1.0000,0.0000,0.0000,True,True
11.5488,0.0000,0.9400,-11.0083,0.07373,1.0000,0.0000,0.0000,True,True
11.5623,0.0000,0.9471,-11.0603,0.05241,1.0000,0.0000,0.0000,True,True
11.5910,0.0000,0.9623,-11.1712,0.11197,1.0000,0.0000,0.0000,True,True
11.6034,0.0000,0.9687,-11.2173,0.04656,1.0000,0.0000,0.0000,True,True
11.6211,0.0000,0.9773,-11.2806,0.06383,1.0000,0.0000,0.0000,True,True
11.6331,0.0000,0.9831,-11.3224,0.04225,1.0000,0.0000,0.0000,True,True
11.6498,0.0000,0.9908,-11.3784,0.05655,1.0000,0.0000,0.0000,True,True
11.6708,0.0000,1.0000,-11.4454,0.06755,1.0000,0.0000,0.0000,True,True
11.6880,0.0000,1.0072,-11.4982,0.05337,1.0000,0.0000,0.0000,True,True
11.7003,0.0000,1.0129,-11.5352,0.03737,1.0000,0.0000,0.0000,True,True
11.7288,0.0000,1.0251,-11.6136,0.07934,1.0000,0.0000,0.0000,True,True
11.7393,0.0000,1.0295,-11.6420,0.02876,1.0000,0.0000,0.0000,True,True
11.7565,0.0000,1.0364,-11.6862,0.04471,1.0000,0.0000,0.0000,True,True
11.7741,0.0000,1.0430,-11.7288,0.04318,1.0000,0.0000,0.0000,True,True
11.7860,0.0000,1.0473,-11.7562,0.02768,1.0000,0.0000,0.0000,True,True
11.8118,0.0000,1.0558,-11.8111,0.05557,1.0000,0.0000,0.0000,True,True
11.8241,0.0000,1.0600,-11.8378,0.02700,1.0000,0.0000,0.0000,True,True
11.8411,0.0000,1.0650,-11.8704,0.03301,1.0000,0.0000,0.0000,True,True
11.8541,0.0000,1.0686,-11.8936,0.02347,1.0000,0.0000,0.0000,True,True
11.8825,0.0000,1.0759,-11.9402,0.04714,1.0000,0.0000,0.0000,True,True
11.8947,0.0000,1.0788,-11.9592,0.01926,1.0000,0.0000,0.0000,True,True
11.9139,0.0000,1.0830,-11.9860,0.02715,1.0000,0.0000,0.0000,True,True
11.9276,0.0000,1.0830,-11.9860,0.00000,1.0000,0.0000,0.0000,True,True
11.9539,0.0000,1.0838,-11.9913,0.00534,1.0000,0.0000,0.0000,True,True
11.9679,0.0000,1.0845,-11.9956,0.00429,1.0000,0.0000,0.0000,True,True
11.9863,0.0000,1.0858,-12.0036,0.00814,1.0000,0.0000,0.0000,True,True
11.9991,0.0000,1.0869,-12.0101,0.00663,1.0000,0.0000,0.0000,True,True
12.0260,0.0000,1.0903,-12.0300,0.02017,1.0000,0.0000,0.0000,True,True
12.0387,0.0000,1.0920,-12.0405,0.01063,1.0000,0.0000,0.0000,True,True
12.0564,0.0000,1.0949,-12.0575,0.01724,1.0000,0.0000,0.0000,True,True
12.0697,0.0000,1.0972,-12.0711,0.01380,1.0000,0.0000,0.0000,True,True
12.1018,0.0000,1.1042,-12.1125,0.04195,1.0000,0.0000,0.0000,True,True
12.1201,0.0000,1.1086,-12.1385,0.02641,1.0000,0.0000,0.0000,True,True
12.1338,0.0000,1.1121,-12.1592,0.02100,1.0000,0.0000,0.0000,True,True
12.1520,0.0000,1.1173,-12.1900,0.03127,1.0000,0.0000,0.0000,True,True
12.1639,0.0000,1.1208,-12.2108,0.02104,1.0000,0.0000,0.0000,True,True
12.1913,0.0000,1.1297,-12.2637,0.05366,1.0000,0.0000,0.0000,True,True
12.2038,0.0000,1.1342,-12.2902,0.02689,1.0000,0.0000,0.0000,True,True
12.2208,0.0000,1.1405,-12.3272,0.03751,1.0000,0.0000,0.0000,True,True
12.2343,0.0000,1.1454,-12.3565,0.02974,1.0000,0.0000,0.0000,True,True
12.2642,0.0000,1.1580,-12.4310,0.07553,1.0000,0.0000,0.0000,True,True
12.2763,0.0000,1.1635,-12.4634,0.03286,1.0000,0.0000,0.0000,True,True
12.2991,0.0000,1.1743,-12.5261,0.06363,1.0000,0.0000,0.0000,True,True
12.3164,0.0000,1.1831,-12.5754,0.05007,1.0000,0.0000,0.0000,True,True
12.3288,0.0000,1.1898,-12.6127,0.03792,1.0000,0.0000,0.0000,True,True
12.3561,0.0000,1.2049,-12.6976,0.08620,1.0000,0.0000,0.0000,True,True
12.3684,0.0000,1.2123,-12.7394,0.04250,1.0000,0.0000,0.0000,True,True
12.3848,0.0000,1.2221,-12.7945,0.05594,1.0000,0.0000,0.0000,True,True
12.3966,0.0000,1.2294,-12.8355,0.04161,1.0000,0.0000,0.0000,True,True
12.4214,0.0000,1.2456,-12.9264,0.09235,1.0000,0.0000,0.0000,True,True
12.4353,0.0000,1.2548,-12.9782,0.05259,1.0000,0.0000,0.0000,True,True
12.4548,0.0000,1.2686,-13.0544,0.07745,1.0000,0.0000,0.0000,True,True
12.4688,0.0000,1.2782,-13.1066,0.05314,1.0000,0.0000,0.0000,True,True
12.4861,0.0000,1.2918,-13.1815,0.07607,1.0000,0.0000,0.0000,True,True
12.5048,0.0000,1.3064,-13.2614,0.08121,1.0000,0.0000,0.0000,True,True
12.5182,0.0000,1.3168,-13.3181,0.05765,1.0000,0.0000,0.0000,True,True
12.5489,0.0000,1.3425,-13.4587,0.14291,1.0000,0.0000,0.0000,True,True
12.5615,0.0000,1.3534,-13.5187,0.06101,1.0000,0.0000,0.0000,True,True
12.5793,0.0000,1.3693,-13.6055,0.08823,1.0000,0.0000,0.0000,True,True
12.5918,0.0000,1.3799,-13.6640,0.05949,1.0000,0.0000,0.0000,True,True
12.6175,0.0000,1.4041,-13.7963,0.13445,1.0000,0.0000,0.0000,True,True
12.6298,0.0000,1.4160,-13.8616,0.06644,1.0000,0.0000,0.0000,True,True
12.6463,0.0000,1.4320,-13.9490,0.08885,1.0000,0.0000,0.0000,True,True
12.6627,0.0000,1.4477,-14.0361,0.08843,1.0000,0.0000,0.0000,True,True
12.6745,0.0000,1.4589,-14.0987,0.06367,1.0000,0.0000,0.0000,True,True
12.6989,0.0000,1.4819,-14.2283,0.13163,1.0000,0.0000,0.0000,True,True
12.7115,0.0000,1.4938,-14.2951,0.06782,1.0000,0.0000,0.0000,True,True
12.7300,0.0000,1.5114,-14.3937,0.10018,1.0000,0.0000,0.0000,True,True
12.7413,0.0000,1.5219,-14.4527,0.05990,1.0000,0.0000,0.0000,True,True
12.7749,0.0000,1.5528,-14.6328,0.18279,1.0000,0.0000,0.0000,True,True
12.7953,0.0000,1.5711,-14.7412,0.10992,1.0000,0.0000,0.0000,True,True
12.8027,0.0000,1.5777,-14.7805,0.03982,1.0000,0.0000,0.0000,True,True
12.8240,0.0000,1.5970,-14.8944,0.11552,1.0000,0.0000,0.0000,True,True
12.8350,0.0000,1.6066,-14.9515,0.05788,1.0000,0.0000,0.0000,True,True
12.8625,0.0000,1.6299,-15.0970,0.14737,1.0000,0.0000,0.0000,True,True
12.8751,0.0000,1.6407,-15.1665,0.07032,1.0000,0.0000,0.0000,True,True
12.8922,0.0000,1.6549,-15.2578,0.09247,1.0000,0.0000,0.0000,True,True
12.9048,0.0000,1.6651,-15.3233,0.06626,1.0000,0.0000,0.0000,True,True
12.9314,0.0000,1.6871,-15.4651,0.14347,1.0000,0.0000,0.0000,True,True
12.9436,0.0000,1.6970,-15.5325,0.06818,1.0000,0.0000,0.0000,True,True
12.9601,0.0000,1.7091,-15.6206,0.08883,1.0000,0.0000,0.0000,True,True
12.9728,0.0000,1.7180,-15.6858,0.06588,1.0000,0.0000,0.0000,True,True
12.9989,0.0000,1.7373,-15.8262,0.14173,1.0000,0.0000,0.0000,True,True
13.0107,0.0000,1.7462,-15.8910,0.06541,1.0000,0.0000,0.0000,True,True
13.0276,0.0000,1.7587,-15.9817,0.09151,1.0000,0.0000,0.0000,True,True
13.0396,0.0000,1.7664,-16.0457,0.06445,1.0000,0.0000,0.0000,True,True
13.0645,0.0000,1.7817,-16.1794,0.13456,1.0000,0.0000,0.0000,True,True
13.0767,0.0000,1.7891,-16.2439,0.06492,1.0000,0.0000,0.0000,True,True
13.0934,0.0000,1.7990,-16.3299,0.08659,1.0000,0.0000,0.0000,True,True
13.1049,0.0000,1.8057,-16.3881,0.05864,1.0000,0.0000,0.0000,True,True
13.1255,0.0000,1.8173,-16.4890,0.10158,1.0000,0.0000,0.0000,True,True
13.1374,0.0000,1.8226,-16.5465,0.05770,1.0000,0.0000,0.0000,True,True
13.1588,0.0000,1.8314,-16.6467,0.10058,1.0000,0.0000,0.0000,True,True
13.1704,0.0000,1.8360,-16.6998,0.05335,1.0000,0.0000,0.0000,True,True
13.1870,0.0000,1.8425,-16.7741,0.07456,1.0000,0.0000,0.0000,True,True
13.1991,0.0000,1.8469,-16.8248,0.05085,1.0000,0.0000,0.0000,True,True
13.2243,0.0000,1.8562,-16.9306,0.10628,1.0000,0.0000,0.0000,True,True
13.2375,0.0000,1.8611,-16.9869,0.05652,1.0000,0.0000,0.0000,True,True
13.2543,0.0000,1.8653,-17.0538,0.06701,1.0000,0.0000,0.0000,True,True
13.2673,0.0000,1.8680,-17.1027,0.04899,1.0000,0.0000,0.0000,True,True
13.2847,0.0000,1.8717,-17.1695,0.06682,1.0000,0.0000,0.0000,True,True
13.3018,0.0000,1.8752,-17.2313,0.06193,1.0000,0.0000,0.0000,True,True
13.3146,0.0000,1.8776,-17.2753,0.04404,1.0000,0.0000,0.0000,True,True
13.3419,0.0000,1.8827,-17.3656,0.09050,1.0000,0.0000,0.0000,True,True
13.3534,0.0000,1.8849,-17.4044,0.03881,1.0000,0.0000,0.0000,True,True
13.3714,0.0000,1.8879,-17.4598,0.05548,1.0000,0.0000,0.0000,True,True
13.3840,0.0000,1.8900,-17.4965,0.03682,1.0000,0.0000,0.0000,True,True
13.4099,0.0000,1.8916,-17.5701,0.07358,1.0000,0.0000,0.0000,True,True
13.4221,0.0000,1.8922,-17.6044,0.03431,1.0000,0.0000,0.0000,True,True
13.4382,0.0000,1.8931,-17.6462,0.04177,1.0000,0.0000,0.0000,True,True
13.4494,0.0000,1.8936,-17.6744,0.02828,1.0000,0.0000,0.0000,True,True
13.4709,0.0000,1.8946,-17.7251,0.05070,1.0000,0.0000,0.0000,True,True
13.4826,0.0000,1.8951,-17.7519,0.02676,1.0000,0.0000,0.0000,True,True
13.4989,0.0000,1.8958,-17.7868,0.03496,1.0000,0.0000,0.0000,True,True
13.5115,0.0000,1.8963,-17.8114,0.02458,1.0000,0.0000,0.0000,True,True
13.5427,0.0000,1.8974,-17.8694,0.05802,1.0000,0.0000,0.0000,True,True
13.5593,0.0000,1.8980,-17.8976,0.02821,1.0000,0.0000,0.0000,True,True
13.5704,0.0000,1.8983,-17.9156,0.01795,1.0000,0.0000,0.0000,True,True
13.5875,0.0000,1.8988,-17.9410,0.02541,1.0000,0.0000,0.0000,True,True
13.5991,0.0000,1.8992,-17.9570,0.01602,1.0000,0.0000,0.0000,True,True
13.6236,0.0000,1.8997,-17.9869,0.02995,1.0000,0.0000,0.0000,True,True
13.6358,0.0000,1.8997,-17.9869,0.00000,1.0000,0.0000,0.0000,True,True
13.6518,0.0000,1.8998,-17.9888,0.00191,1.0000,0.0000,0.0000,True,True
13.6676,0.0000,1.8999,-17.9926,0.00377,1.0000,0.0000,0.0000,True,True
13.6791,0.0000,1.8999,-17.9963,0.00372,1.0000,0.0000,0.0000,True,True
13.6959,0.0000,1.9000,-18.0039,0.00758,1.0000,0.0000,0.0000,True,True
13.7085,0.0000,1.9000,-18.0103,0.00639,1.0000,0.0000,0.0000,True,True
13.7336,0.0000,1.9000,-18.0289,0.01863,1.0000,0.0000,0.0000,True,True
13.7451,0.0000,1.9000,-18.0387,0.00973,1.0000,0.0000,0.0000,True,True
13.7619,0.0000,1.9000,-18.0545,0.01588,1.0000,0.0000,0.0000,True,True
13.7735,0.0000,1.9000,-18.0665,0.01201,1.0000,0.0000,0.0000,True,True
13.7984,0.0000,1.9000,-18.0969,0.03034,1.0000,0.0000,0.0000,True,True
13.8112,0.0000,1.9000,-18.1137,0.01685,1.0000,0.0000,0.0000,True,True
13.8291,0.0000,1.9000,-18.1396,0.02589,1.0000,0.0000,0.0000,True,True
13.8403,0.0000,1.9000,-18.1568,0.01713,1.0000,0.0000,0.0000,True,True
13.8610,0.0000,1.9000,-18.1917,0.03490,1.0000,0.0000,0.0000,True,True
13.8775,0.0000,1.9000,-18.2214,0.02977,1.0000,0.0000,0.0000,True,True
13.8894,0.0000,1.9000,-18.2443,0.02291,1.0000,0.0000,0.0000,True,True
13.9112,0.0000,1.9000,-18.2892,0.04487,1.0000,0.0000,0.0000,True,True
13.9228,0.0000,1.9000,-18.3143,0.02514,1.0000,0.0000,0.0000,True,True
13.9392,0.0000,1.9000,-18.3516,0.03723,1.0000,0.0000,0.0000,True,True
13.9519,0.0000,1.9000,-18.3801,0.02851,1.0000,0.0000,0.0000,True,True
13.9767,0.0000,1.9000,-18.4445,0.06442,1.0000,0.0000,0.0000,True,True
13.9928,0.0000,1.9000,-18.4882,0.04364,1.0000,0.0000,0.0000,True,True
14.0052,0.0000,1.9000,-18.5226,0.03447,1.0000,0.0000,0.0000,True,True
14.0230,0.0000,1.9000,-18.5744,0.05176,1.0000,0.0000,0.0000,True,True
14.0352,0.0000,1.9000,-18.6088,0.03439,1.0000,0.0000,0.0000,True,True
14.0604,0.0000,1.9000,-18.6911,0.08237,1.0000,0.0000,0.0000,True,True
14.0723,0.0000,1.9000,-18.7300,0.03888,1.0000,0.0000,0.0000,True,True
14.0885,0.0000,1.9000,-18.7853,0.05526,1.0000,0.0000,0.0000,True,True
14.1050,0.0000,1.9000,-18.8431,0.05779,1.0000,0.0000,0.0000,True,True
14.1169,0.0000,1.9000,-18.8862,0.04312,1.0000,0.0000,0.0000,True,True
14.1375,0.0000,1.9000,-18.9631,0.07695,1.0000,0.0000,0.0000,True,True
14.1486,0.0000,1.9000,-19.0063,0.04317,1.0000,0.0000,0.0000,True,True
14.1655,0.0000,1.9000,-19.0733,0.06696,1.0000,0.0000,0.0000,True,True
14.1779,0.0000,1.9000,-19.1196,0.04633,1.0000,0.0000,0.0000,True,True
14.2021,0.0000,1.9000,-19.2262,0.10662,1.0000,0.0000,0.0000,True,True
14.2136,0.0000,1.9000,-19.2764,0.05016,1.0000,0.0000,0.0000,True,True
14.2299,0.0000,1.9000,-19.3480,0.07164,1.0000,0.0000,0.0000,True,True
14.2413,0.0000,1.9000,-19.4004,0.05236,1.0000,0.0000,0.0000,True,True
14.2575,0.0000,1.9000,-19.4765,0.07610,1.0000,0.0000,0.0000,True,True
14.2695,0.0000,1.9000,-19.5305,0.05406,1.0000,0.0000,0.0000,True,True
14.2981,0.0000,1.9000,-19.6752,0.14470,1.0000,0.0000,0.0000,True,True
14.3106,0.0000,1.9000,-19.7381,0.06290,1.0000,0.0000,0.0000,True,True
14.3290,0.0000,1.9000,-19.8342,0.09611,1.0000,0.0000,0.0000,True,True
14.3407,0.0000,1.9000,-19.8966,0.06237,1.0000,0.0000,0.0000,True,True
14.3627,0.0000,1.9000,-20.0150,0.11839,1.0000,0.0000,0.0000,True,True
14.3741,0.0000,1.9000,-20.0767,0.06175,1.0000,0.0000,0.0000,True,True
14.3961,0.0000,1.9000,-20.1950,0.11831,1.0000,0.0000,0.0000,True,True
14.4132,0.0000,1.9000,-20.2871,0.09205,1.0000,0.0000,0.0000,True,True
14.4250,0.0000,1.9000,-20.3517,0.06458,1.0000,0.0000,0.0000,True,True
14.4513,0.0000,1.9000,-20.4934,0.14174,1.0000,0.0000,0.0000,True,True
14.4641,0.0000,1.9000,-20.5627,0.06925,1.0000,0.0000,0.0000,True,True
14.4873,0.0000,1.9000,-20.6861,0.12343,1.0000,0.0000,0.0000,True,True
14.4995,0.0000,1.9000,-20.7540,0.06786,1.0000,0.0000,0.0000,True,True
14.5165,0.0000,1.9000,-20.8459,0.09193,1.0000,0.0000,0.0000,True,True
14.5279,0.0000,1.9000,-20.9063,0.06040,1.0000,0.0000,0.0000,True,True
14.5562,0.0000,1.9000,-21.0579,0.15165,1.0000,0.0000,0.0000,True,True
14.5682,0.0000,1.9000,-21.1247,0.06674,1.0000,0.0000,0.0000,True,True
14.5858,0.0000,1.9000,-21.2196,0.09494,1.0000,0.0000,0.0000,True,True
14.5968,0.0000,1.9000,-21.2789,0.05929,1.0000,0.0000,0.0000,True,True
14.6138,0.0000,1.9000,-21.3708,0.09190,1.0000,0.0000,0.0000,True,True
14.6302,0.0000,1.9000,-21.4597,0.08886,1.0000,0.0000,0.0000,True,True
14.6428,0.0000,1.9000,-21.5227,0.06306,1.0000,0.0000,0.0000,True,True
14.6696,0.0000,1.9000,-21.6703,0.14755,1.0000,0.0000,0.0000,True,True
14.6811,0.0000,1.9000,-21.7346,0.06438,1.0000,0.0000,0.0000,True,True
14.6995,0.0000,1.9000,-21.8342,0.09953,1.0000,0.0000,0.0000,True,True
14.7118,0.0000,1.9000,-21.8990,0.06481,1.0000,0.0000,0.0000,True,True
14.7378,0.0000,1.9000,-22.0405,0.14152,1.0000,0.0000,0.0000,True,True
14.7492,0.0000,1.9000,-22.1024,0.06191,1.0000,0.0000,0.0000,True,True
14.7657,0.0000,1.9000,-22.1900,0.08758,1.0000,0.0000,0.0000,True,True
14.7766,0.0000,1.9000,-22.2476,0.05756,1.0000,0.0000,0.0000,True,True
14.7982,0.0000,1.9000,-22.3584,0.11085,1.0000,0.0000,0.0000,True,True
14.8091,0.0000,1.9000,-22.4132,0.05483,1.0000,0.0000,0.0000,True,True
14.8253,0.0000,1.9000,-22.4932,0.07999,1.0000,0.0000,0.0000,True,True
14.8364,0.0000,1.9000,-22.5468,0.05360,1.0000,0.0000,0.0000,True,True
14.8567,0.0000,1.9000,-22.6420,0.09517,1.0000,0.0000,0.0000,True,True
14.8733,0.0000,1.9000,-22.7175,0.07548,1.0000,0.0000,0.0000,True,True
14.8840,0.0000,1.9000,-22.7660,0.04854,1.0000,0.0000,0.0000,True,True
14.9009,0.0000,1.9000,-22.8393,0.07333,1.0000,0.0000,0.0000,True,True
14.9114,0.0000,1.9000,-22.8842,0.04485,1.0000,0.0000,0.0000,True,True
14.9320,0.0000,1.9000,-22.9692,0.08502,1.0000,0.0000,0.0000,True,True
14.9482,0.0000,1.9000,-23.0344,0.06522,1.0000,0.0000,0.0000,True,True
14.9588,0.0000,1.9000,-23.0760,0.04160,1.0000,0.0000,0.0000,True,True
14.9795,0.0000,1.9000,-23.1539,0.07783,1.0000,0.0000,0.0000,True,True
15.0027,0.0000,1.9000,-23.2371,0.08322,1.0000,0.0000,0.0000,True,True
15.0138,0.0000,1.9000,-23.2764,0.03934,1.0000,0.0000,0.0000,True,True
15.0319,0.0000,1.9000,-23.3373,0.06091,1.0000,0.0000,0.0000,True,True
15.0435,0.0000,1.9000,-23.3750,0.03769,1.0000,0.0000,0.0000,True,True
15.0697,0.0000,1.9000,-23.4564,0.08139,1.0000,0.0000,0.0000,True,True
15.0813,0.0000,1.9000,-23.4916,0.03515,1.0000,0.0000,0.0000,True,True
15.0973,0.0000,1.9000,-23.5375,0.04595,1.0000,0.0000,0.0000,True,True
15.1077,0.0000,1.9000,-23.5669,0.02935,1.0000,0.0000,0.0000,True,True
15.1238,0.0000,1.9000,-23.6103,0.04340,1.0000,0.0000,0.0000,True,True
15.1412,0.0000,1.9000,-23.6544,0.04417,1.0000,0.0000,0.0000,True,True
15.1522,0.0000,1.9000,-23.6811,0.02665,1.0000,0.0000,0.0000,True,True
15.1774,0.0000,1.9000,-23.7394,0.05829,1.0000,0.0000,0.0000,True,True
15.1893,0.0000,1.9000,-23.7656,0.02617,1.0000,0.0000,0.0000,True,True
15.2065,0.0000,1.9000,-23.8011,0.03558,1.0000,0.0000,0.0000,True,True
15.2176,0.0000,1.9000,-23.8232,0.02207,1.0000,0.0000,0.0000,True,True
15.2386,0.0000,1.9000,-23.8615,0.03833,1.0000,0.0000,0.0000,True,True
15.2495,0.0000,1.9000,-23.8805,0.01896,1.0000,0.0000,0.0000,True,True
15.2665,0.0000,1.9000,-23.9080,0.02750,1.0000,0.0000,0.0000,True,True
15.2839,0.0000,1.9000,-23.9338,0.02585,1.0000,0.0000,0.0000,True,True
15.2951,0.0000,1.9000,-23.9490,0.01516,1.0000,0.0000,0.0000,True,True
15.3213,0.0000,1.9000,-23.9807,0.03171,1.0000,0.0000,0.0000,True,True
15.3328,0.0000,1.9000,-23.9807,0.00000,1.0000,0.0000,0.0000,True,True
15.3770,0.0000,1.9000,-23.9812,0.00052,1.0000,0.0000,0.0000,True,True
15.3941,0.0000,1.9000,-23.9845,0.00328,1.0000,0.0000,0.0000,True,True
15.4102,0.0000,1.9000,-23.9895,0.00501,1.0000,0.0000,0.0000,True,True
15.4208,0.0000,1.9000,-23.9936,0.00413,1.0000,0.0000,0.0000,True,True
15.4410,0.0000,1.9000,-24.0043,0.01071,1.0000,0.0000,0.0000,True,True
15.4513,0.0000,1.9000,-24.0110,0.00664,1.0000,0.0000,0.0000,True,True
15.4681,0.0000,1.9000,-24.0235,0.01253,1.0000,0.0000,0.0000,True,True
15.4780,0.0000,1.9000,-24.0316,0.00813,1.0000,0.0000,0.0000,True,True
15.4975,0.0000,1.9000,-24.0505,0.01889,1.0000,0.0000,0.0000,True,True
15.5169,0.0000,1.9000,-24.0721,0.02151,1.0000,0.0000,0.0000,True,True
15.5287,0.0000,1.9000,-24.0860,0.01395,1.0000,0.0000,0.0000,True,True
15.5453,0.0000,1.9000,-24.1081,0.02211,1.0000,0.0000,0.0000,True,True
15.5559,0.0000,1.9000,-24.1231,0.01503,1.0000,0.0000,0.0000,True,True
15.5720,0.0000,1.9000,-24.1472,0.02408,1.0000,0.0000,0.0000,True,True
15.5946,0.0000,1.9000,-24.1859,0.03872,1.0000,0.0000,0.0000,True,True
15.6062,0.0000,1.9000,-24.2067,0.02079,1.0000,0.0000,0.0000,True,True
15.6274,0.0000,1.9000,-24.2477,0.04096,1.0000,0.0000,0.0000,True,True
15.6423,0.0000,1.9000,-24.2779,0.03024,1.0000,0.0000,0.0000,True,True
15.6547,0.0000,1.9000,-24.3033,0.02538,1.0000,0.0000,0.0000,True,True
15.6773,0.0000,1.9000,-24.3573,0.05393,1.0000,0.0000,0.0000,True,True
15.6876,0.0000,1.9000,-24.3819,0.02468,1.0000,0.0000,0.0000,True,True
15.7083,0.0000,1.9000,-24.4338,0.05191,1.0000,0.0000,0.0000,True,True
15.7192,0.0000,1.9000,-24.4634,0.02959,1.0000,0.0000,0.0000,True,True
15.7350,0.0000,1.9000,-24.5064,0.04299,1.0000,0.0000,0.0000,True,True
15.7519,0.0000,1.9000,-24.5542,0.04780,1.0000,0.0000,0.0000,True,True
15.7622,0.0000,1.9000,-24.5857,0.03150,1.0000,0.0000,0.0000,True,True
15.7914,0.0000,1.9000,-24.6772,0.09142,1.0000,0.0000,0.0000,True,True
15.8028,0.0000,1.9000,-24.7154,0.03820,1.0000,0.0000,0.0000,True,True
15.8188,0.0000,1.9000,-24.7696,0.05424,1.0000,0.0000,0.0000,True,True
15.8283,0.0000,1.9000,-24.8022,0.03257,1.0000,0.0000,0.0000,True,True
15.8523,0.0000,1.9000,-24.8890,0.08680,1.0000,0.0000,0.0000,True,True
15.8777,0.0000,1.9000,-24.9860,0.09704,1.0000,0.0000,0.0000,True,True
15.8873,0.0000,1.9000,-25.0232,0.03717,1.0000,0.0000,0.0000,True,True
15.9112,0.0000,1.9000,-25.1208,0.09763,1.0000,0.0000,0.0000,True,True
15.9215,0.0000,1.9000,-25.1634,0.04264,1.0000,0.0000,0.0000,True,True
15.9449,0.0000,1.9000,-25.2646,0.10117,1.0000,0.0000,0.0000,True,True
15.9682,0.0000,1.9000,-25.3694,0.10482,1.0000,0.0000,0.0000,True,True
15.9795,0.0000,1.9000,-25.4205,0.05103,1.0000,0.0000,0.0000,True,True
16.0030,0.0000,1.9000,-25.5329,0.11248,1.0000,0.0000,0.0000,True,True
16.0141,0.0000,1.9000,-25.5862,0.05329,1.0000,0.0000,0.0000,True,True
16.0333,0.0000,1.9000,-25.6820,0.09580,1.0000,0.0000,0.0000,True,True
16.0577,0.0000,1.9000,-25.8082,0.12621,1.0000,0.0000,0.0000,True,True
16.0827,0.0000,1.9000,-25.9421,0.13387,1.0000,0.0000,0.0000,True,True
16.0923,0.0000,1.9000,-25.9945,0.05241,1.0000,0.0000,0.0000,True,True
16.1161,0.0000,1.9000,-26.1221,0.12757,1.0000,0.0000,0.0000,True,True
16.1265,0.0000,1.9000,-26.1792,0.05711,1.0000,0.0000,0.0000,True,True
16.1418,0.0000,1.9000,-26.2618,0.08256,1.0000,0.0000,0.0000,True,True
16.1518,0.0000,1.9000,-26.3155,0.05377,1.0000,0.0000,0.0000,True,True
16.1679,0.0000,1.9000,-26.4024,0.08684,1.0000,0.0000,0.0000,True,True
16.1835,0.0000,1.9000,-26.4863,0.08393,1.0000,0.0000,0.0000,True,True
16.1940,0.0000,1.9000,-26.5436,0.05731,1.0000,0.0000,0.0000,True,True
16.2094,0.0000,1.9000,-26.6266,0.08302,1.0000,0.0000,0.0000,True,True
16.2198,0.0000,1.9000,-26.6829,0.05628,1.0000,0.0000,0.0000,True,True
16.2360,0.0000,1.9000,-26.7701,0.08713,1.0000,0.0000,0.0000,True,True
16.2518,0.0000,1.9000,-26.8553,0.08529,1.0000,0.0000,0.0000,True,True
16.2621,0.0000,1.9000,-26.9102,0.05486,1.0000,0.0000,0.0000,True,True
16.2826,0.0000,1.9000,-27.0221,0.11191,1.0000,0.0000,0.0000,True,True
16.3077,0.0000,1.9000,-27.1572,0.13505,1.0000,0.0000,0.0000,True,True
16.3174,0.0000,1.9000,-27.2100,0.05283,1.0000,0.0000,0.0000,True,True
16.3410,0.0000,1.9000,-27.3367,0.12668,1.0000,0.0000,0.0000,True,True
16.3503,0.0000,1.9000,-27.3873,0.05058,1.0000,0.0000,0.0000,True,True
16.3749,0.0000,1.9000,-27.5196,0.13238,1.0000,0.0000,0.0000,True,True
16.4003,0.0000,1.9000,-27.6571,0.13741,1.0000,0.0000,0.0000,True,True
16.4110,0.0000,1.9000,-27.7152,0.05812,1.0000,0.0000,0.0000,True,True
16.4264,0.0000,1.9000,-27.7982,0.08304,1.0000,0.0000,0.0000,True,True
16.4582,0.0000,1.9000,-27.9695,0.17128,1.0000,0.0000,0.0000,True,True
16.4681,0.0000,1.9000,-28.0238,0.05427,1.0000,0.0000,0.0000,True,True
16.4997,0.0000,1.9000,-28.1944,0.17067,1.0000,0.0000,0.0000,True,True
16.5248,0.0000,1.9000,-28.3248,0.13033,1.0000,0.0000,0.0000,True,True
16.5343,0.0000,1.9000,-28.3740,0.04925,1.0000,0.0000,0.0000,True,True
16.5643,0.0000,1.9000,-28.5220,0.14799,1.0000,0.0000,0.0000,True,True
16.5754,0.0000,1.9000,-28.5752,0.05317,1.0000,0.0000,0.0000,True,True
16.5946,0.0000,1.9000,-28.6657,0.09055,1.0000,0.0000,0.0000,True,True
16.6190,0.0000,1.9000,-28.7762,0.11046,1.0000,0.0000,0.0000,True,True
16.6280,0.0000,1.9000,-28.8175,0.04132,1.0000,0.0000,0.0000,True,True
16.6523,0.0000,1.9000,-28.9208,0.10331,1.0000,0.0000,0.0000,True,True
16.6619,0.0000,1.9000,-28.9617,0.04086,1.0000,0.0000,0.0000,True,True
16.6856,0.0000,1.9000,-29.0566,0.09491,1.0000,0.0000,0.0000,True,True
16.7107,0.0000,1.9000,-29.1529,0.09633,1.0000,0.0000,0.0000,True,True
16.7201,0.0000,1.9000,-29.1890,0.03609,1.0000,0.0000,0.0000,True,True
16.7421,0.0000,1.9000,-29.2668,0.07783,1.0000,0.0000,0.0000,True,True
16.7537,0.0000,1.9000,-29.3073,0.04048,1.0000,0.0000,0.0000,True,True
16.7773,0.0000,1.9000,-29.3877,0.08042,1.0000,0.0000,0.0000,True,True
16.7889,0.0000,1.9000,-29.4244,0.03668,1.0000,0.0000,0.0000,True,True
16.8087,0.0000,1.9000,-29.4869,0.06252,1.0000,0.0000,0.0000,True,True
16.8337,0.0000,1.9000,-29.5598,0.07284,1.0000,0.0000,0.0000,True,True
16.8434,0.0000,1.9000,-29.5877,0.02789,1.0000,0.0000,0.0000,True,True
16.8718,0.0000,1.9000,-29.6623,0.07464,1.0000,0.0000,0.0000,True,True
16.8827,0.0000,1.9000,-29.6901,0.02785,1.0000,0.0000,0.0000,True,True
16.9020,0.0000,1.9000,-29.7363,0.04615,1.0000,0.0000,0.0000,True,True
16.9267,0.0000,1.9000,-29.7912,0.05493,1.0000,0.0000,0.0000,True,True
16.9374,0.0000,1.9000,-29.8145,0.02325,1.0000,0.0000,0.0000,True,True
16.9530,0.0000,1.9000,-29.8459,0.03138,1.0000,0.0000,0.0000,True,True
16.9638,0.0000,1.9000,-29.8669,0.02108,1.0000,0.0000,0.0000,True,True
16.9858,0.0000,1.9000,-29.9059,0.03899,1.0000,0.0000,0.0000,True,True
16.9953,0.0000,1.9000,-29.9222,0.01630,1.0000,0.0000,0.0000,True,True
17.0334,0.0000,1.9000,-29.9763,0.05406,1.0000,0.0000,0.0000,True,True
17.0699,0.0000,1.9000,-29.9763,0.00000,1.0000,0.0000,0.0000,True,True
17.0817,0.0000,1.9000,-29.9774,0.00109,1.0000,0.0000,0.0000,True,True
17.1030,0.0000,1.9000,-29.9827,0.00529,1.0000,0.0000,0.0000,True,True
17.1135,0.0000,1.9000,-29.9862,0.00354,1.0000,0.0000,0.0000,True,True
17.1287,0.0000,1.9000,-29.9929,0.00669,1.0000,0.0000,0.0000,True,True
17.1529,0.0000,1.9000,-30.0079,0.01503,1.0000,0.0000,0.0000,True,True
17.1634,0.0000,1.9000,-30.0154,0.00748,1.0000,0.0000,0.0000,True,True
17.1945,0.0000,1.9000,-30.0445,0.02906,1.0000,0.0000,0.0000,True,True
17.2059,0.0000,1.9000,-30.0562,0.01174,1.0000,0.0000,0.0000,True,True
17.2213,0.0000,1.9000,-30.0737,0.01749,1.0000,0.0000,0.0000,True,True
17.2312,0.0000,1.9000,-30.0857,0.01203,1.0000,0.0000,0.0000,True,True
17.2464,0.0000,1.9000,-30.1058,0.02013,1.0000,0.0000,0.0000,True,True
17.2569,0.0000,1.9000,-30.1205,0.01463,1.0000,0.0000,0.0000,True,True
17.2720,0.0000,1.9000,-30.1434,0.02294,1.0000,0.0000,0.0000,True,True
17.3033,0.0000,1.9000,-30.1982,0.05483,1.0000,0.0000,0.0000,True,True
17.3139,0.0000,1.9000,-30.2177,0.01949,1.0000,0.0000,0.0000,True,True
17.3298,0.0000,1.9000,-30.2487,0.03100,1.0000,0.0000,0.0000,True,True
17.3500,0.0000,1.9000,-30.2914,0.04261,1.0000,0.0000,0.0000,True,True
17.3695,0.0000,1.9000,-30.3351,0.04374,1.0000,0.0000,0.0000,True,True
17.3795,0.0000,1.9000,-30.3584,0.02333,1.0000,0.0000,0.0000,True,True
17.4114,0.0000,1.9000,-30.4395,0.08112,1.0000,0.0000,0.0000,True,True
17.4223,0.0000,1.9000,-30.4691,0.02951,1.0000,0.0000,0.0000,True,True
17.4380,0.0000,1.9000,-30.5120,0.04297,1.0000,0.0000,0.0000,True,True
17.4801,0.0000,1.9000,-30.6418,0.12973,1.0000,0.0000,0.0000,True,True
17.4998,0.0000,1.9000,-30.7055,0.06373,1.0000,0.0000,0.0000,True,True
17.5127,0.0000,1.9000,-30.7480,0.04248,1.0000,0.0000,0.0000,True,True
17.5379,0.0000,1.9000,-30.8369,0.08893,1.0000,0.0000,0.0000,True,True
17.5486,0.0000,1.9000,-30.8748,0.03789,1.0000,0.0000,0.0000,True,True
17.5653,0.0000,1.9000,-30.9372,0.06238,1.0000,0.0000,0.0000,True,True
17.5816,0.0000,1.9000,-31.0002,0.06304,1.0000,0.0000,0.0000,True,True
17.5918,0.0000,1.9000,-31.0402,0.04000,1.0000,0.0000,0.0000,True,True
17.6129,0.0000,1.9000,-31.1260,0.08583,1.0000,0.0000,0.0000,True,True
17.6255,0.0000,1.9000,-31.1785,0.05252,1.0000,0.0000,0.0000,True,True
17.6422,0.0000,1.9000,-31.2504,0.07186,1.0000,0.0000,0.0000,True,True
17.6557,0.0000,1.9000,-31.3038,0.05341,1.0000,0.0000,0.0000,True,True
17.6907,0.0000,1.9000,-31.4722,0.16839,1.0000,0.0000,0.0000,True,True
17.7245,0.0000,1.9000,-31.6390,0.16677,1.0000,0.0000,0.0000,True,True
17.7355,0.0000,1.9000,-31.6939,0.05487,1.0000,0.0000,0.0000,True,True
17.7547,0.0000,1.9000,-31.7924,0.09856,1.0000,0.0000,0.0000,True,True
17.7742,0.0000,1.9000,-31.8918,0.09940,1.0000,0.0000,0.0000,True,True
17.7948,0.0000,1.8999,-32.0060,0.11422,1.0000,0.0000,0.0000,True,True
17.8072,0.0000,1.8986,-32.0738,0.06777,1.0000,0.0000,0.0000,True,True
17.8409,0.0000,1.8950,-32.2557,0.18197,1.0000,0.0000,0.0000,True,True
17.8525,0.0000,1.8938,-32.3177,0.06197,1.0000,0.0000,0.0000,True,True
17.8702,0.0000,1.8920,-32.4097,0.09200,1.0000,0.0000,0.0000,True,True
17.8819,0.0000,1.8907,-32.4734,0.06378,1.0000,0.0000,0.0000,True,True
17.9049,0.0000,1.8846,-32.6007,0.12741,1.0000,0.0000,0.0000,True,True
17.9249,0.0000,1.8787,-32.7065,0.10601,1.0000,0.0000,0.0000,True,True
17.9356,0.0000,1.8753,-32.7662,0.05975,1.0000,0.0000,0.0000,True,True
17.9598,0.0000,1.8681,-32.8965,0.13049,1.0000,0.0000,0.0000,True,True
17.9691,0.0000,1.8652,-32.9473,0.05089,1.0000,0.0000,0.0000,True,True
17.9985,0.0000,1.8531,-33.1054,0.15853,1.0000,0.0000,0.0000,True,True
18.0272,0.0000,1.8396,-33.2595,0.15476,1.0000,0.0000,0.0000,True,True
18.0389,0.0000,1.8340,-33.3227,0.06345,1.0000,0.0000,0.0000,True,True
18.0552,0.0000,1.8263,-33.4106,0.08821,1.0000,0.0000,0.0000,True,True
18.0709,0.0000,1.8190,-33.4947,0.08439,1.0000,0.0000,0.0000,True,True
18.0817,0.0000,1.8125,-33.5522,0.05786,1.0000,0.0000,0.0000,True,True
18.1019,0.0000,1.8001,-33.6609,0.10942,1.0000,0.0000,0.0000,True,True
18.1269,0.0000,1.7847,-33.7949,0.13485,1.0000,0.0000,0.0000,True,True
18.1366,0.0000,1.7787,-33.8475,0.05293,1.0000,0.0000,0.0000,True,True
18.1772,0.0000,1.7523,-34.0645,0.21868,1.0000,0.0000,0.0000,True,True
18.1871,0.0000,1.7450,-34.1178,0.05375,1.0000,0.0000,0.0000,True,True
18.2105,0.0000,1.7280,-34.2418,0.12516,1.0000,0.0000,0.0000,True,True
18.2419,0.0000,1.7061,-34.4013,0.16106,1.0000,0.0000,0.0000,True,True
18.2533,0.0000,1.6982,-34.4587,0.05789,1.0000,0.0000,0.0000,True,True
18.2722,0.0000,1.6846,-34.5513,0.09361,1.0000,0.0000,0.0000,True,True
18.2831,0.0000,1.6764,-34.6038,0.05315,1.0000,0.0000,0.0000,True,True
18.3025,0.0000,1.6625,-34.6934,0.09061,1.0000,0.0000,0.0000,True,True
18.3265,0.0000,1.6457,-34.8011,0.10902,1.0000,0.0000,0.0000,True,True
18.3384,0.0000,1.6379,-34.8517,0.05117,1.0000,0.0000,0.0000,True,True
18.3618,0.0000,1.6224,-34.9513,0.10088,1.0000,0.0000,0.0000,True,True
18.3738,0.0000,1.6151,-34.9980,0.04727,1.0000,0.0000,0.0000,True,True
18.3975,0.0000,1.5989,-35.0941,0.09738,1.0000,0.0000,0.0000,True,True
18.4085,0.0000,1.5918,-35.1363,0.04287,1.0000,0.0000,0.0000,True,True
18.4324,0.0000,1.5769,-35.2241,0.08901,1.0000,0.0000,0.0000,True,True
18.4529,0.0000,1.5648,-35.2962,0.07314,1.0000,0.0000,0.0000,True,True
18.4632,0.0000,1.5587,-35.3318,0.03612,1.0000,0.0000,0.0000,True,True
18.5036,0.0000,1.5373,-35.4588,0.12873,1.0000,0.0000,0.0000,True,True
18.5148,0.0000,1.5315,-35.4931,0.03485,1.0000,0.0000,0.0000,True,True
18.5349,0.0000,1.5211,-35.5518,0.05959,1.0000,0.0000,0.0000,True,True
18.5619,0.0000,1.5081,-35.6250,0.07431,1.0000,0.0000,0.0000,True,True
18.5723,0.0000,1.5031,-35.6527,0.02818,1.0000,0.0000,0.0000,True,True
18.5894,0.0000,1.4955,-35.6955,0.04347,1.0000,0.0000,0.0000,True,True
18.6006,0.0000,1.4907,-35.7228,0.02769,1.0000,0.0000,0.0000,True,True
18.6259,0.0000,1.4806,-35.7793,0.05743,1.0000,0.0000,0.0000,True,True
18.6535,0.0000,1.4706,-35.8355,0.05708,1.0000,0.0000,0.0000,True,True
18.6629,0.0000,1.4673,-35.8541,0.01890,1.0000,0.0000,0.0000,True,True
18.6952,0.0000,1.4574,-35.9098,0.05657,1.0000,0.0000,0.0000,True,True
18.7050,0.0000,1.4544,-35.9262,0.01665,1.0000,0.0000,0.0000,True,True
18.7458,0.0000,1.4446,-35.9814,0.05609,1.0000,0.0000,0.0000,True,True
18.7793,0.0000,1.4446,-35.9814,0.00000,1.0000,0.0000,0.0000,True,True
18.7907,0.0000,1.4444,-35.9824,0.00099,1.0000,0.0000,0.0000,True,True
18.8127,0.0000,1.4435,-35.9878,0.00553,1.0000,0.0000,0.0000,True,True
18.8245,0.0000,1.4428,-35.9918,0.00400,1.0000,0.0000,0.0000,True,True
18.8410,0.0000,1.4414,-35.9993,0.00764,1.0000,0.0000,0.0000,True,True
18.8637,0.0000,1.4389,-36.0133,0.01430,1.0000,0.0000,0.0000,True,True
18.8755,0.0000,1.4373,-36.0218,0.00860,1.0000,0.0000,0.0000,True,True
18.8932,0.0000,1.4346,-36.0367,0.01516,1.0000,0.0000,0.0000,True,True
18.9043,0.0000,1.4328,-36.0465,0.00999,1.0000,0.0000,0.0000,True,True
18.9318,0.0000,1.4271,-36.0780,0.03194,1.0000,0.0000,0.0000,True,True
18.9432,0.0000,1.4245,-36.0918,0.01406,1.0000,0.0000,0.0000,True,True
18.9655,0.0000,1.4190,-36.1221,0.03083,1.0000,0.0000,0.0000,True,True
18.9913,0.0000,1.4117,-36.1623,0.04083,1.0000,0.0000,0.0000,True,True
19.0011,0.0000,1.4087,-36.1788,0.01674,1.0000,0.0000,0.0000,True,True
19.0186,0.0000,1.4030,-36.2096,0.03131,1.0000,0.0000,0.0000,True,True
19.0301,0.0000,1.3992,-36.2304,0.02117,1.0000,0.0000,0.0000,True,True
19.0549,0.0000,1.3899,-36.2815,0.05198,1.0000,0.0000,0.0000,True,True
19.0799,0.0000,1.3798,-36.3370,0.05638,1.0000,0.0000,0.0000,True,True
19.0928,0.0000,1.3745,-36.3658,0.02932,1.0000,0.0000,0.0000,True,True
19.1196,0.0000,1.3621,-36.4339,0.06916,1.0000,0.0000,0.0000,True,True
19.1319,0.0000,1.3563,-36.4657,0.03235,1.0000,0.0000,0.0000,True,True
19.1582,0.0000,1.3428,-36.5395,0.07507,1.0000,0.0000,0.0000,True,True
19.1865,0.0000,1.3273,-36.6244,0.08629,1.0000,0.0000,0.0000,True,True
19.1969,0.0000,1.3214,-36.6567,0.03285,1.0000,0.0000,0.0000,True,True
19.2136,0.0000,1.3117,-36.7100,0.05415,1.0000,0.0000,0.0000,True,True
19.2238,0.0000,1.3055,-36.7437,0.03421,1.0000,0.0000,0.0000,True,True
19.2401,0.0000,1.2954,-36.7990,0.05623,1.0000,0.0000,0.0000,True,True
19.2620,0.0000,1.2812,-36.8767,0.07897,1.0000,0.0000,0.0000,True,True
19.2953,0.0000,1.2581,-37.0035,0.12897,1.0000,0.0000,0.0000,True,True
19.3053,0.0000,1.2511,-37.0429,0.04001,1.0000,0.0000,0.0000,True,True
19.3230,0.0000,1.2385,-37.1134,0.07163,1.0000,0.0000,0.0000,True,True
19.3345,0.0000,1.2304,-37.1591,0.04640,1.0000,0.0000,0.0000,True,True
19.3602,0.0000,1.2105,-37.2706,0.11328,1.0000,0.0000,0.0000,True,True
19.3733,0.0000,1.2005,-37.3268,0.05708,1.0000,0.0000,0.0000,True,True
19.3983,0.0000,1.1799,-37.4425,0.11743,1.0000,0.0000,0.0000,True,True
19.4189,0.0000,1.1629,-37.5404,0.09938,1.0000,0.0000,0.0000,True,True
19.4573,0.0000,1.1304,-37.7323,0.19462,1.0000,0.0000,0.0000,True,True
19.4704,0.0000,1.1197,-37.7960,0.06460,1.0000,0.0000,0.0000,True,True
19.5010,0.0000,1.0918,-37.9611,0.16745,1.0000,0.0000,0.0000,True,True
19.5317,0.0000,1.0655,-38.1266,0.16756,1.0000,0.0000,0.0000,True,True
19.5567,0.0000,1.0448,-38.2599,0.13492,1.0000,0.0000,0.0000,True,True
19.5683,0.0000,1.0352,-38.3217,0.06259,1.0000,0.0000,0.0000,True,True
19.5902,0.0000,1.0171,-38.4380,0.11768,1.0000,0.0000,0.0000,True,True
19.6152,0.0000,0.9977,-38.5715,0.13488,1.0000,0.0000,0.0000,True,True
19.6248,0.0000,0.9905,-38.6238,0.05282,1.0000,0.0000,0.0000,True,True
19.6535,0.0000,0.9694,-38.7770,0.15464,1.0000,0.0000,0.0000,True,True
19.6649,0.0000,0.9612,-38.8367,0.06021,1.0000,0.0000,0.0000,True,True
19.6884,0.0000,0.9438,-38.9638,0.12829,1.0000,0.0000,0.0000,True,True
19.7092,0.0000,0.9304,-39.0732,0.11023,1.0000,0.0000,0.0000,True,True
19.7198,0.0000,0.9236,-39.1323,0.05952,1.0000,0.0000,0.0000,True,True
19.7352,0.0000,0.9142,-39.2149,0.08313,1.0000,0.0000,0.0000,True,True
19.7731,0.0000,0.8909,-39.4179,0.20436,1.0000,0.0000,0.0000,True,True
19.7866,0.0000,0.8831,-39.4861,0.06858,1.0000,0.0000,0.0000,True,True
19.8096,0.0000,0.8715,-39.6143,0.12879,1.0000,0.0000,0.0000,True,True
19.8330,0.0000,0.8606,-39.7384,0.12455,1.0000,0.0000,0.0000,True,True
19.8427,0.0000,0.8559,-39.7925,0.05432,1.0000,0.0000,0.0000,True,True
19.8622,0.0000,0.8467,-39.8972,0.10506,1.0000,0.0000,0.0000,True,True
19.8745,0.0000,0.8411,-39.9611,0.06418,1.0000,0.0000,0.0000,True,True
19.8931,0.0000,0.8342,-40.0635,0.10259,1.0000,0.0000,0.0000,True,True
19.9039,0.0000,0.8309,-40.1219,0.05855,1.0000,0.0000,0.0000,True,True
19.9240,0.0000,0.8250,-40.2282,0.10643,1.0000,0.0000,0.0000,True,True
19.9394,0.0000,0.8205,-40.3080,0.07990,1.0000,0.0000,0.0000,True,True
19.9510,0.0000,0.8172,-40.3671,0.05924,1.0000,0.0000,0.0000,True,True
19.9663,0.0000,0.8130,-40.4436,0.07660,1.0000,0.0000,0.0000,True,True
19.9770,0.0000,0.8100,-40.4959,0.05240,1.0000,0.0000,0.0000,True,True
19.9976,0.0000,0.8080,-40.5935,0.09763,1.0000,0.0000,0.0000,True,True
20.0080,0.0000,0.8070,-40.6429,0.04936,1.0000,0.0000,0.0000,True,True
20.0327,0.0000,0.8048,-40.7539,0.11101,1.0000,0.0000,0.0000,True,True
20.0445,0.0000,0.8038,-40.8054,0.05152,1.0000,0.0000,0.0000,True,True
20.0609,0.0000,0.8024,-40.8766,0.07125,1.0000,0.0000,0.0000,True,True
20.0718,0.0000,0.8015,-40.9224,0.04580,1.0000,0.0000,0.0000,True,True
20.0882,0.0000,0.8002,-40.9900,0.06764,1.0000,0.0000,0.0000,True,True
20.1004,0.0000,0.8000,-41.0375,0.04748,1.0000,0.0000,0.0000,True,True
20.1321,0.0000,0.8000,-41.1584,0.12083,1.0000,0.0000,0.0000,True,True
20.1495,0.0000,0.8000,-41.2232,0.06482,1.0000,0.0000,0.0000,True,True
20.1615,0.0000,0.8000,-41.2666,0.04342,1.0000,0.0000,0.0000,True,True
20.1776,0.0000,0.8000,-41.3225,0.05590,1.0000,0.0000,0.0000,True,True
20.1897,0.0000,0.8000,-41.3619,0.03946,1.0000,0.0000,0.0000,True,True
20.2152,0.0000,0.8000,-41.4433,0.08134,1.0000,0.0000,0.0000,True,True
20.2267,0.0000,0.8000,-41.4800,0.03669,1.0000,0.0000,0.0000,True,True
20.2434,0.0000,0.8000,-41.5289,0.04893,1.0000,0.0000,0.0000,True,True
20.2603,0.0000,0.8000,-41.5778,0.04891,1.0000,0.0000,0.0000,True,True
20.2759,0.0000,0.8000,-41.6203,0.04251,1.0000,0.0000,0.0000,True,True
20.2873,0.0000,0.8000,-41.6505,0.03022,1.0000,0.0000,0.0000,True,True
20.3040,0.0000,0.8000,-41.6925,0.04192,1.0000,0.0000,0.0000,True,True
20.3157,0.0000,0.8000,-41.7190,0.02657,1.0000,0.0000,0.0000,True,True
20.3389,0.0000,0.8000,-41.7732,0.05416,1.0000,0.0000,0.0000,True,True
20.3517,0.0000,0.8000,-41.8007,0.02753,1.0000,0.0000,0.0000,True,True
20.3680,0.0000,0.8000,-41.8338,0.03309,1.0000,0.0000,0.0000,True,True
20.3794,0.0000,0.8000,-41.8562,0.02239,1.0000,0.0000,0.0000,True,True
20.3962,0.0000,0.8000,-41.8869,0.03070,1.0000,0.0000,0.0000,True,True
20.4127,0.0000,0.8000,-41.9150,0.02807,1.0000,0.0000,0.0000,True,True
20.4252,0.0000,0.8000,-41.9344,0.01947,1.0000,0.0000,0.0000,True,True
20.4525,0.0000,0.8000,-41.9728,0.03831,1.0000,0.0000,0.0000,True,True
20.4644,0.0000,0.8000,-41.9889,0.01616,1.0000,0.0000,0.0000,True,True
20.4818,0.0000,0.8000,-41.9889,0.00000,1.0000,0.0000,0.0000,True,True
20.4937,0.0000,0.8000,-41.9900,0.00106,1.0000,0.0000,0.0000,True,True
20.5142,0.0000,0.8000,-41.9949,0.00496,1.0000,0.0000,0.0000,True,True
20.5311,0.0000,0.8000,-42.0012,0.00624,1.0000,0.0000,0.0000,True,True
20.5429,0.0000,0.8000,-42.0066,0.00546,1.0000,0.0000,0.0000,True,True
20.5643,0.0000,0.8000,-42.0196,0.01297,1.0000,0.0000,0.0000,True,True
20.5810,0.0000,0.8000,-42.0322,0.01265,1.0000,0.0000,0.0000,True,True
20.5985,0.0000,0.8000,-42.0475,0.01531,1.0000,0.0000,0.0000,True,True
20.6097,0.0000,0.8000,-42.0584,0.01083,1.0000,0.0000,0.0000,True,True
20.6306,0.0000,0.8000,-42.0817,0.02332,1.0000,0.0000,0.0000,True,True
20.6428,0.0000,0.8000,-42.0963,0.01463,1.0000,0.0000,0.0000,True,True
20.6640,0.0000,0.8000,-42.1253,0.02893,1.0000,0.0000,0.0000,True,True
20.6809,0.0000,0.8000,-42.1506,0.02537,1.0000,0.0000,0.0000,True,True
20.6933,0.0000,0.8000,-42.1703,0.01969,1.0000,0.0000,0.0000,True,True
20.7147,0.0000,0.8000,-42.2075,0.03718,1.0000,0.0000,0.0000,True,True
20.7256,0.0000,0.8000,-42.2275,0.01999,1.0000,0.0000,0.0000,True,True
20.7419,0.0000,0.8000,-42.2594,0.03194,1.0000,0.0000,0.0000,True,True
20.7582,0.0000,0.8000,-42.2931,0.03372,1.0000,0.0000,0.0000,True,True
20.7694,0.0000,0.8000,-42.3173,0.02418,1.0000,0.0000,0.0000,True,True
20.7872,0.0000,0.8000,-42.3580,0.04063,1.0000,0.0000,0.0000,True,True
20.8138,0.0000,0.8000,-42.4234,0.06544,1.0000,0.0000,0.0000,True,True
20.8263,0.0000,0.8000,-42.4565,0.03310,1.0000,0.0000,0.0000,True,True
20.8429,0.0000,0.8000,-42.5015,0.04504,1.0000,0.0000,0.0000,True,True
20.8594,0.0000,0.8000,-42.5482,0.04662,1.0000,0.0000,0.0000,True,True
20.8723,0.0000,0.8000,-42.5828,0.03465,1.0000,0.0000,0.0000,True,True
20.8963,0.0000,0.8000,-42.6607,0.07790,1.0000,0.0000,0.0000,True,True
20.9081,0.0000,0.8000,-42.6981,0.03741,1.0000,0.0000,0.0000,True,True
20.9248,0.0000,0.8000,-42.7535,0.05543,1.0000,0.0000,0.0000,True,True
20.9420,0.0000,0.8000,-42.8130,0.05944,1.0000,0.0000,0.0000,True,True
20.9533,0.0000,0.8000,-42.8531,0.04010,1.0000,0.0000,0.0000,True,True
20.9832,0.0000,0.8000,-42.9644,0.11131,1.0000,0.0000,0.0000,True,True
20.9967,0.0000,0.8000,-43.0176,0.05318,1.0000,0.0000,0.0000,True,True
21.0127,0.0000,0.8000,-43.0815,0.06397,1.0000,0.0000,0.0000,True,True
21.0304,0.0000,0.8000,-43.1544,0.07281,1.0000,0.0000,0.0000,True,True
21.0438,0.0000,0.8000,-43.2086,0.05425,1.0000,0.0000,0.0000,True,True
21.0747,0.0000,0.8000,-43.3484,0.13981,1.0000,0.0000,0.0000,True,True
21.0869,0.0000,0.8000,-43.4037,0.05528,1.0000,0.0000,0.0000,True,True
21.1084,0.0000,0.8000,-43.5042,0.10055,1.0000,0.0000,0.0000,True,True
21.1251,0.0000,0.8000,-43.5846,0.08040,1.0000,0.0000,0.0000,True,True
21.1376,0.0000,0.8000,-43.6460,0.06134,1.0000,0.0000,0.0000,True,True
21.1553,0.0000,0.8000,-43.7362,0.09018,1.0000,0.0000,0.0000,True,True
21.1759,0.0000,0.8000,-43.8426,0.10645,1.0000,0.0000,0.0000,True,True
21.1879,0.0000,0.8000,-43.9068,0.06420,1.0000,0.0000,0.0000,True,True
21.2059,0.0000,0.8000,-44.0041,0.09726,1.0000,0.0000,0.0000,True,True
21.2262,0.0000,0.8000,-44.1136,0.10955,1.0000,0.0000,0.0000,True,True
21.2382,0.0000,0.8000,-44.1786,0.06503,1.0000,0.0000,0.0000,True,True
21.2591,0.0000,0.8000,-44.2909,0.11223,1.0000,0.0000,0.0000,True,True
21.2710,0.0000,0.8000,-44.3554,0.06450,1.0000,0.0000,0.0000,True,True
21.2919,0.0000,0.8000,-44.4679,0.11253,1.0000,0.0000,0.0000,True,True
21.3033,0.0000,0.8000,-44.5302,0.06233,1.0000,0.0000,0.0000,True,True
21.3198,0.0000,0.8000,-44.6190,0.08878,1.0000,0.0000,0.0000,True,True
21.3373,0.0000,0.8000,-44.7137,0.09466,1.0000,0.0000,0.0000,True,True
21.3497,0.0000,0.8000,-44.7801,0.06643,1.0000,0.0000,0.0000,True,True
21.3760,0.0000,0.8000,-44.9209,0.14083,1.0000,0.0000,0.0000,True,True
21.3892,0.0000,0.8000,-44.9934,0.07242,1.0000,0.0000,0.0000,True,True
21.4074,0.0000,0.8001,-45.0922,0.09881,1.0000,0.0000,0.0000,True,True
21.4314,0.0000,0.8001,-45.2192,0.12705,1.0000,0.0000,0.0000,True,True
21.4484,0.0000,0.8002,-45.3119,0.09267,1.0000,0.0000,0.0000,True,True
21.4627,0.0000,0.8002,-45.3886,0.07675,1.0000,0.0000,0.0000,True,True
21.4927,0.0000,0.8004,-45.5493,0.16071,1.0000,0.0000,0.0000,True,True
21.5051,0.0000,0.8005,-45.6199,0.07058,1.0000,0.0000,0.0000,True,True
21.5214,0.0000,0.8006,-45.7072,0.08730,1.0000,0.0000,0.0000,True,True
21.5341,0.0000,0.8008,-45.7721,0.06485,1.0000,0.0000,0.0000,True,True
21.5627,0.0000,0.8010,-45.9300,0.15789,1.0000,0.0000,0.0000,True,True
21.5759,0.0000,0.8012,-46.0014,0.07146,1.0000,0.0000,0.0000,True,True
21.5930,0.0000,0.8014,-46.0938,0.09243,1.0000,0.0000,0.0000,True,True
21.6049,0.0000,0.8016,-46.1577,0.06382,1.0000,0.0000,0.0000,True,True
21.6316,0.0000,0.8020,-46.2972,0.13955,1.0000,0.0000,0.0000,True,True
21.6440,0.0000,0.8022,-46.3625,0.06532,1.0000,0.0000,0.0000,True,True
21.6602,0.0000,0.8024,-46.4439,0.08142,1.0000,0.0000,0.0000,True,True
21.6779,0.0000,0.8027,-46.5308,0.08683,1.0000,0.0000,0.0000,True,True
21.6903,0.0000,0.8029,-46.5905,0.05969,1.0000,0.0000,0.0000,True,True
21.7162,0.0000,0.8034,-46.7102,0.11974,1.0000,0.0000,0.0000,True,True
21.7294,0.0000,0.8037,-46.7700,0.05978,1.0000,0.0000,0.0000,True,True
21.7467,0.0000,0.8040,-46.8462,0.07622,1.0000,0.0000,0.0000,True,True
21.7608,0.0000,0.8042,-46.9035,0.05730,1.0000,0.0000,0.0000,True,True
21.7874,0.0000,0.8046,-47.0149,0.11144,1.0000,0.0000,0.0000,True,True
21.8000,0.0000,0.8049,-47.0655,0.05061,1.0000,0.0000,0.0000,True,True
21.8173,0.0000,0.8052,-47.1326,0.06706,1.0000,0.0000,0.0000,True,True
21.8306,0.0000,0.8055,-47.1811,0.04845,1.0000,0.0000,0.0000,True,True
21.8542,0.0000,0.8059,-47.2669,0.08581,1.0000,0.0000,0.0000,True,True
21.8680,0.0000,0.8061,-47.3131,0.04627,1.0000,0.0000,0.0000,True,True
21.9003,0.0000,0.8067,-47.4189,0.10576,1.0000,0.0000,0.0000,True,True
21.9183,0.0000,0.8070,-47.4756,0.05672,1.0000,0.0000,0.0000,True,True
21.9329,0.0000,0.8072,-47.5178,0.04220,1.0000,0.0000,0.0000,True,True
21.9501,0.0000,0.8075,-47.5689,0.05112,1.0000,0.0000,0.0000,True,True
21.9707,0.0000,0.8079,-47.6248,0.05587,1.0000,0.0000,0.0000,True,True
21.9829,0.0000,0.8080,-47.6568,0.03206,1.0000,0.0000,0.0000,True,True
22.0114,0.0000,0.8085,-47.7253,0.06844,1.0000,0.0000,0.0000,True,True
22.0302,0.0000,0.8087,-47.7677,0.04244,1.0000,0.0000,0.0000,True,True
22.0419,0.0000,0.8089,-47.7935,0.02580,1.0000,0.0000,0.0000,True,True
22.0598,0.0000,0.8091,-47.8300,0.03653,1.0000,0.0000,0.0000,True,True
22.0719,0.0000,0.8093,-47.8536,0.02354,1.0000,0.0000,0.0000,True,True
22.0971,0.0000,0.8095,-47.8982,0.04462,1.0000,0.0000,0.0000,True,True
22.1145,0.0000,0.8097,-47.9259,0.02770,1.0000,0.0000,0.0000,True,True
22.1271,0.0000,0.8098,-47.9460,0.02008,1.0000,0.0000,0.0000,True,True
22.1440,0.0000,0.8100,-47.9699,0.02395,1.0000,0.0000,0.0000,True,True
22.1660,0.0000,0.8101,-47.9973,0.02738,1.0000,0.0000,0.0000,True,True
22.1784,0.0000,0.8101,-47.9973,0.00000,1.0000,0.0000,0.0000,True,True
22.1958,0.0000,0.8101,-47.9996,0.00227,1.0000,0.0000,0.0000,True,True
22.2197,0.0000,0.8102,-48.0069,0.00737,1.0000,0.0000,0.0000,True,True
22.2366,0.0000,0.8103,-48.0143,0.00737,1.0000,0.0000,0.0000,True,True
22.2488,0.0000,0.8103,-48.0207,0.00644,1.0000,0.0000,0.0000,True,True
22.2751,0.0000,0.8104,-48.0399,0.01912,1.0000,0.0000,0.0000,True,True
22.2879,0.0000,0.8105,-48.0503,0.01047,1.0000,0.0000,0.0000,True,True
22.3015,0.0000,0.8106,-48.0628,0.01249,1.0000,0.0000,0.0000,True,True
22.3264,0.0000,0.8108,-48.0905,0.02768,1.0000,0.0000,0.0000,True,True
22.3396,0.0000,0.8109,-48.1059,0.01537,1.0000,0.0000,0.0000,True,True
22.3663,0.0000,0.8112,-48.1435,0.03769,1.0000,0.0000,0.0000,True,True
22.3791,0.0000,0.8113,-48.1633,0.01980,1.0000,0.0000,0.0000,True,True
22.3965,0.0000,0.8115,-48.1919,0.02854,1.0000,0.0000,0.0000,True,True
22.4100,0.0000,0.8117,-48.2153,0.02338,1.0000,0.0000,0.0000,True,True
22.4400,0.0000,0.8121,-48.2734,0.05819,1.0000,0.0000,0.0000,True,True
22.4585,0.0000,0.8124,-48.3122,0.03879,1.0000,0.0000,0.0000,True,True
22.4718,0.0000,0.8126,-48.3423,0.03003,1.0000,0.0000,0.0000,True,True
22.5007,0.0000,0.8131,-48.4110,0.06876,1.0000,0.0000,0.0000,True,True
22.5136,0.0000,0.8133,-48.4445,0.03349,1.0000,0.0000,0.0000,True,True
22.5313,0.0000,0.8137,-48.4909,0.04645,1.0000,0.0000,0.0000,True,True
22.5456,0.0000,0.8140,-48.5299,0.03895,1.0000,0.0000,0.0000,True,True
22.5747,0.0000,0.8147,-48.6162,0.08629,1.0000,0.0000,0.0000,True,True
22.5879,0.0000,0.8150,-48.6577,0.04151,1.0000,0.0000,0.0000,True,True
22.6112,0.0000,0.8156,-48.7323,0.07458,1.0000,0.0000,0.0000,True,True
22.6252,0.0000,0.8160,-48.7791,0.04684,1.0000,0.0000,0.0000,True,True
22.6551,0.0000,0.8169,-48.8856,0.10647,1.0000,0.0000,0.0000,True,True
22.6739,0.0000,0.8175,-48.9556,0.07007,1.0000,0.0000,0.0000,True,True
22.6871,0.0000,0.8179,-49.0071,0.05149,1.0000,0.0000,0.0000,True,True
22.7056,0.0000,0.8186,-49.0803,0.07320,1.0000,0.0000,0.0000,True,True
22.7194,0.0000,0.8191,-49.1352,0.05493,1.0000,0.0000,0.0000,True,True
22.7606,0.0000,0.8207,-49.3150,0.17978,1.0000,0.0000,0.0000,True,True
22.7789,0.0000,0.8215,-49.3987,0.08372,1.0000,0.0000,0.0000,True,True
22.7919,0.0000,0.8221,-49.4582,0.05950,1.0000,0.0000,0.0000,True,True
22.8072,0.0000,0.8228,-49.5301,0.07183,1.0000,0.0000,0.0000,True,True
22.8344,0.0000,0.8241,-49.6648,0.13470,1.0000,0.0000,0.0000,True,True
22.8479,0.0000,0.8248,-49.7320,0.06725,1.0000,0.0000,0.0000,True,True
22.8665,0.0000,0.8258,-49.8281,0.09614,1.0000,0.0000,0.0000,True,True
22.8956,0.0000,0.8274,-49.9843,0.15616,1.0000,0.0000,0.0000,True,True
22.9070,0.0000,0.8281,-50.0468,0.06253,1.0000,0.0000,0.0000,True,True
22.9258,0.0000,0.8292,-50.1475,0.10070,1.0000,0.0000,0.0000,True,True
22.9539,0.0000,0.8309,-50.2992,0.15175,1.0000,0.0000,0.0000,True,True
22.9669,0.0000,0.8317,-50.3701,0.07087,1.0000,0.0000,0.0000,True,True
22.9956,0.0000,0.8334,-50.5242,0.15415,1.0000,0.0000,0.0000,True,True
23.0269,0.0000,0.8355,-50.6934,0.16916,1.0000,0.0000,0.0000,True,True
23.0416,0.0000,0.8364,-50.7714,0.07801,1.0000,0.0000,0.0000,True,True
23.0769,0.0000,0.8388,-50.9637,0.19230,1.0000,0.0000,0.0000,True,True
23.1058,0.0000,0.8408,-51.1201,0.15649,1.0000,0.0000,0.0000,True,True
23.1196,0.0000,0.8417,-51.1937,0.07352,1.0000,0.0000,0.0000,True,True
23.1646,0.0000,0.8449,-51.4363,0.24262,1.0000,0.0000,0.0000,True,True
23.1785,0.0000,0.8459,-51.5108,0.07457,1.0000,0.0000,0.0000,True,True
23.2106,0.0000,0.8483,-51.6860,0.17520,1.0000,0.0000,0.0000,True,True
23.2402,0.0000,0.8506,-51.8453,0.15931,1.0000,0.0000,0.0000,True,True
23.2539,0.0000,0.8516,-51.9180,0.07265,1.0000,0.0000,0.0000,True,True
23.2917,0.0000,0.8546,-52.1233,0.20541,1.0000,0.0000,0.0000,True,True
23.3251,0.0000,0.8572,-52.3004,0.17708,1.0000,0.0000,0.0000,True,True
23.3380,0.0000,0.8582,-52.3682,0.06776,1.0000,0.0000,0.0000,True,True
23.3667,0.0000,0.8603,-52.5113,0.14317,1.0000,0.0000,0.0000,True,True
23.3786,0.0000,0.8613,-52.5698,0.05846,1.0000,0.0000,0.0000,True,True
23.4060,0.0000,0.8633,-52.6990,0.12922,1.0000,0.0000,0.0000,True,True
23.4387,0.0000,0.8656,-52.8441,0.14515,1.0000,0.0000,0.0000,True,True
23.4531,0.0000,0.8665,-52.9050,0.06093,1.0000,0.0000,0.0000,True,True
23.4860,0.0000,0.8687,-53.0415,0.13650,1.0000,0.0000,0.0000,True,True
23.5023,0.0000,0.8698,-53.1047,0.06319,1.0000,0.0000,0.0000,True,True
23.5280,0.0000,0.8714,-53.2040,0.09934,1.0000,0.0000,0.0000,True,True
23.5424,0.0000,0.8723,-53.2558,0.05181,1.0000,0.0000,0.0000,True,True
23.5646,0.0000,0.8736,-53.3346,0.07883,1.0000,0.0000,0.0000,True,True
23.5805,0.0000,0.8744,-53.3857,0.05111,1.0000,0.0000,0.0000,True,True
23.6115,0.0000,0.8761,-53.4861,0.10042,1.0000,0.0000,0.0000,True,True
23.6252,0.0000,0.8768,-53.5273,0.04113,1.0000,0.0000,0.0000,True,True
23.6523,0.0000,0.8782,-53.6049,0.07768,1.0000,0.0000,0.0000,True,True
23.6661,0.0000,0.8788,-53.6438,0.03891,1.0000,0.0000,0.0000,True,True
23.6845,0.0000,0.8797,-53.6920,0.04818,1.0000,0.0000,0.0000,True,True
23.7079,0.0000,0.8807,-53.7484,0.05640,1.0000,0.0000,0.0000,True,True
23.7217,0.0000,0.8812,-53.7813,0.03290,1.0000,0.0000,0.0000,True,True
23.7404,0.0000,0.8820,-53.8224,0.04110,1.0000,0.0000,0.0000,True,True
23.7534,0.0000,0.8824,-53.8494,0.02705,1.0000,0.0000,0.0000,True,True
23.7811,0.0000,0.8833,-53.9010,0.05160,1.0000,0.0000,0.0000,True,True
23.7944,0.0000,0.8838,-53.9258,0.02481,1.0000,0.0000,0.0000,True,True
23.8130,0.0000,0.8843,-53.9563,0.03050,1.0000,0.0000,0.0000,True,True
23.8262,0.0000,0.8846,-53.9766,0.02025,1.0000,0.0000,0.0000,True,True
23.8529,0.0000,0.8846,-53.9766,0.00000,1.0000,0.0000,0.0000,True,True
23.8646,0.0000,0.8847,-53.9776,0.00102,1.0000,0.0000,0.0000,True,True
23.8921,0.0000,0.8848,-53.9857,0.00807,1.0000,0.0000,0.0000,True,True
23.9061,0.0000,0.8849,-53.9913,0.00560,1.0000,0.0000,0.0000,True,True
23.9251,0.0000,0.8851,-54.0015,0.01026,1.0000,0.0000,0.0000,True,True
23.9388,0.0000,0.8852,-54.0102,0.00868,1.0000,0.0000,0.0000,True,True
23.9582,0.0000,0.8855,-54.0257,0.01554,1.0000,0.0000,0.0000,True,True
23.9768,0.0000,0.8858,-54.0430,0.01724,1.0000,0.0000,0.0000,True,True
23.9898,0.0000,0.8861,-54.0563,0.01331,1.0000,0.0000,0.0000,True,True
24.0161,0.0000,0.8867,-54.0884,0.03211,1.0000,0.0000,0.0000,True,True
24.0299,0.0000,0.8870,-54.1066,0.01821,1.0000,0.0000,0.0000,True,True
24.0570,0.0000,0.8878,-54.1483,0.04167,1.0000,0.0000,0.0000,True,True
24.0704,0.0000,0.8882,-54.1702,0.02200,1.0000,0.0000,0.0000,True,True
24.0953,0.0000,0.8890,-54.2147,0.04445,1.0000,0.0000,0.0000,True,True
24.1093,0.0000,0.8895,-54.2421,0.02744,1.0000,0.0000,0.0000,True,True
24.1284,0.0000,0.8902,-54.2818,0.03969,1.0000,0.0000,0.0000,True,True
24.1567,0.0000,0.8914,-54.3463,0.06456,1.0000,0.0000,0.0000,True,True
24.1718,0.0000,0.8920,-54.3807,0.03438,1.0000,0.0000,0.0000,True,True
24.1990,0.0000,0.8933,-54.4530,0.07225,1.0000,0.0000,0.0000,True,True
24.2123,0.0000,0.8940,-54.4880,0.03504,1.0000,0.0000,0.0000,True,True
24.2402,0.0000,0.8955,-54.5696,0.08161,1.0000,0.0000,0.0000,True,True
24.2741,0.0000,0.8975,-54.6769,0.10732,1.0000,0.0000,0.0000,True,True
24.2875,0.0000,0.8984,-54.7206,0.04371,1.0000,0.0000,0.0000,True,True
24.3152,0.0000,0.9002,-54.8163,0.09573,1.0000,0.0000,0.0000,True,True
24.3277,0.0000,0.9011,-54.8614,0.04510,1.0000,0.0000,0.0000,True,True
24.3545,0.0000,0.9030,-54.9615,0.10007,1.0000,0.0000,0.0000,True,True
24.3823,0.0000,0.9051,-55.0718,0.11037,1.0000,0.0000,0.0000,True,True
24.3960,0.0000,0.9062,-55.1268,0.05496,1.0000,0.0000,0.0000,True,True
24.4237,0.0000,0.9086,-55.2464,0.11967,1.0000,0.0000,0.0000,True,True
24.4370,0.0000,0.9098,-55.3050,0.05860,0.9999,0.0001,0.0000,True,True
24.4655,0.0000,0.9123,-55.4349,0.12990,0.9999,0.0001,0.0000,True,True
24.4962,0.0000,0.9153,-55.5835,0.14866,0.9998,0.0002,0.0000,True,True
24.5119,0.0000,0.9168,-55.6563,0.07277,0.9997,0.0003,0.0000,True,True
24.5462,0.0000,0.9206,-55.8397,0.18345,0.9995,0.0005,0.0000,True,True
24.5797,0.0000,0.9243,-56.0201,0.18050,0.9993,0.0007,0.0000,True,True
24.5918,0.0000,0.9257,-56.0859,0.06581,0.9992,0.0008,0.0000,True,True
24.6191,0.0000,0.9289,-56.2328,0.14686,0.9989,0.0011,0.0000,True,True
24.6341,0.0000,0.9306,-56.3124,0.07969,0.9988,0.0012,0.0000,True,True
24.6718,0.0000,0.9350,-56.5180,0.20560,0.9984,0.0016,0.0000,True,True
24.6977,0.0000,0.9380,-56.6573,0.13941,0.9981,0.0019,0.0000,True,True
24.7121,0.0000,0.9397,-56.7317,0.07432,0.9979,0.0021,0.0000,True,True
24.7441,0.0000,0.9436,-56.9071,0.17550,0.9975,0.0025,0.0000,True,True
24.7571,0.0000,0.9451,-56.9783,0.07122,0.9973,0.0027,0.0000,True,True
24.7854,0.0000,0.9485,-57.1285,0.15022,0.9969,0.0031,0.0000,True,True
24.7991,0.0000,0.9503,-57.2051,0.07659,0.9966,0.0034,0.0000,True,True
24.8231,0.0000,0.9531,-57.3307,0.12565,0.9962,0.0038,0.0000,True,True
24.8355,0.0000,0.9547,-57.4018,0.07109,0.9960,0.0040,0.0000,True,True
24.8545,0.0000,0.9571,-57.5045,0.10277,0.9957,0.0043,0.0000,True,True
24.8780,0.0000,0.9600,-57.6309,0.12645,0.9952,0.0048,0.0000,True,True
24.8978,0.0000,0.9625,-57.7377,0.10681,0.9948,0.0052,0.0000,True,True
24.9135,0.0000,0.9645,-57.8204,0.08268,0.9945,0.0055,0.0000,True,True
24.9349,0.0000,0.9672,-57.9383,0.11794,0.9941,0.0059,0.0000,True,True
24.9534,0.0000,0.9696,-58.0383,0.10007,0.9936,0.0064,0.0000,True,True
24.9809,0.0000,0.9732,-58.1865,0.14822,0.9930,0.0070,0.0000,True,True
24.9982,0.0000,0.9754,-58.2777,0.09122,0.9926,0.0074,0.0000,True,True
25.0114,0.0000,0.9770,-58.3458,0.06814,0.9923,0.0077,0.0000,True,True
25.0341,0.0000,0.9798,-58.4597,0.11392,0.9918,0.0082,0.0000,True,True
25.0481,0.0000,0.9814,-58.5269,0.06720,0.9915,0.0085,0.0000,True,True
25.0745,0.0000,0.9845,-58.6521,0.12526,0.9909,0.0091,0.0000,True,True
25.0883,0.0000,0.9861,-58.7154,0.06332,0.9906,0.0094,0.0000,True,True
25.1072,0.0000,0.9881,-58.7999,0.08453,0.9901,0.0099,0.0000,True,True
25.1296,0.0000,0.9905,-58.8956,0.09572,0.9897,0.0103,0.0000,True,True
25.1433,0.0000,0.9919,-58.9535,0.05797,0.9894,0.0106,0.0000,True,True
25.1619,0.0000,0.9938,-59.0288,0.07530,0.9890,0.0110,0.0000,True,True
25.1853,0.0000,0.9961,-59.1193,0.09055,0.9885,0.0115,0.0000,True,True
25.2003,0.0000,0.9975,-59.1731,0.05379,0.9882,0.0118,0.0000,True,True
25.2347,0.0000,1.0006,-59.2968,0.12375,0.9875,0.0125,0.0000,True,True
25.2554,0.0000,1.0024,-59.3665,0.06973,0.9871,0.0129,0.0000,True,True
25.2709,0.0000,1.0036,-59.4158,0.04926,0.9868,0.0132,0.0000,True,True
25.2919,0.0000,1.0053,-59.4816,0.06581,0.9864,0.0136,0.0000,True,True
25.3234,0.0000,1.0076,-59.5722,0.09072,0.9859,0.0141,0.0000,True,True
25.3421,0.0000,1.0090,-59.6231,0.05087,0.9855,0.0145,0.0000,True,True
25.3578,0.0000,1.0100,-59.6636,0.04049,0.9853,0.0147,0.0000,True,True
25.3851,0.0000,1.0117,-59.7291,0.06557,0.9849,0.0151,0.0000,True,True
25.3990,0.0000,1.0125,-59.7603,0.03120,0.9847,0.0153,0.0000,True,True
25.4237,0.0000,1.0139,-59.8135,0.05322,0.9844,0.0156,0.0000,True,True
25.4434,0.0000,1.0149,-59.8521,0.03858,0.9841,0.0159,0.0000,True,True
25.4577,0.0000,1.0156,-59.8782,0.02614,0.9839,0.0161,0.0000,True,True
25.4774,0.0000,1.0165,-59.9123,0.03405,0.9837,0.0163,0.0000,True,True
25.4966,0.0000,1.0172,-59.9421,0.02984,0.9835,0.0165,0.0000,True,True
25.5098,0.0000,1.0178,-59.9615,0.01943,0.9834,0.0166,0.0000,True,True
25.5504,0.0000,1.0188,-60.0000,0.03850,0.9832,0.0168,0.0000,True,True
25.5694,0.0000,1.0188,-60.0000,0.00000,0.9832,0.0168,0.0000,True,True
25.5839,0.0000,1.0188,-60.0016,0.00157,0.9831,0.0169,0.0000,True,True
25.6193,0.0000,1.0191,-60.0148,0.01320,0.9831,0.0169,0.0000,True,True
25.6319,0.0000,1.0193,-60.0207,0.00593,0.9830,0.0170,0.0000,True,True
25.6695,0.0000,1.0200,-60.0489,0.02822,0.9828,0.0172,0.0000,True,True
25.7042,0.0000,1.0210,-60.0840,0.03512,0.9826,0.0174,0.0000,True,True
25.7186,0.0000,1.0214,-60.0996,0.01558,0.9825,0.0175,0.0000,True,True
25.7534,0.0000,1.0227,-60.1480,0.04840,0.9822,0.0178,0.0000,True,True
25.7872,0.0000,1.0241,-60.2030,0.05502,0.9818,0.0182,0.0000,True,True
25.8022,0.0000,1.0248,-60.2293,0.02638,0.9816,0.0184,0.0000,True,True
25.8332,0.0000,1.0265,-60.2907,0.06137,0.9812,0.0188,0.0000,True,True
25.8487,0.0000,1.0273,-60.3229,0.03220,0.9810,0.0190,0.0000,True,True
25.8928,0.0000,1.0302,-60.4301,0.10729,0.9802,0.0198,0.0000,True,True
25.9143,0.0000,1.0316,-60.4857,0.05558,0.9798,0.0202,0.0000,True,True
25.9281,0.0000,1.0326,-60.5230,0.03732,0.9796,0.0204,0.0000,True,True
25.9614,0.0000,1.0353,-60.6200,0.09699,0.9789,0.0211,0.0000,True,True
25.9869,0.0000,1.0375,-60.7004,0.08043,0.9783,0.0217,0.0000,True,True
26.0016,0.0000,1.0387,-60.7447,0.04437,0.9779,0.0221,0.0000,True,True
26.0419,0.0000,1.0426,-60.8912,0.14651,0.9768,0.0232,0.0000,True,True
26.0563,0.0000,1.0440,-60.9429,0.05176,0.9765,0.0235,0.0000,True,True
26.0921,0.0000,1.0479,-61.0836,0.14069,0.9754,0.0246,0.0000,True,True
26.1262,0.0000,1.0518,-61.2255,0.14201,0.9742,0.0258,0.0000,True,True
26.1406,0.0000,1.0535,-61.2864,0.06093,0.9737,0.0263,0.0000,True,True
26.1761,0.0000,1.0580,-61.4495,0.16315,0.9724,0.0276,0.0000,True,True
26.2102,0.0000,1.0626,-61.6129,0.16344,0.9711,0.0289,0.0000,True,True
26.2253,0.0000,1.0646,-61.6848,0.07197,0.9704,0.0296,0.0000,True,True
26.2577,0.0000,1.0694,-61.8543,0.16957,0.9690,0.0310,0.0000,True,True
26.2717,0.0000,1.0714,-61.9269,0.07262,0.9684,0.0316,0.0000,True,True
26.2989,0.0000,1.0756,-62.0751,0.14827,0.9670,0.0330,0.0000,True,True
26.3330,0.0000,1.0809,-62.2591,0.18403,0.9654,0.0346,0.0000,True,True
26.3474,0.0000,1.0831,-62.3346,0.07556,0.9647,0.0353,0.0000,True,True
26.3804,0.0000,1.0882,-62.5142,0.17965,0.9630,0.0370,0.0000,True,True
26.4162,0.0000,1.0939,-62.7078,0.19371,0.9612,0.0388,0.0000,True,True
26.4280,0.0000,1.0958,-62.7723,0.06447,0.9605,0.0395,0.0000,True,True
26.4578,0.0000,1.1004,-62.9323,0.16007,0.9590,0.0410,0.0000,True,True
26.4703,0.0000,1.1024,-63.0007,0.06845,0.9583,0.0417,0.0000,True,True
26.4972,0.0000,1.1067,-63.1449,0.14430,0.9568,0.0432,0.0000,True,True
26.5297,0.0000,1.1119,-63.3201,0.17523,0.9550,0.0450,0.0000,True,True
26.5452,0.0000,1.1143,-63.4007,0.08066,0.9542,0.0458,0.0000,True,True
26.5824,0.0000,1.1204,-63.6053,0.20473,0.9521,0.0479,0.0000,True,True
26.5955,0.0000,1.1225,-63.6760,0.07069,0.9513,0.0487,0.0000,True,True
26.6247,0.0000,1.1272,-63.8332,0.15727,0.9496,0.0504,0.0000,True,True
26.6582,0.0000,1.1327,-64.0131,0.17996,0.9477,0.0523,0.0000,True,True
26.6713,0.0000,1.1349,-64.0851,0.07212,0.9469,0.0531,0.0000,True,True
26.7089,0.0000,1.1410,-64.2871,0.20203,0.9446,0.0554,0.0000,True,True
26.7514,0.0000,1.1476,-64.5018,0.21478,0.9421,0.0579,0.0000,True,True
26.7651,0.0000,1.1497,-64.5695,0.06780,0.9414,0.0586,0.0000,True,True
26.7930,0.0000,1.1538,-64.7031,0.13361,0.9398,0.0602,0.0000,True,True
26.8061,0.0000,1.1557,-64.7643,0.06125,0.9391,0.0609,0.0000,True,True
26.8340,0.0000,1.1595,-64.8880,0.12375,0.9376,0.0624,0.0000,True,True
26.8681,0.0000,1.1638,-65.0282,0.14027,0.9359,0.0641,0.0000,True,True
26.8795,0.0000,1.1654,-65.0783,0.05013,0.9353,0.0647,0.0000,True,True
26.8979,0.0000,1.1677,-65.1514,0.07314,0.9344,0.0656,0.0000,True,True
26.9074,0.0000,1.1689,-65.1882,0.03678,0.9340,0.0660,0.0000,True,True
26.9261,0.0000,1.1711,-65.2584,0.07026,0.9331,0.0669,0.0000,True,True
26.9483,0.0000,1.1735,-65.3382,0.07983,0.9322,0.0678,0.0000,True,True
26.9579,0.0000,1.1746,-65.3721,0.03396,0.9317,0.0683,0.0000,True,True
26.9784,0.0000,1.1767,-65.4403,0.06820,0.9309,0.0691,0.0000,True,True
26.9880,0.0000,1.1778,-65.4729,0.03265,0.9305,0.0695,0.0000,True,True
27.0037,0.0000,1.1793,-65.5226,0.04970,0.9299,0.0701,0.0000,True,True
27.0126,0.0000,1.1802,-65.5503,0.02772,0.9295,0.0705,0.0000,True,True
27.0369,0.0000,1.1824,-65.6203,0.07004,0.9286,0.0714,0.0000,True,True
27.0628,0.0000,1.1847,-65.6924,0.07215,0.9277,0.0723,0.0000,True,True
27.0723,0.0000,1.1855,-65.7176,0.02524,0.9274,0.0726,0.0000,True,True
27.0878,0.0000,1.1868,-65.7570,0.03942,0.9269,0.0731,0.0000,True,True
27.0970,0.0000,1.1875,-65.7800,0.02298,0.9266,0.0734,0.0000,True,True
27.1119,0.0000,1.1886,-65.8151,0.03506,0.9262,0.0738,0.0000,True,True
27.1209,0.0000,1.1892,-65.8358,0.02073,0.9259,0.0741,0.0000,True,True
27.1462,0.0000,1.1909,-65.8891,0.05330,0.9252,0.0748,0.0000,True,True
27.1708,0.0000,1.1924,-65.9364,0.04735,0.9246,0.0754,0.0000,True,True
27.1790,0.0000,1.1929,-65.9518,0.01548,0.9244,0.0756,0.0000,True,True
27.2041,0.0000,1.1943,-65.9938,0.04196,0.9239,0.0761,0.0000,True,True
27.2123,0.0000,1.1943,-65.9938,0.00000,0.9239,0.0761,0.0000,True,True
27.2375,0.0000,1.1944,-65.9985,0.00475,0.9238,0.0762,0.0000,True,True
27.2546,0.0000,1.1946,-66.0039,0.00534,0.9237,0.0763,0.0000,True,True
27.2633,0.0000,1.1947,-66.0073,0.00343,0.9237,0.0763,0.0000,True,True
27.2879,0.0000,1.1951,-66.0212,0.01391,0.9235,0.0765,0.0000,True,True
27.2975,0.0000,1.1953,-66.0273,0.00614,0.9234,0.0766,0.0000,True,True
27.3127,0.0000,1.1957,-66.0386,0.01130,0.9233,0.0767,0.0000,True,True
27.3215,0.0000,1.1959,-66.0455,0.00684,0.9232,0.0768,0.0000,True,True
27.3460,0.0000,1.1967,-66.0704,0.02497,0.9229,0.0771,0.0000,True,True
27.3626,0.0000,1.1973,-66.0892,0.01876,0.9226,0.0774,0.0000,True,True
27.3722,0.0000,1.1977,-66.1008,0.01161,0.9225,0.0775,0.0000,True,True
27.3960,0.0000,1.1987,-66.1334,0.03261,0.9220,0.0780,0.0000,True,True
27.4042,0.0000,1.1991,-66.1453,0.01194,0.9219,0.0781,0.0000,True,True
27.4272,0.0000,1.2003,-66.1823,0.03702,0.9214,0.0786,0.0000,True,True
27.4372,0.0000,1.2008,-66.1985,0.01617,0.9212,0.0788,0.0000,True,True
27.4647,0.0000,1.2025,-66.2513,0.05285,0.9205,0.0795,0.0000,True,True
27.4816,0.0000,1.2036,-66.2848,0.03353,0.9200,0.0800,0.0000,True,True
27.4900,0.0000,1.2042,-66.3030,0.01824,0.9198,0.0802,0.0000,True,True
27.5151,0.0000,1.2060,-66.3599,0.05688,0.9190,0.0810,0.0000,True,True
27.5233,0.0000,1.2066,-66.3792,0.01927,0.9188,0.0812,0.0000,True,True
27.5418,0.0000,1.2080,-66.4246,0.04542,0.9182,0.0818,0.0000,True,True
27.5568,0.0000,1.2093,-66.4634,0.03882,0.9177,0.0823,0.0000,True,True
27.5743,0.0000,1.2108,-66.5107,0.04740,0.9170,0.0830,0.0000,True,True
27.5833,0.0000,1.2116,-66.5360,0.02527,0.9167,0.0833,0.0000,True,True
27.6067,0.0000,1.2139,-66.6053,0.06930,0.9158,0.0842,0.0000,True,True
27.6150,0.0000,1.2147,-66.6303,0.02507,0.9154,0.0846,0.0000,True,True
27.6369,0.0000,1.2169,-66.7001,0.06980,0.9145,0.0855,0.0000,True,True
27.6459,0.0000,1.2179,-66.7291,0.02902,0.9141,0.0859,0.0000,True,True
27.6631,0.0000,1.2198,-66.7872,0.05817,0.9133,0.0867,0.0000,True,True
27.6818,0.0000,1.2219,-66.8528,0.06563,0.9124,0.0876,0.0000,True,True
27.6900,0.0000,1.2228,-66.8826,0.02979,0.9120,0.0880,0.0000,True,True
27.7115,0.0000,1.2254,-66.9627,0.08018,0.9109,0.0891,0.0000,True,True
27.7206,0.0000,1.2266,-66.9976,0.03487,0.9104,0.0896,0.0000,True,True
27.7401,0.0000,1.2291,-67.0747,0.07715,0.9093,0.0907,0.0000,True,True
27.7485,0.0000,1.2302,-67.1085,0.03383,0.9088,0.0912,0.0000,True,True
27.7745,0.0000,1.2338,-67.2180,0.10952,0.9073,0.0927,0.0000,True,True
27.7954,0.0000,1.2368,-67.3096,0.09170,0.9060,0.0940,0.0000,True,True
27.8045,0.0000,1.2381,-67.3496,0.03997,0.9054,0.0946,0.0000,True,True
27.8252,0.0000,1.2412,-67.4450,0.09543,0.9041,0.0959,0.0000,True,True
27.8330,0.0000,1.2424,-67.4814,0.03644,0.9035,0.0965,0.0000,True,True
27.8577,0.0000,1.2463,-67.6008,0.11952,0.9018,0.0982,0.0000,True,True
27.8745,0.0000,1.2490,-67.6833,0.08256,0.9006,0.0994,0.0000,True,True
27.8827,0.0000,1.2504,-67.7258,0.04246,0.9000,0.1000,0.0000,True,True
27.9042,0.0000,1.2541,-67.8372,0.11145,0.8984,0.1016,0.0000,True,True
27.9135,0.0000,1.2557,-67.8860,0.04882,0.8977,0.1023,0.0000,True,True
27.9328,0.0000,1.2591,-67.9900,0.10406,0.8961,0.1039,0.0000,True,True
27.9412,0.0000,1.2606,-68.0351,0.04513,0.8955,0.1045,0.0000,True,True
27.9577,0.0000,1.2636,-68.1240,0.08895,0.8942,0.1058,0.0000,True,True
27.9661,0.0000,1.2651,-68.1696,0.04563,0.8935,0.1065,0.0000,True,True
27.9878,0.0000,1.2690,-68.2867,0.11723,0.8917,0.1083,0.0000,True,True
28.0055,0.0000,1.2721,-68.3811,0.09443,0.8903,0.1097,0.0000,True,True
28.0144,0.0000,1.2737,-68.4287,0.04760,0.8896,0.1104,0.0000,True,True
28.0329,0.0000,1.2770,-68.5295,0.10089,0.8881,0.1119,0.0000,True,True
28.0411,0.0000,1.2786,-68.5747,0.04521,0.8874,0.1126,0.0000,True,True
28.0587,0.0000,1.2817,-68.6693,0.09463,0.8859,0.1141,0.0000,True,True
28.0672,0.0000,1.2833,-68.7153,0.04607,0.8852,0.1148,0.0000,True,True
28.0890,0.0000,1.2872,-68.8329,0.11767,0.8834,0.1166,0.0000,True,True
28.1064,0.0000,1.2903,-68.9268,0.09391,0.8820,0.1180,0.0000,True,True
28.1165,0.0000,1.2920,-68.9773,0.05053,0.8812,0.1188,0.0000,True,True
28.1344,0.0000,1.2954,-69.0774,0.10016,0.8796,0.1204,0.0000,True,True
28.1426,0.0000,1.2969,-69.1222,0.04486,0.8789,0.1211,0.0000,True,True
28.1647,0.0000,1.3009,-69.2415,0.11936,0.8770,0.1230,0.0000,True,True
28.1742,0.0000,1.3026,-69.2920,0.05053,0.8762,0.1238,0.0000,True,True
28.1937,0.0000,1.3062,-69.3978,0.10586,0.8745,0.1255,0.0000,True,True
28.2168,0.0000,1.3104,-69.5223,0.12451,0.8726,0.1274,0.0000,True,True
28.2268,0.0000,1.3122,-69.5746,0.05237,0.8717,0.1283,0.0000,True,True
28.2464,0.0000,1.3158,-69.6819,0.10737,0.8700,0.1300,0.0000,True,True
28.2551,0.0000,1.3174,-69.7292,0.04732,0.8692,0.1308,0.0000,True,True
28.2773,0.0000,1.3215,-69.8491,0.11993,0.8673,0.1327,0.0000,True,True
28.2863,0.0000,1.3231,-69.8974,0.04832,0.8665,0.1335,0.0000,True,True
28.3051,0.0000,1.3266,-69.9994,0.10206,0.8648,0.1352,0.0000,True,True
28.3222,0.0000,1.3297,-70.0913,0.09197,0.8633,0.1367,0.0000,True,True
28.3308,0.0000,1.3313,-70.1375,0.04627,0.8626,0.1374,0.0000,True,True
28.3532,0.0000,1.3353,-70.2557,0.11822,0.8606,0.1394,0.0000,True,True
28.3625,0.0000,1.3370,-70.3038,0.04812,0.8598,0.1402,0.0000,True,True
28.3817,0.0000,1.3403,-70.4017,0.09795,0.8582,0.1418,0.0000,True,True
28.3900,0.0000,1.3417,-70.4434,0.04173,0.8575,0.1425,0.0000,True,True
28.4067,0.0000,1.3445,-70.5249,0.08161,0.8561,0.1439,0.0000,True,True
28.4284,0.0000,1.3481,-70.6276,0.10270,0.8544,0.1456,0.0000,True,True
28.4378,0.0000,1.3495,-70.6703,0.04278,0.8537,0.1463,0.0000,True,True
28.4568,0.0000,1.3525,-70.7564,0.08608,0.8522,0.1478,0.0000,True,True
28.4650,0.0000,1.3537,-70.7933,0.03702,0.8516,0.1484,0.0000,True,True
28.4824,0.0000,1.3563,-70.8678,0.07447,0.8503,0.1497,0.0000,True,True
28.5067,0.0000,1.3598,-70.9690,0.10125,0.8486,0.1514,0.0000,True,True
28.5236,0.0000,1.3621,-71.0359,0.06702,0.8474,0.1526,0.0000,True,True
28.5318,0.0000,1.3632,-71.0692,0.03325,0.8469,0.1531,0.0000,True,True
28.5544,0.0000,1.3661,-71.1543,0.08521,0.8454,0.1546,0.0000,True,True
28.5634,0.0000,1.3673,-71.1875,0.03316,0.8448,0.1552,0.0000,True,True
28.5829,0.0000,1.3697,-71.2570,0.06954,0.8436,0.1564,0.0000,True,True
28.5916,0.0000,1.3707,-71.2877,0.03080,0.8431,0.1569,0.0000,True,True
28.6090,0.0000,1.3728,-71.3460,0.05833,0.8421,0.1579,0.0000,True,True
28.6311,0.0000,1.3752,-71.4171,0.07113,0.8408,0.1592,0.0000,True,True
28.6404,0.0000,1.3762,-71.4459,0.02881,0.8403,0.1597,0.0000,True,True
28.6592,0.0000,1.3781,-71.5020,0.05614,0.8394,0.1606,0.0000,True,True
28.6672,0.0000,1.3790,-71.5259,0.02392,0.8389,0.1611,0.0000,True,True
28.6894,0.0000,1.3811,-71.5874,0.06145,0.8379,0.1621,0.0000,True,True
28.6981,0.0000,1.3819,-71.6107,0.02338,0.8375,0.1625,0.0000,True,True
28.7186,0.0000,1.3837,-71.6626,0.05188,0.8365,0.1635,0.0000,True,True
28.7354,0.0000,1.3851,-71.7035,0.04092,0.8358,0.1642,0.0000,True,True
28.7441,0.0000,1.3858,-71.7243,0.02089,0.8355,0.1645,0.0000,True,True
28.7612,0.0000,1.3871,-71.7621,0.03781,0.8348,0.1652,0.0000,True,True
28.7698,0.0000,1.3878,-71.7809,0.01880,0.8345,0.1655,0.0000,True,True
28.7907,0.0000,1.3892,-71.8228,0.04187,0.8337,0.1663,0.0000,True,True
28.7995,0.0000,1.3898,-71.8399,0.01714,0.8334,0.1666,0.0000,True,True
28.8136,0.0000,1.3907,-71.8659,0.02598,0.8330,0.1670,0.0000,True,True
28.8278,0.0000,1.3916,-71.8901,0.02431,0.8325,0.1675,0.0000,True,True
28.8369,0.0000,1.3921,-71.9053,0.01516,0.8323,0.1677,0.0000,True,True
28.8581,0.0000,1.3932,-71.9372,0.03196,0.8317,0.1683,0.0000,True,True
28.8675,0.0000,1.3936,-71.9498,0.01258,0.8315,0.1685,0.0000,True,True
28.8862,0.0000,1.3945,-71.9746,0.02476,0.8310,0.1690,0.0000,True,True
28.8943,0.0000,1.3948,-71.9847,0.01017,0.8308,0.1692,0.0000,True,True
28.9083,0.0000,1.3948,-71.9847,0.00000,0.8308,0.1692,0.0000,True,True
28.9278,0.0000,1.3949,-71.9876,0.00283,0.8308,0.1692,0.0000,True,True
28.9360,0.0000,1.3950,-71.9893,0.00170,0.8308,0.1692,0.0000,True,True
28.9533,0.0000,1.3952,-71.9950,0.00575,0.8307,0.1693,0.0000,True,True
28.9622,0.0000,1.3953,-71.9987,0.00367,0.8306,0.1694,0.0000,True,True
28.9861,0.0000,1.3958,-72.0125,0.01384,0.8303,0.1697,0.0000,True,True
28.9945,0.0000,1.3960,-72.0180,0.00550,0.8303,0.1697,0.0000,True,True
29.0195,0.0000,1.3967,-72.0387,0.02070,0.8299,0.1701,0.0000,True,True
29.0365,0.0000,1.3973,-72.0551,0.01641,0.8296,0.1704,0.0000,True,True
29.0450,0.0000,1.3976,-72.0639,0.00879,0.8294,0.1706,0.0000,True,True
29.0672,0.0000,1.3985,-72.0900,0.02609,0.8290,0.1710,0.0000,True,True
29.0762,0.0000,1.3989,-72.1012,0.01128,0.8288,0.1712,0.0000,True,True
29.0947,0.0000,1.3998,-72.1272,0.02599,0.8283,0.1717,0.0000,True,True
29.1029,0.0000,1.4002,-72.1394,0.01222,0.8281,0.1719,0.0000,True,True
29.1201,0.0000,1.4011,-72.1664,0.02699,0.8276,0.1724,0.0000,True,True
29.1369,0.0000,1.4021,-72.1953,0.02897,0.8271,0.1729,0.0000,True,True
29.1455,0.0000,1.4027,-72.2108,0.01541,0.8268,0.1732,0.0000,True,True
29.1673,0.0000,1.4041,-72.2531,0.04233,0.8260,0.1740,0.0000,True,True
29.1758,0.0000,1.4047,-72.2700,0.01696,0.8257,0.1743,0.0000,True,True
29.1927,0.0000,1.4060,-72.3059,0.03588,0.8251,0.1749,0.0000,True,True
29.2031,0.0000,1.4067,-72.3278,0.02198,0.8247,0.1753,0.0000,True,True
29.2222,0.0000,1.4083,-72.3736,0.04580,0.8239,0.1761,0.0000,True,True
29.2405,0.0000,1.4099,-72.4196,0.04602,0.8230,0.1770,0.0000,True,True
29.2559,0.0000,1.4113,-72.4597,0.04010,0.8223,0.1777,0.0000,True,True
29.2642,0.0000,1.4121,-72.4819,0.02225,0.8219,0.1781,0.0000,True,True
29.2810,0.0000,1.4137,-72.5284,0.04655,0.8211,0.1789,0.0000,True,True
29.2892,0.0000,1.4145,-72.5522,0.02380,0.8206,0.1794,0.0000,True,True
29.3060,0.0000,1.4163,-72.6020,0.04984,0.8197,0.1803,0.0000,True,True
29.3142,0.0000,1.4171,-72.6272,0.02519,0.8193,0.1807,0.0000,True,True
29.3321,0.0000,1.4191,-72.6839,0.05672,0.8182,0.1818,0.0000,True,True
29.3571,0.0000,1.4220,-72.7678,0.08398,0.8167,0.1833,0.0000,True,True
29.3654,0.0000,1.4230,-72.7968,0.02897,0.8162,0.1838,0.0000,True,True
29.3873,0.0000,1.4258,-72.8753,0.07856,0.8147,0.1853,0.0000,True,True
29.3958,0.0000,1.4268,-72.9063,0.03104,0.8141,0.1859,0.0000,True,True
29.4086,0.0000,1.4285,-72.9542,0.04793,0.8133,0.1867,0.0000,True,True
29.4238,0.0000,1.4305,-73.0124,0.05821,0.8122,0.1878,0.0000,True,True
29.4322,0.0000,1.4317,-73.0450,0.03264,0.8116,0.1884,0.0000,True,True
29.4487,0.0000,1.4340,-73.1126,0.06767,0.8103,0.1897,0.0000,True,True
29.4654,0.0000,1.4365,-73.1824,0.06984,0.8090,0.1910,0.0000,True,True
29.4736,0.0000,1.4377,-73.2173,0.03492,0.8084,0.1916,0.0000,True,True
29.4906,0.0000,1.4402,-73.2905,0.07326,0.8070,0.1930,0.0000,True,True
29.4991,0.0000,1.4416,-73.3292,0.03867,0.8063,0.1937,0.0000,True,True
29.5208,0.0000,1.4451,-73.4287,0.09959,0.8044,0.1956,0.0000,True,True
29.5306,0.0000,1.4465,-73.4708,0.04215,0.8036,0.1964,0.0000,True,True
29.5486,0.0000,1.4497,-73.5610,0.09026,0.8019,0.1981,0.0000,True,True
29.5661,0.0000,1.4527,-73.6471,0.08611,0.8003,0.1997,0.0000,True,True
29.5747,0.0000,1.4542,-73.6900,0.04293,0.7995,0.2005,0.0000,True,True
29.5988,0.0000,1.4585,-73.8144,0.12443,0.7972,0.2028,0.0000,True,True
29.6071,0.0000,1.4601,-73.8583,0.04392,0.7963,0.2037,0.0000,True,True
29.6237,0.0000,1.4632,-73.9471,0.08895,0.7946,0.2054,0.0000,True,True
29.6320,0.0000,1.4647,-73.9923,0.04518,0.7938,0.2062,0.0000,True,True
29.6492,0.0000,1.4680,-74.0849,0.09263,0.7920,0.2080,0.0000,True,True
29.6717,0.0000,1.4722,-74.2048,0.12003,0.7897,0.2103,0.0000,True,True
29.6904,0.0000,1.4758,-74.3070,0.10220,0.7877,0.2123,0.0000,True,True
29.6986,0.0000,1.4773,-74.3516,0.04461,0.7869,0.2131,0.0000,True,True
29.7155,0.0000,1.4805,-74.4419,0.09036,0.7851,0.2149,0.0000,True,True
29.7236,0.0000,1.4820,-74.4865,0.04466,0.7843,0.2157,0.0000,True,True
29.7404,0.0000,1.4852,-74.5768,0.09035,0.7825,0.2175,0.0000,True,True
29.7486,0.0000,1.4868,-74.6214,0.04464,0.7816,0.2184,0.0000,True,True
29.7654,0.0000,1.4899,-74.7114,0.09004,0.7799,0.2201,0.0000,True,True
29.7906,0.0000,1.4947,-74.8476,0.13634,0.7772,0.2228,0.0000,True,True
29.7993,0.0000,1.4963,-74.8948,0.04717,0.7763,0.2237,0.0000,True,True
29.8241,0.0000,1.5010,-75.0282,0.13354,0.7737,0.2263,0.0000,True,True
29.8322,0.0000,1.5025,-75.0725,0.04425,0.7728,0.2272,0.0000,True,True
29.8489,0.0000,1.5057,-75.1625,0.09011,0.7710,0.2290,0.0000,True,True
29.8572,0.0000,1.5073,-75.2074,0.04488,0.7701,0.2299,0.0000,True,True
29.8747,0.0000,1.5106,-75.3015,0.09413,0.7683,0.2317,0.0000,True,True
29.8917,0.0000,1.5137,-75.3920,0.09056,0.7665,0.2335,0.0000,True,True
29.8996,0.0000,1.5153,-75.4364,0.04445,0.7656,0.2344,0.0000,True,True
29.9166,0.0000,1.5185,-75.5281,0.09177,0.7638,0.2362,0.0000,True,True
29.9248,0.0000,1.5200,-75.5723,0.04428,0.7629,0.2371,0.0000,True,True
29.9417,0.0000,1.5232,-75.6625,0.09019,0.7611,0.2389,0.0000,True,True
29.9498,0.0000,1.5247,-75.7072,0.04479,0.7602,0.2398,0.0000,True,True
29.9666,0.0000,1.5279,-75.7973,0.09012,0.7584,0.2416,0.0000,True,True
29.9749,0.0000,1.5295,-75.8421,0.04487,0.7575,0.2425,0.0000,True,True
29.9917,0.0000,1.5326,-75.9326,0.09049,0.7557,0.2443,0.0000,True,True
30.0148,0.0000,1.5370,-76.0566,0.12410,0.7532,0.2468,0.0000,True,True
30.0251,0.0000,1.5389,-76.1121,0.05555,0.7520,0.2480,0.0000,True,True
30.0382,0.0000,1.5413,-76.1815,0.06942,0.7506,0.2494,0.0000,True,True
30.0472,0.0000,1.5430,-76.2294,0.04793,0.7497,0.2503,0.0000,True,True
30.0668,0.0000,1.5465,-76.3299,0.10058,0.7476,0.2524,0.0000,True,True
30.0751,0.0000,1.5480,-76.3727,0.04281,0.7468,0.2532,0.0000,True,True
30.0916,0.0000,1.5509,-76.4553,0.08264,0.7451,0.2549,0.0000,True,True
30.1085,0.0000,1.5537,-76.5370,0.08179,0.7434,0.2566,0.0000,True,True
30.1170,0.0000,1.5552,-76.5777,0.04070,0.7426,0.2574,0.0000,True,True
30.1348,0.0000,1.5580,-76.6595,0.08188,0.7409,0.2591,0.0000,True,True
30.1586,0.0000,1.5618,-76.7671,0.10760,0.7387,0.2613,0.0000,True,True
30.1669,0.0000,1.5630,-76.8036,0.03651,0.7379,0.2621,0.0000,True,True
30.1837,0.0000,1.5655,-76.8753,0.07183,0.7365,0.2635,0.0000,True,True
30.1919,0.0000,1.5668,-76.9109,0.03563,0.7357,0.2643,0.0000,True,True
30.2087,0.0000,1.5692,-76.9796,0.06868,0.7343,0.2657,0.0000,True,True
30.2309,0.0000,1.5722,-77.0670,0.08749,0.7325,0.2675,0.0000,True,True
30.2400,0.0000,1.5735,-77.1023,0.03526,0.7318,0.2682,0.0000,True,True
30.2587,0.0000,1.5759,-77.1720,0.06982,0.7303,0.2697,0.0000,True,True
30.2668,0.0000,1.5769,-77.2022,0.03018,0.7297,0.2703,0.0000,True,True
30.2839,0.0000,1.5790,-77.2622,0.06003,0.7284,0.2716,0.0000,True,True
30.2922,0.0000,1.5800,-77.2911,0.02889,0.7278,0.2722,0.0000,True,True
30.3093,0.0000,1.5820,-77.3491,0.05810,0.7266,0.2734,0.0000,True,True
30.3312,0.0000,1.5845,-77.4188,0.06970,0.7252,0.2748,0.0000,True,True
30.3400,0.0000,1.5854,-77.4459,0.02715,0.7246,0.2754,0.0000,True,True
30.3588,0.0000,1.5874,-77.5024,0.05651,0.7234,0.2766,0.0000,True,True
30.3671,0.0000,1.5882,-77.5269,0.02449,0.7229,0.2771,0.0000,True,True
30.3841,0.0000,1.5899,-77.5742,0.04730,0.7219,0.2781,0.0000,True,True
30.3927,0.0000,1.5907,-77.5978,0.02370,0.7214,0.2786,0.0000,True,True
30.4146,0.0000,1.5926,-77.6541,0.05625,0.7203,0.2797,0.0000,True,True
30.4318,0.0000,1.5941,-77.6957,0.04162,0.7194,0.2806,0.0000,True,True
30.4409,0.0000,1.5948,-77.7168,0.02117,0.7189,0.2811,0.0000,True,True
30.4592,0.0000,1.5963,-77.7583,0.04146,0.7181,0.2819,0.0000,True,True
30.4675,0.0000,1.5969,-77.7762,0.01796,0.7177,0.2823,0.0000,True,True
30.4942,0.0000,1.5987,-77.8288,0.05262,0.7166,0.2834,0.0000,True,True
30.5034,0.0000,1.5993,-77.8464,0.01762,0.7162,0.2838,0.0000,True,True
30.5284,0.0000,1.6008,-77.8883,0.04193,0.7153,0.2847,0.0000,True,True
30.5527,0.0000,1.6021,-77.9265,0.03816,0.7145,0.2855,0.0000,True,True
30.5616,0.0000,1.6025,-77.9394,0.01298,0.7143,0.2857,0.0000,True,True
30.5782,0.0000,1.6033,-77.9617,0.02230,0.7138,0.2862,0.0000,True,True
30.5876,0.0000,1.6037,-77.9735,0.01181,0.7135,0.2865,0.0000,True,True
30.6211,0.0000,1.6047,-78.0000,0.02651,0.7130,0.2870,0.0000,True,True
30.6484,0.0000,1.6047,-78.0000,0.00000,0.7130,0.2870,0.0000,True,True
30.6582,0.0000,1.6047,-78.0007,0.00071,0.7130,0.2870,0.0000,True,True
30.6820,0.0000,1.6049,-78.0067,0.00595,0.7128,0.2872,0.0000,True,True
30.6907,0.0000,1.6050,-78.0095,0.00279,0.7128,0.2872,0.0000,True,True
30.7075,0.0000,1.6052,-78.0169,0.00745,0.7126,0.2874,0.0000,True,True
30.7321,0.0000,1.6058,-78.0320,0.01514,0.7123,0.2877,0.0000,True,True
30.7579,0.0000,1.6065,-78.0534,0.02143,0.7119,0.2881,0.0000,True,True
30.7673,0.0000,1.6068,-78.0618,0.00836,0.7117,0.2883,0.0000,True,True
30.7828,0.0000,1.6073,-78.0774,0.01557,0.7114,0.2886,0.0000,True,True
30.8047,0.0000,1.6082,-78.1032,0.02586,0.7108,0.2892,0.0000,True,True
30.8143,0.0000,1.6086,-78.1146,0.01135,0.7106,0.2894,0.0000,True,True
30.8328,0.0000,1.6095,-78.1406,0.02610,0.7100,0.2900,0.0000,True,True
30.8497,0.0000,1.6104,-78.1660,0.02533,0.7095,0.2905,0.0000,True,True
30.8586,0.0000,1.6109,-78.1800,0.01408,0.7092,0.2908,0.0000,True,True
30.8745,0.0000,1.6118,-78.2071,0.02705,0.7086,0.2914,0.0000,True,True
30.8996,0.0000,1.6134,-78.2541,0.04707,0.7076,0.2924,0.0000,True,True
30.9078,0.0000,1.6140,-78.2703,0.01619,0.7073,0.2927,0.0000,True,True
30.9297,0.0000,1.6156,-78.3162,0.04591,0.7063,0.2937,0.0000,True,True
30.9390,0.0000,1.6163,-78.3361,0.01997,0.7059,0.2941,0.0000,True,True
30.9579,0.0000,1.6178,-78.3802,0.04415,0.7049,0.2951,0.0000,True,True
30.9793,0.0000,1.6197,-78.4337,0.05345,0.7038,0.2962,0.0000,True,True
30.9884,0.0000,1.6205,-78.4568,0.02315,0.7033,0.2967,0.0000,True,True
31.0139,0.0000,1.6228,-78.5260,0.06924,0.7018,0.2982,0.0000,True,True
31.0235,0.0000,1.6238,-78.5530,0.02705,0.7013,0.2987,0.0000,True,True
31.0426,0.0000,1.6257,-78.6099,0.05693,0.7000,0.3000,0.0000,True,True
31.0516,0.0000,1.6267,-78.6367,0.02683,0.6995,0.3005,0.0000,True,True
31.0679,0.0000,1.6284,-78.6883,0.05154,0.6984,0.3016,0.0000,True,True
31.0820,0.0000,1.6300,-78.7328,0.04454,0.6974,0.3026,0.0000,True,True
31.0916,0.0000,1.6311,-78.7654,0.03260,0.6967,0.3033,0.0000,True,True
31.1100,0.0000,1.6333,-78.8296,0.06432,0.6953,0.3047,0.0000,True,True
31.1182,0.0000,1.6343,-78.8588,0.02918,0.6947,0.3053,0.0000,True,True
31.1412,0.0000,1.6372,-78.9431,0.08438,0.6929,0.3071,0.0000,True,True
31.1502,0.0000,1.6384,-78.9772,0.03411,0.6922,0.3078,0.0000,True,True
31.1701,0.0000,1.6410,-79.0547,0.07750,0.6905,0.3095,0.0000,True,True
31.1871,0.0000,1.6434,-79.1236,0.06896,0.6890,0.3110,0.0000,True,True
31.1960,0.0000,1.6447,-79.1598,0.03626,0.6882,0.3118,0.0000,True,True
31.2179,0.0000,1.6479,-79.2537,0.09393,0.6862,0.3138,0.0000,True,True
31.2274,0.0000,1.6492,-79.2931,0.03938,0.6854,0.3146,0.0000,True,True
31.2456,0.0000,1.6521,-79.3763,0.08327,0.6836,0.3164,0.0000,True,True
31.2539,0.0000,1.6534,-79.4141,0.03786,0.6827,0.3173,0.0000,True,True
31.2764,0.0000,1.6570,-79.5202,0.10614,0.6804,0.3196,0.0000,True,True
31.2947,0.0000,1.6600,-79.6090,0.08884,0.6785,0.3215,0.0000,True,True
31.3035,0.0000,1.6615,-79.6512,0.04228,0.6776,0.3224,0.0000,True,True
31.3222,0.0000,1.6647,-79.7462,0.09502,0.6755,0.3245,0.0000,True,True
31.3308,0.0000,1.6662,-79.7904,0.04425,0.6746,0.3254,0.0000,True,True
31.3529,0.0000,1.6702,-79.9075,0.11714,0.6720,0.3280,0.0000,True,True
31.3620,0.0000,1.6719,-79.9553,0.04783,0.6710,0.3290,0.0000,True,True
31.3807,0.0000,1.6753,-80.0564,0.10118,0.6688,0.3312,0.0000,True,True
31.3982,0.0000,1.6785,-80.1510,0.09461,0.6667,0.3333,0.0000,True,True
31.4070,0.0000,1.6801,-80.1983,0.04738,0.6657,0.3343,0.0000,True,True
31.4306,0.0000,1.6844,-80.3254,0.12717,0.6629,0.3371,0.0000,True,True
31.4387,0.0000,1.6859,-80.3703,0.04489,0.6619,0.3381,0.0000,True,True
31.4609,0.0000,1.6900,-80.4896,0.11932,0.6593,0.3407,0.0000,True,True
31.4712,0.0000,1.6917,-80.5394,0.04988,0.6582,0.3418,0.0000,True,True
31.4898,0.0000,1.6952,-80.6450,0.10564,0.6558,0.3442,0.0000,True,True
31.5066,0.0000,1.6983,-80.7351,0.09018,0.6539,0.3461,0.0000,True,True
31.5152,0.0000,1.6999,-80.7827,0.04759,0.6528,0.3472,0.0000,True,True
31.5379,0.0000,1.7040,-80.9038,0.12122,0.6501,0.3499,0.0000,True,True
31.5469,0.0000,1.7056,-80.9532,0.04941,0.6490,0.3510,0.0000,True,True
31.5656,0.0000,1.7090,-81.0544,0.10124,0.6468,0.3532,0.0000,True,True
31.5738,0.0000,1.7105,-81.0992,0.04486,0.6458,0.3542,0.0000,True,True
31.5969,0.0000,1.7146,-81.2221,0.12299,0.6431,0.3569,0.0000,True,True
31.6168,0.0000,1.7182,-81.3292,0.10707,0.6407,0.3593,0.0000,True,True
31.6247,0.0000,1.7197,-81.3738,0.04467,0.6397,0.3603,0.0000,True,True
31.6420,0.0000,1.7228,-81.4667,0.09299,0.6376,0.3624,0.0000,True,True
31.6507,0.0000,1.7244,-81.5144,0.04767,0.6366,0.3634,0.0000,True,True
31.6749,0.0000,1.7287,-81.6445,0.13016,0.6337,0.3663,0.0000,True,True
31.6832,0.0000,1.7302,-81.6891,0.04463,0.6327,0.3673,0.0000,True,True
31.7004,0.0000,1.7333,-81.7816,0.09257,0.6306,0.3694,0.0000,True,True
31.7217,0.0000,1.7371,-81.8971,0.11560,0.6280,0.3720,0.0000,True,True
31.7306,0.0000,1.7387,-81.9455,0.04835,0.6269,0.3731,0.0000,True,True
31.7505,0.0000,1.7423,-82.0523,0.10687,0.6245,0.3755,0.0000,True,True
31.7588,0.0000,1.7438,-82.0971,0.04483,0.6235,0.3765,0.0000,True,True
31.7762,0.0000,1.7468,-82.1903,0.09324,0.6214,0.3786,0.0000,True,True
31.7850,0.0000,1.7484,-82.2367,0.04643,0.6204,0.3796,0.0000,True,True
31.8089,0.0000,1.7524,-82.3594,0.12278,0.6176,0.3824,0.0000,True,True
31.8258,0.0000,1.7552,-82.4445,0.08516,0.6157,0.3843,0.0000,True,True
31.8346,0.0000,1.7567,-82.4884,0.04396,0.6147,0.3853,0.0000,True,True
31.8573,0.0000,1.7601,-82.5949,0.10653,0.6123,0.3877,0.0000,True,True
31.8656,0.0000,1.7615,-82.6360,0.04114,0.6114,0.3886,0.0000,True,True
31.8843,0.0000,1.7643,-82.7214,0.08546,0.6095,0.3905,0.0000,True,True
31.8925,0.0000,1.7655,-82.7590,0.03761,0.6086,0.3914,0.0000,True,True
31.9096,0.0000,1.7679,-82.8328,0.07383,0.6070,0.3930,0.0000,True,True
31.9262,0.0000,1.7702,-82.9044,0.07161,0.6053,0.3947,0.0000,True,True
31.9345,0.0000,1.7714,-82.9392,0.03481,0.6046,0.3954,0.0000,True,True
31.9562,0.0000,1.7742,-83.0274,0.08823,0.6026,0.3974,0.0000,True,True
31.9650,0.0000,1.7754,-83.0626,0.03521,0.6018,0.3982,0.0000,True,True
31.9821,0.0000,1.7775,-83.1279,0.06537,0.6003,0.3997,0.0000,True,True
31.9908,0.0000,1.7786,-83.1607,0.03281,0.5995,0.4005,0.0000,True,True
32.0092,0.0000,1.7808,-83.2285,0.06787,0.5980,0.4020,0.0000,True,True
32.0177,0.0000,1.7817,-83.2584,0.02990,0.5973,0.4027,0.0000,True,True
32.0345,0.0000,1.7836,-83.3162,0.05778,0.5960,0.4040,0.0000,True,True
32.0510,0.0000,1.7854,-83.3718,0.05566,0.5948,0.4052,0.0000,True,True
32.0592,0.0000,1.7863,-83.3988,0.02703,0.5941,0.4059,0.0000,True,True
32.0760,0.0000,1.7880,-83.4514,0.05262,0.5929,0.4071,0.0000,True,True
32.0841,0.0000,1.7888,-83.4769,0.02553,0.5924,0.4076,0.0000,True,True
32.1073,0.0000,1.7909,-83.5440,0.06713,0.5908,0.4092,0.0000,True,True
32.1163,0.0000,1.7918,-83.5701,0.02611,0.5902,0.4098,0.0000,True,True
32.1350,0.0000,1.7934,-83.6203,0.05017,0.5891,0.4109,0.0000,True,True
32.1566,0.0000,1.7952,-83.6755,0.05525,0.5879,0.4121,0.0000,True,True
32.1661,0.0000,1.7959,-83.6984,0.02291,0.5873,0.4127,0.0000,True,True
32.1854,0.0000,1.7973,-83.7435,0.04519,0.5863,0.4137,0.0000,True,True
32.1936,0.0000,1.7979,-83.7623,0.01882,0.5859,0.4141,0.0000,True,True
32.2115,0.0000,1.7992,-83.8002,0.03792,0.5850,0.4150,0.0000,True,True
32.2203,0.0000,1.7997,-83.8188,0.01856,0.5846,0.4154,0.0000,True,True
32.2437,0.0000,1.8012,-83.8627,0.04391,0.5836,0.4164,0.0000,True,True
32.2608,0.0000,1.8021,-83.8929,0.03022,0.5829,0.4171,0.0000,True,True
32.2696,0.0000,1.8026,-83.9078,0.01495,0.5826,0.4174,0.0000,True,True
32.2907,0.0000,1.8036,-83.9402,0.03237,0.5818,0.4182,0.0000,True,True
32.2998,0.0000,1.8041,-83.9536,0.01341,0.5815,0.4185,0.0000,True,True
32.3190,0.0000,1.8049,-83.9790,0.02542,0.5809,0.4191,0.0000,True,True
32.3272,0.0000,1.8049,-83.9790,0.00000,0.5809,0.4191,0.0000,True,True
32.3706,0.0000,1.8049,-83.9795,0.00052,0.5809,0.4191,0.0000,True,True
32.3940,0.0000,1.8051,-83.9850,0.00550,0.5808,0.4192,0.0000,True,True
32.4189,0.0000,1.8054,-83.9956,0.01063,0.5806,0.4194,0.0000,True,True
32.4271,0.0000,1.8055,-83.9996,0.00402,0.5805,0.4195,0.0000,True,True
32.4524,0.0000,1.8061,-84.0165,0.01688,0.5801,0.4199,0.0000,True,True
32.4752,0.0000,1.8067,-84.0359,0.01943,0.5796,0.4204,0.0000,True,True
32.4854,0.0000,1.8070,-84.0449,0.00892,0.5794,0.4206,0.0000,True,True
32.5045,0.0000,1.8076,-84.0657,0.02081,0.5790,0.4210,0.0000,True,True
32.5139,0.0000,1.8080,-84.0763,0.01069,0.5787,0.4213,0.0000,True,True
32.5287,0.0000,1.8086,-84.0948,0.01848,0.5783,0.4217,0.0000,True,True
32.5371,0.0000,1.8089,-84.1059,0.01109,0.5780,0.4220,0.0000,True,True
32.5541,0.0000,1.8097,-84.1303,0.02446,0.5775,0.4225,0.0000,True,True
32.5786,0.0000,1.8109,-84.1699,0.03956,0.5766,0.4234,0.0000,True,True
32.5868,0.0000,1.8114,-84.1838,0.01396,0.5763,0.4237,0.0000,True,True
32.6120,0.0000,1.8129,-84.2306,0.04681,0.5752,0.4248,0.0000,True,True
32.6204,0.0000,1.8134,-84.2470,0.01637,0.5748,0.4252,0.0000,True,True
32.6373,0.0000,1.8145,-84.2819,0.03495,0.5740,0.4260,0.0000,True,True
32.6462,0.0000,1.8151,-84.3010,0.01911,0.5736,0.4264,0.0000,True,True
32.6703,0.0000,1.8168,-84.3563,0.05530,0.5723,0.4277,0.0000,True,True
32.6869,0.0000,1.8181,-84.3969,0.04062,0.5714,0.4286,0.0000,True,True
32.6951,0.0000,1.8188,-84.4175,0.02059,0.5709,0.4291,0.0000,True,True
32.7126,0.0000,1.8202,-84.4631,0.04562,0.5699,0.4301,0.0000,True,True
32.7210,0.0000,1.8209,-84.4858,0.02276,0.5694,0.4306,0.0000,True,True
32.7426,0.0000,1.8229,-84.5476,0.06182,0.5679,0.4321,0.0000,True,True
32.7522,0.0000,1.8237,-84.5747,0.02708,0.5673,0.4327,0.0000,True,True
32.7795,0.0000,1.8264,-84.6611,0.08648,0.5653,0.4347,0.0000,True,True
32.7975,0.0000,1.8282,-84.7192,0.05810,0.5640,0.4360,0.0000,True,True
32.8053,0.0000,1.8291,-84.7457,0.02651,0.5634,0.4366,0.0000,True,True
32.8224,0.0000,1.8309,-84.8048,0.05917,0.5621,0.4379,0.0000,True,True
32.8466,0.0000,1.8337,-84.8923,0.08757,0.5600,0.4400,0.0000,True,True
32.8540,0.0000,1.8345,-84.9198,0.02748,0.5594,0.4406,0.0000,True,True
32.8713,0.0000,1.8366,-84.9853,0.06552,0.5579,0.4421,0.0000,True,True
32.8881,0.0000,1.8386,-85.0521,0.06684,0.5564,0.4436,0.0000,True,True
32.8972,0.0000,1.8398,-85.0886,0.03656,0.5555,0.4445,0.0000,True,True
32.9184,0.0000,1.8425,-85.1769,0.08832,0.5535,0.4465,0.0000,True,True
32.9276,0.0000,1.8437,-85.2151,0.03820,0.5526,0.4474,0.0000,True,True
32.9464,0.0000,1.8463,-85.2981,0.08302,0.5507,0.4493,0.0000,True,True
32.9547,0.0000,1.8474,-85.3353,0.03725,0.5499,0.4501,0.0000,True,True
32.9714,0.0000,1.8498,-85.4116,0.07637,0.5481,0.4519,0.0000,True,True
32.9887,0.0000,1.8522,-85.4921,0.08047,0.5463,0.4537,0.0000,True,True
32.9969,0.0000,1.8535,-85.5318,0.03978,0.5454,0.4546,0.0000,True,True
33.0188,0.0000,1.8568,-85.6397,0.10795,0.5429,0.4571,0.0000,True,True
33.0287,0.0000,1.8582,-85.6884,0.04870,0.5418,0.4582,0.0000,True,True
33.0473,0.0000,1.8612,-85.7843,0.09598,0.5396,0.4604,0.0000,True,True
33.0555,0.0000,1.8625,-85.8272,0.04290,0.5386,0.4614,0.0000,True,True
33.0777,0.0000,1.8661,-85.9459,0.11868,0.5358,0.4642,0.0000,True,True
33.0953,0.0000,1.8690,-86.0409,0.09509,0.5336,0.4664,0.0000,True,True
33.1048,0.0000,1.8705,-86.0914,0.05051,0.5325,0.4675,0.0000,True,True
33.1232,0.0000,1.8735,-86.1914,0.10004,0.5302,0.4698,0.0000,True,True
33.1315,0.0000,1.8749,-86.2362,0.04487,0.5291,0.4709,0.0000,True,True
33.1541,0.0000,1.8785,-86.3581,0.12191,0.5263,0.4737,0.0000,True,True
33.1632,0.0000,1.8800,-86.4074,0.04932,0.5252,0.4748,0.0000,True,True
33.1818,0.0000,1.8830,-86.5078,0.10046,0.5229,0.4771,0.0000,True,True
33.1989,0.0000,1.8858,-86.6004,0.09262,0.5208,0.4792,0.0000,True,True
33.2078,0.0000,1.8872,-86.6489,0.04855,0.5196,0.4804,0.0000,True,True
33.2290,0.0000,1.8906,-86.7631,0.11420,0.5170,0.4830,0.0000,True,True
33.2382,0.0000,1.8920,-86.8122,0.04912,0.5159,0.4841,0.0000,True,True
33.2571,0.0000,1.8951,-86.9143,0.10222,0.5135,0.4865,0.0000,True,True
33.2653,0.0000,1.8964,-86.9590,0.04472,0.5125,0.4875,0.0000,True,True
33.2821,0.0000,1.8990,-87.0491,0.09015,0.5104,0.4896,0.0000,True,True
33.3039,0.0000,1.9025,-87.1670,0.11789,0.5077,0.4923,0.0000,True,True
33.3126,0.0000,1.9038,-87.2143,0.04731,0.5066,0.4934,0.0000,True,True
33.3325,0.0000,1.9070,-87.3211,0.10687,0.5041,0.4959,0.0000,True,True
33.3407,0.0000,1.9083,-87.3658,0.04469,0.5031,0.4969,0.0000,True,True
33.3576,0.0000,1.9109,-87.4560,0.09030,0.5010,0.4990,0.0000,True,True
33.3657,0.0000,1.9122,-87.5007,0.04473,0.5000,0.5000,0.0000,True,True
33.3828,0.0000,1.9148,-87.5926,0.09190,0.4979,0.5021,0.0000,True,True
33.4004,0.0000,1.9176,-87.6881,0.09552,0.4957,0.5043,0.0000,True,True
33.4087,0.0000,1.9189,-87.7330,0.04493,0.4946,0.5054,0.0000,True,True
33.4260,0.0000,1.9215,-87.8262,0.09321,0.4925,0.5075,0.0000,True,True
33.4344,0.0000,1.9228,-87.8714,0.04522,0.4914,0.5086,0.0000,True,True
33.4563,0.0000,1.9262,-87.9898,0.11843,0.4887,0.5113,0.0000,True,True
33.4654,0.0000,1.9276,-88.0382,0.04844,0.4876,0.5124,0.0000,True,True
33.4841,0.0000,1.9304,-88.1385,0.10037,0.4853,0.5147,0.0000,True,True
33.5006,0.0000,1.9329,-88.2270,0.08857,0.4832,0.5168,0.0000,True,True
33.5093,0.0000,1.9342,-88.2725,0.04549,0.4822,0.5178,0.0000,True,True
33.5263,0.0000,1.9366,-88.3590,0.08655,0.4802,0.5198,0.0000,True,True
33.5351,0.0000,1.9379,-88.4031,0.04408,0.4792,0.5208,0.0000,True,True
33.5589,0.0000,1.9412,-88.5199,0.11687,0.4765,0.5235,0.0000,True,True
33.5673,0.0000,1.9423,-88.5603,0.04035,0.4755,0.5245,0.0000,True,True
33.5840,0.0000,1.9444,-88.6387,0.07848,0.4737,0.5263,0.0000,True,True
33.6012,0.0000,1.9466,-88.7175,0.07886,0.4719,0.5281,0.0000,True,True
33.6096,0.0000,1.9477,-88.7555,0.03802,0.4710,0.5290,0.0000,True,True
33.6269,0.0000,1.9498,-88.8315,0.07596,0.4693,0.5307,0.0000,True,True
33.6488,0.0000,1.9523,-88.9235,0.09203,0.4672,0.5328,0.0000,True,True
33.6574,0.0000,1.9533,-88.9589,0.03544,0.4664,0.5336,0.0000,True,True
33.6762,0.0000,1.9554,-89.0352,0.07632,0.4646,0.5354,0.0000,True,True
33.6932,0.0000,1.9572,-89.1008,0.06568,0.4631,0.5369,0.0000,True,True
33.7016,0.0000,1.9581,-89.1336,0.03281,0.4623,0.5377,0.0000,True,True
33.7238,0.0000,1.9602,-89.2141,0.08047,0.4605,0.5395,0.0000,True,True
33.7329,0.0000,1.9611,-89.2465,0.03246,0.4597,0.5403,0.0000,True,True
33.7514,0.0000,1.9629,-89.3108,0.06426,0.4583,0.5417,0.0000,True,True
33.7596,0.0000,1.9636,-89.3389,0.02812,0.4576,0.5424,0.0000,True,True
33.7769,0.0000,1.9651,-89.3949,0.05601,0.4563,0.5437,0.0000,True,True
33.7853,0.0000,1.9659,-89.4222,0.02734,0.4557,0.5443,0.0000,True,True
33.8069,0.0000,1.9676,-89.4877,0.06551,0.4542,0.5458,0.0000,True,True
33.8264,0.0000,1.9691,-89.5439,0.05623,0.4529,0.5471,0.0000,True,True
33.8347,0.0000,1.9698,-89.5676,0.02377,0.4523,0.5477,0.0000,True,True
33.8514,0.0000,1.9710,-89.6125,0.04485,0.4513,0.5487,0.0000,True,True
33.8599,0.0000,1.9716,-89.6353,0.02287,0.4508,0.5492,0.0000,True,True
33.8774,0.0000,1.9727,-89.6789,0.04359,0.4498,0.5502,0.0000,True,True
33.8860,0.0000,1.9733,-89.7001,0.02121,0.4493,0.5507,0.0000,True,True
33.9097,0.0000,1.9747,-89.7537,0.05358,0.4481,0.5519,0.0000,True,True
33.9264,0.0000,1.9757,-89.7893,0.03566,0.4473,0.5527,0.0000,True,True
33.9349,0.0000,1.9761,-89.8071,0.01782,0.4468,0.5532,0.0000,True,True
33.9566,0.0000,1.9772,-89.8488,0.04163,0.4459,0.5541,0.0000,True,True
33.9655,0.0000,1.9777,-89.8650,0.01622,0.4455,0.5545,0.0000,True,True
33.9847,0.0000,1.9785,-89.8979,0.03289,0.4448,0.5552,0.0000,True,True
33.9930,0.0000,1.9789,-89.9114,0.01358,0.4445,0.5555,0.0000,True,True
34.0097,0.0000,1.9796,-89.9367,0.02523,0.4439,0.5561,0.0000,True,True
34.0269,0.0000,1.9802,-89.9606,0.02400,0.4433,0.5567,0.0000,True,True
34.0362,0.0000,1.9805,-89.9728,0.01218,0.4430,0.5570,0.0000,True,True
34.0607,0.0000,1.9813,-90.0000,0.02722,0.4424,0.5576,0.0000,True,True
34.0703,0.0000,1.9813,-90.0000,0.00000,0.4424,0.5576,0.0000,True,True
34.0940,0.0000,1.9814,-90.0043,0.00430,0.4423,0.5577,0.0000,True,True
34.1025,0.0000,1.9814,-90.0064,0.00207,0.4423,0.5577,0.0000,True,True
34.1276,0.0000,1.9817,-90.0171,0.01070,0.4420,0.5580,0.0000,True,True
34.1455,0.0000,1.9820,-90.0273,0.01023,0.4418,0.5582,0.0000,True,True
34.1544,0.0000,1.9821,-90.0330,0.00566,0.4417,0.5583,0.0000,True,True
34.1690,0.0000,1.9824,-90.0438,0.01078,0.4414,0.5586,0.0000,True,True
34.1779,0.0000,1.9826,-90.0509,0.00717,0.4413,0.5587,0.0000,True,True
34.2025,0.0000,1.9832,-90.0753,0.02434,0.4407,0.5593,0.0000,True,True
34.2108,0.0000,1.9834,-90.0841,0.00884,0.4405,0.5595,0.0000,True,True
34.2329,0.0000,1.9841,-90.1112,0.02706,0.4399,0.5601,0.0000,True,True
34.2527,0.0000,1.9848,-90.1380,0.02682,0.4393,0.5607,0.0000,True,True
34.2606,0.0000,1.9851,-90.1496,0.01162,0.4390,0.5610,0.0000,True,True
34.2783,0.0000,1.9858,-90.1765,0.02697,0.4384,0.5616,0.0000,True,True
34.2867,0.0000,1.9862,-90.1908,0.01425,0.4380,0.5620,0.0000,True,True
34.3108,0.0000,1.9873,-90.2341,0.04336,0.4371,0.5629,0.0000,True,True
34.3200,0.0000,1.9878,-90.2515,0.01739,0.4367,0.5633,0.0000,True,True
34.3443,0.0000,1.9891,-90.3011,0.04959,0.4355,0.5645,0.0000,True,True
34.3667,0.0000,1.9904,-90.3510,0.04997,0.4344,0.5656,0.0000,True,True
34.3763,0.0000,1.9909,-90.3730,0.02194,0.4339,0.5661,0.0000,True,True
34.3948,0.0000,1.9921,-90.4181,0.04517,0.4328,0.5672,0.0000,True,True
34.4031,0.0000,1.9926,-90.4390,0.02093,0.4324,0.5676,0.0000,True,True
34.4197,0.0000,1.9938,-90.4825,0.04349,0.4314,0.5686,0.0000,True,True
34.4280,0.0000,1.9944,-90.5048,0.02232,0.4309,0.5691,0.0000,True,True
34.4453,0.0000,1.9956,-90.5534,0.04855,0.4297,0.5703,0.0000,True,True
34.4706,0.0000,1.9975,-90.6296,0.07629,0.4280,0.5720,0.0000,True,True
34.4794,0.0000,1.9982,-90.6567,0.02707,0.4274,0.5726,0.0000,True,True
34.5041,0.0000,2.0002,-90.7366,0.07995,0.4256,0.5744,0.0000,True,True
34.5130,0.0000,2.0010,-90.7663,0.02970,0.4249,0.5751,0.0000,True,True
34.5375,0.0000,2.0031,-90.8518,0.08548,0.4229,0.5771,0.0000,True,True
34.5602,0.0000,2.0053,-90.9353,0.08359,0.4210,0.5790,0.0000,True,True
34.5697,0.0000,2.0062,-90.9705,0.03518,0.4202,0.5798,0.0000,True,True
34.5886,0.0000,2.0080,-91.0445,0.07407,0.4185,0.5815,0.0000,True,True
34.5970,0.0000,2.0088,-91.0780,0.03347,0.4178,0.5822,0.0000,True,True
34.6194,0.0000,2.0111,-91.1700,0.09203,0.4157,0.5843,0.0000,True,True
34.6285,0.0000,2.0120,-91.2076,0.03760,0.4148,0.5852,0.0000,True,True
34.6471,0.0000,2.0140,-91.2881,0.08052,0.4130,0.5870,0.0000,True,True
34.6640,0.0000,2.0159,-91.3639,0.07583,0.4113,0.5887,0.0000,True,True
34.6726,0.0000,2.0169,-91.4029,0.03900,0.4104,0.5896,0.0000,True,True
34.6973,0.0000,2.0197,-91.5172,0.11438,0.4078,0.5922,0.0000,True,True
34.7053,0.0000,2.0206,-91.5572,0.04003,0.4069,0.5931,0.0000,True,True
34.7220,0.0000,2.0226,-91.6382,0.08103,0.4050,0.5950,0.0000,True,True
34.7304,0.0000,2.0236,-91.6801,0.04184,0.4041,0.5959,0.0000,True,True
34.7556,0.0000,2.0267,-91.8081,0.12811,0.4012,0.5988,0.0000,True,True
34.7803,0.0000,2.0299,-91.9409,0.13276,0.3982,0.6018,0.0000,True,True
34.7891,0.0000,2.0310,-91.9880,0.04713,0.3971,0.6029,0.0000,True,True
34.8108,0.0000,2.0338,-92.1056,0.11762,0.3944,0.6056,0.0000,True,True
34.8197,0.0000,2.0349,-92.1532,0.04767,0.3934,0.6066,0.0000,True,True
34.8387,0.0000,2.0373,-92.2563,0.10306,0.3910,0.6090,0.0000,True,True
34.8470,0.0000,2.0384,-92.3011,0.04487,0.3900,0.6100,0.0000,True,True
34.8642,0.0000,2.0405,-92.3935,0.09244,0.3879,0.6121,0.0000,True,True
34.8865,0.0000,2.0433,-92.5136,0.12009,0.3852,0.6148,0.0000,True,True
34.8954,0.0000,2.0444,-92.5625,0.04889,0.3841,0.6159,0.0000,True,True
34.9141,0.0000,2.0467,-92.6634,0.10091,0.3818,0.6182,0.0000,True,True
34.9223,0.0000,2.0478,-92.7077,0.04438,0.3809,0.6191,0.0000,True,True
34.9394,0.0000,2.0498,-92.7997,0.09205,0.3788,0.6212,0.0000,True,True
34.9478,0.0000,2.0509,-92.8454,0.04563,0.3778,0.6222,0.0000,True,True
34.9697,0.0000,2.0536,-92.9629,0.11761,0.3751,0.6249,0.0000,True,True
34.9890,0.0000,2.0559,-93.0678,0.10485,0.3728,0.6272,0.0000,True,True
34.9974,0.0000,2.0569,-93.1130,0.04521,0.3718,0.6282,0.0000,True,True
35.0141,0.0000,2.0589,-93.2027,0.08974,0.3698,0.6302,0.0000,True,True
35.0228,0.0000,2.0599,-93.2506,0.04792,0.3687,0.6313,0.0000,True,True
35.0402,0.0000,2.0620,-93.3431,0.09254,0.3666,0.6334,0.0000,True,True
35.0641,0.0000,2.0648,-93.4727,0.12964,0.3637,0.6363,0.0000,True,True
35.0808,0.0000,2.0668,-93.5626,0.08997,0.3617,0.6383,0.0000,True,True
35.0891,0.0000,2.0677,-93.6083,0.04570,0.3607,0.6393,0.0000,True,True
35.1114,0.0000,2.0703,-93.7283,0.12001,0.3580,0.6420,0.0000,True,True
35.1210,0.0000,2.0714,-93.7785,0.05014,0.3569,0.6431,0.0000,True,True
35.1395,0.0000,2.0735,-93.8797,0.10125,0.3547,0.6453,0.0000,True,True
35.1477,0.0000,2.0745,-93.9243,0.04467,0.3537,0.6463,0.0000,True,True
35.1700,0.0000,2.0770,-94.0443,0.12003,0.3510,0.6490,0.0000,True,True
35.1815,0.0000,2.0783,-94.1062,0.06190,0.3496,0.6504,0.0000,True,True
35.1899,0.0000,2.0792,-94.1516,0.04538,0.3486,0.6514,0.0000,True,True
35.2122,0.0000,2.0816,-94.2683,0.11675,0.3461,0.6539,0.0000,True,True
35.2208,0.0000,2.0825,-94.3123,0.04396,0.3451,0.6549,0.0000,True,True
35.2394,0.0000,2.0845,-94.4079,0.09565,0.3430,0.6570,0.0000,True,True
35.2477,0.0000,2.0853,-94.4496,0.04167,0.3421,0.6579,0.0000,True,True
35.2649,0.0000,2.0870,-94.5331,0.08351,0.3402,0.6598,0.0000,True,True
35.2867,0.0000,2.0891,-94.6358,0.10277,0.3380,0.6620,0.0000,True,True
35.2960,0.0000,2.0899,-94.6782,0.04240,0.3370,0.6630,0.0000,True,True
35.3144,0.0000,2.0916,-94.7618,0.08366,0.3352,0.6648,0.0000,True,True
35.3228,0.0000,2.0923,-94.7989,0.03706,0.3344,0.6656,0.0000,True,True
35.3400,0.0000,2.0938,-94.8729,0.07403,0.3328,0.6672,0.0000,True,True
35.3483,0.0000,2.0945,-94.9082,0.03528,0.3320,0.6680,0.0000,True,True
35.3702,0.0000,2.0962,-94.9975,0.08936,0.3300,0.6700,0.0000,True,True
35.3873,0.0000,2.0975,-95.0657,0.06821,0.3286,0.6714,0.0000,True,True
35.3962,0.0000,2.0982,-95.0981,0.03239,0.3279,0.6721,0.0000,True,True
35.4150,0.0000,2.0995,-95.1706,0.07255,0.3263,0.6737,0.0000,True,True
35.4236,0.0000,2.1001,-95.2021,0.03142,0.3256,0.6744,0.0000,True,True
35.4458,0.0000,2.1016,-95.2802,0.07819,0.3239,0.6761,0.0000,True,True
35.4549,0.0000,2.1022,-95.3113,0.03110,0.3232,0.6768,0.0000,True,True
35.4743,0.0000,2.1035,-95.3757,0.06434,0.3218,0.6782,0.0000,True,True
35.4917,0.0000,2.1045,-95.4306,0.05500,0.3206,0.6794,0.0000,True,True
35.4998,0.0000,2.1050,-95.4562,0.02552,0.3201,0.6799,0.0000,True,True
35.5220,0.0000,2.1062,-95.5211,0.06495,0.3187,0.6813,0.0000,True,True
35.5304,0.0000,2.1067,-95.5455,0.02442,0.3181,0.6819,0.0000,True,True
35.5504,0.0000,2.1076,-95.5992,0.05371,0.3170,0.6830,0.0000,True,True
35.5582,0.0000,2.1080,-95.6211,0.02185,0.3165,0.6835,0.0000,True,True
35.5751,0.0000,2.1088,-95.6639,0.04285,0.3156,0.6844,0.0000,True,True
35.5837,0.0000,2.1092,-95.6854,0.02152,0.3151,0.6849,0.0000,True,True
35.6019,0.0000,2.1100,-95.7279,0.04243,0.3142,0.6858,0.0000,True,True
35.6167,0.0000,2.1106,-95.7609,0.03306,0.3135,0.6865,0.0000,True,True
35.6248,0.0000,2.1109,-95.7789,0.01800,0.3131,0.6869,0.0000,True,True
35.6473,0.0000,2.1117,-95.8239,0.04499,0.3121,0.6879,0.0000,True,True
35.6561,0.0000,2.1120,-95.8411,0.01716,0.3117,0.6883,0.0000,True,True
35.6751,0.0000,2.1127,-95.8749,0.03385,0.3110,0.6890,0.0000,True,True
35.6832,0.0000,2.1129,-95.8892,0.01435,0.3107,0.6893,0.0000,True,True
35.7000,0.0000,2.1134,-95.9162,0.02691,0.3101,0.6899,0.0000,True,True
35.7218,0.0000,2.1140,-95.9478,0.03167,0.3094,0.6906,0.0000,True,True
35.7304,0.0000,2.1142,-95.9598,0.01195,0.3092,0.6908,0.0000,True,True
35.7481,0.0000,2.1146,-95.9817,0.02191,0.3087,0.6913,0.0000,True,True
35.7568,0.0000,2.1146,-95.9817,0.00000,0.3087,0.6913,0.0000,True,True
35.7756,0.0000,2.1147,-95.9843,0.00269,0.3087,0.6913,0.0000,True,True
35.7839,0.0000,2.1147,-95.9860,0.00169,0.3086,0.6914,0.0000,True,True
35.8049,0.0000,2.1148,-95.9937,0.00762,0.3085,0.6915,0.0000,True,True
35.8221,0.0000,2.1150,-96.0021,0.00843,0.3083,0.6917,0.0000,True,True
35.8306,0.0000,2.1151,-96.0068,0.00472,0.3082,0.6918,0.0000,True,True
35.8507,0.0000,2.1153,-96.0210,0.01421,0.3079,0.6921,0.0000,True,True
35.8590,0.0000,2.1154,-96.0274,0.00641,0.3077,0.6923,0.0000,True,True
35.8758,0.0000,2.1157,-96.0423,0.01488,0.3074,0.6926,0.0000,True,True
35.8840,0.0000,2.1158,-96.0502,0.00791,0.3072,0.6928,0.0000,True,True
35.9053,0.0000,2.1162,-96.0739,0.02369,0.3067,0.6933,0.0000,True,True
35.9223,0.0000,2.1166,-96.0950,0.02114,0.3063,0.6937,0.0000,True,True
35.9312,0.0000,2.1168,-96.1065,0.01148,0.3060,0.6940,0.0000,True,True
35.9487,0.0000,2.1172,-96.1318,0.02533,0.3055,0.6945,0.0000,True,True
35.9575,0.0000,2.1175,-96.1447,0.01284,0.3052,0.6948,0.0000,True,True
35.9758,0.0000,2.1180,-96.1752,0.03054,0.3046,0.6954,0.0000,True,True
35.9840,0.0000,2.1183,-96.1895,0.01424,0.3043,0.6957,0.0000,True,True
36.0010,0.0000,2.1188,-96.2204,0.03099,0.3036,0.6964,0.0000,True,True
36.0094,0.0000,2.1191,-96.2364,0.01599,0.3032,0.6968,0.0000,True,True
36.0309,0.0000,2.1198,-96.2807,0.04431,0.3023,0.6977,0.0000,True,True
36.0476,0.0000,2.1205,-96.3170,0.03628,0.3015,0.6985,0.0000,True,True
36.0563,0.0000,2.1208,-96.3366,0.01963,0.3011,0.6989,0.0000,True,True
36.0757,0.0000,2.1216,-96.3832,0.04656,0.3001,0.6999,0.0000,True,True
36.0841,0.0000,2.1220,-96.4037,0.02054,0.2997,0.7003,0.0000,True,True
36.1007,0.0000,2.1227,-96.4466,0.04291,0.2988,0.7012,0.0000,True,True
36.1090,0.0000,2.1231,-96.4685,0.02190,0.2983,0.7017,0.0000,True,True
36.1259,0.0000,2.1239,-96.5150,0.04649,0.2973,0.7027,0.0000,True,True
36.1436,0.0000,2.1248,-96.5664,0.05137,0.2962,0.7038,0.0000,True,True
36.1520,0.0000,2.1252,-96.5916,0.02523,0.2957,0.7043,0.0000,True,True
36.1736,0.0000,2.1263,-96.6589,0.06730,0.2942,0.7058,0.0000,True,True
36.1824,0.0000,2.1268,-96.6869,0.02797,0.2936,0.7064,0.0000,True,True
36.2010,0.0000,2.1278,-96.7491,0.06229,0.2923,0.7077,0.0000,True,True
36.2092,0.0000,2.1283,-96.7772,0.02806,0.2917,0.7083,0.0000,True,True
36.2260,0.0000,2.1292,-96.8360,0.05877,0.2905,0.7095,0.0000,True,True
36.2430,0.0000,2.1303,-96.8981,0.06212,0.2892,0.7108,0.0000,True,True
36.2510,0.0000,2.1308,-96.9284,0.03029,0.2885,0.7115,0.0000,True,True
36.2649,0.0000,2.1317,-96.9811,0.05275,0.2874,0.7126,0.0000,True,True
36.2734,0.0000,2.1322,-97.0139,0.03283,0.2867,0.7133,0.0000,True,True
36.2898,0.0000,2.1332,-97.0796,0.06567,0.2853,0.7147,0.0000,True,True
36.2981,0.0000,2.1338,-97.1133,0.03372,0.2846,0.7154,0.0000,True,True
36.3149,0.0000,2.1349,-97.1831,0.06984,0.2832,0.7168,0.0000,True,True
36.3230,0.0000,2.1354,-97.2182,0.03511,0.2824,0.7176,0.0000,True,True
36.3401,0.0000,2.1366,-97.2923,0.07404,0.2809,0.7191,0.0000,True,True
36.3619,0.0000,2.1381,-97.3917,0.09948,0.2788,0.7212,0.0000,True,True
36.3703,0.0000,2.1387,-97.4304,0.03871,0.2780,0.7220,0.0000,True,True
36.3876,0.0000,2.1400,-97.5118,0.08135,0.2763,0.7237,0.0000,True,True
36.3968,0.0000,2.1407,-97.5551,0.04337,0.2754,0.7246,0.0000,True,True
36.4152,0.0000,2.1420,-97.6472,0.09204,0.2734,0.7266,0.0000,True,True
36.4235,0.0000,2.1427,-97.6888,0.04168,0.2726,0.7274,0.0000,True,True
36.4408,0.0000,2.1440,-97.7777,0.08887,0.2707,0.7293,0.0000,True,True
36.4578,0.0000,2.1453,-97.8672,0.08951,0.2689,0.7311,0.0000,True,True
36.4795,0.0000,2.1470,-97.9843,0.11712,0.2664,0.7336,0.0000,True,True
36.4895,0.0000,2.1478,-98.0344,0.05005,0.2654,0.7346,0.0000,True,True
36.5075,0.0000,2.1492,-98.1348,0.10049,0.2633,0.7367,0.0000,True,True
36.5156,0.0000,2.1498,-98.1795,0.04461,0.2624,0.7376,0.0000,True,True
36.5328,0.0000,2.1511,-98.2716,0.09211,0.2605,0.7395,0.0000,True,True
36.5410,0.0000,2.1517,-98.3162,0.04464,0.2596,0.7404,0.0000,True,True
36.5628,0.0000,2.1534,-98.4344,0.11824,0.2572,0.7428,0.0000,True,True
36.5804,0.0000,2.1546,-98.5283,0.09387,0.2553,0.7447,0.0000,True,True
36.5888,0.0000,2.1552,-98.5744,0.04612,0.2543,0.7457,0.0000,True,True
36.6075,0.0000,2.1566,-98.6750,0.10056,0.2523,0.7477,0.0000,True,True
36.6158,0.0000,2.1571,-98.7203,0.04538,0.2514,0.7486,0.0000,True,True
36.6329,0.0000,2.1583,-98.8119,0.09157,0.2495,0.7505,0.0000,True,True
36.6410,0.0000,2.1589,-98.8567,0.04477,0.2486,0.7514,0.0000,True,True
36.6584,0.0000,2.1601,-98.9496,0.09293,0.2467,0.7533,0.0000,True,True
36.6793,0.0000,2.1616,-99.0631,0.11357,0.2444,0.7556,0.0000,True,True
36.6882,0.0000,2.1622,-99.1113,0.04820,0.2434,0.7566,0.0000,True,True
36.7078,0.0000,2.1634,-99.2169,0.10558,0.2413,0.7587,0.0000,True,True
36.7161,0.0000,2.1640,-99.2619,0.04499,0.2404,0.7596,0.0000,True,True
36.7328,0.0000,2.1651,-99.3518,0.08992,0.2386,0.7614,0.0000,True,True
36.7415,0.0000,2.1656,-99.3984,0.04664,0.2377,0.7623,0.0000,True,True
36.7628,0.0000,2.1670,-99.5140,0.11556,0.2354,0.7646,0.0000,True,True
36.7804,0.0000,2.1681,-99.6088,0.09478,0.2335,0.7665,0.0000,True,True
36.7909,0.0000,2.1687,-99.6599,0.05112,0.2325,0.7675,0.0000,True,True
36.8086,0.0000,2.1698,-99.7609,0.10099,0.2305,0.7695,0.0000,True,True
36.8168,0.0000,2.1703,-99.8056,0.04470,0.2296,0.7704,0.0000,True,True
36.8386,0.0000,2.1716,-99.9231,0.11756,0.2273,0.7727,0.0000,True,True
36.8474,0.0000,2.1721,-99.9709,0.04783,0.2263,0.7737,0.0000,True,True
36.8668,0.0000,2.1732,-100.0759,0.10496,0.2243,0.7757,0.0000,True,True
36.8835,0.0000,2.1741,-100.1653,0.08939,0.2225,0.7775,0.0000,True,True
36.8918,0.0000,2.1746,-100.2096,0.04431,0.2217,0.7783,0.0000,True,True
36.9087,0.0000,2.1755,-100.2972,0.08765,0.2199,0.7801,0.0000,True,True
36.9178,0.0000,2.1760,-100.3434,0.04621,0.2190,0.7810,0.0000,True,True
36.9394,0.0000,2.1771,-100.4515,0.10807,0.2169,0.7831,0.0000,True,True
36.9486,0.0000,2.1775,-100.4959,0.04436,0.2161,0.7839,0.0000,True,True
36.9671,0.0000,2.1783,-100.5851,0.08924,0.2144,0.7856,0.0000,True,True
36.9837,0.0000,2.1791,-100.6625,0.07742,0.2129,0.7871,0.0000,True,True
36.9921,0.0000,2.1794,-100.7008,0.03829,0.2121,0.7879,0.0000,True,True
37.0136,0.0000,2.1803,-100.7963,0.09549,0.2103,0.7897,0.0000,True,True
37.0222,0.0000,2.1806,-100.8340,0.03769,0.2096,0.7904,0.0000,True,True
37.0422,0.0000,2.1814,-100.9178,0.08381,0.2080,0.7920,0.0000,True,True
37.0504,0.0000,2.1817,-100.9526,0.03479,0.2073,0.7927,0.0000,True,True
37.0670,0.0000,2.1823,-101.0195,0.06695,0.2060,0.7940,0.0000,True,True
37.0755,0.0000,2.1826,-101.0531,0.03355,0.2054,0.7946,0.0000,True,True
37.0930,0.0000,2.1831,-101.1200,0.06693,0.2041,0.7959,0.0000,True,True
37.1141,0.0000,2.1838,-101.1980,0.07795,0.2026,0.7974,0.0000,True,True
37.1230,0.0000,2.1840,-101.2299,0.03198,0.2020,0.7980,0.0000,True,True
37.1422,0.0000,2.1846,-101.2961,0.06614,0.2008,0.7992,0.0000,True,True
37.1504,0.0000,2.1848,-101.3246,0.02848,0.2002,0.7998,0.0000,True,True
37.1672,0.0000,2.1853,-101.3792,0.05465,0.1992,0.8008,0.0000,True,True
37.1753,0.0000,2.1855,-101.4058,0.02660,0.1987,0.8013,0.0000,True,True
37.1921,0.0000,2.1859,-101.4574,0.05160,0.1977,0.8023,0.0000,True,True
37.2093,0.0000,2.1863,-101.5084,0.05102,0.1967,0.8033,0.0000,True,True
37.2179,0.0000,2.1865,-101.5337,0.02531,0.1963,0.8037,0.0000,True,True
37.2391,0.0000,2.1869,-101.5916,0.05784,0.1952,0.8048,0.0000,True,True
37.2477,0.0000,2.1871,-101.6149,0.02331,0.1948,0.8052,0.0000,True,True
37.2650,0.0000,2.1874,-101.6585,0.04363,0.1939,0.8061,0.0000,True,True
37.2735,0.0000,2.1876,-101.6797,0.02122,0.1935,0.8065,0.0000,True,True
37.2920,0.0000,2.1879,-101.7233,0.04361,0.1927,0.8073,0.0000,True,True
37.3089,0.0000,2.1881,-101.7604,0.03705,0.1920,0.8080,0.0000,True,True
37.3170,0.0000,2.1883,-101.7783,0.01788,0.1917,0.8083,0.0000,True,True
37.3342,0.0000,2.1885,-101.8130,0.03478,0.1911,0.8089,0.0000,True,True
37.3429,0.0000,2.1886,-101.8302,0.01712,0.1907,0.8093,0.0000,True,True
37.3640,0.0000,2.1889,-101.8683,0.03816,0.1900,0.8100,0.0000,True,True
37.3734,0.0000,2.1890,-101.8845,0.01621,0.1897,0.8103,0.0000,True,True
37.3900,0.0000,2.1892,-101.9112,0.02670,0.1892,0.8108,0.0000,True,True
37.3985,0.0000,2.1893,-101.9243,0.01307,0.1890,0.8110,0.0000,True,True
37.4151,0.0000,2.1895,-101.9480,0.02369,0.1885,0.8115,0.0000,True,True
37.4338,0.0000,2.1896,-101.9719,0.02392,0.1881,0.8119,0.0000,True,True
37.4420,0.0000,2.1897,-101.9820,0.01014,0.1879,0.8121,0.0000,True,True
37.4588,0.0000,2.1897,-101.9820,0.00000,0.1879,0.8121,0.0000,True,True
37.4671,0.0000,2.1897,-101.9826,0.00051,0.1879,0.8121,0.0000,True,True
37.4839,0.0000,2.1897,-101.9857,0.00315,0.1879,0.8121,0.0000,True,True
37.4925,0.0000,2.1898,-101.9879,0.00217,0.1878,0.8122,0.0000,True,True
37.5141,0.0000,2.1898,-101.9969,0.00898,0.1876,0.8124,0.0000,True,True
37.5317,0.0000,2.1899,-102.0064,0.00951,0.1875,0.8125,0.0000,True,True
37.5411,0.0000,2.1899,-102.0120,0.00564,0.1874,0.8126,0.0000,True,True
37.5594,0.0000,2.1900,-102.0259,0.01392,0.1871,0.8129,0.0000,True,True
37.5676,0.0000,2.1901,-102.0327,0.00677,0.1870,0.8130,0.0000,True,True
37.5845,0.0000,2.1901,-102.0486,0.01592,0.1867,0.8133,0.0000,True,True
37.5932,0.0000,2.1902,-102.0574,0.00880,0.1865,0.8135,0.0000,True,True
37.6148,0.0000,2.1904,-102.0825,0.02512,0.1861,0.8139,0.0000,True,True
37.6344,0.0000,2.1905,-102.1083,0.02575,0.1856,0.8144,0.0000,True,True
37.6426,0.0000,2.1906,-102.1196,0.01138,0.1854,0.8146,0.0000,True,True
37.6597,0.0000,2.1907,-102.1448,0.02511,0.1849,0.8151,0.0000,True,True
37.6676,0.0000,2.1908,-102.1578,0.01306,0.1847,0.8153,0.0000,True,True
37.6892,0.0000,2.1910,-102.1951,0.03730,0.1840,0.8160,0.0000,True,True
37.6978,0.0000,2.1911,-102.2105,0.01540,0.1837,0.8163,0.0000,True,True
37.7154,0.0000,2.1913,-102.2438,0.03333,0.1831,0.8169,0.0000,True,True
37.7343,0.0000,2.1916,-102.2832,0.03940,0.1824,0.8176,0.0000,True,True
37.7426,0.0000,2.1917,-102.3009,0.01766,0.1821,0.8179,0.0000,True,True
37.7685,0.0000,2.1921,-102.3609,0.05998,0.1810,0.8190,0.0000,True,True
37.7760,0.0000,2.1922,-102.3789,0.01801,0.1806,0.8194,0.0000,True,True
37.7984,0.0000,2.1925,-102.4358,0.05690,0.1796,0.8204,0.0000,True,True
37.8084,0.0000,2.1927,-102.4620,0.02624,0.1791,0.8209,0.0000,True,True
37.8280,0.0000,2.1930,-102.5163,0.05432,0.1781,0.8219,0.0000,True,True
37.8493,0.0000,2.1933,-102.5787,0.06239,0.1770,0.8230,0.0000,True,True
37.8594,0.0000,2.1935,-102.6077,0.02896,0.1765,0.8235,0.0000,True,True
37.8782,0.0000,2.1938,-102.6677,0.06001,0.1754,0.8246,0.0000,True,True
37.8862,0.0000,2.1939,-102.6939,0.02622,0.1749,0.8251,0.0000,True,True
37.9041,0.0000,2.1942,-102.7531,0.05915,0.1739,0.8261,0.0000,True,True
37.9129,0.0000,2.1943,-102.7835,0.03046,0.1733,0.8267,0.0000,True,True
37.9364,0.0000,2.1948,-102.8672,0.08369,0.1718,0.8282,0.0000,True,True
37.9531,0.0000,2.1951,-102.9289,0.06172,0.1707,0.8293,0.0000,True,True
37.9614,0.0000,2.1952,-102.9608,0.03188,0.1701,0.8299,0.0000,True,True
37.9787,0.0000,2.1955,-103.0279,0.06703,0.1689,0.8311,0.0000,True,True
37.9871,0.0000,2.1957,-103.0615,0.03367,0.1683,0.8317,0.0000,True,True
38.0093,0.0000,2.1960,-103.1520,0.09047,0.1667,0.8333,0.0000,True,True
38.0179,0.0000,2.1962,-103.1880,0.03600,0.1661,0.8339,0.0000,True,True
38.0366,0.0000,2.1965,-103.2687,0.08074,0.1647,0.8353,0.0000,True,True
38.0532,0.0000,2.1968,-103.3429,0.07419,0.1634,0.8366,0.0000,True,True
38.0613,0.0000,2.1969,-103.3803,0.03738,0.1627,0.8373,0.0000,True,True
38.0787,0.0000,2.1973,-103.4609,0.08057,0.1613,0.8387,0.0000,True,True
38.0872,0.0000,2.1974,-103.5017,0.04080,0.1606,0.8394,0.0000,True,True
38.1083,0.0000,2.1977,-103.6042,0.10249,0.1588,0.8412,0.0000,True,True
38.1175,0.0000,2.1978,-103.6485,0.04431,0.1580,0.8420,0.0000,True,True
38.1370,0.0000,2.1981,-103.7481,0.09958,0.1563,0.8437,0.0000,True,True
38.1536,0.0000,2.1984,-103.8349,0.08680,0.1548,0.8452,0.0000,True,True
38.1618,0.0000,2.1985,-103.8785,0.04360,0.1540,0.8460,0.0000,True,True
38.1791,0.0000,2.1988,-103.9713,0.09281,0.1524,0.8476,0.0000,True,True
38.1963,0.0000,2.1990,-104.0648,0.09351,0.1508,0.8492,0.0000,True,True
38.2048,0.0000,2.1990,-104.1107,0.04587,0.1501,0.8499,0.0000,True,True
38.2286,0.0000,2.1993,-104.2387,0.12806,0.1479,0.8521,0.0000,True,True
38.2369,0.0000,2.1993,-104.2837,0.04501,0.1471,0.8529,0.0000,True,True
38.2537,0.0000,2.1995,-104.3738,0.09011,0.1456,0.8544,0.0000,True,True
38.2703,0.0000,2.1996,-104.4637,0.08990,0.1441,0.8559,0.0000,True,True
38.2785,0.0000,2.1997,-104.5087,0.04497,0.1433,0.8567,0.0000,True,True
38.2999,0.0000,2.1998,-104.6240,0.11528,0.1414,0.8586,0.0000,True,True
38.3088,0.0000,2.1998,-104.6724,0.04842,0.1406,0.8594,0.0000,True,True
38.3259,0.0000,2.1999,-104.7645,0.09207,0.1391,0.8609,0.0000,True,True
38.3352,0.0000,2.1999,-104.8128,0.04829,0.1383,0.8617,0.0000,True,True
38.3536,0.0000,2.2000,-104.9136,0.10084,0.1366,0.8634,0.0000,True,True
38.3703,0.0000,2.2000,-105.0036,0.09000,0.1351,0.8649,0.0000,True,True
38.3785,0.0000,2.2000,-105.0484,0.04480,0.1344,0.8656,0.0000,True,True
38.4003,0.0000,2.2000,-105.1660,0.11755,0.1325,0.8675,0.0000,True,True
38.4088,0.0000,2.2000,-105.2122,0.04626,0.1317,0.8683,0.0000,True,True
38.4224,0.0000,2.2000,-105.2853,0.07310,0.1305,0.8695,0.0000,True,True
38.4309,0.0000,2.2000,-105.3311,0.04574,0.1298,0.8702,0.0000,True,True
38.4455,0.0000,2.2000,-105.4088,0.07777,0.1285,0.8715,0.0000,True,True
38.4535,0.0000,2.2000,-105.4534,0.04461,0.1278,0.8722,0.0000,True,True
38.4706,0.0000,2.2000,-105.5459,0.09248,0.1264,0.8736,0.0000,True,True
38.4917,0.0000,2.2000,-105.6600,0.11403,0.1245,0.8755,0.0000,True,True
38.5005,0.0000,2.2000,-105.7076,0.04760,0.1238,0.8762,0.0000,True,True
38.5202,0.0000,2.2000,-105.8138,0.10623,0.1221,0.8779,0.0000,True,True
38.5285,0.0000,2.2000,-105.8586,0.04479,0.1214,0.8786,0.0000,True,True
38.5453,0.0000,2.2000,-105.9487,0.09011,0.1200,0.8800,0.0000,True,True
38.5538,0.0000,2.2000,-105.9947,0.04604,0.1193,0.8807,0.0000,True,True
38.5707,0.0000,2.2000,-106.0862,0.09144,0.1178,0.8822,0.0000,True,True
38.5923,0.0000,2.2000,-106.2020,0.11580,0.1161,0.8839,0.0000,True,True
38.6015,0.0000,2.2000,-106.2494,0.04739,0.1153,0.8847,0.0000,True,True
38.6202,0.0000,2.2000,-106.3469,0.09753,0.1138,0.8862,0.0000,True,True
38.6286,0.0000,2.2000,-106.3893,0.04245,0.1132,0.8868,0.0000,True,True
38.6452,0.0000,2.2000,-106.4721,0.08278,0.1119,0.8881,0.0000,True,True
38.6536,0.0000,2.2000,-106.5128,0.04073,0.1113,0.8887,0.0000,True,True
38.6703,0.0000,2.2000,-106.5929,0.08007,0.1101,0.8899,0.0000,True,True
38.6875,0.0000,2.2000,-106.6726,0.07969,0.1089,0.8911,0.0000,True,True
38.6960,0.0000,2.2000,-106.7104,0.03779,0.1083,0.8917,0.0000,True,True
38.7173,0.0000,2.2000,-106.8058,0.09541,0.1069,0.8931,0.0000,True,True
38.7264,0.0000,2.2000,-106.8450,0.03922,0.1063,0.8937,0.0000,True,True
38.7433,0.0000,2.2000,-106.9160,0.07098,0.1052,0.8948,0.0000,True,True
38.7520,0.0000,2.2000,-106.9527,0.03667,0.1047,0.8953,0.0000,True,True
38.7706,0.0000,2.2000,-107.0276,0.07491,0.1036,0.8964,0.0000,True,True
38.7875,0.0000,2.2000,-107.0926,0.06503,0.1026,0.8974,0.0000,True,True
38.7961,0.0000,2.2000,-107.1265,0.03392,0.1021,0.8979,0.0000,True,True
38.8178,0.0000,2.2000,-107.2064,0.07983,0.1010,0.8990,0.0000,True,True
38.8263,0.0000,2.2000,-107.2369,0.03058,0.1005,0.8995,0.0000,True,True
38.8456,0.0000,2.2000,-107.3034,0.06651,0.0996,0.9004,0.0000,True,True
38.8539,0.0000,2.2000,-107.3317,0.02825,0.0991,0.9009,0.0000,True,True
38.8707,0.0000,2.2000,-107.3862,0.05455,0.0984,0.9016,0.0000,True,True
38.8789,0.0000,2.2000,-107.4128,0.02657,0.0980,0.9020,0.0000,True,True
38.8961,0.0000,2.2000,-107.4653,0.05244,0.0972,0.9028,0.0000,True,True
38.9135,0.0000,2.2000,-107.5171,0.05183,0.0965,0.9035,0.0000,True,True
38.9221,0.0000,2.2000,-107.5422,0.02513,0.0961,0.9039,0.0000,True,True
38.9458,0.0000,2.2000,-107.6059,0.06363,0.0952,0.9048,0.0000,True,True
38.9543,0.0000,2.2000,-107.6285,0.02263,0.0949,0.9051,0.0000,True,True
38.9706,0.0000,2.2000,-107.6697,0.04118,0.0943,0.9057,0.0000,True,True
38.9789,0.0000,2.2000,-107.6902,0.02057,0.0940,0.9060,0.0000,True,True
39.0004,0.0000,2.2000,-107.7394,0.04921,0.0933,0.9067,0.0000,True,True
39.0186,0.0000,2.2000,-107.7784,0.03895,0.0928,0.9072,0.0000,True,True
39.0276,0.0000,2.2000,-107.7973,0.01894,0.0925,0.9075,0.0000,True,True
39.0463,0.0000,2.2000,-107.8342,0.03683,0.0920,0.9080,0.0000,True,True
39.0546,0.0000,2.2000,-107.8497,0.01556,0.0918,0.9082,0.0000,True,True
39.0714,0.0000,2.2000,-107.8792,0.02945,0.0913,0.9087,0.0000,True,True
39.0795,0.0000,2.2000,-107.8933,0.01418,0.0912,0.9088,0.0000,True,True
39.0976,0.0000,2.2000,-107.9216,0.02830,0.0908,0.9092,0.0000,True,True
39.1189,0.0000,2.2000,-107.9516,0.02998,0.0903,0.9097,0.0000,True,True
39.1273,0.0000,2.2000,-107.9631,0.01144,0.0902,0.9098,0.0000,True,True
39.1465,0.0000,2.2000,-107.9858,0.02271,0.0899,0.9101,0.0000,True,True
39.1545,0.0000,2.2000,-107.9858,0.00000,0.0899,0.9101,0.0000,True,True
39.1717,0.0000,2.2000,-107.9880,0.00222,0.0898,0.9102,0.0000,True,True
39.1804,0.0000,2.2000,-107.9897,0.00169,0.0898,0.9102,0.0000,True,True
39.2047,0.0000,2.2000,-107.9987,0.00906,0.0897,0.9103,0.0000,True,True
39.2214,0.0000,2.2000,-108.0071,0.00832,0.0896,0.9104,0.0000,True,True
39.2295,0.0000,2.2000,-108.0117,0.00465,0.0895,0.9105,0.0000,True,True
39.2468,0.0000,2.2000,-108.0238,0.01205,0.0893,0.9107,0.0000,True,True
39.2685,0.0000,2.2000,-108.0422,0.01846,0.0891,0.9109,0.0000,True,True
39.2776,0.0000,2.2000,-108.0506,0.00832,0.0890,0.9110,0.0000,True,True
39.2964,0.0000,2.2000,-108.0705,0.01993,0.0887,0.9113,0.0000,True,True
39.3131,0.0000,2.2000,-108.0904,0.01993,0.0884,0.9116,0.0000,True,True
39.3211,0.0000,2.2000,-108.1006,0.01023,0.0883,0.9117,0.0000,True,True
39.3432,0.0000,2.2000,-108.1317,0.03111,0.0878,0.9122,0.0000,True,True
39.3517,0.0000,2.2000,-108.1443,0.01253,0.0877,0.9123,0.0000,True,True
39.3719,0.0000,2.2000,-108.1773,0.03301,0.0872,0.9128,0.0000,True,True
39.3802,0.0000,2.2000,-108.1914,0.01408,0.0870,0.9130,0.0000,True,True
39.3967,0.0000,2.2000,-108.2215,0.03011,0.0866,0.9134,0.0000,True,True
39.4134,0.0000,2.2000,-108.2539,0.03238,0.0862,0.9138,0.0000,True,True
39.4220,0.0000,2.2000,-108.2711,0.01723,0.0859,0.9141,0.0000,True,True
39.4434,0.0000,2.2000,-108.3175,0.04638,0.0853,0.9147,0.0000,True,True
39.4523,0.0000,2.2000,-108.3372,0.01973,0.0850,0.9150,0.0000,True,True
39.4719,0.0000,2.2000,-108.3840,0.04678,0.0844,0.9156,0.0000,True,True
39.4801,0.0000,2.2000,-108.4042,0.02026,0.0841,0.9159,0.0000,True,True
39.4970,0.0000,2.2000,-108.4472,0.04299,0.0835,0.9165,0.0000,True,True
39.5052,0.0000,2.2000,-108.4690,0.02178,0.0832,0.9168,0.0000,True,True
39.5222,0.0000,2.2000,-108.5157,0.04667,0.0826,0.9174,0.0000,True,True
39.5437,0.0000,2.2000,-108.5787,0.06303,0.0818,0.9182,0.0000,True,True
39.5526,0.0000,2.2000,-108.6053,0.02664,0.0814,0.9186,0.0000,True,True
39.5699,0.0000,2.2000,-108.6588,0.05342,0.0807,0.9193,0.0000,True,True
39.5786,0.0000,2.2000,-108.6867,0.02792,0.0803,0.9197,0.0000,True,True
39.5974,0.0000,2.2000,-108.7491,0.06241,0.0795,0.9205,0.0000,True,True
39.6056,0.0000,2.2000,-108.7773,0.02818,0.0791,0.9209,0.0000,True,True
39.6270,0.0000,2.2000,-108.8528,0.07552,0.0781,0.9219,0.0000,True,True
39.6442,0.0000,2.2000,-108.9159,0.06316,0.0773,0.9227,0.0000,True,True
39.6528,0.0000,2.2000,-108.9483,0.03235,0.0769,0.9231,0.0000,True,True
39.6724,0.0000,2.2000,-109.0242,0.07594,0.0759,0.9241,0.0000,True,True
39.6806,0.0000,2.2000,-109.0569,0.03265,0.0755,0.9245,0.0000,True,True
39.6974,0.0000,2.2000,-109.1249,0.06801,0.0746,0.9254,0.0000,True,True
39.7058,0.0000,2.2000,-109.1602,0.03526,0.0742,0.9258,0.0000,True,True
39.7281,0.0000,2.2000,-109.2558,0.09563,0.0729,0.9271,0.0000,True,True
39.7455,0.0000,2.2000,-109.3324,0.07657,0.0720,0.9280,0.0000,True,True
39.7545,0.0000,2.2000,-109.3732,0.04085,0.0714,0.9286,0.0000,True,True
39.7732,0.0000,2.2000,-109.4599,0.08667,0.0704,0.9296,0.0000,True,True
39.7815,0.0000,2.2000,-109.4992,0.03936,0.0699,0.9301,0.0000,True,True
39.7988,0.0000,2.2000,-109.5826,0.08334,0.0688,0.9312,0.0000,True,True
39.8211,0.0000,2.2000,-109.6943,0.11174,0.0674,0.9326,0.0000,True,True
39.8397,0.0000,2.2000,-109.7903,0.09598,0.0663,0.9337,0.0000,True,True
39.8481,0.0000,2.2000,-109.8334,0.04309,0.0657,0.9343,0.0000,True,True
39.8701,0.0000,2.2000,-109.9517,0.11831,0.0643,0.9357,0.0000,True,True
39.8795,0.0000,2.2000,-109.9985,0.04682,0.0637,0.9363,0.0000,True,True
39.8984,0.0000,2.2000,-110.1047,0.10616,0.0625,0.9375,0.0000,True,True
39.9075,0.0000,2.2000,-110.1539,0.04925,0.0619,0.9381,0.0000,True,True
39.9546,0.0000,2.2000,-110.4069,0.25295,0.0589,0.9411,0.0000,True,True
39.9907,0.0000,2.2000,-110.6029,0.19604,0.0567,0.9433,0.0000,True,True
40.0043,0.0000,2.2000,-110.6763,0.07336,0.0558,0.9442,0.0000,True,True
40.0332,0.0000,2.2000,-110.8327,0.15643,0.0541,0.9459,0.0000,True,True
40.0741,0.0000,2.2000,-111.0529,0.22022,0.0516,0.9484,0.0000,True,True
40.0893,0.0000,2.2000,-111.1312,0.07827,0.0508,0.9492,0.0000,True,True
40.1242,0.0000,2.2000,-111.3233,0.19206,0.0487,0.9513,0.0000,True,True
40.1365,0.0000,2.2000,-111.3904,0.06715,0.0480,0.9520,0.0000,True,True
40.1660,0.0000,2.2000,-111.5496,0.15914,0.0463,0.9537,0.0000,True,True
40.2083,0.0000,2.2000,-111.7776,0.22802,0.0440,0.9560,0.0000,True,True
40.2206,0.0000,2.2000,-111.8446,0.06699,0.0433,0.9567,0.0000,True,True
40.2500,0.0000,2.2000,-112.0027,0.15813,0.0417,0.9583,0.0000,True,True
40.2920,0.0000,2.2000,-112.2302,0.22749,0.0395,0.9605,0.0000,True,True
40.3052,0.0000,2.2000,-112.3002,0.07000,0.0388,0.9612,0.0000,True,True
40.3359,0.0000,2.2000,-112.4553,0.15513,0.0373,0.9627,0.0000,True,True
40.3557,0.0000,2.2000,-112.5526,0.09725,0.0364,0.9636,0.0000,True,True
40.3688,0.0000,2.2000,-112.6157,0.06311,0.0358,0.9642,0.0000,True,True
40.3871,0.0000,2.2000,-112.7020,0.08635,0.0350,0.9650,0.0000,True,True
40.4057,0.0000,2.2000,-112.7865,0.08447,0.0342,0.9658,0.0000,True,True
40.4389,0.0000,2.2000,-112.9237,0.13725,0.0330,0.9670,0.0000,True,True
40.4522,0.0000,2.2000,-112.9852,0.06150,0.0324,0.9676,0.0000,True,True
40.4845,0.0000,2.2000,-113.1114,0.12614,0.0313,0.9687,0.0000,True,True
40.4988,0.0000,2.2000,-113.1683,0.05695,0.0308,0.9692,0.0000,True,True
40.5284,0.0000,2.2000,-113.2740,0.10567,0.0299,0.9701,0.0000,True,True
40.5409,0.0000,2.2000,-113.3198,0.04582,0.0295,0.9705,0.0000,True,True
40.5604,0.0000,2.2000,-113.3853,0.06549,0.0290,0.9710,0.0000,True,True
40.5737,0.0000,2.2000,-113.4292,0.04385,0.0286,0.9714,0.0000,True,True
40.5926,0.0000,2.2000,-113.4892,0.06004,0.0281,0.9719,0.0000,True,True
40.6124,0.0000,2.2000,-113.5485,0.05930,0.0276,0.9724,0.0000,True,True
40.6261,0.0000,2.2000,-113.5881,0.03961,0.0273,0.9727,0.0000,True,True
40.6647,0.0000,2.2000,-113.6882,0.10008,0.0265,0.9735,0.0000,True,True
40.6789,0.0000,2.2000,-113.7240,0.03575,0.0262,0.9738,0.0000,True,True
40.7101,0.0000,2.2000,-113.7947,0.07072,0.0256,0.9744,0.0000,True,True
40.7312,0.0000,2.2000,-113.8391,0.04440,0.0252,0.9748,0.0000,True,True
40.7449,0.0000,2.2000,-113.8665,0.02738,0.0250,0.9750,0.0000,True,True
40.7824,0.0000,2.2000,-113.9313,0.06479,0.0245,0.9755,0.0000,True,True
40.7965,0.0000,2.2000,-113.9538,0.02257,0.0243,0.9757,0.0000,True,True
40.8324,0.0000,2.2000,-114.0000,0.04618,0.0240,0.9760,0.0000,True,True
40.8685,0.0000,2.2000,-114.0000,0.00000,0.0240,0.9760,0.0000,True,True
40.8812,0.0000,2.2000,-114.0012,0.00124,0.0240,0.9760,0.0000,True,True
40.9118,0.0000,2.2000,-114.0109,0.00970,0.0239,0.9761,0.0000,True,True
40.9322,0.0000,2.2000,-114.0209,0.00999,0.0238,0.9762,0.0000,True,True
40.9455,0.0000,2.2000,-114.0287,0.00778,0.0238,0.9762,0.0000,True,True
40.9786,0.0000,2.2000,-114.0557,0.02698,0.0236,0.9764,0.0000,True,True
40.9923,0.0000,2.2000,-114.0684,0.01275,0.0235,0.9765,0.0000,True,True
41.0200,0.0000,2.2000,-114.1002,0.03179,0.0232,0.9768,0.0000,True,True
41.0629,0.0000,2.2000,-114.1628,0.06252,0.0227,0.9773,0.0000,True,True
41.0783,0.0000,2.2000,-114.1864,0.02361,0.0226,0.9774,0.0000,True,True
41.1134,0.0000,2.2000,-114.2518,0.06540,0.0221,0.9779,0.0000,True,True
41.1257,0.0000,2.2000,-114.2756,0.02380,0.0219,0.9781,0.0000,True,True
41.1558,0.0000,2.2000,-114.3402,0.06464,0.0214,0.9786,0.0000,True,True
41.1974,0.0000,2.2000,-114.4431,0.10287,0.0207,0.9793,0.0000,True,True
41.2104,0.0000,2.2000,-114.4763,0.03327,0.0204,0.9796,0.0000,True,True
41.2412,0.0000,2.2000,-114.5617,0.08532,0.0198,0.9802,0.0000,True,True
41.2609,0.0000,2.2000,-114.6200,0.05838,0.0194,0.9806,0.0000,True,True
41.2751,0.0000,2.2000,-114.6626,0.04256,0.0191,0.9809,0.0000,True,True
41.3091,0.0000,2.2000,-114.7759,0.11330,0.0183,0.9817,0.0000,True,True
41.3236,0.0000,2.2000,-114.8227,0.04678,0.0180,0.9820,0.0000,True,True
41.3601,0.0000,2.2000,-114.9599,0.13726,0.0171,0.9829,0.0000,True,True
41.3815,0.0000,2.2000,-115.0419,0.08195,0.0166,0.9834,0.0000,True,True
41.3948,0.0000,2.2000,-115.0945,0.05264,0.0162,0.9838,0.0000,True,True
41.4354,0.0000,2.2000,-115.2677,0.17313,0.0151,0.9849,0.0000,True,True
41.4493,0.0000,2.2000,-115.3269,0.05922,0.0148,0.9852,0.0000,True,True
41.4858,0.0000,2.2000,-115.4963,0.16945,0.0137,0.9863,0.0000,True,True
41.5066,0.0000,2.2000,-115.5971,0.10073,0.0131,0.9869,0.0000,True,True
41.5208,0.0000,2.2000,-115.6663,0.06924,0.0127,0.9873,0.0000,True,True
41.5680,0.0000,2.2000,-115.9138,0.24752,0.0114,0.9886,0.0000,True,True
41.6038,0.0000,2.2000,-116.1071,0.19331,0.0103,0.9897,0.0000,True,True
41.6181,0.0000,2.2000,-116.1828,0.07564,0.0099,0.9901,0.0000,True,True
41.6539,0.0000,2.2000,-116.3778,0.19499,0.0090,0.9910,0.0000,True,True
41.6661,0.0000,2.2000,-116.4439,0.06618,0.0087,0.9913,0.0000,True,True
41.6853,0.0000,2.2000,-116.5475,0.10355,0.0082,0.9918,0.0000,True,True
41.7207,0.0000,2.2000,-116.7386,0.19112,0.0073,0.9927,0.0000,True,True
41.7333,0.0000,2.2000,-116.8067,0.06812,0.0070,0.9930,0.0000,True,True
41.7640,0.0000,2.2000,-116.9729,0.16620,0.0063,0.9937,0.0000,True,True
41.7791,0.0000,2.2000,-117.0520,0.07907,0.0060,0.9940,0.0000,True,True
41.8161,0.0000,2.2000,-117.2537,0.20171,0.0052,0.9948,0.0000,True,True
41.8370,0.0000,2.2000,-117.3669,0.11323,0.0048,0.9952,0.0000,True,True
41.8502,0.0000,2.2000,-117.4383,0.07136,0.0045,0.9955,0.0000,True,True
41.8933,0.0000,2.2000,-117.6706,0.23228,0.0038,0.9962,0.0000,True,True
41.9146,0.0000,2.2000,-117.7860,0.11542,0.0034,0.9966,0.0000,True,True
41.9277,0.0000,2.2000,-117.8563,0.07031,0.0032,0.9968,0.0000,True,True
41.9690,0.0000,2.2000,-118.0797,0.22335,0.0026,0.9974,0.0000,True,True
41.9826,0.0000,2.2000,-118.1518,0.07217,0.0024,0.9976,0.0000,True,True
42.0080,0.0000,2.2000,-118.2857,0.13392,0.0020,0.9980,0.0000,True,True
42.0440,0.0000,2.2000,-118.4687,0.18297,0.0016,0.9984,0.0000,True,True
42.0563,0.0000,2.2000,-118.5303,0.06158,0.0015,0.9985,0.0000,True,True
42.0866,0.0000,2.2000,-118.6737,0.14337,0.0012,0.9988,0.0000,True,True
42.1003,0.0000,2.2000,-118.7380,0.06431,0.0011,0.9989,0.0000,True,True
42.1351,0.0000,2.2000,-118.8905,0.15251,0.0009,0.9991,0.0000,True,True
42.1714,0.0000,2.2000,-119.0389,0.14844,0.0006,0.9994,0.0000,True,True
42.1841,0.0000,2.2000,-119.0907,0.05183,0.0006,0.9994,0.0000,True,True
42.2139,0.0000,2.2000,-119.2040,0.11330,0.0004,0.9996,0.0000,True,True
42.2334,0.0000,2.2000,-119.2753,0.07122,0.0004,0.9996,0.0000,True,True
42.2473,0.0000,2.2000,-119.3245,0.04928,0.0003,0.9997,0.0000,True,True
42.2867,0.0000,2.2000,-119.4519,0.12736,0.0002,0.9998,0.0000,True,True
42.3008,0.0000,2.2000,-119.4944,0.04251,0.0002,0.9998,0.0000,True,True
42.3430,0.0000,2.2000,-119.6158,0.12138,0.0001,0.9999,0.0000,True,True
42.3883,0.0000,2.2000,-119.7286,0.11285,0.0001,0.9999,0.0000,True,True
42.4020,0.0000,2.2000,-119.7606,0.03195,0.0000,1.0000,0.0000,True,True
42.4383,0.0000,2.2000,-119.8379,0.07733,0.0000,1.0000,0.0000,True,True
42.4812,0.0000,2.2000,-119.9149,0.07697,0.0000,1.0000,0.0000,True,True
42.4940,0.0000,2.2000,-119.9367,0.02184,0.0000,1.0000,0.0000,True,True
42.5247,0.0000,2.2000,-119.9817,0.04497,0.0000,1.0000,0.0000,True,True
42.5731,0.0000,2.2000,-119.9817,0.00000,0.0000,1.0000,0.0000,True,True
42.5870,0.0000,2.2000,-119.9832,0.00155,0.0000,1.0000,0.0000,True,True
42.6089,0.0000,2.2000,-119.9892,0.00596,0.0000,1.0000,0.0000,True,True
42.6237,0.0000,2.2000,-119.9946,0.00540,0.0000,1.0000,0.0000,True,True
42.6448,0.0000,2.2000,-120.0063,0.01171,0.0000,1.0000,0.0000,True,True
42.6582,0.0000,2.2000,-120.0148,0.00848,0.0000,1.0000,0.0000,True,True
42.6898,0.0000,2.2000,-120.0426,0.02780,0.0000,1.0000,0.0000,True,True
42.7016,0.0000,2.2000,-120.0541,0.01150,0.0000,1.0000,0.0000,True,True
42.7290,0.0000,2.2000,-120.0860,0.03193,0.0000,1.0000,0.0000,True,True
42.7429,0.0000,2.2000,-120.1039,0.01790,0.0000,1.0000,0.0000,True,True
42.7615,0.0000,2.2000,-120.1304,0.02645,0.0000,1.0000,0.0000,True,True
42.7930,0.0000,2.2000,-120.1825,0.05212,0.0000,1.0000,0.0000,True,True
42.8021,0.0000,2.2000,-120.1978,0.01535,0.0000,1.0000,0.0000,True,True
42.8209,0.0000,2.2000,-120.2333,0.03542,0.0000,1.0000,0.0000,True,True
42.8349,0.0000,2.2000,-120.2594,0.02615,0.0000,1.0000,0.0000,True,True
42.8803,0.0000,2.2000,-120.3656,0.10617,0.0000,1.0000,0.0000,True,True
42.8971,0.0000,2.2000,-120.4057,0.04014,0.0000,1.0000,0.0000,True,True
42.9351,0.0000,2.2000,-120.5097,0.10398,0.0000,1.0000,0.0000,True,True
42.9705,0.0000,2.2000,-120.6150,0.10533,0.0000,1.0000,0.0000,True,True
43.0043,0.0000,2.2000,-120.7251,0.11009,0.0000,1.0000,0.0000,True,True
43.0193,0.0000,2.2000,-120.7707,0.04552,0.0000,1.0000,0.0000,True,True
43.0552,0.0000,2.2000,-120.9051,0.13445,0.0000,1.0000,0.0000,True,True
43.1096,0.0000,2.2000,-121.1048,0.19974,0.0000,1.0000,0.0000,True,True
43.1234,0.0000,2.2000,-121.1611,0.05622,0.0000,1.0000,0.0000,True,True
43.1606,0.0000,2.2000,-121.3236,0.16253,0.0000,1.0000,0.0000,True,True
43.2257,0.0000,2.2000,-121.5612,0.23756,0.0000,1.0000,0.0000,True,True
43.2396,0.0000,2.2000,-121.6334,0.07227,0.0000,1.0000,0.0000,True,True
43.2875,0.0000,2.2000,-121.8825,0.24905,0.0000,1.0000,0.0000,True,True
43.3071,0.0000,2.2000,-121.9898,0.10735,0.0000,1.0000,0.0000,True,True
43.3207,0.0000,2.2000,-122.0632,0.07343,0.0000,1.0000,0.0000,True,True
43.3627,0.0000,2.2000,-122.2888,0.22552,0.0000,1.0000,0.0000,True,True
43.3965,0.0000,2.2000,-122.4726,0.18382,0.0000,1.0000,0.0000,True,True
43.4075,0.0000,2.2000,-122.5312,0.05862,0.0000,1.0000,0.0000,True,True
43.4263,0.0000,2.2000,-122.6336,0.10239,0.0000,1.0000,0.0000,True,True
43.4550,0.0000,2.2000,-122.7887,0.15509,0.0000,1.0000,0.0000,True,True
43.4682,0.0000,2.2000,-122.8596,0.07096,0.0000,1.0000,0.0000,True,True
43.5053,0.0000,2.2000,-123.0595,0.19981,0.0000,1.0000,0.0000,True,True
43.5449,0.0000,2.2000,-123.2726,0.21312,0.0000,1.0000,0.0000,True,True
43.5589,0.0000,2.2000,-123.3481,0.07555,0.0000,1.0000,0.0000,True,True
43.5898,0.0000,2.2000,-123.5144,0.16627,0.0000,1.0000,0.0000,True,True
43.6137,0.0000,2.2000,-123.6453,0.13088,0.0000,1.0000,0.0000,True,True
43.6271,0.0000,2.2000,-123.7183,0.07306,0.0000,1.0000,0.0000,True,True
43.6471,0.0000,2.2000,-123.8256,0.10725,0.0000,1.0000,0.0000,True,True
43.6645,0.0000,2.2000,-123.9195,0.09392,0.0000,1.0000,0.0000,True,True
43.6821,0.0000,2.2000,-124.0145,0.09496,0.0000,1.0000,0.0000,True,True
43.7016,0.0000,2.2000,-124.1195,0.10506,0.0000,1.0000,0.0000,True,True
43.7374,0.0000,2.2000,-124.3103,0.19075,0.0000,1.0000,0.0000,True,True
43.7494,0.0000,2.2000,-124.3726,0.06235,0.0000,1.0000,0.0000,True,True
43.7672,0.0000,2.2000,-124.4628,0.09019,0.0000,1.0000,0.0000,True,True
43.7888,0.0000,2.2000,-124.5694,0.10659,0.0000,1.0000,0.0000,True,True
43.8216,0.0000,2.2000,-124.7218,0.15241,0.0000,1.0000,0.0000,True,True
43.8406,0.0000,2.2000,-124.8091,0.08727,0.0000,1.0000,0.0000,True,True
43.8549,0.0000,2.2000,-124.8729,0.06385,0.0000,1.0000,0.0000,True,True
43.8945,0.0000,2.2000,-125.0358,0.16283,0.0000,1.0000,0.0000,True,True
43.9236,0.0000,2.2000,-125.1494,0.11365,0.0000,1.0000,0.0000,True,True
43.9368,0.0000,2.2000,-125.2004,0.05093,0.0000,1.0000,0.0000,True,True
43.9657,0.0000,2.2000,-125.3042,0.10385,0.0000,1.0000,0.0000,True,True
43.9787,0.0000,2.2000,-125.3502,0.04601,0.0000,1.0000,0.0000,True,True
43.9971,0.0000,2.2000,-125.4113,0.06104,0.0000,1.0000,0.0000,True,True
44.0262,0.0000,2.2000,-125.5024,0.09112,0.0000,1.0000,0.0000,True,True
44.0597,0.0000,2.2000,-125.6000,0.09758,0.0000,1.0000,0.0000,True,True
44.0733,0.0000,2.2000,-125.6378,0.03788,0.0000,1.0000,0.0000,True,True
44.0924,0.0000,2.2000,-125.6883,0.05048,0.0000,1.0000,0.0000,True,True
44.1111,0.0000,2.2000,-125.7361,0.04780,0.0000,1.0000,0.0000,True,True
44.1457,0.0000,2.2000,-125.8133,0.07715,0.0000,1.0000,0.0000,True,True
44.1596,0.0000,2.2000,-125.8425,0.02924,0.0000,1.0000,0.0000,True,True
44.1931,0.0000,2.2000,-125.9067,0.06417,0.0000,1.0000,0.0000,True,True
44.2060,0.0000,2.2000,-125.9298,0.02316,0.0000,1.0000,0.0000,True,True
44.2344,0.0000,2.2000,-125.9750,0.04519,0.0000,1.0000,0.0000,True,True
44.2662,0.0000,2.2000,-125.9750,0.00000,0.0000,1.0000,0.0000,True,True
44.2797,0.0000,2.2000,-125.9763,0.00129,0.0000,1.0000,0.0000,True,True
44.3021,0.0000,2.2000,-125.9823,0.00594,0.0000,1.0000,0.0000,True,True
44.3199,0.0000,2.2000,-125.9894,0.00718,0.0000,1.0000,0.0000,True,True
44.3370,0.0000,2.2000,-125.9985,0.00904,0.0000,1.0000,0.0000,True,True
44.3543,0.0000,2.2000,-126.0101,0.01165,0.0000,1.0000,0.0000,True,True
44.3750,0.0000,2.2000,-126.0270,0.01682,0.0000,1.0000,0.0000,True,True
44.3882,0.0000,2.2000,-126.0387,0.01173,0.0000,1.0000,0.0000,True,True
44.4133,0.0000,2.2000,-126.0668,0.02814,0.0000,1.0000,0.0000,True,True
44.4271,0.0000,2.2000,-126.0833,0.01652,0.0000,1.0000,0.0000,True,True
44.4455,0.0000,2.2000,-126.1081,0.02477,0.0000,1.0000,0.0000,True,True
44.4595,0.0000,2.2000,-126.1272,0.01910,0.0000,1.0000,0.0000,True,True
44.4869,0.0000,2.2000,-126.1738,0.04664,0.0000,1.0000,0.0000,True,True
44.5002,0.0000,2.2000,-126.1965,0.02269,0.0000,1.0000,0.0000,True,True
44.5245,0.0000,2.2000,-126.2438,0.04726,0.0000,1.0000,0.0000,True,True
44.5360,0.0000,2.2000,-126.2677,0.02394,0.0000,1.0000,0.0000,True,True
44.5597,0.0000,2.2000,-126.3195,0.05173,0.0000,1.0000,0.0000,True,True
44.5847,0.0000,2.2000,-126.3790,0.05954,0.0000,1.0000,0.0000,True,True
44.5966,0.0000,2.2000,-126.4088,0.02984,0.0000,1.0000,0.0000,True,True
44.6193,0.0000,2.2000,-126.4691,0.06027,0.0000,1.0000,0.0000,True,True
44.6516,0.0000,2.2000,-126.5623,0.09322,0.0000,1.0000,0.0000,True,True
44.6730,0.0000,2.2000,-126.6279,0.06559,0.0000,1.0000,0.0000,True,True
44.6861,0.0000,2.2000,-126.6693,0.04137,0.0000,1.0000,0.0000,True,True
44.7287,0.0000,2.2000,-126.8164,0.14714,0.0000,1.0000,0.0000,True,True
44.7426,0.0000,2.2000,-126.8658,0.04939,0.0000,1.0000,0.0000,True,True
44.7816,0.0000,2.2000,-127.0159,0.15009,0.0000,1.0000,0.0000,True,True
44.8220,0.0000,2.2000,-127.1860,0.17007,0.0000,1.0000,0.0000,True,True
44.8355,0.0000,2.2000,-127.2433,0.05734,0.0000,1.0000,0.0000,True,True
44.8540,0.0000,2.2000,-127.3249,0.08160,0.0000,1.0000,0.0000,True,True
44.8827,0.0000,2.2000,-127.4572,0.13232,0.0000,1.0000,0.0000,True,True
44.9217,0.0000,2.2000,-127.6494,0.19212,0.0000,1.0000,0.0000,True,True
44.9362,0.0000,2.2000,-127.7209,0.07149,0.0000,1.0000,0.0000,True,True
44.9635,0.0000,2.2000,-127.8646,0.14375,0.0000,1.0000,0.0000,True,True
44.9985,0.0000,2.2000,-128.0524,0.18779,0.0000,1.0000,0.0000,True,True
45.0119,0.0000,2.2000,-128.1264,0.07399,0.0000,1.0000,0.0000,True,True
45.0429,0.0000,2.2000,-128.2923,0.16595,0.0000,1.0000,0.0000,True,True
45.0566,0.0000,2.2000,-128.3654,0.07307,0.0000,1.0000,0.0000,True,True
45.0763,0.0000,2.2000,-128.4745,0.10905,0.0000,1.0000,0.0000,True,True
45.1181,0.0000,2.2000,-128.6997,0.22525,0.0000,1.0000,0.0000,True,True
45.1333,0.0000,2.2000,-128.7775,0.07776,0.0000,1.0000,0.0000,True,True
45.1693,0.0000,2.2000,-128.9763,0.19879,0.0000,1.0000,0.0000,True,True
45.2027,0.0000,2.2000,-129.1563,0.18001,0.0000,1.0000,0.0000,True,True
45.2156,0.0000,2.2000,-129.2266,0.07036,0.0000,1.0000,0.0000,True,True
45.2532,0.0000,2.2000,-129.4281,0.20142,0.0000,1.0000,0.0000,True,True
45.2662,0.0000,2.2000,-129.5001,0.07201,0.0000,1.0000,0.0000,True,True
45.2946,0.0000,2.2000,-129.6530,0.15292,0.0000,1.0000,0.0000,True,True
45.3282,0.0000,2.2000,-129.8349,0.18188,0.0000,1.0000,0.0000,True,True
45.3416,0.0000,2.2000,-129.9064,0.07155,0.0000,1.0000,0.0000,True,True
45.3786,0.0000,2.2000,-130.1068,0.20039,0.0000,1.0000,0.0000,True,True
45.4121,0.0000,2.2000,-130.2844,0.17760,0.0000,1.0000,0.0000,True,True
45.4246,0.0000,2.2000,-130.3510,0.06654,0.0000,1.0000,0.0000,True,True
45.4536,0.0000,2.2000,-130.4964,0.14546,0.0000,1.0000,0.0000,True,True
45.4654,0.0000,2.2000,-130.5542,0.05775,0.0000,1.0000,0.0000,True,True
45.4880,0.0000,2.2000,-130.6618,0.10761,0.0000,1.0000,0.0000,True,True
45.5258,0.0000,2.2000,-130.8313,0.16957,0.0000,1.0000,0.0000,True,True
45.5409,0.0000,2.2000,-130.8943,0.06294,0.0000,1.0000,0.0000,True,True
45.5708,0.0000,2.2000,-131.0211,0.12686,0.0000,1.0000,0.0000,True,True
45.5845,0.0000,2.2000,-131.0764,0.05527,0.0000,1.0000,0.0000,True,True
45.6129,0.0000,2.2000,-131.1850,0.10857,0.0000,1.0000,0.0000,True,True
45.6432,0.0000,2.2000,-131.2944,0.10944,0.0000,1.0000,0.0000,True,True
45.6568,0.0000,2.2000,-131.3416,0.04715,0.0000,1.0000,0.0000,True,True
45.6837,0.0000,2.2000,-131.4305,0.08894,0.0000,1.0000,0.0000,True,True
45.6960,0.0000,2.2000,-131.4696,0.03911,0.0000,1.0000,0.0000,True,True
45.7216,0.0000,2.2000,-131.5470,0.07741,0.0000,1.0000,0.0000,True,True
45.7483,0.0000,2.2000,-131.6217,0.07471,0.0000,1.0000,0.0000,True,True
45.7626,0.0000,2.2000,-131.6595,0.03777,0.0000,1.0000,0.0000,True,True
45.7902,0.0000,2.2000,-131.7295,0.06998,0.0000,1.0000,0.0000,True,True
45.8014,0.0000,2.2000,-131.7564,0.02695,0.0000,1.0000,0.0000,True,True
45.8203,0.0000,2.2000,-131.7996,0.04318,0.0000,1.0000,0.0000,True,True
45.8486,0.0000,2.2000,-131.8577,0.05807,0.0000,1.0000,0.0000,True,True
45.8607,0.0000,2.2000,-131.8818,0.02414,0.0000,1.0000,0.0000,True,True
45.8799,0.0000,2.2000,-131.9166,0.03474,0.0000,1.0000,0.0000,True,True
45.9070,0.0000,2.2000,-131.9605,0.04391,0.0000,1.0000,0.0000,True,True
45.9188,0.0000,2.2000,-131.9789,0.01840,0.0000,1.0000,0.0000,True,True
45.9414,0.0000,2.2000,-131.9789,0.00000,0.0000,1.0000,0.0000,True,True
45.9739,0.0000,2.2000,-131.9869,0.00800,0.0000,1.0000,0.0000,True,True
45.9870,0.0000,2.2000,-131.9914,0.00450,0.0000,1.0000,0.0000,True,True
46.0152,0.0000,2.2000,-132.0070,0.01561,0.0000,1.0000,0.0000,True,True
46.0281,0.0000,2.2000,-132.0154,0.00845,0.0000,1.0000,0.0000,True,True
46.0535,0.0000,2.2000,-132.0368,0.02141,0.0000,1.0000,0.0000,True,True
46.0825,0.0000,2.2000,-132.0673,0.03041,0.0000,1.0000,0.0000,True,True
46.0959,0.0000,2.2000,-132.0831,0.01582,0.0000,1.0000,0.0000,True,True
46.1246,0.0000,2.2000,-132.1222,0.03915,0.0000,1.0000,0.0000,True,True
46.1368,0.0000,2.2000,-132.1404,0.01816,0.0000,1.0000,0.0000,True,True
46.1662,0.0000,2.2000,-132.1899,0.04947,0.0000,1.0000,0.0000,True,True
46.2058,0.0000,2.2000,-132.2677,0.07785,0.0000,1.0000,0.0000,True,True
46.2195,0.0000,2.2000,-132.2967,0.02895,0.0000,1.0000,0.0000,True,True
46.2418,0.0000,2.2000,-132.3474,0.05070,0.0000,1.0000,0.0000,True,True
46.2544,0.0000,2.2000,-132.3771,0.02969,0.0000,1.0000,0.0000,True,True
46.2854,0.0000,2.2000,-132.4568,0.07971,0.0000,1.0000,0.0000,True,True
46.3071,0.0000,2.2000,-132.5167,0.05991,0.0000,1.0000,0.0000,True,True
46.3333,0.0000,2.2000,-132.5934,0.07672,0.0000,1.0000,0.0000,True,True
46.3468,0.0000,2.2000,-132.6349,0.04155,0.0000,1.0000,0.0000,True,True
46.3651,0.0000,2.2000,-132.6931,0.05811,0.0000,1.0000,0.0000,True,True
46.3911,0.0000,2.2000,-132.7808,0.08772,0.0000,1.0000,0.0000,True,True
46.4238,0.0000,2.2000,-132.8994,0.11861,0.0000,1.0000,0.0000,True,True
46.4385,0.0000,2.2000,-132.9521,0.05276,0.0000,1.0000,0.0000,True,True
46.4704,0.0000,2.2000,-133.0804,0.12828,0.0000,1.0000,0.0000,True,True
46.5038,0.0000,2.2000,-133.2214,0.14101,0.0000,1.0000,0.0000,True,True
46.5186,0.0000,2.2000,-133.2842,0.06273,0.0000,1.0000,0.0000,True,True
46.5458,0.0000,2.2000,-133.4089,0.12473,0.0000,1.0000,0.0000,True,True
46.5590,0.0000,2.2000,-133.4703,0.06139,0.0000,1.0000,0.0000,True,True
46.5876,0.0000,2.2000,-133.6086,0.13835,0.0000,1.0000,0.0000,True,True
46.6257,0.0000,2.2000,-133.8043,0.19563,0.0000,1.0000,0.0000,True,True
46.6405,0.0000,2.2000,-133.8796,0.07533,0.0000,1.0000,0.0000,True,True
46.6676,0.0000,2.2000,-134.0278,0.14822,0.0000,1.0000,0.0000,True,True
46.6814,0.0000,2.2000,-134.1023,0.07451,0.0000,1.0000,0.0000,True,True
46.7028,0.0000,2.2000,-134.2182,0.11589,0.0000,1.0000,0.0000,True,True
46.7217,0.0000,2.2000,-134.3198,0.10161,0.0000,1.0000,0.0000,True,True
46.7463,0.0000,2.2000,-134.4538,0.13396,0.0000,1.0000,0.0000,True,True
46.7601,0.0000,2.2000,-134.5263,0.07248,0.0000,1.0000,0.0000,True,True
46.7889,0.0000,2.2000,-134.6818,0.15558,0.0000,1.0000,0.0000,True,True
46.8023,0.0000,2.2000,-134.7563,0.07449,0.0000,1.0000,0.0000,True,True
46.8218,0.0000,2.2000,-134.8613,0.10497,0.0000,1.0000,0.0000,True,True
46.8407,0.0000,2.2000,-134.9635,0.10225,0.0000,1.0000,0.0000,True,True
46.8662,0.0000,2.2000,-135.1005,0.13692,0.0000,1.0000,0.0000,True,True
46.8792,0.0000,2.2000,-135.1710,0.07054,0.0000,1.0000,0.0000,True,True
46.8976,0.0000,2.2000,-135.2708,0.09984,0.0000,1.0000,0.0000,True,True
46.9188,0.0000,2.2000,-135.3848,0.11392,0.0000,1.0000,0.0000,True,True
46.9318,0.0000,2.2000,-135.4552,0.07042,0.0000,1.0000,0.0000,True,True
46.9500,0.0000,2.2000,-135.5537,0.09848,0.0000,1.0000,0.0000,True,True
46.9710,0.0000,2.2000,-135.6668,0.11316,0.0000,1.0000,0.0000,True,True
46.9840,0.0000,2.2000,-135.7374,0.07060,0.0000,1.0000,0.0000,True,True
47.0023,0.0000,2.2000,-135.8361,0.09868,0.0000,1.0000,0.0000,True,True
47.0271,0.0000,2.2000,-135.9698,0.13371,0.0000,1.0000,0.0000,True,True
47.0479,0.0000,2.2000,-136.0823,0.11244,0.0000,1.0000,0.0000,True,True
47.0609,0.0000,2.2000,-136.1522,0.06995,0.0000,1.0000,0.0000,True,True
47.0779,0.0000,2.2000,-136.2413,0.08911,0.0000,1.0000,0.0000,True,True
47.0955,0.0000,2.2000,-136.3319,0.09058,0.0000,1.0000,0.0000,True,True
47.1131,0.0000,2.2000,-136.4196,0.08772,0.0000,1.0000,0.0000,True,True
47.1345,0.0000,2.2000,-136.5243,0.10471,0.0000,1.0000,0.0000,True,True
47.1532,0.0000,2.2000,-136.6125,0.08813,0.0000,1.0000,0.0000,True,True
47.1652,0.0000,2.2000,-136.6682,0.05579,0.0000,1.0000,0.0000,True,True
47.1878,0.0000,2.2000,-136.7692,0.10097,0.0000,1.0000,0.0000,True,True
47.2008,0.0000,2.2000,-136.8262,0.05701,0.0000,1.0000,0.0000,True,True
47.2230,0.0000,2.2000,-136.9194,0.09317,0.0000,1.0000,0.0000,True,True
47.2359,0.0000,2.2000,-136.9712,0.05185,0.0000,1.0000,0.0000,True,True
47.2601,0.0000,2.2000,-137.0678,0.09653,0.0000,1.0000,0.0000,True,True
47.2781,0.0000,2.2000,-137.1359,0.06810,0.0000,1.0000,0.0000,True,True
47.2961,0.0000,2.2000,-137.2018,0.06598,0.0000,1.0000,0.0000,True,True
47.3192,0.0000,2.2000,-137.2814,0.07956,0.0000,1.0000,0.0000,True,True
47.3322,0.0000,2.2000,-137.3265,0.04509,0.0000,1.0000,0.0000,True,True
47.3507,0.0000,2.2000,-137.3866,0.06007,0.0000,1.0000,0.0000,True,True
47.3649,0.0000,2.2000,-137.4296,0.04303,0.0000,1.0000,0.0000,True,True
47.3839,0.0000,2.2000,-137.4881,0.05853,0.0000,1.0000,0.0000,True,True
47.4059,0.0000,2.2000,-137.5507,0.06261,0.0000,1.0000,0.0000,True,True
47.4190,0.0000,2.2000,-137.5867,0.03596,0.0000,1.0000,0.0000,True,True
47.4469,0.0000,2.2000,-137.6564,0.06975,0.0000,1.0000,0.0000,True,True
47.4601,0.0000,2.2000,-137.6892,0.03275,0.0000,1.0000,0.0000,True,True
47.4786,0.0000,2.2000,-137.7316,0.04242,0.0000,1.0000,0.0000,True,True
47.5015,0.0000,2.2000,-137.7802,0.04863,0.0000,1.0000,0.0000,True,True
47.5193,0.0000,2.2000,-137.8158,0.03551,0.0000,1.0000,0.0000,True,True
47.5340,0.0000,2.2000,-137.8427,0.02698,0.0000,1.0000,0.0000,True,True
47.5532,0.0000,2.2000,-137.8764,0.03368,0.0000,1.0000,0.0000,True,True
47.5752,0.0000,2.2000,-137.9110,0.03462,0.0000,1.0000,0.0000,True,True
47.5886,0.0000,2.2000,-137.9302,0.01920,0.0000,1.0000,0.0000,True,True
47.6144,0.0000,2.2000,-137.9635,0.03325,0.0000,1.0000,0.0000,True,True
47.6274,0.0000,2.2000,-137.9787,0.01523,0.0000,1.0000,0.0000,True,True
47.6459,0.0000,2.2000,-137.9787,0.00000,0.0000,1.0000,0.0000,True,True
47.6586,0.0000,2.2000,-137.9799,0.00121,0.0000,1.0000,0.0000,True,True
47.6845,0.0000,2.2000,-137.9874,0.00749,0.0000,1.0000,0.0000,True,True
47.6976,0.0000,2.2000,-137.9925,0.00510,0.0000,1.0000,0.0000,True,True
47.7153,0.0000,2.2000,-138.0016,0.00916,0.0000,1.0000,0.0000,True,True
47.7362,0.0000,2.2000,-138.0157,0.01408,0.0000,1.0000,0.0000,True,True
47.7490,0.0000,2.2000,-138.0257,0.00996,0.0000,1.0000,0.0000,True,True
47.7668,0.0000,2.2000,-138.0417,0.01605,0.0000,1.0000,0.0000,True,True
47.7924,0.0000,2.2000,-138.0699,0.02817,0.0000,1.0000,0.0000,True,True
47.8053,0.0000,2.2000,-138.0851,0.01518,0.0000,1.0000,0.0000,True,True
47.8327,0.0000,2.2000,-138.1235,0.03836,0.0000,1.0000,0.0000,True,True
47.8494,0.0000,2.2000,-138.1489,0.02541,0.0000,1.0000,0.0000,True,True
47.8623,0.0000,2.2000,-138.1702,0.02138,0.0000,1.0000,0.0000,True,True
47.8840,0.0000,2.2000,-138.2088,0.03860,0.0000,1.0000,0.0000,True,True
47.8968,0.0000,2.2000,-138.2330,0.02417,0.0000,1.0000,0.0000,True,True
47.9154,0.0000,2.2000,-138.2706,0.03760,0.0000,1.0000,0.0000,True,True
47.9293,0.0000,2.2000,-138.2984,0.02783,0.0000,1.0000,0.0000,True,True
47.9556,0.0000,2.2000,-138.3610,0.06253,0.0000,1.0000,0.0000,True,True
47.9690,0.0000,2.2000,-138.3930,0.03203,0.0000,1.0000,0.0000,True,True
47.9933,0.0000,2.2000,-138.4567,0.06371,0.0000,1.0000,0.0000,True,True
48.0051,0.0000,2.2000,-138.4886,0.03192,0.0000,1.0000,0.0000,True,True
48.0337,0.0000,2.2000,-138.5712,0.08258,0.0000,1.0000,0.0000,True,True
48.0474,0.0000,2.2000,-138.6131,0.04189,0.0000,1.0000,0.0000,True,True
48.0703,0.0000,2.2000,-138.6852,0.07213,0.0000,1.0000,0.0000,True,True
48.0905,0.0000,2.2000,-138.7526,0.06741,0.0000,1.0000,0.0000,True,True
48.1051,0.0000,2.2000,-138.8038,0.05118,0.0000,1.0000,0.0000,True,True
48.1361,0.0000,2.2000,-138.9171,0.11331,0.0000,1.0000,0.0000,True,True
48.1494,0.0000,2.2000,-138.9676,0.05045,0.0000,1.0000,0.0000,True,True
48.1767,0.0000,2.2000,-139.0760,0.10838,0.0000,1.0000,0.0000,True,True
48.1966,0.0000,2.2000,-139.1583,0.08238,0.0000,1.0000,0.0000,True,True
48.2119,0.0000,2.2000,-139.2230,0.06467,0.0000,1.0000,0.0000,True,True
48.2336,0.0000,2.2000,-139.3190,0.09596,0.0000,1.0000,0.0000,True,True
48.2482,0.0000,2.2000,-139.3843,0.06534,0.0000,1.0000,0.0000,True,True
48.2668,0.0000,2.2000,-139.4710,0.08670,0.0000,1.0000,0.0000,True,True
48.2849,0.0000,2.2000,-139.5579,0.08688,0.0000,1.0000,0.0000,True,True
48.3119,0.0000,2.2000,-139.6928,0.13490,0.0000,1.0000,0.0000,True,True
48.3259,0.0000,2.2000,-139.7640,0.07124,0.0000,1.0000,0.0000,True,True
48.3532,0.0000,2.2000,-139.9090,0.14499,0.0000,1.0000,0.0000,True,True
48.3660,0.0000,2.2000,-139.9787,0.06963,0.0000,1.0000,0.0000,True,True
48.3945,0.0000,2.2000,-140.1320,0.15334,0.0000,1.0000,0.0000,True,True
48.4279,0.0000,2.2000,-140.3125,0.18048,0.0000,1.0000,0.0000,True,True
48.4396,0.0000,2.2000,-140.3756,0.06316,0.0000,1.0000,0.0000,True,True
48.4676,0.0000,2.2000,-140.5263,0.15067,0.0000,1.0000,0.0000,True,True
48.4814,0.0000,2.2000,-140.6012,0.07491,0.0000,1.0000,0.0000,True,True
48.5084,0.0000,2.2000,-140.7470,0.14584,0.0000,1.0000,0.0000,True,True
48.5307,0.0000,2.2000,-140.8678,0.12073,0.0000,1.0000,0.0000,True,True
48.5718,0.0000,2.2000,-141.0894,0.22166,0.0000,1.0000,0.0000,True,True
48.5852,0.0000,2.2000,-141.1618,0.07233,0.0000,1.0000,0.0000,True,True
48.6126,0.0000,2.2000,-141.3088,0.14700,0.0000,1.0000,0.0000,True,True
48.6483,0.0000,2.2000,-141.5026,0.19385,0.0000,1.0000,0.0000,True,True
48.6629,0.0000,2.2000,-141.5809,0.07825,0.0000,1.0000,0.0000,True,True
48.6984,0.0000,2.2000,-141.7729,0.19208,0.0000,1.0000,0.0000,True,True
48.7318,0.0000,2.2000,-141.9535,0.18059,0.0000,1.0000,0.0000,True,True
48.7443,0.0000,2.2000,-142.0208,0.06729,0.0000,1.0000,0.0000,True,True
48.7733,0.0000,2.2000,-142.1774,0.15659,0.0000,1.0000,0.0000,True,True
48.7849,0.0000,2.2000,-142.2395,0.06207,0.0000,1.0000,0.0000,True,True
48.8019,0.0000,2.2000,-142.3272,0.08771,0.0000,1.0000,0.0000,True,True
48.8238,0.0000,2.2000,-142.4366,0.10939,0.0000,1.0000,0.0000,True,True
48.8546,0.0000,2.2000,-142.5859,0.14935,0.0000,1.0000,0.0000,True,True
48.8676,0.0000,2.2000,-142.6471,0.06114,0.0000,1.0000,0.0000,True,True
48.8955,0.0000,2.2000,-142.7733,0.12628,0.0000,1.0000,0.0000,True,True
48.9083,0.0000,2.2000,-142.8312,0.05782,0.0000,1.0000,0.0000,True,True
48.9361,0.0000,2.2000,-142.9486,0.11743,0.0000,1.0000,0.0000,True,True
48.9666,0.0000,2.2000,-143.0711,0.12250,0.0000,1.0000,0.0000,True,True
48.9801,0.0000,2.2000,-143.1233,0.05223,0.0000,1.0000,0.0000,True,True
49.0153,0.0000,2.2000,-143.2516,0.12831,0.0000,1.0000,0.0000,True,True
49.0282,0.0000,2.2000,-143.2968,0.04520,0.0000,1.0000,0.0000,True,True
49.0571,0.0000,2.2000,-143.3931,0.09624,0.0000,1.0000,0.0000,True,True
49.0905,0.0000,2.2000,-143.4955,0.10240,0.0000,1.0000,0.0000,True,True
49.1027,0.0000,2.2000,-143.5323,0.03685,0.0000,1.0000,0.0000,True,True
49.1319,0.0000,2.2000,-143.6131,0.08078,0.0000,1.0000,0.0000,True,True
49.1446,0.0000,2.2000,-143.6472,0.03407,0.0000,1.0000,0.0000,True,True
49.1736,0.0000,2.2000,-143.7180,0.07085,0.0000,1.0000,0.0000,True,True
49.2070,0.0000,2.2000,-143.7915,0.07350,0.0000,1.0000,0.0000,True,True
49.2194,0.0000,2.2000,-143.8171,0.02560,0.0000,1.0000,0.0000,True,True
49.2464,0.0000,2.2000,-143.8689,0.05179,0.0000,1.0000,0.0000,True,True
49.2608,0.0000,2.2000,-143.8940,0.02509,0.0000,1.0000,0.0000,True,True
49.2878,0.0000,2.2000,-143.9379,0.04387,0.0000,1.0000,0.0000,True,True
49.3204,0.0000,2.2000,-143.9821,0.04419,0.0000,1.0000,0.0000,True,True
49.3329,0.0000,2.2000,-143.9821,0.00000,0.0000,1.0000,0.0000,True,True
49.3597,0.0000,2.2000,-143.9874,0.00534,0.0000,1.0000,0.0000,True,True
49.3742,0.0000,2.2000,-143.9916,0.00420,0.0000,1.0000,0.0000,True,True
49.4008,0.0000,2.2000,-144.0055,0.01392,0.0000,1.0000,0.0000,True,True
49.4341,0.0000,2.2000,-144.0304,0.02493,0.0000,1.0000,0.0000,True,True
49.4465,0.0000,2.2000,-144.0415,0.01103,0.0000,1.0000,0.0000,True,True
49.4753,0.0000,2.2000,-144.0722,0.03070,0.0000,1.0000,0.0000,True,True
49.4870,0.0000,2.2000,-144.0858,0.01360,0.0000,1.0000,0.0000,True,True
49.5057,0.0000,2.2000,-144.1101,0.02434,0.0000,1.0000,0.0000,True,True
49.5335,0.0000,2.2000,-144.1520,0.04187,0.0000,1.0000,0.0000,True,True
49.5458,0.0000,2.2000,-144.1711,0.01912,0.0000,1.0000,0.0000,True,True
49.5680,0.0000,2.2000,-144.2103,0.03922,0.0000,1.0000,0.0000,True,True
49.6007,0.0000,2.2000,-144.2762,0.06592,0.0000,1.0000,0.0000,True,True
49.6337,0.0000,2.2000,-144.3508,0.07454,0.0000,1.0000,0.0000,True,True
49.6473,0.0000,2.2000,-144.3817,0.03098,0.0000,1.0000,0.0000,True,True
49.6755,0.0000,2.2000,-144.4550,0.07329,0.0000,1.0000,0.0000,True,True
49.6881,0.0000,2.2000,-144.4893,0.03423,0.0000,1.0000,0.0000,True,True
49.7148,0.0000,2.2000,-144.5651,0.07588,0.0000,1.0000,0.0000,True,True
49.7471,0.0000,2.2000,-144.6658,0.10071,0.0000,1.0000,0.0000,True,True
49.7607,0.0000,2.2000,-144.7095,0.04366,0.0000,1.0000,0.0000,True,True
49.7880,0.0000,2.2000,-144.8026,0.09312,0.0000,1.0000,0.0000,True,True
49.8028,0.0000,2.2000,-144.8518,0.04913,0.0000,1.0000,0.0000,True,True
49.8301,0.0000,2.2000,-144.9554,0.10368,0.0000,1.0000,0.0000,True,True
49.8594,0.0000,2.2000,-145.0731,0.11765,0.0000,1.0000,0.0000,True,True
49.8714,0.0000,2.2000,-145.1214,0.04826,0.0000,1.0000,0.0000,True,True
49.8894,0.0000,2.2000,-145.1964,0.07507,0.0000,1.0000,0.0000,True,True
49.9123,0.0000,2.2000,-145.2950,0.09857,0.0000,1.0000,0.0000,True,True
49.9347,0.0000,2.2000,-145.3957,0.10071,0.0000,1.0000,0.0000,True,True
49.9480,0.0000,2.2000,-145.4588,0.06311,0.0000,1.0000,0.0000,True,True
49.9718,0.0000,2.2000,-145.5693,0.11050,0.0000,1.0000,0.0000,True,True
49.9851,0.0000,2.2000,-145.6370,0.06766,0.0000,1.0000,0.0000,True,True
50.0070,0.0000,2.2000,-145.7483,0.11128,0.0000,1.0000,0.0000,True,True
50.0202,0.0000,2.2000,-145.8164,0.06815,0.0000,1.0000,0.0000,True,True
50.0393,0.0000,2.2000,-145.9174,0.10104,0.0000,1.0000,0.0000,True,True
50.0532,0.0000,2.2000,-145.9891,0.07162,0.0000,1.0000,0.0000,True,True
50.0796,0.0000,2.2000,-146.1355,0.14641,0.0000,1.0000,0.0000,True,True
50.0928,0.0000,2.2000,-146.2065,0.07106,0.0000,1.0000,0.0000,True,True
50.1158,0.0000,2.2000,-146.3270,0.12044,0.0000,1.0000,0.0000,True,True
50.1286,0.0000,2.2000,-146.4001,0.07310,0.0000,1.0000,0.0000,True,True
50.1470,0.0000,2.2000,-146.4994,0.09933,0.0000,1.0000,0.0000,True,True
50.1683,0.0000,2.2000,-146.6138,0.11443,0.0000,1.0000,0.0000,True,True
50.1814,0.0000,2.2000,-146.6845,0.07065,0.0000,1.0000,0.0000,True,True
50.2068,0.0000,2.2000,-146.8218,0.13728,0.0000,1.0000,0.0000,True,True
50.2196,0.0000,2.2000,-146.8915,0.06972,0.0000,1.0000,0.0000,True,True
50.2374,0.0000,2.2000,-146.9873,0.09581,0.0000,1.0000,0.0000,True,True
50.2515,0.0000,2.2000,-147.0593,0.07196,0.0000,1.0000,0.0000,True,True
50.2682,0.0000,2.2000,-147.1537,0.09444,0.0000,1.0000,0.0000,True,True
50.2917,0.0000,2.2000,-147.2787,0.12500,0.0000,1.0000,0.0000,True,True
50.3034,0.0000,2.2000,-147.3439,0.06519,0.0000,1.0000,0.0000,True,True
50.3189,0.0000,2.2000,-147.4221,0.07819,0.0000,1.0000,0.0000,True,True
50.3508,0.0000,2.2000,-147.5981,0.17603,0.0000,1.0000,0.0000,True,True
50.3648,0.0000,2.2000,-147.6743,0.07620,0.0000,1.0000,0.0000,True,True
50.3920,0.0000,2.2000,-147.8222,0.14787,0.0000,1.0000,0.0000,True,True
50.4230,0.0000,2.2000,-147.9891,0.16690,0.0000,1.0000,0.0000,True,True
50.4370,0.0000,2.2000,-148.0637,0.07458,0.0000,1.0000,0.0000,True,True
50.4633,0.0000,2.2000,-148.2064,0.14276,0.0000,1.0000,0.0000,True,True
50.4774,0.0000,2.2000,-148.2793,0.07291,0.0000,1.0000,0.0000,True,True
50.5042,0.0000,2.2000,-148.4171,0.13777,0.0000,1.0000,0.0000,True,True
50.5336,0.0000,2.2000,-148.5604,0.14333,0.0000,1.0000,0.0000,True,True
50.5458,0.0000,2.2000,-148.6176,0.05719,0.0000,1.0000,0.0000,True,True
50.5685,0.0000,2.2000,-148.7230,0.10538,0.0000,1.0000,0.0000,True,True
50.5816,0.0000,2.2000,-148.7804,0.05743,0.0000,1.0000,0.0000,True,True
50.6085,0.0000,2.2000,-148.8987,0.11832,0.0000,1.0000,0.0000,True,True
50.6396,0.0000,2.2000,-149.0253,0.12660,0.0000,1.0000,0.0000,True,True
50.6528,0.0000,2.2000,-149.0774,0.05209,0.0000,1.0000,0.0000,True,True
50.6790,0.0000,2.2000,-149.1769,0.09944,0.0000,1.0000,0.0000,True,True
50.6945,0.0000,2.2000,-149.2294,0.05252,0.0000,1.0000,0.0000,True,True
50.7201,0.0000,2.2000,-149.3228,0.09338,0.0000,1.0000,0.0000,True,True
50.7491,0.0000,2.2000,-149.4170,0.09422,0.0000,1.0000,0.0000,True,True
50.7619,0.0000,2.2000,-149.4572,0.04019,0.0000,1.0000,0.0000,True,True
50.7831,0.0000,2.2000,-149.5209,0.06367,0.0000,1.0000,0.0000,True,True
50.8138,0.0000,2.2000,-149.6060,0.08516,0.0000,1.0000,0.0000,True,True
50.8411,0.0000,2.2000,-149.6762,0.07019,0.0000,1.0000,0.0000,True,True
50.8533,0.0000,2.2000,-149.7067,0.03044,0.0000,1.0000,0.0000,True,True
50.8749,0.0000,2.2000,-149.7564,0.04971,0.0000,1.0000,0.0000,True,True
50.8879,0.0000,2.2000,-149.7855,0.02916,0.0000,1.0000,0.0000,True,True
50.9128,0.0000,2.2000,-149.8360,0.05051,0.0000,1.0000,0.0000,True,True
50.9271,0.0000,2.2000,-149.8620,0.02599,0.0000,1.0000,0.0000,True,True
50.9412,0.0000,2.2000,-149.8883,0.02625,0.0000,1.0000,0.0000,True,True
50.9583,0.0000,2.2000,-149.9181,0.02979,0.0000,1.0000,0.0000,True,True
50.9823,0.0000,2.2000,-149.9534,0.03534,0.0000,1.0000,0.0000,True,True
50.9949,0.0000,2.2000,-149.9718,0.01839,0.0000,1.0000,0.0000,True,True
51.0217,0.0000,2.2000,-150.0000,0.02823,0.0000,1.0000,0.0000,True,True
51.0487,0.0000,2.2000,-150.0000,0.00000,0.0000,1.0000,0.0000,True,True
51.0890,0.0000,2.2000,-150.0007,0.00070,0.0000,1.0000,0.0000,True,True
51.1196,0.0000,2.2000,-150.0100,0.00929,0.0000,1.0000,0.0000,True,True
51.1454,0.0000,2.2000,-150.0227,0.01273,0.0000,1.0000,0.0000,True,True
51.1580,0.0000,2.2000,-150.0303,0.00754,0.0000,1.0000,0.0000,True,True
51.1753,0.0000,2.2000,-150.0428,0.01248,0.0000,1.0000,0.0000,True,True
51.1976,0.0000,2.2000,-150.0625,0.01979,0.0000,1.0000,0.0000,True,True
51.2100,0.0000,2.2000,-150.0747,0.01216,0.0000,1.0000,0.0000,True,True
51.2357,0.0000,2.2000,-150.1049,0.03015,0.0000,1.0000,0.0000,True,True
51.2630,0.0000,2.2000,-150.1425,0.03760,0.0000,1.0000,0.0000,True,True
51.2752,0.0000,2.2000,-150.1605,0.01801,0.0000,1.0000,0.0000,True,True
51.2970,0.0000,2.2000,-150.1958,0.03535,0.0000,1.0000,0.0000,True,True
51.3104,0.0000,2.2000,-150.2187,0.02289,0.0000,1.0000,0.0000,True,True
51.3382,0.0000,2.2000,-150.2728,0.05411,0.0000,1.0000,0.0000,True,True
51.3682,0.0000,2.2000,-150.3382,0.06537,0.0000,1.0000,0.0000,True,True
51.3820,0.0000,2.2000,-150.3690,0.03081,0.0000,1.0000,0.0000,True,True
51.4087,0.0000,2.2000,-150.4354,0.06639,0.0000,1.0000,0.0000,True,True
51.4208,0.0000,2.2000,-150.4665,0.03110,0.0000,1.0000,0.0000,True,True
51.4425,0.0000,2.2000,-150.5254,0.05896,0.0000,1.0000,0.0000,True,True
51.4734,0.0000,2.2000,-150.6166,0.09119,0.0000,1.0000,0.0000,True,True
51.4870,0.0000,2.2000,-150.6577,0.04105,0.0000,1.0000,0.0000,True,True
51.5129,0.0000,2.2000,-150.7426,0.08496,0.0000,1.0000,0.0000,True,True
51.5261,0.0000,2.2000,-150.7864,0.04378,0.0000,1.0000,0.0000,True,True
51.5439,0.0000,2.2000,-150.8488,0.06236,0.0000,1.0000,0.0000,True,True
51.5652,0.0000,2.2000,-150.9250,0.07620,0.0000,1.0000,0.0000,True,True
51.5779,0.0000,2.2000,-150.9724,0.04742,0.0000,1.0000,0.0000,True,True
51.5993,0.0000,2.2000,-151.0570,0.08464,0.0000,1.0000,0.0000,True,True
51.6136,0.0000,2.2000,-151.1140,0.05693,0.0000,1.0000,0.0000,True,True
51.6322,0.0000,2.2000,-151.1915,0.07751,0.0000,1.0000,0.0000,True,True
51.6454,0.0000,2.2000,-151.2471,0.05557,0.0000,1.0000,0.0000,True,True
51.6743,0.0000,2.2000,-151.3737,0.12668,0.0000,1.0000,0.0000,True,True
51.6869,0.0000,2.2000,-151.4339,0.06017,0.0000,1.0000,0.0000,True,True
51.7060,0.0000,2.2000,-151.5235,0.08958,0.0000,1.0000,0.0000,True,True
51.7334,0.0000,2.2000,-151.6574,0.13390,0.0000,1.0000,0.0000,True,True
51.7466,0.0000,2.2000,-151.7240,0.06660,0.0000,1.0000,0.0000,True,True
51.7638,0.0000,2.2000,-151.8122,0.08820,0.0000,1.0000,0.0000,True,True
51.7859,0.0000,2.2000,-151.9268,0.11465,0.0000,1.0000,0.0000,True,True
51.7986,0.0000,2.2000,-151.9973,0.07047,0.0000,1.0000,0.0000,True,True
51.8158,0.0000,2.2000,-152.0901,0.09277,0.0000,1.0000,0.0000,True,True
51.8336,0.0000,2.2000,-152.1861,0.09607,0.0000,1.0000,0.0000,True,True
51.8554,0.0000,2.2000,-152.3019,0.11575,0.0000,1.0000,0.0000,True,True
51.8681,0.0000,2.2000,-152.3732,0.07130,0.0000,1.0000,0.0000,True,True
51.8858,0.0000,2.2000,-152.4683,0.09506,0.0000,1.0000,0.0000,True,True
51.9073,0.0000,2.2000,-152.5823,0.11401,0.0000,1.0000,0.0000,True,True
51.9201,0.0000,2.2000,-152.6538,0.07152,0.0000,1.0000,0.0000,True,True
51.9382,0.0000,2.2000,-152.7516,0.09779,0.0000,1.0000,0.0000,True,True
51.9550,0.0000,2.2000,-152.8420,0.09044,0.0000,1.0000,0.0000,True,True
51.9767,0.0000,2.2000,-152.9590,0.11700,0.0000,1.0000,0.0000,True,True
51.9940,0.0000,2.2000,-153.0523,0.09329,0.0000,1.0000,0.0000,True,True
52.0061,0.0000,2.2000,-153.1180,0.06570,0.0000,1.0000,0.0000,True,True
52.0282,0.0000,2.2000,-153.2366,0.11858,0.0000,1.0000,0.0000,True,True
52.0414,0.0000,2.2000,-153.3057,0.06911,0.0000,1.0000,0.0000,True,True
52.0666,0.0000,2.2000,-153.4440,0.13826,0.0000,1.0000,0.0000,True,True
52.0797,0.0000,2.2000,-153.5153,0.07135,0.0000,1.0000,0.0000,True,True
52.0973,0.0000,2.2000,-153.6103,0.09497,0.0000,1.0000,0.0000,True,True
52.1139,0.0000,2.2000,-153.6999,0.08965,0.0000,1.0000,0.0000,True,True
52.1362,0.0000,2.2000,-153.8162,0.11623,0.0000,1.0000,0.0000,True,True
52.1491,0.0000,2.2000,-153.8903,0.07410,0.0000,1.0000,0.0000,True,True
52.1658,0.0000,2.2000,-153.9806,0.09038,0.0000,1.0000,0.0000,True,True
52.1873,0.0000,2.2000,-154.0965,0.11583,0.0000,1.0000,0.0000,True,True
52.2002,0.0000,2.2000,-154.1652,0.06870,0.0000,1.0000,0.0000,True,True
52.2169,0.0000,2.2000,-154.2531,0.08794,0.0000,1.0000,0.0000,True,True
52.2345,0.0000,2.2000,-154.3430,0.08990,0.0000,1.0000,0.0000,True,True
52.2476,0.0000,2.2000,-154.4089,0.06592,0.0000,1.0000,0.0000,True,True
52.2726,0.0000,2.2000,-154.5309,0.12202,0.0000,1.0000,0.0000,True,True
52.2852,0.0000,2.2000,-154.5917,0.06079,0.0000,1.0000,0.0000,True,True
52.3025,0.0000,2.2000,-154.6721,0.08035,0.0000,1.0000,0.0000,True,True
52.3156,0.0000,2.2000,-154.7306,0.05847,0.0000,1.0000,0.0000,True,True
52.3433,0.0000,2.2000,-154.8506,0.12007,0.0000,1.0000,0.0000,True,True
52.3564,0.0000,2.2000,-154.9078,0.05721,0.0000,1.0000,0.0000,True,True
52.3743,0.0000,2.2000,-154.9824,0.07452,0.0000,1.0000,0.0000,True,True
52.3976,0.0000,2.2000,-155.0739,0.09149,0.0000,1.0000,0.0000,True,True
52.4162,0.0000,2.2000,-155.1442,0.07034,0.0000,1.0000,0.0000,True,True
52.4301,0.0000,2.2000,-155.1960,0.05176,0.0000,1.0000,0.0000,True,True
52.4490,0.0000,2.2000,-155.2647,0.06871,0.0000,1.0000,0.0000,True,True
52.4707,0.0000,2.2000,-155.3383,0.07362,0.0000,1.0000,0.0000,True,True
52.4833,0.0000,2.2000,-155.3802,0.04189,0.0000,1.0000,0.0000,True,True
52.5093,0.0000,2.2000,-155.4608,0.08061,0.0000,1.0000,0.0000,True,True
52.5224,0.0000,2.2000,-155.5006,0.03984,0.0000,1.0000,0.0000,True,True
52.5408,0.0000,2.2000,-155.5538,0.05316,0.0000,1.0000,0.0000,True,True
52.5625,0.0000,2.2000,-155.6122,0.05846,0.0000,1.0000,0.0000,True,True
52.5752,0.0000,2.2000,-155.6459,0.03368,0.0000,1.0000,0.0000,True,True
52.5932,0.0000,2.2000,-155.6907,0.04478,0.0000,1.0000,0.0000,True,True
52.6056,0.0000,2.2000,-155.7204,0.02971,0.0000,1.0000,0.0000,True,True
52.6326,0.0000,2.2000,-155.7794,0.05899,0.0000,1.0000,0.0000,True,True
52.6441,0.0000,2.2000,-155.8038,0.02441,0.0000,1.0000,0.0000,True,True
52.6611,0.0000,2.2000,-155.8374,0.03358,0.0000,1.0000,0.0000,True,True
52.6827,0.0000,2.2000,-155.8762,0.03882,0.0000,1.0000,0.0000,True,True
52.6946,0.0000,2.2000,-155.8972,0.02100,0.0000,1.0000,0.0000,True,True
52.7118,0.0000,2.2000,-155.9247,0.02745,0.0000,1.0000,0.0000,True,True
52.7291,0.0000,2.2000,-155.9502,0.02550,0.0000,1.0000,0.0000,True,True
52.7461,0.0000,2.2000,-155.9728,0.02267,0.0000,1.0000,0.0000,True,True
52.7632,0.0000,2.2000,-155.9935,0.02071,0.0000,1.0000,0.0000,True,True
52.7936,0.0000,2.2000,-155.9935,0.00000,0.0000,1.0000,0.0000,True,True
52.8063,0.0000,2.2000,-155.9947,0.00119,0.0000,1.0000,0.0000,True,True
52.8285,0.0000,2.2000,-156.0004,0.00571,0.0000,1.0000,0.0000,True,True
52.8469,0.0000,2.2000,-156.0079,0.00748,0.0000,1.0000,0.0000,True,True
52.8576,0.0000,2.2000,-156.0131,0.00514,0.0000,1.0000,0.0000,True,True
52.8751,0.0000,2.2000,-156.0238,0.01073,0.0000,1.0000,0.0000,True,True
52.8967,0.0000,2.2000,-156.0405,0.01671,0.0000,1.0000,0.0000,True,True
52.9082,0.0000,2.2000,-156.0505,0.00998,0.0000,1.0000,0.0000,True,True
52.9300,0.0000,2.2000,-156.0727,0.02223,0.0000,1.0000,0.0000,True,True
52.9467,0.0000,2.2000,-156.0919,0.01915,0.0000,1.0000,0.0000,True,True
52.9584,0.0000,2.2000,-156.1064,0.01459,0.0000,1.0000,0.0000,True,True
52.9800,0.0000,2.2000,-156.1365,0.03008,0.0000,1.0000,0.0000,True,True
52.9925,0.0000,2.2000,-156.1551,0.01862,0.0000,1.0000,0.0000,True,True
53.0134,0.0000,2.2000,-156.1897,0.03452,0.0000,1.0000,0.0000,True,True
53.0259,0.0000,2.2000,-156.2115,0.02188,0.0000,1.0000,0.0000,True,True
53.0472,0.0000,2.2000,-156.2518,0.04024,0.0000,1.0000,0.0000,True,True
53.0633,0.0000,2.2000,-156.2846,0.03287,0.0000,1.0000,0.0000,True,True
53.0756,0.0000,2.2000,-156.3107,0.02605,0.0000,1.0000,0.0000,True,True
53.0980,0.0000,2.2000,-156.3607,0.04999,0.0000,1.0000,0.0000,True,True
53.1102,0.0000,2.2000,-156.3907,0.03001,0.0000,1.0000,0.0000,True,True
53.1272,0.0000,2.2000,-156.4333,0.04265,0.0000,1.0000,0.0000,True,True
53.1497,0.0000,2.2000,-156.4930,0.05971,0.0000,1.0000,0.0000,True,True
53.1619,0.0000,2.2000,-156.5273,0.03430,0.0000,1.0000,0.0000,True,True
53.1805,0.0000,2.2000,-156.5812,0.05383,0.0000,1.0000,0.0000,True,True
53.1936,0.0000,2.2000,-156.6195,0.03830,0.0000,1.0000,0.0000,True,True
53.2207,0.0000,2.2000,-156.7057,0.08626,0.0000,1.0000,0.0000,True,True
53.2332,0.0000,2.2000,-156.7486,0.04288,0.0000,1.0000,0.0000,True,True
53.2521,0.0000,2.2000,-156.8137,0.06509,0.0000,1.0000,0.0000,True,True
53.2645,0.0000,2.2000,-156.8569,0.04317,0.0000,1.0000,0.0000,True,True
53.2904,0.0000,2.2000,-156.9539,0.09706,0.0000,1.0000,0.0000,True,True
53.3033,0.0000,2.2000,-157.0033,0.04933,0.0000,1.0000,0.0000,True,True
53.3216,0.0000,2.2000,-157.0758,0.07253,0.0000,1.0000,0.0000,True,True
53.3350,0.0000,2.2000,-157.1267,0.05095,0.0000,1.0000,0.0000,True,True
53.3605,0.0000,2.2000,-157.2373,0.11058,0.0000,1.0000,0.0000,True,True
53.3728,0.0000,2.2000,-157.2924,0.05508,0.0000,1.0000,0.0000,True,True
53.3911,0.0000,2.2000,-157.3743,0.08188,0.0000,1.0000,0.0000,True,True
53.4047,0.0000,2.2000,-157.4345,0.06020,0.0000,1.0000,0.0000,True,True
53.4296,0.0000,2.2000,-157.5557,0.12122,0.0000,1.0000,0.0000,True,True
53.4422,0.0000,2.2000,-157.6170,0.06133,0.0000,1.0000,0.0000,True,True
53.4595,0.0000,2.2000,-157.7038,0.08673,0.0000,1.0000,0.0000,True,True
53.4731,0.0000,2.2000,-157.7671,0.06332,0.0000,1.0000,0.0000,True,True
53.4987,0.0000,2.2000,-157.9062,0.13908,0.0000,1.0000,0.0000,True,True
53.5113,0.0000,2.2000,-157.9757,0.06956,0.0000,1.0000,0.0000,True,True
53.5278,0.0000,2.2000,-158.0656,0.08983,0.0000,1.0000,0.0000,True,True
53.5445,0.0000,2.2000,-158.1558,0.09023,0.0000,1.0000,0.0000,True,True
53.5623,0.0000,2.2000,-158.2515,0.09575,0.0000,1.0000,0.0000,True,True
53.5831,0.0000,2.2000,-158.3621,0.11061,0.0000,1.0000,0.0000,True,True
53.5959,0.0000,2.2000,-158.4327,0.07060,0.0000,1.0000,0.0000,True,True
53.6124,0.0000,2.2000,-158.5222,0.08951,0.0000,1.0000,0.0000,True,True
53.6292,0.0000,2.2000,-158.6131,0.09087,0.0000,1.0000,0.0000,True,True
53.6466,0.0000,2.2000,-158.7068,0.09366,0.0000,1.0000,0.0000,True,True
53.6635,0.0000,2.2000,-158.7979,0.09109,0.0000,1.0000,0.0000,True,True
53.6797,0.0000,2.2000,-158.8858,0.08792,0.0000,1.0000,0.0000,True,True
53.6978,0.0000,2.2000,-158.9833,0.09747,0.0000,1.0000,0.0000,True,True
53.7205,0.0000,2.2000,-159.1045,0.12128,0.0000,1.0000,0.0000,True,True
53.7316,0.0000,2.2000,-159.1659,0.06140,0.0000,1.0000,0.0000,True,True
53.7483,0.0000,2.2000,-159.2564,0.09050,0.0000,1.0000,0.0000,True,True
53.7655,0.0000,2.2000,-159.3490,0.09261,0.0000,1.0000,0.0000,True,True
53.7828,0.0000,2.2000,-159.4419,0.09282,0.0000,1.0000,0.0000,True,True
53.8038,0.0000,2.2000,-159.5556,0.11372,0.0000,1.0000,0.0000,True,True
53.8162,0.0000,2.2000,-159.6230,0.06737,0.0000,1.0000,0.0000,True,True
53.8371,0.0000,2.2000,-159.7359,0.11293,0.0000,1.0000,0.0000,True,True
53.8487,0.0000,2.2000,-159.7984,0.06253,0.0000,1.0000,0.0000,True,True
53.8707,0.0000,2.2000,-159.9169,0.11844,0.0000,1.0000,0.0000,True,True
53.8877,0.0000,2.2000,-160.0071,0.09026,0.0000,1.0000,0.0000,True,True
53.9056,0.0000,2.2000,-160.1058,0.09868,0.0000,1.0000,0.0000,True,True
53.9178,0.0000,2.2000,-160.1704,0.06462,0.0000,1.0000,0.0000,True,True
53.9423,0.0000,2.2000,-160.2988,0.12840,0.0000,1.0000,0.0000,True,True
53.9552,0.0000,2.2000,-160.3651,0.06624,0.0000,1.0000,0.0000,True,True
53.9722,0.0000,2.2000,-160.4506,0.08556,0.0000,1.0000,0.0000,True,True
53.9889,0.0000,2.2000,-160.5324,0.08177,0.0000,1.0000,0.0000,True,True
54.0022,0.0000,2.2000,-160.5952,0.06284,0.0000,1.0000,0.0000,True,True
54.0269,0.0000,2.2000,-160.7087,0.11349,0.0000,1.0000,0.0000,True,True
54.0389,0.0000,2.2000,-160.7637,0.05501,0.0000,1.0000,0.0000,True,True
54.0560,0.0000,2.2000,-160.8389,0.07521,0.0000,1.0000,0.0000,True,True
54.0679,0.0000,2.2000,-160.8900,0.05103,0.0000,1.0000,0.0000,True,True
54.0927,0.0000,2.2000,-160.9921,0.10210,0.0000,1.0000,0.0000,True,True
54.1056,0.0000,2.2000,-161.0435,0.05145,0.0000,1.0000,0.0000,True,True
54.1230,0.0000,2.2000,-161.1110,0.06752,0.0000,1.0000,0.0000,True,True
54.1348,0.0000,2.2000,-161.1558,0.04482,0.0000,1.0000,0.0000,True,True
54.1595,0.0000,2.2000,-161.2451,0.08925,0.0000,1.0000,0.0000,True,True
54.1723,0.0000,2.2000,-161.2897,0.04465,0.0000,1.0000,0.0000,True,True
54.1931,0.0000,2.2000,-161.3598,0.07010,0.0000,1.0000,0.0000,True,True
54.2057,0.0000,2.2000,-161.4010,0.04118,0.0000,1.0000,0.0000,True,True
54.2232,0.0000,2.2000,-161.4558,0.05476,0.0000,1.0000,0.0000,True,True
54.2396,0.0000,2.2000,-161.5051,0.04929,0.0000,1.0000,0.0000,True,True
54.2575,0.0000,2.2000,-161.5567,0.05162,0.0000,1.0000,0.0000,True,True
54.2740,0.0000,2.2000,-161.6021,0.04536,0.0000,1.0000,0.0000,True,True
54.2905,0.0000,2.2000,-161.6455,0.04346,0.0000,1.0000,0.0000,True,True
54.3075,0.0000,2.2000,-161.6880,0.04245,0.0000,1.0000,0.0000,True,True
54.3244,0.0000,2.2000,-161.7281,0.04012,0.0000,1.0000,0.0000,True,True
54.3451,0.0000,2.2000,-161.7732,0.04510,0.0000,1.0000,0.0000,True,True
54.3575,0.0000,2.2000,-161.8003,0.02708,0.0000,1.0000,0.0000,True,True
54.3741,0.0000,2.2000,-161.8334,0.03313,0.0000,1.0000,0.0000,True,True
54.3912,0.0000,2.2000,-161.8654,0.03201,0.0000,1.0000,0.0000,True,True
54.4079,0.0000,2.2000,-161.8948,0.02939,0.0000,1.0000,0.0000,True,True
54.4249,0.0000,2.2000,-161.9222,0.02737,0.0000,1.0000,0.0000,True,True
54.4417,0.0000,2.2000,-161.9473,0.02513,0.0000,1.0000,0.0000,True,True
54.4593,0.0000,2.2000,-161.9713,0.02403,0.0000,1.0000,0.0000,True,True
54.4809,0.0000,2.2000,-161.9967,0.02541,0.0000,1.0000,0.0000,True,True
54.4932,0.0000,2.2000,-161.9967,0.00000,0.0000,1.0000,0.0000,True,True
54.5108,0.0000,2.2000,-161.9991,0.00232,0.0000,1.0000,0.0000,True,True
54.5317,0.0000,2.2000,-162.0050,0.00595,0.0000,1.0000,0.0000,True,True
54.5436,0.0000,2.2000,-162.0096,0.00456,0.0000,1.0000,0.0000,True,True
54.5606,0.0000,2.2000,-162.0182,0.00862,0.0000,1.0000,0.0000,True,True
54.5725,0.0000,2.2000,-162.0253,0.00710,0.0000,1.0000,0.0000,True,True
54.5972,0.0000,2.2000,-162.0444,0.01917,0.0000,1.0000,0.0000,True,True
54.6095,0.0000,2.2000,-162.0552,0.01076,0.0000,1.0000,0.0000,True,True
54.6263,0.0000,2.2000,-162.0720,0.01682,0.0000,1.0000,0.0000,True,True
54.6436,0.0000,2.2000,-162.0916,0.01953,0.0000,1.0000,0.0000,True,True
54.6554,0.0000,2.2000,-162.1058,0.01425,0.0000,1.0000,0.0000,True,True
54.6802,0.0000,2.2000,-162.1407,0.03491,0.0000,1.0000,0.0000,True,True
54.6921,0.0000,2.2000,-162.1586,0.01784,0.0000,1.0000,0.0000,True,True
54.7099,0.0000,2.2000,-162.1875,0.02890,0.0000,1.0000,0.0000,True,True
54.7221,0.0000,2.2000,-162.2079,0.02045,0.0000,1.0000,0.0000,True,True
54.7427,0.0000,2.2000,-162.2466,0.03870,0.0000,1.0000,0.0000,True,True
54.7596,0.0000,2.2000,-162.2809,0.03429,0.0000,1.0000,0.0000,True,True
54.7729,0.0000,2.2000,-162.3078,0.02696,0.0000,1.0000,0.0000,True,True
54.7969,0.0000,2.2000,-162.3635,0.05562,0.0000,1.0000,0.0000,True,True
54.8094,0.0000,2.2000,-162.3927,0.02927,0.0000,1.0000,0.0000,True,True
54.8270,0.0000,2.2000,-162.4371,0.04440,0.0000,1.0000,0.0000,True,True
54.8390,0.0000,2.2000,-162.4682,0.03108,0.0000,1.0000,0.0000,True,True
54.8642,0.0000,2.2000,-162.5384,0.07018,0.0000,1.0000,0.0000,True,True
54.8767,0.0000,2.2000,-162.5743,0.03593,0.0000,1.0000,0.0000,True,True
54.8933,0.0000,2.2000,-162.6241,0.04980,0.0000,1.0000,0.0000,True,True
54.9155,0.0000,2.2000,-162.6945,0.07039,0.0000,1.0000,0.0000,True,True
54.9275,0.0000,2.2000,-162.7336,0.03908,0.0000,1.0000,0.0000,True,True
54.9439,0.0000,2.2000,-162.7891,0.05547,0.0000,1.0000,0.0000,True,True
54.9608,0.0000,2.2000,-162.8484,0.05931,0.0000,1.0000,0.0000,True,True
54.9734,0.0000,2.2000,-162.8921,0.04372,0.0000,1.0000,0.0000,True,True
54.9978,0.0000,2.2000,-162.9861,0.09398,0.0000,1.0000,0.0000,True,True
55.0105,0.0000,2.2000,-163.0351,0.04901,0.0000,1.0000,0.0000,True,True
55.0276,0.0000,2.2000,-163.1039,0.06877,0.0000,1.0000,0.0000,True,True
55.0440,0.0000,2.2000,-163.1716,0.06772,0.0000,1.0000,0.0000,True,True
55.0616,0.0000,2.2000,-163.2466,0.07498,0.0000,1.0000,0.0000,True,True
55.0743,0.0000,2.2000,-163.2998,0.05321,0.0000,1.0000,0.0000,True,True
55.0990,0.0000,2.2000,-163.4138,0.11404,0.0000,1.0000,0.0000,True,True
55.1112,0.0000,2.2000,-163.4707,0.05692,0.0000,1.0000,0.0000,True,True
55.1277,0.0000,2.2000,-163.5490,0.07828,0.0000,1.0000,0.0000,True,True
55.1438,0.0000,2.2000,-163.6278,0.07877,0.0000,1.0000,0.0000,True,True
55.1556,0.0000,2.2000,-163.6865,0.05873,0.0000,1.0000,0.0000,True,True
55.1809,0.0000,2.2000,-163.8168,0.13034,0.0000,1.0000,0.0000,True,True
55.1929,0.0000,2.2000,-163.8796,0.06276,0.0000,1.0000,0.0000,True,True
55.2107,0.0000,2.2000,-163.9753,0.09572,0.0000,1.0000,0.0000,True,True
55.2230,0.0000,2.2000,-164.0406,0.06532,0.0000,1.0000,0.0000,True,True
55.2486,0.0000,2.2000,-164.1797,0.13910,0.0000,1.0000,0.0000,True,True
55.2609,0.0000,2.2000,-164.2467,0.06702,0.0000,1.0000,0.0000,True,True
55.2785,0.0000,2.2000,-164.3412,0.09441,0.0000,1.0000,0.0000,True,True
55.2909,0.0000,2.2000,-164.4047,0.06351,0.0000,1.0000,0.0000,True,True
55.3151,0.0000,2.2000,-164.5392,0.13458,0.0000,1.0000,0.0000,True,True
55.3271,0.0000,2.2000,-164.6042,0.06494,0.0000,1.0000,0.0000,True,True
55.3432,0.0000,2.2000,-164.6911,0.08688,0.0000,1.0000,0.0000,True,True
55.3608,0.0000,2.2000,-164.7856,0.09454,0.0000,1.0000,0.0000,True,True
55.3723,0.0000,2.2000,-164.8484,0.06276,0.0000,1.0000,0.0000,True,True
55.3935,0.0000,2.2000,-164.9621,0.11372,0.0000,1.0000,0.0000,True,True
55.4104,0.0000,2.2000,-165.0521,0.08997,0.0000,1.0000,0.0000,True,True
55.4229,0.0000,2.2000,-165.1212,0.06915,0.0000,1.0000,0.0000,True,True
55.4435,0.0000,2.2000,-165.2324,0.11122,0.0000,1.0000,0.0000,True,True
55.4558,0.0000,2.2000,-165.2989,0.06644,0.0000,1.0000,0.0000,True,True
55.4818,0.0000,2.2000,-165.4392,0.14032,0.0000,1.0000,0.0000,True,True
55.4942,0.0000,2.2000,-165.5062,0.06697,0.0000,1.0000,0.0000,True,True
55.5128,0.0000,2.2000,-165.6070,0.10085,0.0000,1.0000,0.0000,True,True
55.5264,0.0000,2.2000,-165.6758,0.06879,0.0000,1.0000,0.0000,True,True
55.5512,0.0000,2.2000,-165.8119,0.13611,0.0000,1.0000,0.0000,True,True
55.5635,0.0000,2.2000,-165.8805,0.06860,0.0000,1.0000,0.0000,True,True
55.5800,0.0000,2.2000,-165.9694,0.08888,0.0000,1.0000,0.0000,True,True
55.5962,0.0000,2.2000,-166.0570,0.08757,0.0000,1.0000,0.0000,True,True
55.6129,0.0000,2.2000,-166.1456,0.08865,0.0000,1.0000,0.0000,True,True
55.6292,0.0000,2.2000,-166.2332,0.08762,0.0000,1.0000,0.0000,True,True
55.6454,0.0000,2.2000,-166.3167,0.08348,0.0000,1.0000,0.0000,True,True
55.6622,0.0000,2.2000,-166.4010,0.08427,0.0000,1.0000,0.0000,True,True
55.6742,0.0000,2.2000,-166.4607,0.05972,0.0000,1.0000,0.0000,True,True
55.6944,0.0000,2.2000,-166.5575,0.09676,0.0000,1.0000,0.0000,True,True
55.7113,0.0000,2.2000,-166.6364,0.07889,0.0000,1.0000,0.0000,True,True
55.7240,0.0000,2.2000,-166.6951,0.05878,0.0000,1.0000,0.0000,True,True
55.7446,0.0000,2.2000,-166.7858,0.09071,0.0000,1.0000,0.0000,True,True
55.7565,0.0000,2.2000,-166.8379,0.05202,0.0000,1.0000,0.0000,True,True
55.7742,0.0000,2.2000,-166.9122,0.07434,0.0000,1.0000,0.0000,True,True
55.7950,0.0000,2.2000,-166.9962,0.08405,0.0000,1.0000,0.0000,True,True
55.8118,0.0000,2.2000,-167.0623,0.06602,0.0000,1.0000,0.0000,True,True
55.8294,0.0000,2.2000,-167.1291,0.06685,0.0000,1.0000,0.0000,True,True
55.8411,0.0000,2.2000,-167.1725,0.04335,0.0000,1.0000,0.0000,True,True
55.8661,0.0000,2.2000,-167.2606,0.08812,0.0000,1.0000,0.0000,True,True
55.8786,0.0000,2.2000,-167.3035,0.04295,0.0000,1.0000,0.0000,True,True
55.8968,0.0000,2.2000,-167.3634,0.05991,0.0000,1.0000,0.0000,True,True
55.9100,0.0000,2.2000,-167.4038,0.04033,0.0000,1.0000,0.0000,True,True
55.9364,0.0000,2.2000,-167.4831,0.07930,0.0000,1.0000,0.0000,True,True
55.9482,0.0000,2.2000,-167.5190,0.03596,0.0000,1.0000,0.0000,True,True
55.9660,0.0000,2.2000,-167.5684,0.04935,0.0000,1.0000,0.0000,True,True
55.9829,0.0000,2.2000,-167.6133,0.04494,0.0000,1.0000,0.0000,True,True
56.0000,0.0000,2.2000,-167.6564,0.04311,0.0000,1.0000,0.0000,True,True
56.0220,0.0000,2.2000,-167.7074,0.05093,0.0000,1.0000,0.0000,True,True
56.0344,0.0000,2.2000,-167.7362,0.02887,0.0000,1.0000,0.0000,True,True
56.0512,0.0000,2.2000,-167.7720,0.03572,0.0000,1.0000,0.0000,True,True
56.0683,0.0000,2.2000,-167.8065,0.03455,0.0000,1.0000,0.0000,True,True
56.0853,0.0000,2.2000,-167.8383,0.03177,0.0000,1.0000,0.0000,True,True
56.1028,0.0000,2.2000,-167.8690,0.03072,0.0000,1.0000,0.0000,True,True
56.1250,0.0000,2.2000,-167.9040,0.03503,0.0000,1.0000,0.0000,True,True
56.1426,0.0000,2.2000,-167.9296,0.02556,0.0000,1.0000,0.0000,True,True
56.1555,0.0000,2.2000,-167.9469,0.01736,0.0000,1.0000,0.0000,True,True
56.1732,0.0000,2.2000,-167.9686,0.02167,0.0000,1.0000,0.0000,True,True
56.1966,0.0000,2.2000,-167.9931,0.02446,0.0000,1.0000,0.0000,True,True
56.2084,0.0000,2.2000,-167.9931,0.00000,0.0000,1.0000,0.0000,True,True
56.2300,0.0000,2.2000,-167.9965,0.00345,0.0000,1.0000,0.0000,True,True
56.2475,0.0000,2.2000,-168.0017,0.00516,0.0000,1.0000,0.0000,True,True
56.2724,0.0000,2.2000,-168.0131,0.01146,0.0000,1.0000,0.0000,True,True
56.2850,0.0000,2.2000,-168.0207,0.00755,0.0000,1.0000,0.0000,True,True
56.3019,0.0000,2.2000,-168.0326,0.01187,0.0000,1.0000,0.0000,True,True
56.3185,0.0000,2.2000,-168.0463,0.01375,0.0000,1.0000,0.0000,True,True
56.3359,0.0000,2.2000,-168.0630,0.01665,0.0000,1.0000,0.0000,True,True
56.3586,0.0000,2.2000,-168.0883,0.02533,0.0000,1.0000,0.0000,True,True
56.3757,0.0000,2.2000,-168.1098,0.02150,0.0000,1.0000,0.0000,True,True
56.3885,0.0000,2.2000,-168.1272,0.01741,0.0000,1.0000,0.0000,True,True
56.4153,0.0000,2.2000,-168.1687,0.04147,0.0000,1.0000,0.0000,True,True
56.4277,0.0000,2.2000,-168.1891,0.02045,0.0000,1.0000,0.0000,True,True
56.4448,0.0000,2.2000,-168.2195,0.03038,0.0000,1.0000,0.0000,True,True
56.4603,0.0000,2.2000,-168.2488,0.02931,0.0000,1.0000,0.0000,True,True
56.4771,0.0000,2.2000,-168.2825,0.03372,0.0000,1.0000,0.0000,True,True
56.4938,0.0000,2.2000,-168.3185,0.03592,0.0000,1.0000,0.0000,True,True
56.5118,0.0000,2.2000,-168.3590,0.04059,0.0000,1.0000,0.0000,True,True
56.5240,0.0000,2.2000,-168.3875,0.02850,0.0000,1.0000,0.0000,True,True
56.5510,0.0000,2.2000,-168.4567,0.06912,0.0000,1.0000,0.0000,True,True
56.5633,0.0000,2.2000,-168.4904,0.03369,0.0000,1.0000,0.0000,True,True
56.5800,0.0000,2.2000,-168.5368,0.04649,0.0000,1.0000,0.0000,True,True
56.5927,0.0000,2.2000,-168.5708,0.03400,0.0000,1.0000,0.0000,True,True
56.6192,0.0000,2.2000,-168.6541,0.08327,0.0000,1.0000,0.0000,True,True
56.6318,0.0000,2.2000,-168.6950,0.04091,0.0000,1.0000,0.0000,True,True
56.6498,0.0000,2.2000,-168.7548,0.05977,0.0000,1.0000,0.0000,True,True
56.6727,0.0000,2.2000,-168.8333,0.07846,0.0000,1.0000,0.0000,True,True
56.6853,0.0000,2.2000,-168.8796,0.04631,0.0000,1.0000,0.0000,True,True
56.7026,0.0000,2.2000,-168.9435,0.06395,0.0000,1.0000,0.0000,True,True
56.7249,0.0000,2.2000,-169.0300,0.08644,0.0000,1.0000,0.0000,True,True
56.7365,0.0000,2.2000,-169.0758,0.04588,0.0000,1.0000,0.0000,True,True
56.7548,0.0000,2.2000,-169.1511,0.07526,0.0000,1.0000,0.0000,True,True
56.7846,0.0000,2.2000,-169.2753,0.12425,0.0000,1.0000,0.0000,True,True
56.7964,0.0000,2.2000,-169.3318,0.05643,0.0000,1.0000,0.0000,True,True
56.8145,0.0000,2.2000,-169.4140,0.08220,0.0000,1.0000,0.0000,True,True
56.8384,0.0000,2.2000,-169.5252,0.11121,0.0000,1.0000,0.0000,True,True
56.8514,0.0000,2.2000,-169.5890,0.06381,0.0000,1.0000,0.0000,True,True
56.8690,0.0000,2.2000,-169.6767,0.08775,0.0000,1.0000,0.0000,True,True
56.8926,0.0000,2.2000,-169.7977,0.12099,0.0000,1.0000,0.0000,True,True
56.9120,0.0000,2.2000,-169.9001,0.10242,0.0000,1.0000,0.0000,True,True
56.9257,0.0000,2.2000,-169.9732,0.07301,0.0000,1.0000,0.0000,True,True
56.9445,0.0000,2.2000,-170.0748,0.10159,0.0000,1.0000,0.0000,True,True
56.9686,0.0000,2.2000,-170.2048,0.13000,0.0000,1.0000,0.0000,True,True
56.9810,0.0000,2.2000,-170.2723,0.06758,0.0000,1.0000,0.0000,True,True
57.0108,0.0000,2.2000,-170.4314,0.15906,0.0000,1.0000,0.0000,True,True
57.0237,0.0000,2.2000,-170.5032,0.07184,0.0000,1.0000,0.0000,True,True
57.0414,0.0000,2.2000,-170.5980,0.09477,0.0000,1.0000,0.0000,True,True
57.0693,0.0000,2.2000,-170.7491,0.15106,0.0000,1.0000,0.0000,True,True
57.0822,0.0000,2.2000,-170.8189,0.06982,0.0000,1.0000,0.0000,True,True
57.0994,0.0000,2.2000,-170.9118,0.09294,0.0000,1.0000,0.0000,True,True
57.1211,0.0000,2.2000,-171.0282,0.11639,0.0000,1.0000,0.0000,True,True
57.1330,0.0000,2.2000,-171.0931,0.06488,0.0000,1.0000,0.0000,True,True
57.1569,0.0000,2.2000,-171.2203,0.12723,0.0000,1.0000,0.0000,True,True
57.1697,0.0000,2.2000,-171.2913,0.07098,0.0000,1.0000,0.0000,True,True
57.1881,0.0000,2.2000,-171.3906,0.09924,0.0000,1.0000,0.0000,True,True
57.2010,0.0000,2.2000,-171.4594,0.06880,0.0000,1.0000,0.0000,True,True
57.2254,0.0000,2.2000,-171.5902,0.13086,0.0000,1.0000,0.0000,True,True
57.2515,0.0000,2.2000,-171.7305,0.14023,0.0000,1.0000,0.0000,True,True
57.2653,0.0000,2.2000,-171.8063,0.07585,0.0000,1.0000,0.0000,True,True
57.2842,0.0000,2.2000,-171.9096,0.10332,0.0000,1.0000,0.0000,True,True
57.3083,0.0000,2.2000,-172.0400,0.13039,0.0000,1.0000,0.0000,True,True
57.3270,0.0000,2.2000,-172.1407,0.10069,0.0000,1.0000,0.0000,True,True
57.3396,0.0000,2.2000,-172.2076,0.06694,0.0000,1.0000,0.0000,True,True
57.3755,0.0000,2.2000,-172.3938,0.18619,0.0000,1.0000,0.0000,True,True
57.3883,0.0000,2.2000,-172.4589,0.06508,0.0000,1.0000,0.0000,True,True
57.4188,0.0000,2.2000,-172.6068,0.14784,0.0000,1.0000,0.0000,True,True
57.4388,0.0000,2.2000,-172.7015,0.09474,0.0000,1.0000,0.0000,True,True
57.4527,0.0000,2.2000,-172.7658,0.06430,0.0000,1.0000,0.0000,True,True
57.4862,0.0000,2.2000,-172.9113,0.14546,0.0000,1.0000,0.0000,True,True
57.4983,0.0000,2.2000,-172.9611,0.04980,0.0000,1.0000,0.0000,True,True
57.5284,0.0000,2.2000,-173.0830,0.12193,0.0000,1.0000,0.0000,True,True
57.5484,0.0000,2.2000,-173.1623,0.07933,0.0000,1.0000,0.0000,True,True
57.5622,0.0000,2.2000,-173.2143,0.05196,0.0000,1.0000,0.0000,True,True
57.5956,0.0000,2.2000,-173.3322,0.11797,0.0000,1.0000,0.0000,True,True
57.6094,0.0000,2.2000,-173.3789,0.04666,0.0000,1.0000,0.0000,True,True
57.6375,0.0000,2.2000,-173.4694,0.09047,0.0000,1.0000,0.0000,True,True
57.6567,0.0000,2.2000,-173.5293,0.05997,0.0000,1.0000,0.0000,True,True
57.6712,0.0000,2.2000,-173.5716,0.04227,0.0000,1.0000,0.0000,True,True
57.6983,0.0000,2.2000,-173.6472,0.07564,0.0000,1.0000,0.0000,True,True
57.7110,0.0000,2.2000,-173.6813,0.03406,0.0000,1.0000,0.0000,True,True
57.7469,0.0000,2.2000,-173.7668,0.08545,0.0000,1.0000,0.0000,True,True
57.7601,0.0000,2.2000,-173.7978,0.03102,0.0000,1.0000,0.0000,True,True
57.7778,0.0000,2.2000,-173.8360,0.03824,0.0000,1.0000,0.0000,True,True
57.8164,0.0000,2.2000,-173.9085,0.07253,0.0000,1.0000,0.0000,True,True
57.8280,0.0000,2.2000,-173.9293,0.02075,0.0000,1.0000,0.0000,True,True
57.8668,0.0000,2.2000,-173.9875,0.05824,0.0000,1.0000,0.0000,True,True
57.9198,0.0000,2.2000,-173.9875,0.00000,0.0000,1.0000,0.0000,True,True
57.9319,0.0000,2.2000,-173.9886,0.00105,0.0000,1.0000,0.0000,True,True
57.9593,0.0000,2.2000,-173.9967,0.00812,0.0000,1.0000,0.0000,True,True
57.9926,0.0000,2.2000,-174.0149,0.01819,0.0000,1.0000,0.0000,True,True
58.0034,0.0000,2.2000,-174.0218,0.00687,0.0000,1.0000,0.0000,True,True
58.0220,0.0000,2.2000,-174.0360,0.01421,0.0000,1.0000,0.0000,True,True
58.0489,0.0000,2.2000,-174.0620,0.02600,0.0000,1.0000,0.0000,True,True
58.0764,0.0000,2.2000,-174.0941,0.03215,0.0000,1.0000,0.0000,True,True
58.0891,0.0000,2.2000,-174.1103,0.01620,0.0000,1.0000,0.0000,True,True
58.1199,0.0000,2.2000,-174.1561,0.04578,0.0000,1.0000,0.0000,True,True
58.1340,0.0000,2.2000,-174.1774,0.02126,0.0000,1.0000,0.0000,True,True
58.1609,0.0000,2.2000,-174.2280,0.05063,0.0000,1.0000,0.0000,True,True
58.1944,0.0000,2.2000,-174.2966,0.06859,0.0000,1.0000,0.0000,True,True
58.2069,0.0000,2.2000,-174.3240,0.02747,0.0000,1.0000,0.0000,True,True
58.2374,0.0000,2.2000,-174.3963,0.07224,0.0000,1.0000,0.0000,True,True
58.2517,0.0000,2.2000,-174.4307,0.03441,0.0000,1.0000,0.0000,True,True
58.2794,0.0000,2.2000,-174.5066,0.07594,0.0000,1.0000,0.0000,True,True
58.3128,0.0000,2.2000,-174.6049,0.09825,0.0000,1.0000,0.0000,True,True
58.3251,0.0000,2.2000,-174.6429,0.03798,0.0000,1.0000,0.0000,True,True
58.3548,0.0000,2.2000,-174.7391,0.09628,0.0000,1.0000,0.0000,True,True
58.3689,0.0000,2.2000,-174.7860,0.04689,0.0000,1.0000,0.0000,True,True
58.3966,0.0000,2.2000,-174.8860,0.09993,0.0000,1.0000,0.0000,True,True
58.4301,0.0000,2.2000,-175.0139,0.12791,0.0000,1.0000,0.0000,True,True
58.4430,0.0000,2.2000,-175.0650,0.05113,0.0000,1.0000,0.0000,True,True
58.4735,0.0000,2.2000,-175.1918,0.12679,0.0000,1.0000,0.0000,True,True
58.4870,0.0000,2.2000,-175.2479,0.05615,0.0000,1.0000,0.0000,True,True
58.5153,0.0000,2.2000,-175.3752,0.12721,0.0000,1.0000,0.0000,True,True
58.5485,0.0000,2.2000,-175.5321,0.15697,0.0000,1.0000,0.0000,True,True
58.5598,0.0000,2.2000,-175.5868,0.05464,0.0000,1.0000,0.0000,True,True
58.5772,0.0000,2.2000,-175.6723,0.08554,0.0000,1.0000,0.0000,True,True
58.6069,0.0000,2.2000,-175.8248,0.15254,0.0000,1.0000,0.0000,True,True
58.6403,0.0000,2.2000,-176.0051,0.18027,0.0000,1.0000,0.0000,True,True
58.6518,0.0000,2.2000,-176.0676,0.06252,0.0000,1.0000,0.0000,True,True
58.6694,0.0000,2.2000,-176.1629,0.09529,0.0000,1.0000,0.0000,True,True
58.6909,0.0000,2.2000,-176.2788,0.11592,0.0000,1.0000,0.0000,True,True
58.7031,0.0000,2.2000,-176.3450,0.06612,0.0000,1.0000,0.0000,True,True
58.7327,0.0000,2.2000,-176.5042,0.15919,0.0000,1.0000,0.0000,True,True
58.7662,0.0000,2.2000,-176.6840,0.17989,0.0000,1.0000,0.0000,True,True
58.7792,0.0000,2.2000,-176.7557,0.07164,0.0000,1.0000,0.0000,True,True
58.8099,0.0000,2.2000,-176.9215,0.16586,0.0000,1.0000,0.0000,True,True
58.8307,0.0000,2.2000,-177.0339,0.11234,0.0000,1.0000,0.0000,True,True
58.8447,0.0000,2.2000,-177.1091,0.07518,0.0000,1.0000,0.0000,True,True
58.8927,0.0000,2.2000,-177.3677,0.25864,0.0000,1.0000,0.0000,True,True
58.9073,0.0000,2.2000,-177.4437,0.07600,0.0000,1.0000,0.0000,True,True
58.9423,0.0000,2.2000,-177.6361,0.19237,0.0000,1.0000,0.0000,True,True
58.9761,0.0000,2.2000,-177.8187,0.18262,0.0000,1.0000,0.0000,True,True
58.9871,0.0000,2.2000,-177.8785,0.05983,0.0000,1.0000,0.0000,True,True
59.0044,0.0000,2.2000,-177.9716,0.09312,0.0000,1.0000,0.0000,True,True
59.0221,0.0000,2.2000,-178.0673,0.09567,0.0000,1.0000,0.0000,True,True
59.0536,0.0000,2.2000,-178.2372,0.16988,0.0000,1.0000,0.0000,True,True
59.0734,0.0000,2.2000,-178.3408,0.10365,0.0000,1.0000,0.0000,True,True
59.0881,0.0000,2.2000,-178.4161,0.07526,0.0000,1.0000,0.0000,True,True
59.1091,0.0000,2.2000,-178.5205,0.10439,0.0000,1.0000,0.0000,True,True
59.1219,0.0000,2.2000,-178.5821,0.06160,0.0000,1.0000,0.0000,True,True
59.1521,0.0000,2.2000,-178.7224,0.14032,0.0000,1.0000,0.0000,True,True
59.1653,0.0000,2.2000,-178.7834,0.06102,0.0000,1.0000,0.0000,True,True
59.1881,0.0000,2.2000,-178.8826,0.09920,0.0000,1.0000,0.0000,True,True
59.2009,0.0000,2.2000,-178.9378,0.05515,0.0000,1.0000,0.0000,True,True
59.2315,0.0000,2.2000,-179.0618,0.12404,0.0000,1.0000,0.0000,True,True
59.2440,0.0000,2.2000,-179.1113,0.04951,0.0000,1.0000,0.0000,True,True
59.2687,0.0000,2.2000,-179.2042,0.09291,0.0000,1.0000,0.0000,True,True
59.2872,0.0000,2.2000,-179.2707,0.06647,0.0000,1.0000,0.0000,True,True
59.2994,0.0000,2.2000,-179.3152,0.04446,0.0000,1.0000,0.0000,True,True
59.3282,0.0000,2.2000,-179.4099,0.09470,0.0000,1.0000,0.0000,True,True
59.3405,0.0000,2.2000,-179.4509,0.04108,0.0000,1.0000,0.0000,True,True
59.3584,0.0000,2.2000,-179.5063,0.05540,0.0000,1.0000,0.0000,True,True
59.3717,0.0000,2.2000,-179.5452,0.03885,0.0000,1.0000,0.0000,True,True
59.3953,0.0000,2.2000,-179.6128,0.06761,0.0000,1.0000,0.0000,True,True
59.4176,0.0000,2.2000,-179.6720,0.05925,0.0000,1.0000,0.0000,True,True
59.4303,0.0000,2.2000,-179.7047,0.03268,0.0000,1.0000,0.0000,True,True
59.4480,0.0000,2.2000,-179.7479,0.04315,0.0000,1.0000,0.0000,True,True
59.4782,0.0000,2.2000,-179.8134,0.06557,0.0000,1.0000,0.0000,True,True
59.4922,0.0000,2.2000,-179.8436,0.03015,0.0000,1.0000,0.0000,True,True
59.5174,0.0000,2.2000,-179.8909,0.04729,0.0000,1.0000,0.0000,True,True
59.5313,0.0000,2.2000,-179.9168,0.02596,0.0000,1.0000,0.0000,True,True
59.5471,0.0000,2.2000,-179.9436,0.02676,0.0000,1.0000,0.0000,True,True
59.5715,0.0000,2.2000,-179.9801,0.03653,0.0000,1.0000,0.0000,True,True
59.5843,0.0000,2.2000,-179.9801,0.00000,0.0000,1.0000,0.0000,True,True
59.6181,0.0000,2.2000,-179.9883,0.00815,0.0000,1.0000,0.0000,True,True
59.6303,0.0000,2.2000,-179.9928,0.00449,0.0000,1.0000,0.0000,True,True
59.6551,0.0000,2.2000,-180.0057,0.01289,0.0000,1.0000,0.0000,True,True
59.6691,0.0000,2.2000,-180.0142,0.00858,0.0000,1.0000,0.0000,True,True
59.6966,0.0000,2.2001,-180.0375,0.02330,0.0000,1.0000,0.0000,True,True
59.7100,0.0000,2.2001,-180.0506,0.01303,0.0000,1.0000,0.0000,True,True
59.7354,0.0000,2.2001,-180.0785,0.02795,0.0000,1.0000,0.0000,True,True
59.7481,0.0000,2.2001,-180.0948,0.01627,0.0000,1.0000,0.0000,True,True
59.7653,0.0000,2.2002,-180.1182,0.02338,0.0000,1.0000,0.0000,True,True
59.7883,0.0000,2.2002,-180.1534,0.03525,0.0000,1.0000,0.0000,True,True
59.8019,0.0000,2.2002,-180.1749,0.02144,0.0000,1.0000,0.0000,True,True
59.8312,0.0000,2.2003,-180.2291,0.05425,0.0000,1.0000,0.0000,True,True
59.8442,0.0000,2.2003,-180.2552,0.02609,0.0000,1.0000,0.0000,True,True
59.8627,0.0000,2.2004,-180.2936,0.03842,0.0000,1.0000,0.0000,True,True
59.8766,0.0000,2.2004,-180.3234,0.02977,0.0000,1.0000,0.0000,True,True
59.9063,0.0000,2.2005,-180.3934,0.07005,0.0000,1.0000,0.0000,True,True
59.9186,0.0000,2.2006,-180.4267,0.03326,0.0000,1.0000,0.0000,True,True
59.9374,0.0000,2.2006,-180.4762,0.04947,0.0000,1.0000,0.0000,True,True
59.9518,0.0000,2.2007,-180.5138,0.03761,0.0000,1.0000,0.0000,True,True
59.9834,0.0000,2.2011,-180.6100,0.09622,0.0000,1.0000,0.0000,True,True
59.9957,0.0000,2.2013,-180.6488,0.03876,0.0000,1.0000,0.0000,True,True
60.0268,0.0000,2.2017,-180.7500,0.10120,0.0000,1.0000,0.0000,True,True
60.0402,0.0000,2.2019,-180.7975,0.04756,0.0000,1.0000,0.0000,True,True
60.0665,0.0000,2.2023,-180.8921,0.09462,0.0000,1.0000,0.0000,True,True
60.0788,0.0000,2.2024,-180.9380,0.04584,0.0000,1.0000,0.0000,True,True
60.0972,0.0000,2.2028,-181.0091,0.07109,0.0000,1.0000,0.0000,True,True
60.1194,0.0000,2.2033,-181.0966,0.08753,0.0000,1.0000,0.0000,True,True
60.1324,0.0000,2.2037,-181.1511,0.05448,0.0000,1.0000,0.0000,True,True
60.1629,0.0000,2.2046,-181.2813,0.13021,0.0000,1.0000,0.0000,True,True
60.1834,0.0000,2.2052,-181.3743,0.09305,0.0000,1.0000,0.0000,True,True
60.1948,0.0000,2.2056,-181.4278,0.05345,0.0000,1.0000,0.0000,True,True
60.2247,0.0000,2.2067,-181.5717,0.14391,0.0000,1.0000,0.0000,True,True
60.2369,0.0000,2.2073,-181.6313,0.05959,0.0000,1.0000,0.0000,True,True
60.2585,0.0000,2.2083,-181.7389,0.10767,0.0000,1.0000,0.0000,True,True
60.2835,0.0000,2.2095,-181.8694,0.13053,0.0000,1.0000,0.0000,True,True
60.2948,0.0000,2.2101,-181.9314,0.06192,0.0000,1.0000,0.0000,True,True
60.3157,0.0000,2.2112,-182.0426,0.11129,0.0000,1.0000,0.0000,True,True
60.3276,0.0000,2.2120,-182.1082,0.06559,0.0000,1.0000,0.0000,True,True
60.3569,0.0000,2.2139,-182.2639,0.15570,0.0000,1.0000,0.0000,True,True
60.3774,0.0000,2.2152,-182.3749,0.11102,0.0000,1.0000,0.0000,True,True
60.3884,0.0000,2.2159,-182.4366,0.06171,0.0000,1.0000,0.0000,True,True
60.4079,0.0000,2.2173,-182.5406,0.10395,0.0000,1.0000,0.0000,True,True
60.4216,0.0000,2.2183,-182.6133,0.07278,0.0000,1.0000,0.0000,True,True
60.4504,0.0000,2.2206,-182.7691,0.15578,0.0000,1.0000,0.0000,True,True
60.4632,0.0000,2.2217,-182.8407,0.07163,0.0000,1.0000,0.0000,True,True
60.4870,0.0000,2.2235,-182.9692,0.12848,0.0000,1.0000,0.0000,True,True
60.5069,0.0000,2.2253,-183.0764,0.10725,0.0000,1.0000,0.0000,True,True
60.5224,0.0000,2.2267,-183.1568,0.08040,0.0000,1.0000,0.0000,True,True
60.5415,0.0000,2.2284,-183.2616,0.10475,0.0000,1.0000,0.0000,True,True
60.5598,0.0000,2.2302,-183.3621,0.10054,0.0000,1.0000,0.0000,True,True
60.5739,0.0000,2.2314,-183.4358,0.07374,0.0000,1.0000,0.0000,True,True
60.5934,0.0000,2.2334,-183.5427,0.10691,0.0000,1.0000,0.0000,True,True
60.6166,0.0000,2.2359,-183.6686,0.12597,0.0000,1.0000,0.0000,True,True
60.6295,0.0000,2.2372,-183.7379,0.06930,0.0000,1.0000,0.0000,True,True
60.6615,0.0000,2.2406,-183.9082,0.17026,0.0000,1.0000,0.0000,True,True
60.6750,0.0000,2.2420,-183.9819,0.07381,0.0000,1.0000,0.0000,True,True
60.7028,0.0000,2.2453,-184.1319,0.15003,0.0000,1.0000,0.0000,True,True
60.7154,0.0000,2.2468,-184.2012,0.06929,0.0000,1.0000,0.0000,True,True
60.7378,0.0000,2.2494,-184.3167,0.11548,0.0000,1.0000,0.0000,True,True
60.7508,0.0000,2.2509,-184.3837,0.06705,0.0000,1.0000,0.0000,True,True
60.7747,0.0000,2.2535,-184.5011,0.11743,0.0000,1.0000,0.0000,True,True
60.7879,0.0000,2.2551,-184.5656,0.06453,0.0000,1.0000,0.0000,True,True
60.8118,0.0000,2.2578,-184.6758,0.11026,0.0000,1.0000,0.0000,True,True
60.8310,0.0000,2.2600,-184.7630,0.08722,0.0000,1.0000,0.0000,True,True
60.8451,0.0000,2.2615,-184.8235,0.06053,0.0000,1.0000,0.0000,True,True
60.8639,0.0000,2.2635,-184.9051,0.08154,0.0000,1.0000,0.0000,True,True
60.8834,0.0000,2.2655,-184.9850,0.07997,0.0000,1.0000,0.0000,True,True
60.8957,0.0000,2.2668,-185.0344,0.04941,0.0000,1.0000,0.0000,True,True
60.9274,0.0000,2.2701,-185.1556,0.12126,0.0000,1.0000,0.0000,True,True
60.9403,0.0000,2.2714,-185.2038,0.04822,0.0000,1.0000,0.0000,True,True
60.9496,0.0000,2.2723,-185.2376,0.03384,0.0000,1.0000,0.0000,True,True
60.9639,0.0000,2.2737,-185.2883,0.05069,0.0000,1.0000,0.0000,True,True
60.9731,0.0000,2.2745,-185.3200,0.03167,0.0000,1.0000,0.0000,True,True
60.9903,0.0000,2.2761,-185.3774,0.05741,0.0000,1.0000,0.0000,True,True
60.9985,0.0000,2.2768,-185.4045,0.02717,0.0000,1.0000,0.0000,True,True
61.0245,0.0000,2.2790,-185.4842,0.07973,0.0000,1.0000,0.0000,True,True
61.0495,0.0000,2.2811,-185.5570,0.07285,0.0000,1.0000,0.0000,True,True
61.0580,0.0000,2.2818,-185.5813,0.02424,0.0000,1.0000,0.0000,True,True
61.0828,0.0000,2.2838,-185.6466,0.06535,0.0000,1.0000,0.0000,True,True
61.0911,0.0000,2.2844,-185.6684,0.02178,0.0000,1.0000,0.0000,True,True
61.1078,0.0000,2.2856,-185.7092,0.04087,0.0000,1.0000,0.0000,True,True
61.1328,0.0000,2.2873,-185.7664,0.05720,0.0000,1.0000,0.0000,True,True
61.1420,0.0000,2.2879,-185.7867,0.02029,0.0000,1.0000,0.0000,True,True
61.1661,0.0000,2.2894,-185.8351,0.04850,0.0000,1.0000,0.0000,True,True
61.1743,0.0000,2.2899,-185.8516,0.01646,0.0000,1.0000,0.0000,True,True
61.1911,0.0000,2.2908,-185.8822,0.03061,0.0000,1.0000,0.0000,True,True
61.1993,0.0000,2.2912,-185.8969,0.01476,0.0000,1.0000,0.0000,True,True
61.2211,0.0000,2.2922,-185.9320,0.03508,0.0000,1.0000,0.0000,True,True
61.2380,0.0000,2.2930,-185.9572,0.02520,0.0000,1.0000,0.0000,True,True
61.2477,0.0000,2.2934,-185.9709,0.01375,0.0000,1.0000,0.0000,True,True
61.2668,0.0000,2.2941,-185.9950,0.02409,0.0000,1.0000,0.0000,True,True
61.2750,0.0000,2.2941,-185.9950,0.00000,0.0000,1.0000,0.0000,True,True
61.2917,0.0000,2.2942,-185.9971,0.00209,0.0000,1.0000,0.0000,True,True
61.2999,0.0000,2.2942,-185.9987,0.00156,0.0000,1.0000,0.0000,True,True
61.3169,0.0000,2.2944,-186.0040,0.00530,0.0000,1.0000,0.0000,True,True
61.3383,0.0000,2.2947,-186.0141,0.01017,0.0000,1.0000,0.0000,True,True
61.3475,0.0000,2.2949,-186.0191,0.00501,0.0000,1.0000,0.0000,True,True
61.3668,0.0000,2.2953,-186.0323,0.01318,0.0000,1.0000,0.0000,True,True
61.3749,0.0000,2.2955,-186.0385,0.00623,0.0000,1.0000,0.0000,True,True
61.3920,0.0000,2.2960,-186.0534,0.01492,0.0000,1.0000,0.0000,True,True
61.4004,0.0000,2.2962,-186.0614,0.00794,0.0000,1.0000,0.0000,True,True
61.4217,0.0000,2.2970,-186.0847,0.02336,0.0000,1.0000,0.0000,True,True
61.4391,0.0000,2.2977,-186.1061,0.02142,0.0000,1.0000,0.0000,True,True
61.4474,0.0000,2.2980,-186.1169,0.01081,0.0000,1.0000,0.0000,True,True
61.4668,0.0000,2.2989,-186.1447,0.02779,0.0000,1.0000,0.0000,True,True
61.4750,0.0000,2.2993,-186.1570,0.01234,0.0000,1.0000,0.0000,True,True
61.4917,0.0000,2.3002,-186.1841,0.02707,0.0000,1.0000,0.0000,True,True
61.5000,0.0000,2.3006,-186.1981,0.01401,0.0000,1.0000,0.0000,True,True
61.5169,0.0000,2.3016,-186.2285,0.03038,0.0000,1.0000,0.0000,True,True
61.5335,0.0000,2.3026,-186.2608,0.03235,0.0000,1.0000,0.0000,True,True
61.5419,0.0000,2.3032,-186.2777,0.01688,0.0000,1.0000,0.0000,True,True
61.5634,0.0000,2.3047,-186.3243,0.04662,0.0000,1.0000,0.0000,True,True
61.5721,0.0000,2.3053,-186.3433,0.01905,0.0000,1.0000,0.0000,True,True
61.5853,0.0000,2.3063,-186.3742,0.03093,0.0000,1.0000,0.0000,True,True
61.5938,0.0000,2.3069,-186.3945,0.02029,0.0000,1.0000,0.0000,True,True
61.6170,0.0000,2.3088,-186.4537,0.05923,0.0000,1.0000,0.0000,True,True
61.6343,0.0000,2.3103,-186.5004,0.04670,0.0000,1.0000,0.0000,True,True
61.6443,0.0000,2.3112,-186.5274,0.02699,0.0000,1.0000,0.0000,True,True
61.6580,0.0000,2.3126,-186.5674,0.04011,0.0000,1.0000,0.0000,True,True
61.6789,0.0000,2.3148,-186.6305,0.06309,0.0000,1.0000,0.0000,True,True
61.6882,0.0000,2.3158,-186.6593,0.02878,0.0000,1.0000,0.0000,True,True
61.7036,0.0000,2.3175,-186.7089,0.04968,0.0000,1.0000,0.0000,True,True
61.7124,0.0000,2.3185,-186.7377,0.02886,0.0000,1.0000,0.0000,True,True
61.7257,0.0000,2.3200,-186.7820,0.04428,0.0000,1.0000,0.0000,True,True
61.7460,0.0000,2.3225,-186.8541,0.07219,0.0000,1.0000,0.0000,True,True
61.7555,0.0000,2.3237,-186.8873,0.03318,0.0000,1.0000,0.0000,True,True
61.7741,0.0000,2.3261,-186.9579,0.07060,0.0000,1.0000,0.0000,True,True
61.7826,0.0000,2.3272,-186.9897,0.03182,0.0000,1.0000,0.0000,True,True
61.7992,0.0000,2.3296,-187.0548,0.06523,0.0000,1.0000,0.0000,True,True
61.8076,0.0000,2.3308,-187.0890,0.03417,0.0000,1.0000,0.0000,True,True
61.8328,0.0000,2.3347,-187.1939,0.10495,0.0000,1.0000,0.0000,True,True
61.8581,0.0000,2.3388,-187.3040,0.11017,0.0000,1.0000,0.0000,True,True
61.8678,0.0000,2.3404,-187.3479,0.04393,0.0000,1.0000,0.0000,True,True
61.8831,0.0000,2.3429,-187.4169,0.06908,0.0000,1.0000,0.0000,True,True
61.8920,0.0000,2.3445,-187.4587,0.04185,0.0000,1.0000,0.0000,True,True
61.9163,0.0000,2.3489,-187.5740,0.11540,0.0000,1.0000,0.0000,True,True
61.9248,0.0000,2.3506,-187.6167,0.04270,0.0000,1.0000,0.0000,True,True
61.9420,0.0000,2.3539,-187.7017,0.08510,0.0000,1.0000,0.0000,True,True
61.9631,0.0000,2.3582,-187.8112,0.10960,0.0000,1.0000,0.0000,True,True
61.9720,0.0000,2.3600,-187.8577,0.04650,0.0000,1.0000,0.0000,True,True
61.9913,0.0000,2.3641,-187.9610,0.10337,0.0000,1.0000,0.0000,True,True
61.9996,0.0000,2.3659,-188.0057,0.04471,0.0000,1.0000,0.0000,True,True
62.0164,0.0000,2.3696,-188.0957,0.09009,0.0000,1.0000,0.0000,True,True
62.0244,0.0000,2.3715,-188.1401,0.04450,0.0000,1.0000,0.0000,True,True
62.0413,0.0000,2.3752,-188.2301,0.09007,0.0000,1.0000,0.0000,True,True
62.0579,0.0000,2.3790,-188.3202,0.09010,0.0000,1.0000,0.0000,True,True
62.0664,0.0000,2.3809,-188.3667,0.04655,0.0000,1.0000,0.0000,True,True
62.0876,0.0000,2.3856,-188.4804,0.11387,0.0000,1.0000,0.0000,True,True
62.0963,0.0000,2.3876,-188.5276,0.04719,0.0000,1.0000,0.0000,True,True
62.1138,0.0000,2.3918,-188.6219,0.09444,0.0000,1.0000,0.0000,True,True
62.1230,0.0000,2.3940,-188.6714,0.04955,0.0000,1.0000,0.0000,True,True
62.1421,0.0000,2.3985,-188.7749,0.10352,0.0000,1.0000,0.0000,True,True
62.1588,0.0000,2.4024,-188.8643,0.08956,0.0000,1.0000,0.0000,True,True
62.1669,0.0000,2.4044,-188.9090,0.04474,0.0000,1.0000,0.0000,True,True
62.1843,0.0000,2.4085,-189.0011,0.09213,0.0000,1.0000,0.0000,True,True
62.2056,0.0000,2.4138,-189.1176,0.11664,0.0000,1.0000,0.0000,True,True
62.2158,0.0000,2.4162,-189.1677,0.05016,0.0000,1.0000,0.0000,True,True
62.2337,0.0000,2.4208,-189.2688,0.10126,0.0000,1.0000,0.0000,True,True
62.2420,0.0000,2.4229,-189.3135,0.04469,0.0000,1.0000,0.0000,True,True
62.2589,0.0000,2.4271,-189.4045,0.09115,0.0000,1.0000,0.0000,True,True
62.2758,0.0000,2.4314,-189.4962,0.09177,0.0000,1.0000,0.0000,True,True
62.2972,0.0000,2.4369,-189.6115,0.11538,0.0000,1.0000,0.0000,True,True
62.3065,0.0000,2.4393,-189.6608,0.04937,0.0000,1.0000,0.0000,True,True
62.3234,0.0000,2.4438,-189.7524,0.09175,0.0000,1.0000,0.0000,True,True
62.3337,0.0000,2.4463,-189.8053,0.05296,0.0000,1.0000,0.0000,True,True
62.3605,0.0000,2.4535,-189.9520,0.14689,0.0000,1.0000,0.0000,True,True
62.3774,0.0000,2.4579,-190.0423,0.09032,0.0000,1.0000,0.0000,True,True
62.3866,0.0000,2.4605,-190.0936,0.05144,0.0000,1.0000,0.0000,True,True
62.4104,0.0000,2.4670,-190.2204,0.12698,0.0000,1.0000,0.0000,True,True
62.4186,0.0000,2.4692,-190.2644,0.04399,0.0000,1.0000,0.0000,True,True
62.4357,0.0000,2.4737,-190.3523,0.08805,0.0000,0.9999,0.0001,True,True
62.4449,0.0000,2.4761,-190.3995,0.04724,0.0000,0.9999,0.0001,True,True
62.4668,0.0000,2.4815,-190.5067,0.10739,0.0000,0.9998,0.0002,True,True
62.4853,0.0000,2.4863,-190.5960,0.08942,0.0000,0.9997,0.0003,True,True
62.4938,0.0000,2.4884,-190.6363,0.04028,0.0000,0.9997,0.0003,True,True
62.5157,0.0000,2.4937,-190.7357,0.09960,0.0000,0.9996,0.0004,True,True
62.5250,0.0000,2.4959,-190.7779,0.04225,0.0000,0.9996,0.0004,True,True
62.5438,0.0000,2.5002,-190.8596,0.08183,0.0000,0.9995,0.0005,True,True
62.5520,0.0000,2.5021,-190.8947,0.03514,0.0000,0.9994,0.0006,True,True
62.5737,0.0000,2.5069,-190.9846,0.08999,0.0000,0.9993,0.0007,True,True
62.5937,0.0000,2.5112,-191.0640,0.07957,0.0000,0.9992,0.0008,True,True
62.6019,0.0000,2.5130,-191.0964,0.03241,0.0000,0.9992,0.0008,True,True
62.6187,0.0000,2.5165,-191.1597,0.06345,0.0000,0.9991,0.0009,True,True
62.6270,0.0000,2.5182,-191.1909,0.03116,0.0000,0.9990,0.0010,True,True
62.6437,0.0000,2.5215,-191.2508,0.06001,0.0000,0.9989,0.0011,True,True
62.6530,0.0000,2.5233,-191.2836,0.03286,0.0000,0.9988,0.0012,True,True
62.6748,0.0000,2.5274,-191.3571,0.07358,0.0000,0.9987,0.0013,True,True
62.6938,0.0000,2.5308,-191.4187,0.06169,0.0000,0.9986,0.0014,True,True
62.7021,0.0000,2.5322,-191.4447,0.02612,0.0000,0.9985,0.0015,True,True
62.7244,0.0000,2.5360,-191.5116,0.06700,0.0000,0.9984,0.0016,True,True
62.7338,0.0000,2.5375,-191.5387,0.02713,0.0000,0.9983,0.0017,True,True
62.7524,0.0000,2.5405,-191.5905,0.05190,0.0000,0.9982,0.0018,True,True
62.7612,0.0000,2.5419,-191.6148,0.02427,0.0000,0.9982,0.0018,True,True
62.7922,0.0000,2.5463,-191.6912,0.07659,0.0000,0.9980,0.0020,True,True
62.8122,0.0000,2.5490,-191.7386,0.04746,0.0000,0.9979,0.0021,True,True
62.8201,0.0000,2.5500,-191.7568,0.01825,0.0000,0.9978,0.0022,True,True
62.8508,0.0000,2.5536,-191.8196,0.06292,0.0000,0.9977,0.0023,True,True
62.8619,0.0000,2.5549,-191.8413,0.02167,0.0000,0.9976,0.0024,True,True
62.8808,0.0000,2.5569,-191.8759,0.03465,0.0000,0.9975,0.0025,True,True
62.8970,0.0000,2.5585,-191.9035,0.02768,0.0000,0.9975,0.0025,True,True
62.9226,0.0000,2.5607,-191.9420,0.03856,0.0000,0.9974,0.0026,True,True
62.9309,0.0000,2.5614,-191.9543,0.01236,0.0000,0.9973,0.0027,True,True
62.9488,0.0000,2.5627,-191.9777,0.02343,0.0000,0.9973,0.0027,True,True
62.9579,0.0000,2.5627,-191.9777,0.00000,0.0000,0.9973,0.0027,True,True
62.9724,0.0000,2.5628,-191.9793,0.00156,0.0000,0.9973,0.0027,True,True
62.9941,0.0000,2.5632,-191.9852,0.00591,0.0000,0.9973,0.0027,True,True
63.0141,0.0000,2.5636,-191.9936,0.00839,0.0000,0.9972,0.0028,True,True
63.0224,0.0000,2.5639,-191.9976,0.00402,0.0000,0.9972,0.0028,True,True
63.0399,0.0000,2.5645,-192.0083,0.01075,0.0000,0.9972,0.0028,True,True
63.0489,0.0000,2.5649,-192.0145,0.00618,0.0000,0.9972,0.0028,True,True
63.0731,0.0000,2.5661,-192.0352,0.02079,0.0000,0.9971,0.0029,True,True
63.0819,0.0000,2.5666,-192.0434,0.00822,0.0000,0.9971,0.0029,True,True
63.1058,0.0000,2.5682,-192.0698,0.02638,0.0000,0.9970,0.0030,True,True
63.1227,0.0000,2.5694,-192.0907,0.02097,0.0000,0.9970,0.0030,True,True
63.1448,0.0000,2.5712,-192.1216,0.03095,0.0000,0.9969,0.0031,True,True
63.1544,0.0000,2.5721,-192.1356,0.01403,0.0000,0.9968,0.0032,True,True
63.1730,0.0000,2.5739,-192.1655,0.02996,0.0000,0.9967,0.0033,True,True
63.1812,0.0000,2.5747,-192.1795,0.01403,0.0000,0.9967,0.0033,True,True
63.2037,0.0000,2.5772,-192.2207,0.04126,0.0000,0.9966,0.0034,True,True
63.2231,0.0000,2.5794,-192.2590,0.03840,0.0000,0.9965,0.0035,True,True
63.2312,0.0000,2.5804,-192.2760,0.01694,0.0000,0.9964,0.0036,True,True
63.2531,0.0000,2.5833,-192.3242,0.04833,0.0000,0.9963,0.0037,True,True
63.2628,0.0000,2.5846,-192.3461,0.02198,0.0000,0.9962,0.0038,True,True
63.2818,0.0000,2.5874,-192.3925,0.04639,0.0000,0.9960,0.0040,True,True
63.2905,0.0000,2.5887,-192.4142,0.02181,0.0000,0.9960,0.0040,True,True
63.3126,0.0000,2.5922,-192.4728,0.05870,0.0000,0.9958,0.0042,True,True
63.3318,0.0000,2.5954,-192.5265,0.05381,0.0000,0.9956,0.0044,True,True
63.3402,0.0000,2.5969,-192.5506,0.02412,0.0000,0.9955,0.0045,True,True
63.3629,0.0000,2.6011,-192.6192,0.06875,0.0000,0.9953,0.0047,True,True
63.3721,0.0000,2.6029,-192.6474,0.02825,0.0000,0.9952,0.0048,True,True
63.3906,0.0000,2.6066,-192.7076,0.06031,0.0000,0.9949,0.0051,True,True
63.3991,0.0000,2.6084,-192.7361,0.02854,0.0000,0.9948,0.0052,True,True
63.4210,0.0000,2.6130,-192.8113,0.07532,0.0000,0.9945,0.0055,True,True
63.4389,0.0000,2.6170,-192.8765,0.06532,0.0000,0.9943,0.0057,True,True
63.4485,0.0000,2.6192,-192.9111,0.03470,0.0000,0.9942,0.0058,True,True
63.4672,0.0000,2.6236,-192.9825,0.07149,0.0000,0.9939,0.0061,True,True
63.4760,0.0000,2.6258,-193.0173,0.03484,0.0000,0.9937,0.0063,True,True
63.5007,0.0000,2.6321,-193.1164,0.09931,0.0000,0.9933,0.0067,True,True
63.5087,0.0000,2.6343,-193.1504,0.03408,0.0000,0.9932,0.0068,True,True
63.5255,0.0000,2.6388,-193.2218,0.07162,0.0000,0.9929,0.0071,True,True
63.5478,0.0000,2.6451,-193.3201,0.09845,0.0000,0.9924,0.0076,True,True
63.5569,0.0000,2.6477,-193.3604,0.04043,0.0000,0.9923,0.0077,True,True
63.5757,0.0000,2.6532,-193.4470,0.08675,0.0000,0.9919,0.0081,True,True
63.5844,0.0000,2.6559,-193.4887,0.04179,0.0000,0.9917,0.0083,True,True
63.6066,0.0000,2.6629,-193.5958,0.10732,0.0000,0.9912,0.0088,True,True
63.6160,0.0000,2.6659,-193.6421,0.04637,0.0000,0.9909,0.0091,True,True
63.6347,0.0000,2.6722,-193.7365,0.09463,0.0000,0.9905,0.0095,True,True
63.6522,0.0000,2.6781,-193.8260,0.08966,0.0000,0.9900,0.0100,True,True
63.6611,0.0000,2.6813,-193.8746,0.04877,0.0000,0.9898,0.0102,True,True
63.6846,0.0000,2.6896,-194.0012,0.12685,0.0000,0.9891,0.0109,True,True
63.6928,0.0000,2.6927,-194.0458,0.04475,0.0000,0.9889,0.0111,True,True
63.7151,0.0000,2.7008,-194.1657,0.12015,0.0000,0.9882,0.0118,True,True
63.7249,0.0000,2.7044,-194.2184,0.05281,0.0000,0.9879,0.0121,True,True
63.7436,0.0000,2.7112,-194.3190,0.10088,0.0000,0.9873,0.0127,True,True
63.7608,0.0000,2.7175,-194.4113,0.09244,0.0000,0.9868,0.0132,True,True
63.7699,0.0000,2.7209,-194.4612,0.05000,0.0000,0.9865,0.0135,True,True
63.7918,0.0000,2.7290,-194.5781,0.11724,0.0000,0.9858,0.0142,True,True
63.8011,0.0000,2.7326,-194.6286,0.05063,0.0000,0.9855,0.0145,True,True
63.8197,0.0000,2.7396,-194.7288,0.10045,0.0000,0.9849,0.0151,True,True
63.8278,0.0000,2.7427,-194.7733,0.04459,0.0000,0.9846,0.0154,True,True
63.8504,0.0000,2.7512,-194.8945,0.12150,0.0000,0.9838,0.0162,True,True
63.8697,0.0000,2.7585,-194.9982,0.10395,0.0000,0.9832,0.0168,True,True
63.8778,0.0000,2.7617,-195.0426,0.04456,0.0000,0.9829,0.0171,True,True
63.9000,0.0000,2.7703,-195.1617,0.11937,0.0000,0.9821,0.0179,True,True
63.9103,0.0000,2.7741,-195.2144,0.05281,0.0000,0.9817,0.0183,True,True
63.9283,0.0000,2.7812,-195.3140,0.09988,0.0000,0.9810,0.0190,True,True
63.9366,0.0000,2.7845,-195.3590,0.04508,0.0000,0.9807,0.0193,True,True
63.9549,0.0000,2.7915,-195.4558,0.09707,0.0000,0.9800,0.0200,True,True
63.9702,0.0000,2.7975,-195.5387,0.08311,0.0000,0.9795,0.0205,True,True
63.9787,0.0000,2.8010,-195.5858,0.04720,0.0000,0.9791,0.0209,True,True
64.0033,0.0000,2.8108,-195.7179,0.13253,0.0000,0.9781,0.0219,True,True
64.0116,0.0000,2.8141,-195.7625,0.04471,0.0000,0.9778,0.0222,True,True
64.0367,0.0000,2.8241,-195.8974,0.13523,0.0000,0.9768,0.0232,True,True
64.0448,0.0000,2.8274,-195.9420,0.04475,0.0000,0.9765,0.0235,True,True
64.0616,0.0000,2.8341,-196.0320,0.09025,0.0000,0.9758,0.0242,True,True
64.0866,0.0000,2.8444,-196.1667,0.13505,0.0000,0.9747,0.0253,True,True
64.0949,0.0000,2.8477,-196.2108,0.04424,0.0000,0.9744,0.0256,True,True
64.1171,0.0000,2.8565,-196.3259,0.11549,0.0000,0.9734,0.0266,True,True
64.1268,0.0000,2.8603,-196.3755,0.04977,0.0000,0.9730,0.0270,True,True
64.1454,0.0000,2.8673,-196.4680,0.09269,0.0000,0.9723,0.0277,True,True
64.1542,0.0000,2.8706,-196.5114,0.04352,0.0000,0.9719,0.0281,True,True
64.1790,0.0000,2.8798,-196.6287,0.11770,0.0000,0.9709,0.0291,True,True
64.1965,0.0000,2.8861,-196.7091,0.08060,0.0000,0.9702,0.0298,True,True
64.2055,0.0000,2.8893,-196.7501,0.04117,0.0000,0.9699,0.0301,True,True
64.2210,0.0000,2.8945,-196.8172,0.06731,0.0000,0.9693,0.0307,True,True
64.2299,0.0000,2.8976,-196.8572,0.04013,0.0000,0.9690,0.0310,True,True
64.2540,0.0000,2.9055,-196.9577,0.10077,0.0000,0.9681,0.0319,True,True
64.2624,0.0000,2.9082,-196.9919,0.03427,0.0000,0.9678,0.0322,True,True
64.2841,0.0000,2.9150,-197.0779,0.08633,0.0000,0.9670,0.0330,True,True
64.2974,0.0000,2.9191,-197.1288,0.05108,0.0000,0.9666,0.0334,True,True
64.3125,0.0000,2.9236,-197.1847,0.05609,0.0000,0.9660,0.0340,True,True
64.3208,0.0000,2.9261,-197.2161,0.03143,0.0000,0.9658,0.0342,True,True
64.3422,0.0000,2.9321,-197.2908,0.07499,0.0000,0.9651,0.0349,True,True
64.3514,0.0000,2.9346,-197.3226,0.03189,0.0000,0.9648,0.0352,True,True
64.3706,0.0000,2.9397,-197.3860,0.06363,0.0000,0.9642,0.0358,True,True
64.3789,0.0000,2.9418,-197.4129,0.02697,0.0000,0.9639,0.0361,True,True
64.3958,0.0000,2.9460,-197.4653,0.05255,0.0000,0.9635,0.0365,True,True
64.4175,0.0000,2.9512,-197.5291,0.06405,0.0000,0.9629,0.0371,True,True
64.4264,0.0000,2.9533,-197.5546,0.02558,0.0000,0.9626,0.0374,True,True
64.4457,0.0000,2.9576,-197.6076,0.05313,0.0000,0.9621,0.0379,True,True
64.4539,0.0000,2.9594,-197.6297,0.02220,0.0000,0.9619,0.0381,True,True
64.4751,0.0000,2.9638,-197.6829,0.05334,0.0000,0.9614,0.0386,True,True
64.4843,0.0000,2.9656,-197.7054,0.02255,0.0000,0.9612,0.0388,True,True
64.5041,0.0000,2.9693,-197.7509,0.04565,0.0000,0.9607,0.0393,True,True
64.5207,0.0000,2.9723,-197.7869,0.03621,0.0000,0.9604,0.0396,True,True
64.5290,0.0000,2.9738,-197.8047,0.01787,0.0000,0.9602,0.0398,True,True
64.5510,0.0000,2.9772,-197.8474,0.04278,0.0000,0.9598,0.0402,True,True
64.5598,0.0000,2.9786,-197.8641,0.01676,0.0000,0.9596,0.0404,True,True
64.5791,0.0000,2.9814,-197.8976,0.03361,0.0000,0.9593,0.0407,True,True
64.5872,0.0000,2.9825,-197.9113,0.01373,0.0000,0.9592,0.0408,True,True
64.6041,0.0000,2.9846,-197.9374,0.02618,0.0000,0.9589,0.0411,True,True
64.6255,0.0000,2.9871,-197.9671,0.02988,0.0000,0.9586,0.0414,True,True
64.6348,0.0000,2.9881,-197.9794,0.01231,0.0000,0.9585,0.0415,True,True
64.6540,0.0000,2.9881,-197.9794,0.00000,0.0000,0.9585,0.0415,True,True
64.6624,0.0000,2.9881,-197.9799,0.00052,0.0000,0.9585,0.0415,True,True
64.6887,0.0000,2.9887,-197.9867,0.00680,0.0000,0.9584,0.0416,True,True
64.6984,0.0000,2.9889,-197.9900,0.00326,0.0000,0.9584,0.0416,True,True
64.7218,0.0000,2.9899,-198.0018,0.01183,0.0000,0.9583,0.0417,True,True
64.7468,0.0000,2.9913,-198.0190,0.01732,0.0000,0.9581,0.0419,True,True
64.7550,0.0000,2.9919,-198.0253,0.00626,0.0000,0.9580,0.0420,True,True
64.7783,0.0000,2.9937,-198.0466,0.02147,0.0000,0.9578,0.0422,True,True
64.7888,0.0000,2.9945,-198.0567,0.01014,0.0000,0.9577,0.0423,True,True
64.8126,0.0000,2.9969,-198.0857,0.02905,0.0000,0.9574,0.0426,True,True
64.8321,0.0000,2.9991,-198.1114,0.02582,0.0000,0.9572,0.0428,True,True
64.8416,0.0000,3.0002,-198.1249,0.01351,0.0000,0.9570,0.0430,True,True
64.8655,0.0000,3.0034,-198.1623,0.03756,0.0000,0.9567,0.0433,True,True
64.8736,0.0000,3.0045,-198.1758,0.01355,0.0000,0.9565,0.0435,True,True
64.8950,0.0000,3.0077,-198.2145,0.03882,0.0000,0.9561,0.0439,True,True
64.9041,0.0000,3.0091,-198.2313,0.01684,0.0000,0.9560,0.0440,True,True
64.9238,0.0000,3.0125,-198.2712,0.04003,0.0000,0.9555,0.0445,True,True
64.9405,0.0000,3.0155,-198.3067,0.03562,0.0000,0.9552,0.0448,True,True
64.9491,0.0000,3.0171,-198.3260,0.01937,0.0000,0.9550,0.0450,True,True
64.9713,0.0000,3.0215,-198.3782,0.05243,0.0000,0.9544,0.0456,True,True
64.9809,0.0000,3.0234,-198.4017,0.02353,0.0000,0.9542,0.0458,True,True
64.9995,0.0000,3.0274,-198.4497,0.04825,0.0000,0.9537,0.0463,True,True
65.0077,0.0000,3.0293,-198.4717,0.02203,0.0000,0.9535,0.0465,True,True
65.0300,0.0000,3.0346,-198.5341,0.06262,0.0000,0.9528,0.0472,True,True
65.0472,0.0000,3.0389,-198.5845,0.05065,0.0000,0.9523,0.0477,True,True
65.0567,0.0000,3.0413,-198.6126,0.02819,0.0000,0.9520,0.0480,True,True
65.0752,0.0000,3.0463,-198.6712,0.05875,0.0000,0.9514,0.0486,True,True
65.0840,0.0000,3.0488,-198.6999,0.02884,0.0000,0.9511,0.0489,True,True
65.1062,0.0000,3.0552,-198.7744,0.07474,0.0000,0.9503,0.0497,True,True
65.1154,0.0000,3.0579,-198.8063,0.03205,0.0000,0.9499,0.0501,True,True
65.1345,0.0000,3.0638,-198.8748,0.06873,0.0000,0.9492,0.0508,True,True
65.1518,0.0000,3.0693,-198.9388,0.06428,0.0000,0.9485,0.0515,True,True
65.1606,0.0000,3.0722,-198.9729,0.03415,0.0000,0.9481,0.0519,True,True
65.1845,0.0000,3.0804,-199.0672,0.09472,0.0000,0.9471,0.0529,True,True
65.1929,0.0000,3.0834,-199.1012,0.03411,0.0000,0.9467,0.0533,True,True
65.2099,0.0000,3.0895,-199.1716,0.07069,0.0000,0.9459,0.0541,True,True
65.2186,0.0000,3.0928,-199.2087,0.03722,0.0000,0.9455,0.0545,True,True
65.2409,0.0000,3.1012,-199.3048,0.09644,0.0000,0.9444,0.0556,True,True
65.2595,0.0000,3.1087,-199.3904,0.08598,0.0000,0.9434,0.0566,True,True
65.2677,0.0000,3.1120,-199.4283,0.03805,0.0000,0.9430,0.0570,True,True
65.2850,0.0000,3.1191,-199.5096,0.08157,0.0000,0.9421,0.0579,True,True
65.3074,0.0000,3.1288,-199.6182,0.10903,0.0000,0.9408,0.0592,True,True
65.3166,0.0000,3.1330,-199.6648,0.04680,0.0000,0.9402,0.0598,True,True
65.3355,0.0000,3.1415,-199.7603,0.09595,0.0000,0.9391,0.0609,True,True
65.3533,0.0000,3.1498,-199.8529,0.09294,0.0000,0.9380,0.0620,True,True
65.3618,0.0000,3.1539,-199.8987,0.04591,0.0000,0.9375,0.0625,True,True
65.3856,0.0000,3.1653,-200.0259,0.12775,0.0000,0.9360,0.0640,True,True
65.3938,0.0000,3.1694,-200.0706,0.04489,0.0000,0.9354,0.0646,True,True
65.4105,0.0000,3.1775,-200.1599,0.08966,0.0000,0.9343,0.0657,True,True
65.4192,0.0000,3.1819,-200.2078,0.04810,0.0000,0.9338,0.0662,True,True
65.4413,0.0000,3.1926,-200.3254,0.11809,0.0000,0.9323,0.0677,True,True
65.4606,0.0000,3.2021,-200.4293,0.10430,0.0000,0.9310,0.0690,True,True
65.4687,0.0000,3.2061,-200.4735,0.04442,0.0000,0.9305,0.0695,True,True
65.4900,0.0000,3.2167,-200.5878,0.11478,0.0000,0.9290,0.0710,True,True
65.4989,0.0000,3.2212,-200.6359,0.04832,0.0000,0.9284,0.0716,True,True
65.5188,0.0000,3.2311,-200.7431,0.10764,0.0000,0.9271,0.0729,True,True
65.5272,0.0000,3.2353,-200.7881,0.04522,0.0000,0.9265,0.0735,True,True
65.5439,0.0000,3.2437,-200.8776,0.08988,0.0000,0.9254,0.0746,True,True
65.5609,0.0000,3.2522,-200.9693,0.09209,0.0000,0.9242,0.0758,True,True
65.5700,0.0000,3.2567,-201.0180,0.04895,0.0000,0.9235,0.0765,True,True
65.5917,0.0000,3.2677,-201.1341,0.11658,0.0000,0.9220,0.0780,True,True
65.6008,0.0000,3.2724,-201.1837,0.04983,0.0000,0.9214,0.0786,True,True
65.6194,0.0000,3.2819,-201.2833,0.10010,0.0000,0.9201,0.0799,True,True
65.6277,0.0000,3.2861,-201.3285,0.04535,0.0000,0.9195,0.0805,True,True
65.6445,0.0000,3.2947,-201.4183,0.09020,0.0000,0.9183,0.0817,True,True
65.6663,0.0000,3.3058,-201.5358,0.11802,0.0000,0.9167,0.0833,True,True
65.6751,0.0000,3.3104,-201.5834,0.04781,0.0000,0.9160,0.0840,True,True
65.6944,0.0000,3.3204,-201.6863,0.10344,0.0000,0.9147,0.0853,True,True
65.7027,0.0000,3.3247,-201.7318,0.04564,0.0000,0.9140,0.0860,True,True
65.7242,0.0000,3.3358,-201.8468,0.11562,0.0000,0.9125,0.0875,True,True
65.7334,0.0000,3.3406,-201.8966,0.04994,0.0000,0.9118,0.0882,True,True
65.7526,0.0000,3.3506,-201.9999,0.10384,0.0000,0.9103,0.0897,True,True
65.7630,0.0000,3.3561,-202.0558,0.05612,0.0000,0.9096,0.0904,True,True
65.7776,0.0000,3.3638,-202.1342,0.07882,0.0000,0.9085,0.0915,True,True
65.7860,0.0000,3.3681,-202.1784,0.04439,0.0000,0.9078,0.0922,True,True
65.8034,0.0000,3.3771,-202.2697,0.09172,0.0000,0.9066,0.0934,True,True
65.8125,0.0000,3.3817,-202.3165,0.04709,0.0000,0.9059,0.0941,True,True
65.8360,0.0000,3.3933,-202.4348,0.11879,0.0000,0.9042,0.0958,True,True
65.8443,0.0000,3.3974,-202.4762,0.04163,0.0000,0.9036,0.0964,True,True
65.8611,0.0000,3.4054,-202.5571,0.08135,0.0000,0.9025,0.0975,True,True
65.8784,0.0000,3.4135,-202.6386,0.08189,0.0000,0.9013,0.0987,True,True
65.8869,0.0000,3.4176,-202.6788,0.04042,0.0000,0.9007,0.0993,True,True
65.9086,0.0000,3.4273,-202.7758,0.09748,0.0000,0.8993,0.1007,True,True
65.9181,0.0000,3.4314,-202.8172,0.04159,0.0000,0.8987,0.1013,True,True
65.9366,0.0000,3.4394,-202.8970,0.08020,0.0000,0.8975,0.1025,True,True
65.9448,0.0000,3.4428,-202.9320,0.03515,0.0000,0.8970,0.1030,True,True
65.9667,0.0000,3.4517,-203.0207,0.08919,0.0000,0.8957,0.1043,True,True
65.9841,0.0000,3.4587,-203.0891,0.06871,0.0000,0.8947,0.1053,True,True
65.9937,0.0000,3.4624,-203.1254,0.03653,0.0000,0.8941,0.1059,True,True
66.0125,0.0000,3.4695,-203.1957,0.07066,0.0000,0.8931,0.1069,True,True
66.0208,0.0000,3.4726,-203.2262,0.03061,0.0000,0.8926,0.1074,True,True
66.0422,0.0000,3.4802,-203.3011,0.07534,0.0000,0.8915,0.1085,True,True
66.0517,0.0000,3.4834,-203.3328,0.03178,0.0000,0.8910,0.1090,True,True
66.0688,0.0000,3.4892,-203.3896,0.05718,0.0000,0.8902,0.1098,True,True
66.0878,0.0000,3.4953,-203.4497,0.06037,0.0000,0.8893,0.1107,True,True
66.0966,0.0000,3.4980,-203.4767,0.02709,0.0000,0.8889,0.1111,True,True
66.1139,0.0000,3.5033,-203.5278,0.05145,0.0000,0.8881,0.1119,True,True
66.1226,0.0000,3.5059,-203.5534,0.02566,0.0000,0.8877,0.1123,True,True
66.1462,0.0000,3.5125,-203.6173,0.06432,0.0000,0.8867,0.1133,True,True
66.1544,0.0000,3.5148,-203.6394,0.02215,0.0000,0.8864,0.1136,True,True
66.1712,0.0000,3.5192,-203.6816,0.04249,0.0000,0.8857,0.1143,True,True
66.1929,0.0000,3.5245,-203.7333,0.05197,0.0000,0.8849,0.1151,True,True
66.2016,0.0000,3.5266,-203.7536,0.02036,0.0000,0.8846,0.1154,True,True
66.2214,0.0000,3.5309,-203.7956,0.04222,0.0000,0.8840,0.1160,True,True
66.2294,0.0000,3.5327,-203.8130,0.01747,0.0000,0.8837,0.1163,True,True
66.2462,0.0000,3.5361,-203.8460,0.03321,0.0000,0.8832,0.1168,True,True
66.2547,0.0000,3.5378,-203.8624,0.01647,0.0000,0.8830,0.1170,True,True
66.2767,0.0000,3.5417,-203.9006,0.03843,0.0000,0.8824,0.1176,True,True
66.2963,0.0000,3.5450,-203.9319,0.03143,0.0000,0.8819,0.1181,True,True
66.3045,0.0000,3.5463,-203.9447,0.01290,0.0000,0.8817,0.1183,True,True
66.3212,0.0000,3.5487,-203.9682,0.02367,0.0000,0.8813,0.1187,True,True
66.3294,0.0000,3.5499,-203.9794,0.01124,0.0000,0.8811,0.1189,True,True
66.3544,0.0000,3.5499,-203.9794,0.00000,0.0000,0.8811,0.1189,True,True
66.3629,0.0000,3.5499,-203.9799,0.00052,0.0000,0.8811,0.1189,True,True
66.3878,0.0000,3.5506,-203.9861,0.00621,0.0000,0.8810,0.1190,True,True
66.4049,0.0000,3.5512,-203.9925,0.00643,0.0000,0.8809,0.1191,True,True
66.4142,0.0000,3.5517,-203.9967,0.00417,0.0000,0.8809,0.1191,True,True
66.4351,0.0000,3.5530,-204.0093,0.01267,0.0000,0.8807,0.1193,True,True
66.4443,0.0000,3.5536,-204.0153,0.00606,0.0000,0.8806,0.1194,True,True
66.4634,0.0000,3.5552,-204.0307,0.01551,0.0000,0.8803,0.1197,True,True
66.4717,0.0000,3.5560,-204.0380,0.00733,0.0000,0.8802,0.1198,True,True
66.4884,0.0000,3.5577,-204.0545,0.01659,0.0000,0.8800,0.1200,True,True
66.5051,0.0000,3.5597,-204.0734,0.01901,0.0000,0.8797,0.1203,True,True
66.5135,0.0000,3.5608,-204.0835,0.01013,0.0000,0.8795,0.1205,True,True
66.5351,0.0000,3.5638,-204.1124,0.02909,0.0000,0.8791,0.1209,True,True
66.5441,0.0000,3.5651,-204.1252,0.01284,0.0000,0.8789,0.1211,True,True
66.5611,0.0000,3.5679,-204.1514,0.02630,0.0000,0.8784,0.1216,True,True
66.5702,0.0000,3.5694,-204.1660,0.01468,0.0000,0.8782,0.1218,True,True
66.5894,0.0000,3.5729,-204.1996,0.03381,0.0000,0.8777,0.1223,True,True
66.6060,0.0000,3.5762,-204.2309,0.03150,0.0000,0.8772,0.1228,True,True
66.6142,0.0000,3.5779,-204.2468,0.01597,0.0000,0.8769,0.1231,True,True
66.6312,0.0000,3.5815,-204.2815,0.03493,0.0000,0.8764,0.1236,True,True
66.6396,0.0000,3.5834,-204.2998,0.01840,0.0000,0.8761,0.1239,True,True
66.6610,0.0000,3.5885,-204.3485,0.04890,0.0000,0.8753,0.1247,True,True
66.6700,0.0000,3.5908,-204.3699,0.02153,0.0000,0.8750,0.1250,True,True
66.6894,0.0000,3.5958,-204.4182,0.04860,0.0000,0.8742,0.1258,True,True
66.7059,0.0000,3.6004,-204.4616,0.04366,0.0000,0.8735,0.1265,True,True
66.7142,0.0000,3.6027,-204.4838,0.02232,0.0000,0.8732,0.1268,True,True
66.7318,0.0000,3.6080,-204.5334,0.04984,0.0000,0.8724,0.1276,True,True
66.7404,0.0000,3.6106,-204.5580,0.02475,0.0000,0.8720,0.1280,True,True
66.7619,0.0000,3.6175,-204.6231,0.06542,0.0000,0.8709,0.1291,True,True
66.7706,0.0000,3.6204,-204.6503,0.02744,0.0000,0.8705,0.1295,True,True
66.7876,0.0000,3.6263,-204.7054,0.05540,0.0000,0.8696,0.1304,True,True
66.8069,0.0000,3.6332,-204.7702,0.06517,0.0000,0.8686,0.1314,True,True
66.8151,0.0000,3.6362,-204.7988,0.02876,0.0000,0.8681,0.1319,True,True
66.8319,0.0000,3.6425,-204.8582,0.05975,0.0000,0.8671,0.1329,True,True
66.8401,0.0000,3.6458,-204.8887,0.03060,0.0000,0.8666,0.1334,True,True
66.8572,0.0000,3.6525,-204.9523,0.06397,0.0000,0.8656,0.1344,True,True
66.8662,0.0000,3.6562,-204.9868,0.03474,0.0000,0.8650,0.1350,True,True
66.8873,0.0000,3.6653,-205.0710,0.08461,0.0000,0.8637,0.1363,True,True
66.8964,0.0000,3.6692,-205.1069,0.03619,0.0000,0.8631,0.1369,True,True
66.9132,0.0000,3.6768,-205.1774,0.07091,0.0000,0.8619,0.1381,True,True
66.9318,0.0000,3.6854,-205.2577,0.08073,0.0000,0.8606,0.1394,True,True
66.9401,0.0000,3.6894,-205.2940,0.03654,0.0000,0.8600,0.1400,True,True
66.9570,0.0000,3.6976,-205.3699,0.07629,0.0000,0.8587,0.1413,True,True
66.9661,0.0000,3.7020,-205.4113,0.04171,0.0000,0.8580,0.1420,True,True
66.9876,0.0000,3.7130,-205.5126,0.10182,0.0000,0.8563,0.1437,True,True
66.9972,0.0000,3.7179,-205.5574,0.04505,0.0000,0.8556,0.1444,True,True
67.0155,0.0000,3.7279,-205.6487,0.09192,0.0000,0.8540,0.1460,True,True
67.0322,0.0000,3.7371,-205.7331,0.08486,0.0000,0.8526,0.1474,True,True
67.0411,0.0000,3.7422,-205.7795,0.04674,0.0000,0.8518,0.1482,True,True
67.0625,0.0000,3.7546,-205.8924,0.11358,0.0000,0.8499,0.1501,True,True
67.0717,0.0000,3.7597,-205.9393,0.04711,0.0000,0.8491,0.1509,True,True
67.0905,0.0000,3.7710,-206.0417,0.10304,0.0000,0.8473,0.1527,True,True
67.0986,0.0000,3.7759,-206.0862,0.04474,0.0000,0.8466,0.1534,True,True
67.1155,0.0000,3.7859,-206.1759,0.09035,0.0000,0.8450,0.1550,True,True
67.1324,0.0000,3.7960,-206.2670,0.09164,0.0000,0.8435,0.1565,True,True
67.1415,0.0000,3.8015,-206.3162,0.04944,0.0000,0.8426,0.1574,True,True
67.1629,0.0000,3.8142,-206.4306,0.11511,0.0000,0.8406,0.1594,True,True
67.1720,0.0000,3.8197,-206.4797,0.04942,0.0000,0.8398,0.1602,True,True
67.1907,0.0000,3.8309,-206.5797,0.10060,0.0000,0.8380,0.1620,True,True
67.1989,0.0000,3.8359,-206.6242,0.04482,0.0000,0.8372,0.1628,True,True
67.2158,0.0000,3.8461,-206.7149,0.09124,0.0000,0.8356,0.1644,True,True
67.2375,0.0000,3.8593,-206.8316,0.11751,0.0000,0.8336,0.1664,True,True
67.2463,0.0000,3.8646,-206.8786,0.04728,0.0000,0.8327,0.1673,True,True
67.2659,0.0000,3.8764,-206.9835,0.10555,0.0000,0.8309,0.1691,True,True
67.2742,0.0000,3.8814,-207.0282,0.04495,0.0000,0.8301,0.1699,True,True
67.2958,0.0000,3.8947,-207.1440,0.11661,0.0000,0.8280,0.1720,True,True
67.3049,0.0000,3.9003,-207.1935,0.04973,0.0000,0.8271,0.1729,True,True
67.3243,0.0000,3.9121,-207.2970,0.10422,0.0000,0.8252,0.1748,True,True
67.3409,0.0000,3.9222,-207.3857,0.08923,0.0000,0.8236,0.1764,True,True
67.3494,0.0000,3.9275,-207.4319,0.04650,0.0000,0.8228,0.1772,True,True
67.3712,0.0000,3.9409,-207.5484,0.11728,0.0000,0.8207,0.1793,True,True
67.3798,0.0000,3.9463,-207.5952,0.04716,0.0000,0.8198,0.1802,True,True
67.3993,0.0000,3.9582,-207.6988,0.10425,0.0000,0.8180,0.1820,True,True
67.4079,0.0000,3.9635,-207.7443,0.04584,0.0000,0.8171,0.1829,True,True
67.4242,0.0000,3.9737,-207.8327,0.08900,0.0000,0.8155,0.1845,True,True
67.4459,0.0000,3.9872,-207.9493,0.11732,0.0000,0.8134,0.1866,True,True
67.4554,0.0000,3.9930,-207.9993,0.05037,0.0000,0.8124,0.1876,True,True
67.4742,0.0000,4.0049,-208.1010,0.10236,0.0000,0.8105,0.1895,True,True
67.4824,0.0000,4.0100,-208.1453,0.04464,0.0000,0.8097,0.1903,True,True
67.4997,0.0000,4.0206,-208.2358,0.09115,0.0000,0.8080,0.1920,True,True
67.5081,0.0000,4.0258,-208.2800,0.04448,0.0000,0.8072,0.1928,True,True
67.5299,0.0000,4.0387,-208.3904,0.11110,0.0000,0.8052,0.1948,True,True
67.5480,0.0000,4.0490,-208.4785,0.08875,0.0000,0.8035,0.1965,True,True
67.5564,0.0000,4.0540,-208.5206,0.04234,0.0000,0.8027,0.1973,True,True
67.5750,0.0000,4.0645,-208.6091,0.08912,0.0000,0.8010,0.1990,True,True
67.5833,0.0000,4.0690,-208.6478,0.03901,0.0000,0.8003,0.1997,True,True
67.6001,0.0000,4.0781,-208.7244,0.07709,0.0000,0.7989,0.2011,True,True
67.6090,0.0000,4.0829,-208.7647,0.04060,0.0000,0.7981,0.2019,True,True
67.6310,0.0000,4.0941,-208.8591,0.09510,0.0000,0.7963,0.2037,True,True
67.6501,0.0000,4.1035,-208.9389,0.08035,0.0000,0.7948,0.2052,True,True
67.6582,0.0000,4.1076,-208.9731,0.03443,0.0000,0.7941,0.2059,True,True
67.6752,0.0000,4.1156,-209.0402,0.06761,0.0000,0.7929,0.2071,True,True
67.6837,0.0000,4.1196,-209.0741,0.03410,0.0000,0.7922,0.2078,True,True
67.7054,0.0000,4.1294,-209.1560,0.08253,0.0000,0.7906,0.2094,True,True
67.7147,0.0000,4.1335,-209.1899,0.03415,0.0000,0.7900,0.2100,True,True
67.7334,0.0000,4.1415,-209.2563,0.06680,0.0000,0.7887,0.2113,True,True
67.7505,0.0000,4.1486,-209.3156,0.05970,0.0000,0.7876,0.2124,True,True
67.7593,0.0000,4.1521,-209.3450,0.02966,0.0000,0.7870,0.2130,True,True
67.7804,0.0000,4.1602,-209.4128,0.06833,0.0000,0.7857,0.2143,True,True
67.7900,0.0000,4.1638,-209.4426,0.02997,0.0000,0.7851,0.2149,True,True
67.8185,0.0000,4.1738,-209.5259,0.08394,0.0000,0.7835,0.2165,True,True
67.8258,0.0000,4.1763,-209.5467,0.02087,0.0000,0.7831,0.2169,True,True
67.8480,0.0000,4.1836,-209.6072,0.06094,0.0000,0.7819,0.2181,True,True
67.8678,0.0000,4.1898,-209.6578,0.05098,0.0000,0.7809,0.2191,True,True
67.8756,0.0000,4.1921,-209.6773,0.01969,0.0000,0.7806,0.2194,True,True
67.8931,0.0000,4.1971,-209.7186,0.04158,0.0000,0.7797,0.2203,True,True
67.9021,0.0000,4.1997,-209.7396,0.02118,0.0000,0.7793,0.2207,True,True
67.9255,0.0000,4.2057,-209.7893,0.05003,0.0000,0.7784,0.2216,True,True
67.9339,0.0000,4.2078,-209.8066,0.01745,0.0000,0.7780,0.2220,True,True
67.9508,0.0000,4.2118,-209.8392,0.03283,0.0000,0.7774,0.2226,True,True
67.9681,0.0000,4.2156,-209.8706,0.03163,0.0000,0.7768,0.2232,True,True
67.9770,0.0000,4.2175,-209.8862,0.01568,0.0000,0.7765,0.2235,True,True
68.0006,0.0000,4.2219,-209.9232,0.03726,0.0000,0.7757,0.2243,True,True
68.0088,0.0000,4.2234,-209.9356,0.01254,0.0000,0.7755,0.2245,True,True
68.0258,0.0000,4.2263,-209.9589,0.02344,0.0000,0.7750,0.2250,True,True
68.0349,0.0000,4.2277,-209.9709,0.01214,0.0000,0.7748,0.2252,True,True
68.0561,0.0000,4.2307,-209.9954,0.02465,0.0000,0.7743,0.2257,True,True
68.0756,0.0000,4.2307,-209.9954,0.00000,0.0000,0.7743,0.2257,True,True
68.0922,0.0000,4.2309,-209.9974,0.00204,0.0000,0.7743,0.2257,True,True
68.1286,0.0000,4.2327,-210.0119,0.01454,0.0000,0.7740,0.2260,True,True
68.1620,0.0000,4.2354,-210.0335,0.02177,0.0000,0.7736,0.2264,True,True
68.1849,0.0000,4.2376,-210.0520,0.01865,0.0000,0.7732,0.2268,True,True
68.1942,0.0000,4.2386,-210.0603,0.00842,0.0000,0.7731,0.2270,True,True
68.2190,0.0000,4.2419,-210.0869,0.02672,0.0000,0.7725,0.2275,True,True
68.2296,0.0000,4.2433,-210.0983,0.01156,0.0000,0.7723,0.2277,True,True
68.2531,0.0000,4.2472,-210.1301,0.03204,0.0000,0.7717,0.2283,True,True
68.2726,0.0000,4.2507,-210.1588,0.02884,0.0000,0.7711,0.2289,True,True
68.2820,0.0000,4.2525,-210.1732,0.01456,0.0000,0.7708,0.2292,True,True
68.3061,0.0000,4.2575,-210.2144,0.04146,0.0000,0.7700,0.2300,True,True
68.3148,0.0000,4.2595,-210.2302,0.01596,0.0000,0.7697,0.2303,True,True
68.3395,0.0000,4.2653,-210.2782,0.04830,0.0000,0.7687,0.2313,True,True
68.3476,0.0000,4.2674,-210.2949,0.01688,0.0000,0.7684,0.2316,True,True
68.3699,0.0000,4.2734,-210.3437,0.04918,0.0000,0.7674,0.2326,True,True
68.3894,0.0000,4.2790,-210.3895,0.04610,0.0000,0.7665,0.2335,True,True
68.3976,0.0000,4.2814,-210.4092,0.01988,0.0000,0.7661,0.2339,True,True
68.4149,0.0000,4.2867,-210.4527,0.04378,0.0000,0.7653,0.2347,True,True
68.4371,0.0000,4.2940,-210.5123,0.06008,0.0000,0.7641,0.2359,True,True
68.4459,0.0000,4.2971,-210.5368,0.02472,0.0000,0.7636,0.2364,True,True
68.4645,0.0000,4.3038,-210.5908,0.05435,0.0000,0.7625,0.2375,True,True
68.4813,0.0000,4.3100,-210.6411,0.05071,0.0000,0.7615,0.2385,True,True
68.4894,0.0000,4.3132,-210.6666,0.02571,0.0000,0.7610,0.2390,True,True
68.5069,0.0000,4.3200,-210.7218,0.05561,0.0000,0.7599,0.2401,True,True
68.5160,0.0000,4.3238,-210.7523,0.03078,0.0000,0.7593,0.2407,True,True
68.5485,0.0000,4.3379,-210.8662,0.11472,0.0000,0.7570,0.2430,True,True
68.5577,0.0000,4.3420,-210.8997,0.03378,0.0000,0.7563,0.2437,True,True
68.5788,0.0000,4.3518,-210.9785,0.07938,0.0000,0.7547,0.2453,True,True
68.5953,0.0000,4.3598,-211.0427,0.06471,0.0000,0.7534,0.2466,True,True
68.6045,0.0000,4.3643,-211.0788,0.03634,0.0000,0.7527,0.2473,True,True
68.6234,0.0000,4.3739,-211.1555,0.07730,0.0000,0.7512,0.2488,True,True
68.6317,0.0000,4.3783,-211.1901,0.03492,0.0000,0.7505,0.2495,True,True
68.6491,0.0000,4.3874,-211.2627,0.07314,0.0000,0.7490,0.2510,True,True
68.6576,0.0000,4.3922,-211.3013,0.03891,0.0000,0.7482,0.2518,True,True
68.6786,0.0000,4.4039,-211.3951,0.09450,0.0000,0.7463,0.2537,True,True
68.6959,0.0000,4.4139,-211.4749,0.08049,0.0000,0.7447,0.2553,True,True
68.7050,0.0000,4.4193,-211.5175,0.04294,0.0000,0.7438,0.2562,True,True
68.7236,0.0000,4.4306,-211.6074,0.09061,0.0000,0.7420,0.2580,True,True
68.7319,0.0000,4.4358,-211.6478,0.04070,0.0000,0.7411,0.2589,True,True
68.7490,0.0000,4.4466,-211.7334,0.08628,0.0000,0.7394,0.2606,True,True
68.7574,0.0000,4.4519,-211.7758,0.04274,0.0000,0.7385,0.2615,True,True
68.7793,0.0000,4.4664,-211.8904,0.11548,0.0000,0.7361,0.2639,True,True
68.7987,0.0000,4.4796,-211.9942,0.10465,0.0000,0.7340,0.2660,True,True
68.8070,0.0000,4.4853,-212.0388,0.04496,0.0000,0.7331,0.2669,True,True
68.8237,0.0000,4.4966,-212.1279,0.08988,0.0000,0.7312,0.2688,True,True
68.8321,0.0000,4.5025,-212.1735,0.04592,0.0000,0.7303,0.2697,True,True
68.8532,0.0000,4.5169,-212.2865,0.11396,0.0000,0.7279,0.2721,True,True
68.8623,0.0000,4.5231,-212.3353,0.04913,0.0000,0.7269,0.2731,True,True
68.8821,0.0000,4.5365,-212.4402,0.10582,0.0000,0.7247,0.2753,True,True
68.9041,0.0000,4.5518,-212.5588,0.11956,0.0000,0.7223,0.2777,True,True
68.9143,0.0000,4.5585,-212.6108,0.05240,0.0000,0.7212,0.2788,True,True
68.9331,0.0000,4.5717,-212.7138,0.10387,0.0000,0.7190,0.2810,True,True
68.9419,0.0000,4.5779,-212.7614,0.04799,0.0000,0.7180,0.2820,True,True
68.9630,0.0000,4.5925,-212.8744,0.11397,0.0000,0.7156,0.2844,True,True
68.9721,0.0000,4.5987,-212.9230,0.04899,0.0000,0.7146,0.2854,True,True
68.9907,0.0000,4.6116,-213.0227,0.10053,0.0000,0.7125,0.2875,True,True
69.0075,0.0000,4.6233,-213.1123,0.09034,0.0000,0.7106,0.2894,True,True
69.0157,0.0000,4.6290,-213.1566,0.04462,0.0000,0.7097,0.2903,True,True
69.0325,0.0000,4.6407,-213.2459,0.09009,0.0000,0.7078,0.2922,True,True
69.0410,0.0000,4.6466,-213.2916,0.04610,0.0000,0.7068,0.2932,True,True
69.0666,0.0000,4.6645,-213.4292,0.13873,0.0000,0.7039,0.2961,True,True
69.0764,0.0000,4.6714,-213.4818,0.05310,0.0000,0.7028,0.2972,True,True
69.1003,0.0000,4.6880,-213.6084,0.12761,0.0000,0.7001,0.2999,True,True
69.1230,0.0000,4.7040,-213.7301,0.12283,0.0000,0.6975,0.3025,True,True
69.1332,0.0000,4.7110,-213.7832,0.05350,0.0000,0.6963,0.3037,True,True
69.1519,0.0000,4.7244,-213.8854,0.10310,0.0000,0.6941,0.3059,True,True
69.1608,0.0000,4.7308,-213.9340,0.04900,0.0000,0.6931,0.3069,True,True
69.1851,0.0000,4.7479,-214.0638,0.13095,0.0000,0.6903,0.3097,True,True
69.1935,0.0000,4.7538,-214.1083,0.04491,0.0000,0.6894,0.3106,True,True
69.2110,0.0000,4.7662,-214.2015,0.09395,0.0000,0.6873,0.3127,True,True
69.2323,0.0000,4.7808,-214.3120,0.11146,0.0000,0.6850,0.3150,True,True
69.2419,0.0000,4.7873,-214.3608,0.04922,0.0000,0.6839,0.3161,True,True
69.2605,0.0000,4.7996,-214.4535,0.09351,0.0000,0.6819,0.3181,True,True
69.2689,0.0000,4.8051,-214.4951,0.04204,0.0000,0.6810,0.3190,True,True
69.2905,0.0000,4.8188,-214.5975,0.10333,0.0000,0.6788,0.3212,True,True
69.3000,0.0000,4.8247,-214.6415,0.04432,0.0000,0.6778,0.3222,True,True
69.3164,0.0000,4.8348,-214.7170,0.07619,0.0000,0.6762,0.3238,True,True
69.3356,0.0000,4.8460,-214.8010,0.08479,0.0000,0.6743,0.3257,True,True
69.3439,0.0000,4.8509,-214.8378,0.03710,0.0000,0.6735,0.3265,True,True
69.3612,0.0000,4.8606,-214.9103,0.07309,0.0000,0.6720,0.3280,True,True
69.3700,0.0000,4.8656,-214.9475,0.03758,0.0000,0.6712,0.3288,True,True
69.3911,0.0000,4.8769,-215.0321,0.08531,0.0000,0.6693,0.3307,True,True
69.4001,0.0000,4.8817,-215.0677,0.03600,0.0000,0.6685,0.3315,True,True
69.4190,0.0000,4.8913,-215.1389,0.07178,0.0000,0.6670,0.3330,True,True
69.4355,0.0000,4.8995,-215.1998,0.06145,0.0000,0.6656,0.3344,True,True
69.4437,0.0000,4.9036,-215.2296,0.03012,0.0000,0.6650,0.3350,True,True
69.4604,0.0000,4.9114,-215.2878,0.05874,0.0000,0.6637,0.3363,True,True
69.4691,0.0000,4.9155,-215.3178,0.03029,0.0000,0.6630,0.3370,True,True
69.4858,0.0000,4.9228,-215.3726,0.05523,0.0000,0.6618,0.3382,True,True
69.4944,0.0000,4.9267,-215.4008,0.02852,0.0000,0.6612,0.3388,True,True
69.5157,0.0000,4.9355,-215.4662,0.06596,0.0000,0.6598,0.3402,True,True
69.5328,0.0000,4.9423,-215.5166,0.05087,0.0000,0.6587,0.3413,True,True
69.5435,0.0000,4.9461,-215.5451,0.02870,0.0000,0.6580,0.3420,True,True
69.5623,0.0000,4.9534,-215.5983,0.05374,0.0000,0.6569,0.3431,True,True
69.5705,0.0000,4.9564,-215.6208,0.02270,0.0000,0.6564,0.3436,True,True
69.5925,0.0000,4.9639,-215.6756,0.05530,0.0000,0.6552,0.3448,True,True
69.6020,0.0000,4.9670,-215.6988,0.02338,0.0000,0.6547,0.3453,True,True
69.6208,0.0000,4.9729,-215.7417,0.04338,0.0000,0.6537,0.3463,True,True
69.6435,0.0000,4.9795,-215.7903,0.04902,0.0000,0.6526,0.3474,True,True
69.6542,0.0000,4.9824,-215.8117,0.02156,0.0000,0.6522,0.3478,True,True
69.6723,0.0000,4.9872,-215.8470,0.03566,0.0000,0.6514,0.3486,True,True
69.6817,0.0000,4.9896,-215.8644,0.01751,0.0000,0.6510,0.3490,True,True
69.7058,0.0000,4.9950,-215.9042,0.04022,0.0000,0.6501,0.3499,True,True
69.7140,0.0000,4.9968,-215.9177,0.01358,0.0000,0.6498,0.3502,True,True
69.7314,0.0000,5.0003,-215.9432,0.02573,0.0000,0.6493,0.3507,True,True
69.7496,0.0000,5.0036,-215.9676,0.02461,0.0000,0.6487,0.3513,True,True
69.7597,0.0000,5.0053,-215.9805,0.01301,0.0000,0.6484,0.3516,True,True
69.7806,0.0000,5.0053,-215.9805,0.00000,0.0000,0.6484,0.3516,True,True
69.8247,0.0000,5.0054,-215.9810,0.00052,0.0000,0.6484,0.3516,True,True
69.8475,0.0000,5.0061,-215.9863,0.00539,0.0000,0.6483,0.3517,True,True
69.8569,0.0000,5.0065,-215.9892,0.00286,0.0000,0.6482,0.3518,True,True
69.8808,0.0000,5.0081,-216.0006,0.01160,0.0000,0.6480,0.3520,True,True
69.8891,0.0000,5.0087,-216.0052,0.00456,0.0000,0.6479,0.3521,True,True
69.9067,0.0000,5.0103,-216.0170,0.01191,0.0000,0.6476,0.3524,True,True
69.9278,0.0000,5.0127,-216.0345,0.01771,0.0000,0.6472,0.3528,True,True
69.9475,0.0000,5.0154,-216.0537,0.01941,0.0000,0.6468,0.3532,True,True
69.9558,0.0000,5.0165,-216.0623,0.00864,0.0000,0.6466,0.3534,True,True
69.9725,0.0000,5.0192,-216.0818,0.01967,0.0000,0.6462,0.3538,True,True
69.9813,0.0000,5.0207,-216.0925,0.01081,0.0000,0.6460,0.3541,True,True
70.0026,0.0000,5.0247,-216.1222,0.02996,0.0000,0.6453,0.3547,True,True
70.0118,0.0000,5.0265,-216.1353,0.01325,0.0000,0.6450,0.3550,True,True
70.0309,0.0000,5.0307,-216.1658,0.03080,0.0000,0.6443,0.3557,True,True
70.0475,0.0000,5.0346,-216.1945,0.02892,0.0000,0.6437,0.3563,True,True
70.0557,0.0000,5.0367,-216.2092,0.01483,0.0000,0.6434,0.3566,True,True
70.0726,0.0000,5.0411,-216.2413,0.03245,0.0000,0.6426,0.3574,True,True
70.0816,0.0000,5.0435,-216.2591,0.01796,0.0000,0.6423,0.3577,True,True
70.1058,0.0000,5.0506,-216.3112,0.05258,0.0000,0.6411,0.3589,True,True
70.1155,0.0000,5.0536,-216.3328,0.02184,0.0000,0.6406,0.3594,True,True
70.1392,0.0000,5.0614,-216.3895,0.05725,0.0000,0.6393,0.3607,True,True
70.1617,0.0000,5.0693,-216.4474,0.05837,0.0000,0.6381,0.3619,True,True
70.1717,0.0000,5.0728,-216.4727,0.02557,0.0000,0.6375,0.3625,True,True
70.1907,0.0000,5.0802,-216.5266,0.05440,0.0000,0.6363,0.3637,True,True
70.1989,0.0000,5.0834,-216.5500,0.02364,0.0000,0.6358,0.3642,True,True
70.2156,0.0000,5.0903,-216.5995,0.04998,0.0000,0.6347,0.3653,True,True
70.2242,0.0000,5.0939,-216.6258,0.02651,0.0000,0.6341,0.3659,True,True
70.2413,0.0000,5.1013,-216.6796,0.05427,0.0000,0.6329,0.3671,True,True
70.2624,0.0000,5.1110,-216.7500,0.07109,0.0000,0.6313,0.3687,True,True
70.2720,0.0000,5.1154,-216.7815,0.03179,0.0000,0.6306,0.3694,True,True
70.2907,0.0000,5.1245,-216.8477,0.06691,0.0000,0.6291,0.3709,True,True
70.2996,0.0000,5.1290,-216.8801,0.03270,0.0000,0.6284,0.3716,True,True
70.3239,0.0000,5.1417,-216.9718,0.09256,0.0000,0.6263,0.3737,True,True
70.3322,0.0000,5.1461,-217.0036,0.03210,0.0000,0.6256,0.3744,True,True
70.3538,0.0000,5.1581,-217.0899,0.08707,0.0000,0.6237,0.3763,True,True
70.3716,0.0000,5.1683,-217.1635,0.07433,0.0000,0.6220,0.3780,True,True
70.3818,0.0000,5.1739,-217.2034,0.04024,0.0000,0.6211,0.3789,True,True
70.3996,0.0000,5.1850,-217.2833,0.08076,0.0000,0.6194,0.3806,True,True
70.4085,0.0000,5.1905,-217.3229,0.03993,0.0000,0.6185,0.3815,True,True
70.4301,0.0000,5.2042,-217.4212,0.09926,0.0000,0.6162,0.3838,True,True
70.4393,0.0000,5.2101,-217.4640,0.04323,0.0000,0.6153,0.3847,True,True
70.4581,0.0000,5.2226,-217.5530,0.08981,0.0000,0.6133,0.3867,True,True
70.4831,0.0000,5.2399,-217.6768,0.12500,0.0000,0.6105,0.3895,True,True
70.4917,0.0000,5.2460,-217.7205,0.04416,0.0000,0.6095,0.3905,True,True
70.5137,0.0000,5.2620,-217.8345,0.11514,0.0000,0.6069,0.3931,True,True
70.5226,0.0000,5.2686,-217.8814,0.04730,0.0000,0.6059,0.3941,True,True
70.5416,0.0000,5.2827,-217.9820,0.10160,0.0000,0.6036,0.3964,True,True
70.5496,0.0000,5.2888,-218.0255,0.04396,0.0000,0.6026,0.3974,True,True
70.5664,0.0000,5.3015,-218.1153,0.09064,0.0000,0.6006,0.3994,True,True
70.5831,0.0000,5.3140,-218.2038,0.08946,0.0000,0.5986,0.4014,True,True
70.5918,0.0000,5.3206,-218.2511,0.04768,0.0000,0.5975,0.4025,True,True
70.6125,0.0000,5.3363,-218.3620,0.11206,0.0000,0.5950,0.4050,True,True
70.6216,0.0000,5.3432,-218.4108,0.04925,0.0000,0.5939,0.4061,True,True
70.6386,0.0000,5.3560,-218.5017,0.09184,0.0000,0.5918,0.4082,True,True
70.6472,0.0000,5.3625,-218.5475,0.04627,0.0000,0.5908,0.4092,True,True
70.6665,0.0000,5.3771,-218.6503,0.10382,0.0000,0.5884,0.4116,True,True
70.6832,0.0000,5.3898,-218.7395,0.09008,0.0000,0.5864,0.4136,True,True
70.6915,0.0000,5.3962,-218.7843,0.04530,0.0000,0.5854,0.4146,True,True
70.7089,0.0000,5.4094,-218.8772,0.09383,0.0000,0.5833,0.4167,True,True
70.7177,0.0000,5.4161,-218.9243,0.04758,0.0000,0.5822,0.4178,True,True
70.7384,0.0000,5.4318,-219.0348,0.11156,0.0000,0.5797,0.4203,True,True
70.7473,0.0000,5.4386,-219.0825,0.04815,0.0000,0.5786,0.4214,True,True
70.7609,0.0000,5.4489,-219.1543,0.07254,0.0000,0.5769,0.4231,True,True
70.7752,0.0000,5.4596,-219.2293,0.07579,0.0000,0.5752,0.4248,True,True
70.7870,0.0000,5.4691,-219.2951,0.06644,0.0000,0.5737,0.4263,True,True
70.7961,0.0000,5.4760,-219.3436,0.04899,0.0000,0.5726,0.4274,True,True
70.8088,0.0000,5.4857,-219.4117,0.06884,0.0000,0.5711,0.4289,True,True
70.8174,0.0000,5.4923,-219.4575,0.04629,0.0000,0.5700,0.4300,True,True
70.8385,0.0000,5.5085,-219.5701,0.11370,0.0000,0.5674,0.4326,True,True
70.8471,0.0000,5.5151,-219.6165,0.04687,0.0000,0.5664,0.4336,True,True
70.8665,0.0000,5.5300,-219.7195,0.10411,0.0000,0.5640,0.4360,True,True
70.8749,0.0000,5.5364,-219.7643,0.04529,0.0000,0.5630,0.4370,True,True
70.8916,0.0000,5.5493,-219.8537,0.09029,0.0000,0.5609,0.4391,True,True
70.9081,0.0000,5.5620,-219.9419,0.08914,0.0000,0.5589,0.4411,True,True
70.9168,0.0000,5.5686,-219.9875,0.04608,0.0000,0.5579,0.4421,True,True
70.9337,0.0000,5.5818,-220.0790,0.09238,0.0000,0.5558,0.4442,True,True
70.9425,0.0000,5.5886,-220.1259,0.04747,0.0000,0.5547,0.4453,True,True
70.9642,0.0000,5.6052,-220.2403,0.11556,0.0000,0.5521,0.4479,True,True
70.9730,0.0000,5.6118,-220.2858,0.04592,0.0000,0.5510,0.4490,True,True
70.9895,0.0000,5.6240,-220.3702,0.08532,0.0000,0.5491,0.4509,True,True
71.0082,0.0000,5.6376,-220.4637,0.09450,0.0000,0.5469,0.4531,True,True
71.0165,0.0000,5.6435,-220.5043,0.04106,0.0000,0.5460,0.4540,True,True
71.0331,0.0000,5.6551,-220.5840,0.08052,0.0000,0.5442,0.4558,True,True
71.0415,0.0000,5.6608,-220.6235,0.03988,0.0000,0.5433,0.4567,True,True
71.0584,0.0000,5.6720,-220.6999,0.07725,0.0000,0.5415,0.4585,True,True
71.0667,0.0000,5.6777,-220.7391,0.03961,0.0000,0.5406,0.4594,True,True
71.0883,0.0000,5.6914,-220.8333,0.09519,0.0000,0.5384,0.4616,True,True
71.0973,0.0000,5.6970,-220.8719,0.03898,0.0000,0.5375,0.4625,True,True
71.1166,0.0000,5.7086,-220.9515,0.08046,0.0000,0.5357,0.4643,True,True
71.1334,0.0000,5.7187,-221.0202,0.06941,0.0000,0.5341,0.4659,True,True
71.1419,0.0000,5.7236,-221.0541,0.03430,0.0000,0.5333,0.4667,True,True
71.1591,0.0000,5.7332,-221.1197,0.06622,0.0000,0.5318,0.4682,True,True
71.1677,0.0000,5.7381,-221.1525,0.03317,0.0000,0.5311,0.4689,True,True
71.1916,0.0000,5.7507,-221.2385,0.08695,0.0000,0.5291,0.4709,True,True
71.2002,0.0000,5.7551,-221.2690,0.03081,0.0000,0.5284,0.4716,True,True
71.2210,0.0000,5.7654,-221.3392,0.07096,0.0000,0.5268,0.4732,True,True
71.2376,0.0000,5.7734,-221.3935,0.05486,0.0000,0.5255,0.4745,True,True
71.2466,0.0000,5.7776,-221.4224,0.02924,0.0000,0.5249,0.4751,True,True
71.2607,0.0000,5.7840,-221.4659,0.04400,0.0000,0.5239,0.4761,True,True
71.2690,0.0000,5.7877,-221.4911,0.02540,0.0000,0.5233,0.4767,True,True
71.2834,0.0000,5.7938,-221.5326,0.04200,0.0000,0.5223,0.4777,True,True
71.2917,0.0000,5.7974,-221.5568,0.02443,0.0000,0.5218,0.4782,True,True
71.3089,0.0000,5.8043,-221.6039,0.04764,0.0000,0.5207,0.4793,True,True
71.3307,0.0000,5.8126,-221.6599,0.05654,0.0000,0.5194,0.4806,True,True
71.3400,0.0000,5.8161,-221.6833,0.02371,0.0000,0.5188,0.4812,True,True
71.3587,0.0000,5.8225,-221.7272,0.04434,0.0000,0.5178,0.4822,True,True
71.3670,0.0000,5.8254,-221.7464,0.01943,0.0000,0.5174,0.4826,True,True
71.3837,0.0000,5.8307,-221.7826,0.03657,0.0000,0.5166,0.4834,True,True
71.3920,0.0000,5.8333,-221.8002,0.01781,0.0000,0.5161,0.4839,True,True
71.4087,0.0000,5.8382,-221.8335,0.03359,0.0000,0.5154,0.4846,True,True
71.4254,0.0000,5.8428,-221.8645,0.03139,0.0000,0.5147,0.4853,True,True
71.4336,0.0000,5.8450,-221.8795,0.01515,0.0000,0.5143,0.4857,True,True
71.4503,0.0000,5.8491,-221.9076,0.02846,0.0000,0.5137,0.4863,True,True
71.4590,0.0000,5.8512,-221.9217,0.01421,0.0000,0.5133,0.4867,True,True
71.4759,0.0000,5.8549,-221.9467,0.02530,0.0000,0.5128,0.4872,True,True
71.4846,0.0000,5.8568,-221.9594,0.01280,0.0000,0.5125,0.4875,True,True
71.5059,0.0000,5.8608,-221.9865,0.02738,0.0000,0.5118,0.4882,True,True
71.5253,0.0000,5.8608,-221.9865,0.00000,0.0000,0.5118,0.4882,True,True
71.5336,0.0000,5.8608,-221.9870,0.00051,0.0000,0.5118,0.4882,True,True
71.5504,0.0000,5.8613,-221.9901,0.00312,0.0000,0.5118,0.4882,True,True
71.5587,0.0000,5.8616,-221.9921,0.00211,0.0000,0.5117,0.4883,True,True
71.5760,0.0000,5.8625,-221.9985,0.00640,0.0000,0.5116,0.4884,True,True
71.5845,0.0000,5.8631,-222.0024,0.00393,0.0000,0.5115,0.4885,True,True
71.6008,0.0000,5.8644,-222.0114,0.00918,0.0000,0.5113,0.4887,True,True
71.6094,0.0000,5.8652,-222.0168,0.00545,0.0000,0.5111,0.4889,True,True
71.6304,0.0000,5.8677,-222.0332,0.01651,0.0000,0.5108,0.4892,True,True
71.6470,0.0000,5.8699,-222.0482,0.01519,0.0000,0.5104,0.4896,True,True
71.6562,0.0000,5.8712,-222.0571,0.00901,0.0000,0.5102,0.4898,True,True
71.6731,0.0000,5.8739,-222.0755,0.01859,0.0000,0.5098,0.4902,True,True
71.6827,0.0000,5.8755,-222.0863,0.01095,0.0000,0.5095,0.4905,True,True
71.7008,0.0000,5.8791,-222.1102,0.02419,0.0000,0.5090,0.4910,True,True
71.7090,0.0000,5.8808,-222.1215,0.01138,0.0000,0.5087,0.4913,True,True
71.7257,0.0000,5.8844,-222.1463,0.02505,0.0000,0.5082,0.4918,True,True
71.7428,0.0000,5.8885,-222.1737,0.02775,0.0000,0.5075,0.4925,True,True
71.7516,0.0000,5.8907,-222.1886,0.01507,0.0000,0.5072,0.4928,True,True
71.7727,0.0000,5.8964,-222.2272,0.03901,0.0000,0.5063,0.4937,True,True
71.7817,0.0000,5.8990,-222.2444,0.01735,0.0000,0.5059,0.4941,True,True
71.8007,0.0000,5.9047,-222.2832,0.03926,0.0000,0.5050,0.4950,True,True
71.8090,0.0000,5.9073,-222.3007,0.01769,0.0000,0.5046,0.4954,True,True
71.8261,0.0000,5.9130,-222.3387,0.03835,0.0000,0.5037,0.4963,True,True
71.8427,0.0000,5.9187,-222.3776,0.03937,0.0000,0.5028,0.4972,True,True
71.8510,0.0000,5.9217,-222.3979,0.02050,0.0000,0.5024,0.4976,True,True
71.8716,0.0000,5.9296,-222.4509,0.05362,0.0000,0.5011,0.4989,True,True
71.8809,0.0000,5.9332,-222.4754,0.02471,0.0000,0.5006,0.4994,True,True
71.8935,0.0000,5.9383,-222.5096,0.03455,0.0000,0.4998,0.5002,True,True
71.9022,0.0000,5.9420,-222.5340,0.02473,0.0000,0.4992,0.5008,True,True
71.9227,0.0000,5.9510,-222.5944,0.06102,0.0000,0.4978,0.5022,True,True
71.9318,0.0000,5.9550,-222.6215,0.02748,0.0000,0.4972,0.5028,True,True
71.9483,0.0000,5.9628,-222.6737,0.05273,0.0000,0.4960,0.5040,True,True
71.9678,0.0000,5.9722,-222.7366,0.06358,0.0000,0.4945,0.5055,True,True
71.9757,0.0000,5.9762,-222.7640,0.02772,0.0000,0.4939,0.5061,True,True
71.9965,0.0000,5.9871,-222.8368,0.07357,0.0000,0.4922,0.5078,True,True
72.0057,0.0000,5.9920,-222.8695,0.03309,0.0000,0.4915,0.5085,True,True
72.0184,0.0000,5.9989,-222.9159,0.04696,0.0000,0.4904,0.5096,True,True
72.0343,0.0000,6.0078,-222.9756,0.06035,0.0000,0.4890,0.5110,True,True
72.0430,0.0000,6.0129,-223.0096,0.03430,0.0000,0.4882,0.5118,True,True
72.0601,0.0000,6.0230,-223.0773,0.06852,0.0000,0.4867,0.5133,True,True
72.0812,0.0000,6.0360,-223.1640,0.08761,0.0000,0.4847,0.5153,True,True
72.0905,0.0000,6.0417,-223.2021,0.03859,0.0000,0.4838,0.5162,True,True
72.1067,0.0000,6.0523,-223.2731,0.07176,0.0000,0.4822,0.5178,True,True
72.1158,0.0000,6.0582,-223.3124,0.03976,0.0000,0.4813,0.5187,True,True
72.1344,0.0000,6.0708,-223.3966,0.08509,0.0000,0.4793,0.5207,True,True
72.1427,0.0000,6.0766,-223.4349,0.03876,0.0000,0.4784,0.5216,True,True
72.1595,0.0000,6.0883,-223.5130,0.07903,0.0000,0.4766,0.5234,True,True
72.1761,0.0000,6.1004,-223.5936,0.08144,0.0000,0.4748,0.5252,True,True
72.1844,0.0000,6.1066,-223.6345,0.04140,0.0000,0.4738,0.5262,True,True
72.2071,0.0000,6.1237,-223.7484,0.11514,0.0000,0.4712,0.5288,True,True
72.2165,0.0000,6.1310,-223.7964,0.04855,0.0000,0.4701,0.5299,True,True
72.2351,0.0000,6.1458,-223.8946,0.09928,0.0000,0.4678,0.5322,True,True
72.2433,0.0000,6.1524,-223.9388,0.04476,0.0000,0.4668,0.5332,True,True
72.2601,0.0000,6.1658,-224.0278,0.08996,0.0000,0.4648,0.5352,True,True
72.2767,0.0000,6.1793,-224.1168,0.09000,0.0000,0.4627,0.5373,True,True
72.2849,0.0000,6.1860,-224.1609,0.04466,0.0000,0.4617,0.5383,True,True
72.3018,0.0000,6.1995,-224.2503,0.09039,0.0000,0.4596,0.5404,True,True
72.3099,0.0000,6.2062,-224.2946,0.04485,0.0000,0.4586,0.5414,True,True
72.3272,0.0000,6.2201,-224.3863,0.09270,0.0000,0.4565,0.5435,True,True
72.3357,0.0000,6.2270,-224.4322,0.04637,0.0000,0.4555,0.5445,True,True
72.3562,0.0000,6.2435,-224.5412,0.11027,0.0000,0.4530,0.5470,True,True
72.3651,0.0000,6.2508,-224.5888,0.04819,0.0000,0.4519,0.5481,True,True
72.3819,0.0000,6.2644,-224.6786,0.09083,0.0000,0.4498,0.5502,True,True
72.3982,0.0000,6.2777,-224.7656,0.08801,0.0000,0.4478,0.5522,True,True
72.4071,0.0000,6.2849,-224.8135,0.04840,0.0000,0.4467,0.5533,True,True
72.4251,0.0000,6.2995,-224.9092,0.09685,0.0000,0.4445,0.5555,True,True
72.4353,0.0000,6.3078,-224.9638,0.05518,0.0000,0.4433,0.5567,True,True
72.4521,0.0000,6.3214,-225.0530,0.09023,0.0000,0.4412,0.5588,True,True
72.4603,0.0000,6.3281,-225.0973,0.04486,0.0000,0.4402,0.5598,True,True
72.4774,0.0000,6.3421,-225.1885,0.09221,0.0000,0.4381,0.5619,True,True
72.4981,0.0000,6.3589,-225.2990,0.11177,0.0000,0.4356,0.5644,True,True
72.5071,0.0000,6.3663,-225.3472,0.04882,0.0000,0.4345,0.5655,True,True
72.5243,0.0000,6.3803,-225.4392,0.09301,0.0000,0.4324,0.5676,True,True
72.5335,0.0000,6.3878,-225.4881,0.04946,0.0000,0.4312,0.5688,True,True
72.5522,0.0000,6.4031,-225.5879,0.10102,0.0000,0.4290,0.5710,True,True
72.5607,0.0000,6.4100,-225.6329,0.04546,0.0000,0.4279,0.5721,True,True
72.5779,0.0000,6.4241,-225.7250,0.09322,0.0000,0.4258,0.5742,True,True
72.6023,0.0000,6.4441,-225.8551,0.13160,0.0000,0.4229,0.5772,True,True
72.6106,0.0000,6.4509,-225.8996,0.04500,0.0000,0.4218,0.5782,True,True
72.6283,0.0000,6.4653,-225.9934,0.09497,0.0000,0.4197,0.5803,True,True
72.6370,0.0000,6.4725,-226.0402,0.04729,0.0000,0.4186,0.5814,True,True
72.6573,0.0000,6.4892,-226.1489,0.11002,0.0000,0.4161,0.5839,True,True
72.6664,0.0000,6.4965,-226.1964,0.04809,0.0000,0.4151,0.5849,True,True
72.6832,0.0000,6.5100,-226.2838,0.08834,0.0000,0.4131,0.5869,True,True
72.6996,0.0000,6.5228,-226.3672,0.08439,0.0000,0.4112,0.5888,True,True
72.7086,0.0000,6.5296,-226.4110,0.04432,0.0000,0.4102,0.5898,True,True
72.7273,0.0000,6.5437,-226.5029,0.09299,0.0000,0.4081,0.5919,True,True
72.7356,0.0000,6.5499,-226.5429,0.04047,0.0000,0.4072,0.5928,True,True
72.7522,0.0000,6.5620,-226.6209,0.07894,0.0000,0.4054,0.5946,True,True
72.7605,0.0000,6.5679,-226.6594,0.03899,0.0000,0.4045,0.5955,True,True
72.7774,0.0000,6.5796,-226.7348,0.07626,0.0000,0.4028,0.5972,True,True
72.7856,0.0000,6.5853,-226.7717,0.03736,0.0000,0.4020,0.5980,True,True
72.8112,0.0000,6.6022,-226.8815,0.11114,0.0000,0.3995,0.6005,True,True
72.8289,0.0000,6.6136,-226.9551,0.07442,0.0000,0.3978,0.6022,True,True
72.8357,0.0000,6.6179,-226.9829,0.02812,0.0000,0.3972,0.6028,True,True
72.8579,0.0000,6.6315,-227.0706,0.08880,0.0000,0.3952,0.6048,True,True
72.8664,0.0000,6.6366,-227.1036,0.03337,0.0000,0.3945,0.6055,True,True
72.8863,0.0000,6.6481,-227.1775,0.07475,0.0000,0.3928,0.6072,True,True
72.8940,0.0000,6.6525,-227.2057,0.02858,0.0000,0.3922,0.6078,True,True
72.9192,0.0000,6.6660,-227.2929,0.08823,0.0000,0.3902,0.6098,True,True
72.9411,0.0000,6.6774,-227.3665,0.07452,0.0000,0.3885,0.6115,True,True
72.9507,0.0000,6.6821,-227.3966,0.03047,0.0000,0.3879,0.6121,True,True
72.9691,0.0000,6.6911,-227.4549,0.05894,0.0000,0.3865,0.6135,True,True
72.9774,0.0000,6.6951,-227.4804,0.02586,0.0000,0.3860,0.6140,True,True
72.9943,0.0000,6.7027,-227.5293,0.04948,0.0000,0.3849,0.6151,True,True
73.0039,0.0000,6.7071,-227.5575,0.02851,0.0000,0.3842,0.6158,True,True
73.0191,0.0000,6.7135,-227.5989,0.04190,0.0000,0.3833,0.6167,True,True
73.0363,0.0000,6.7205,-227.6439,0.04554,0.0000,0.3823,0.6177,True,True
73.0576,0.0000,6.7287,-227.6961,0.05288,0.0000,0.3811,0.6189,True,True
73.0665,0.0000,6.7320,-227.7176,0.02174,0.0000,0.3806,0.6194,True,True
73.0857,0.0000,6.7388,-227.7610,0.04390,0.0000,0.3797,0.6203,True,True
73.0939,0.0000,6.7416,-227.7791,0.01828,0.0000,0.3792,0.6208,True,True
73.1114,0.0000,6.7472,-227.8148,0.03618,0.0000,0.3784,0.6216,True,True
73.1207,0.0000,6.7501,-227.8335,0.01889,0.0000,0.3780,0.6220,True,True
73.1676,0.0000,6.7622,-227.9116,0.07904,0.0000,0.3763,0.6237,True,True
73.1767,0.0000,6.7645,-227.9263,0.01495,0.0000,0.3759,0.6241,True,True
73.1969,0.0000,6.7691,-227.9559,0.02991,0.0000,0.3753,0.6247,True,True
73.2057,0.0000,6.7710,-227.9680,0.01222,0.0000,0.3750,0.6250,True,True
73.2187,0.0000,6.7736,-227.9848,0.01705,0.0000,0.3746,0.6254,True,True
73.2271,0.0000,6.7736,-227.9848,0.00000,0.0000,0.3746,0.6254,True,True
73.2440,0.0000,6.7740,-227.9869,0.00208,0.0000,0.3746,0.6254,True,True
73.2564,0.0000,6.7744,-227.9896,0.00275,0.0000,0.3745,0.6255,True,True
73.2653,0.0000,6.7748,-227.9921,0.00250,0.0000,0.3745,0.6255,True,True
73.2814,0.0000,6.7758,-227.9986,0.00656,0.0000,0.3743,0.6257,True,True
73.2899,0.0000,6.7764,-228.0025,0.00405,0.0000,0.3742,0.6258,True,True
73.2992,0.0000,6.7771,-228.0073,0.00485,0.0000,0.3741,0.6259,True,True
73.3153,0.0000,6.7788,-228.0178,0.01055,0.0000,0.3739,0.6261,True,True
73.3241,0.0000,6.7798,-228.0240,0.00635,0.0000,0.3737,0.6263,True,True
73.3331,0.0000,6.7809,-228.0314,0.00741,0.0000,0.3736,0.6264,True,True
73.3513,0.0000,6.7835,-228.0479,0.01676,0.0000,0.3732,0.6268,True,True
73.3615,0.0000,6.7851,-228.0581,0.01033,0.0000,0.3730,0.6270,True,True
73.3739,0.0000,6.7872,-228.0718,0.01382,0.0000,0.3727,0.6273,True,True
73.3819,0.0000,6.7886,-228.0809,0.00919,0.0000,0.3725,0.6275,True,True
73.3953,0.0000,6.7912,-228.0973,0.01660,0.0000,0.3721,0.6279,True,True
73.4045,0.0000,6.7931,-228.1097,0.01263,0.0000,0.3718,0.6282,True,True
73.4215,0.0000,6.7969,-228.1339,0.02445,0.0000,0.3713,0.6287,True,True
73.4319,0.0000,6.7993,-228.1493,0.01561,0.0000,0.3709,0.6291,True,True
73.4434,0.0000,6.8023,-228.1684,0.01934,0.0000,0.3705,0.6295,True,True
73.4561,0.0000,6.8056,-228.1895,0.02133,0.0000,0.3700,0.6300,True,True
73.4663,0.0000,6.8084,-228.2076,0.01836,0.0000,0.3696,0.6304,True,True
73.4784,0.0000,6.8120,-228.2303,0.02293,0.0000,0.3691,0.6309,True,True
73.4869,0.0000,6.8145,-228.2466,0.01645,0.0000,0.3688,0.6312,True,True
73.5043,0.0000,6.8201,-228.2823,0.03617,0.0000,0.3680,0.6320,True,True
73.5131,0.0000,6.8230,-228.3009,0.01884,0.0000,0.3676,0.6324,True,True
73.5218,0.0000,6.8260,-228.3200,0.01935,0.0000,0.3671,0.6329,True,True
73.5418,0.0000,6.8333,-228.3666,0.04710,0.0000,0.3661,0.6339,True,True
73.5543,0.0000,6.8380,-228.3967,0.03052,0.0000,0.3654,0.6346,True,True
73.5625,0.0000,6.8412,-228.4174,0.02097,0.0000,0.3650,0.6350,True,True
73.5756,0.0000,6.8464,-228.4502,0.03320,0.0000,0.3642,0.6358,True,True
73.5838,0.0000,6.8499,-228.4727,0.02275,0.0000,0.3637,0.6363,True,True
73.6001,0.0000,6.8569,-228.5174,0.04522,0.0000,0.3627,0.6373,True,True
73.6082,0.0000,6.8604,-228.5403,0.02314,0.0000,0.3622,0.6378,True,True
73.6175,0.0000,6.8646,-228.5665,0.02652,0.0000,0.3616,0.6384,True,True
73.6341,0.0000,6.8725,-228.6171,0.05129,0.0000,0.3605,0.6395,True,True
73.6443,0.0000,6.8775,-228.6488,0.03205,0.0000,0.3598,0.6402,True,True
73.6563,0.0000,6.8834,-228.6868,0.03849,0.0000,0.3590,0.6410,True,True
73.6682,0.0000,6.8895,-228.7258,0.03946,0.0000,0.3581,0.6419,True,True
73.6785,0.0000,6.8949,-228.7602,0.03484,0.0000,0.3573,0.6427,True,True
73.6900,0.0000,6.9011,-228.7998,0.04005,0.0000,0.3564,0.6436,True,True
73.6982,0.0000,6.9054,-228.8270,0.02757,0.0000,0.3558,0.6442,True,True
73.7122,0.0000,6.9133,-228.8772,0.05080,0.0000,0.3547,0.6453,True,True
73.7243,0.0000,6.9205,-228.9230,0.04638,0.0000,0.3537,0.6463,True,True
73.7325,0.0000,6.9253,-228.9538,0.03115,0.0000,0.3530,0.6470,True,True
73.7452,0.0000,6.9329,-229.0022,0.04902,0.0000,0.3520,0.6480,True,True
73.7593,0.0000,6.9416,-229.0579,0.05633,0.0000,0.3507,0.6493,True,True
73.7715,0.0000,6.9492,-229.1063,0.04896,0.0000,0.3496,0.6504,True,True
73.7797,0.0000,6.9545,-229.1395,0.03367,0.0000,0.3489,0.6511,True,True
73.7885,0.0000,6.9603,-229.1768,0.03774,0.0000,0.3481,0.6519,True,True
73.8008,0.0000,6.9685,-229.2288,0.05267,0.0000,0.3469,0.6531,True,True
73.8135,0.0000,6.9770,-229.2828,0.05463,0.0000,0.3457,0.6543,True,True
73.8217,0.0000,6.9827,-229.3193,0.03695,0.0000,0.3449,0.6551,True,True
73.8338,0.0000,6.9914,-229.3744,0.05576,0.0000,0.3437,0.6563,True,True
73.8418,0.0000,6.9973,-229.4115,0.03758,0.0000,0.3429,0.6571,True,True
73.8589,0.0000,7.0096,-229.4901,0.07950,0.0000,0.3412,0.6588,True,True
73.8711,0.0000,7.0189,-229.5491,0.05973,0.0000,0.3399,0.6601,True,True
73.8798,0.0000,7.0257,-229.5919,0.04335,0.0000,0.3389,0.6611,True,True
73.8932,0.0000,7.0358,-229.6564,0.06536,0.0000,0.3375,0.6625,True,True
73.9010,0.0000,7.0420,-229.6957,0.03975,0.0000,0.3367,0.6633,True,True
73.9174,0.0000,7.0554,-229.7804,0.08580,0.0000,0.3348,0.6652,True,True
73.9277,0.0000,7.0637,-229.8332,0.05340,0.0000,0.3336,0.6664,True,True
73.9359,0.0000,7.0707,-229.8771,0.04444,0.0000,0.3327,0.6673,True,True
73.9472,0.0000,7.0799,-229.9359,0.05953,0.0000,0.3314,0.6686,True,True
73.9612,0.0000,7.0917,-230.0105,0.07557,0.0000,0.3298,0.6702,True,True
73.9693,0.0000,7.0987,-230.0546,0.04465,0.0000,0.3288,0.6712,True,True
73.9850,0.0000,7.1120,-230.1386,0.08497,0.0000,0.3270,0.6730,True,True
73.9954,0.0000,7.1206,-230.1931,0.05518,0.0000,0.3258,0.6742,True,True
74.0064,0.0000,7.1301,-230.2530,0.06071,0.0000,0.3245,0.6755,True,True
74.0149,0.0000,7.1372,-230.2979,0.04537,0.0000,0.3235,0.6765,True,True
74.0288,0.0000,7.1488,-230.3713,0.07438,0.0000,0.3219,0.6781,True,True
74.0370,0.0000,7.1558,-230.4154,0.04458,0.0000,0.3209,0.6791,True,True
74.0483,0.0000,7.1652,-230.4750,0.06042,0.0000,0.3197,0.6803,True,True
74.0619,0.0000,7.1769,-230.5488,0.07468,0.0000,0.3181,0.6819,True,True
74.0732,0.0000,7.1863,-230.6084,0.06030,0.0000,0.3168,0.6832,True,True
74.0814,0.0000,7.1933,-230.6521,0.04426,0.0000,0.3158,0.6842,True,True
74.0955,0.0000,7.2051,-230.7269,0.07575,0.0000,0.3142,0.6858,True,True
74.1068,0.0000,7.2149,-230.7886,0.06249,0.0000,0.3129,0.6871,True,True
74.1157,0.0000,7.2223,-230.8349,0.04689,0.0000,0.3119,0.6881,True,True
74.1288,0.0000,7.2333,-230.9046,0.07051,0.0000,0.3104,0.6896,True,True
74.1370,0.0000,7.2404,-230.9489,0.04485,0.0000,0.3094,0.6906,True,True
74.1523,0.0000,7.2532,-231.0300,0.08218,0.0000,0.3077,0.6923,True,True
74.1626,0.0000,7.2620,-231.0850,0.05567,0.0000,0.3065,0.6935,True,True
74.1707,0.0000,7.2690,-231.1292,0.04481,0.0000,0.3055,0.6945,True,True
74.1861,0.0000,7.2820,-231.2108,0.08258,0.0000,0.3038,0.6962,True,True
74.1963,0.0000,7.2907,-231.2655,0.05544,0.0000,0.3026,0.6974,True,True
74.2081,0.0000,7.3007,-231.3286,0.06384,0.0000,0.3013,0.6987,True,True
74.2218,0.0000,7.3123,-231.4013,0.07359,0.0000,0.2997,0.7003,True,True
74.2319,0.0000,7.3209,-231.4555,0.05490,0.0000,0.2986,0.7014,True,True
74.2438,0.0000,7.3310,-231.5191,0.06438,0.0000,0.2972,0.7028,True,True
74.2521,0.0000,7.3381,-231.5633,0.04481,0.0000,0.2963,0.7037,True,True
74.2654,0.0000,7.3492,-231.6333,0.07088,0.0000,0.2948,0.7052,True,True
74.2735,0.0000,7.3563,-231.6776,0.04486,0.0000,0.2938,0.7062,True,True
74.2917,0.0000,7.3717,-231.7743,0.09793,0.0000,0.2918,0.7082,True,True
74.3001,0.0000,7.3790,-231.8197,0.04598,0.0000,0.2908,0.7092,True,True
74.3179,0.0000,7.3939,-231.9135,0.09495,0.0000,0.2888,0.7112,True,True
74.3282,0.0000,7.4027,-231.9686,0.05575,0.0000,0.2877,0.7123,True,True
74.3366,0.0000,7.4098,-232.0128,0.04483,0.0000,0.2867,0.7133,True,True
74.3541,0.0000,7.4248,-232.1068,0.09516,0.0000,0.2848,0.7152,True,True
74.3643,0.0000,7.4335,-232.1616,0.05549,0.0000,0.2836,0.7164,True,True
74.3757,0.0000,7.4430,-232.2212,0.06036,0.0000,0.2824,0.7176,True,True
74.3837,0.0000,7.4497,-232.2627,0.04203,0.0000,0.2815,0.7185,True,True
74.3977,0.0000,7.4610,-232.3336,0.07178,0.0000,0.2800,0.7200,True,True
74.4059,0.0000,7.4676,-232.3751,0.04205,0.0000,0.2791,0.7209,True,True
74.4218,0.0000,7.4801,-232.4529,0.07882,0.0000,0.2775,0.7225,True,True
74.4303,0.0000,7.4865,-232.4932,0.04084,0.0000,0.2767,0.7233,True,True
74.4392,0.0000,7.4934,-232.5364,0.04372,0.0000,0.2758,0.7242,True,True
74.4555,0.0000,7.5056,-232.6124,0.07694,0.0000,0.2742,0.7258,True,True
74.4639,0.0000,7.5118,-232.6514,0.03954,0.0000,0.2734,0.7266,True,True
74.4728,0.0000,7.5184,-232.6921,0.04121,0.0000,0.2725,0.7275,True,True
74.4892,0.0000,7.5300,-232.7648,0.07363,0.0000,0.2710,0.7290,True,True
74.4977,0.0000,7.5358,-232.8012,0.03686,0.0000,0.2702,0.7298,True,True
74.5065,0.0000,7.5419,-232.8394,0.03862,0.0000,0.2694,0.7306,True,True
74.5192,0.0000,7.5505,-232.8930,0.05432,0.0000,0.2683,0.7317,True,True
74.5386,0.0000,7.5629,-232.9702,0.07821,0.0000,0.2667,0.7333,True,True
74.5484,0.0000,7.5695,-233.0112,0.04146,0.0000,0.2659,0.7341,True,True
74.5598,0.0000,7.5766,-233.0555,0.04494,0.0000,0.2650,0.7350,True,True
74.5683,0.0000,7.5818,-233.0882,0.03309,0.0000,0.2643,0.7357,True,True
74.5821,0.0000,7.5899,-233.1388,0.05121,0.0000,0.2633,0.7367,True,True
74.5900,0.0000,7.5948,-233.1692,0.03083,0.0000,0.2626,0.7374,True,True
74.6086,0.0000,7.6053,-233.2344,0.06605,0.0000,0.2613,0.7387,True,True
74.6167,0.0000,7.6099,-233.2630,0.02895,0.0000,0.2607,0.7393,True,True
74.6275,0.0000,7.6158,-233.3002,0.03766,0.0000,0.2599,0.7401,True,True
74.6416,0.0000,7.6233,-233.3466,0.04701,0.0000,0.2590,0.7410,True,True
74.6500,0.0000,7.6276,-233.3737,0.02749,0.0000,0.2584,0.7416,True,True
74.6607,0.0000,7.6331,-233.4078,0.03452,0.0000,0.2577,0.7423,True,True
74.6693,0.0000,7.6374,-233.4344,0.02692,0.0000,0.2572,0.7428,True,True
74.6891,0.0000,7.6465,-233.4913,0.05760,0.0000,0.2560,0.7440,True,True
74.6968,0.0000,7.6502,-233.5145,0.02351,0.0000,0.2556,0.7444,True,True
74.7052,0.0000,7.6541,-233.5388,0.02465,0.0000,0.2551,0.7449,True,True
74.7211,0.0000,7.6610,-233.5819,0.04358,0.0000,0.2542,0.7458,True,True
74.7289,0.0000,7.6645,-233.6031,0.02150,0.0000,0.2537,0.7463,True,True
74.7378,0.0000,7.6681,-233.6259,0.02312,0.0000,0.2533,0.7467,True,True
74.7540,0.0000,7.6745,-233.6659,0.04048,0.0000,0.2525,0.7475,True,True
74.7619,0.0000,7.6777,-233.6852,0.01960,0.0000,0.2521,0.7479,True,True
74.7707,0.0000,7.6809,-233.7055,0.02052,0.0000,0.2517,0.7483,True,True
74.7830,0.0000,7.6854,-233.7333,0.02816,0.0000,0.2511,0.7489,True,True
74.7906,0.0000,7.6881,-233.7504,0.01729,0.0000,0.2507,0.7493,True,True
74.8082,0.0000,7.6940,-233.7867,0.03683,0.0000,0.2500,0.7500,True,True
74.8168,0.0000,7.6967,-233.8039,0.01737,0.0000,0.2497,0.7503,True,True
74.8314,0.0000,7.7012,-233.8317,0.02817,0.0000,0.2491,0.7509,True,True
74.8419,0.0000,7.7042,-233.8506,0.01912,0.0000,0.2487,0.7513,True,True
74.8502,0.0000,7.7066,-233.8652,0.01487,0.0000,0.2484,0.7516,True,True
74.8648,0.0000,7.7105,-233.8894,0.02450,0.0000,0.2479,0.7521,True,True
74.8734,0.0000,7.7126,-233.9027,0.01341,0.0000,0.2477,0.7523,True,True
74.8820,0.0000,7.7148,-233.9162,0.01365,0.0000,0.2474,0.7526,True,True
74.8989,0.0000,7.7186,-233.9399,0.02406,0.0000,0.2469,0.7531,True,True
74.9073,0.0000,7.7204,-233.9510,0.01120,0.0000,0.2467,0.7533,True,True
74.9159,0.0000,7.7221,-233.9620,0.01117,0.0000,0.2465,0.7535,True,True
74.9322,0.0000,7.7252,-233.9808,0.01901,0.0000,0.2461,0.7539,True,True
74.9406,0.0000,7.7252,-233.9808,0.00000,0.0000,0.2461,0.7539,True,True
74.9492,0.0000,7.7253,-233.9813,0.00057,0.0000,0.2461,0.7539,True,True
74.9650,0.0000,7.7257,-233.9842,0.00294,0.0000,0.2460,0.7540,True,True
74.9733,0.0000,7.7260,-233.9863,0.00206,0.0000,0.2460,0.7540,True,True
74.9824,0.0000,7.7265,-233.9890,0.00277,0.0000,0.2459,0.7541,True,True
74.9984,0.0000,7.7276,-233.9959,0.00702,0.0000,0.2458,0.7542,True,True
75.0069,0.0000,7.7283,-234.0001,0.00422,0.0000,0.2457,0.7543,True,True
75.0160,0.0000,7.7291,-234.0050,0.00501,0.0000,0.2456,0.7544,True,True
75.0318,0.0000,7.7308,-234.0158,0.01087,0.0000,0.2454,0.7546,True,True
75.0399,0.0000,7.7318,-234.0219,0.00620,0.0000,0.2452,0.7548,True,True
75.0487,0.0000,7.7329,-234.0289,0.00708,0.0000,0.2451,0.7549,True,True
75.0614,0.0000,7.7347,-234.0401,0.01134,0.0000,0.2449,0.7551,True,True
75.0745,0.0000,7.7367,-234.0527,0.01278,0.0000,0.2446,0.7554,True,True
75.0832,0.0000,7.7383,-234.0623,0.00972,0.0000,0.2444,0.7556,True,True
75.1000,0.0000,7.7415,-234.0822,0.02012,0.0000,0.2440,0.7560,True,True
75.1105,0.0000,7.7436,-234.0952,0.01317,0.0000,0.2438,0.7562,True,True
75.1216,0.0000,7.7460,-234.1104,0.01544,0.0000,0.2435,0.7565,True,True
75.1292,0.0000,7.7477,-234.1210,0.01076,0.0000,0.2433,0.7567,True,True
75.1436,0.0000,7.7512,-234.1426,0.02185,0.0000,0.2428,0.7572,True,True
75.1520,0.0000,7.7533,-234.1556,0.01320,0.0000,0.2426,0.7574,True,True
75.1661,0.0000,7.7571,-234.1794,0.02403,0.0000,0.2421,0.7579,True,True
75.1744,0.0000,7.7594,-234.1935,0.01433,0.0000,0.2418,0.7582,True,True
75.1828,0.0000,7.7619,-234.2088,0.01547,0.0000,0.2415,0.7585,True,True
75.1951,0.0000,7.7656,-234.2319,0.02341,0.0000,0.2410,0.7590,True,True
75.2029,0.0000,7.7680,-234.2471,0.01544,0.0000,0.2407,0.7593,True,True
75.2199,0.0000,7.7735,-234.2812,0.03447,0.0000,0.2400,0.7600,True,True
75.2272,0.0000,7.7762,-234.2979,0.01697,0.0000,0.2397,0.7603,True,True
75.2361,0.0000,7.7792,-234.3165,0.01878,0.0000,0.2393,0.7607,True,True
75.2528,0.0000,7.7855,-234.3555,0.03955,0.0000,0.2385,0.7615,True,True
75.2607,0.0000,7.7885,-234.3745,0.01921,0.0000,0.2382,0.7618,True,True
75.2694,0.0000,7.7919,-234.3955,0.02131,0.0000,0.2377,0.7623,True,True
75.2864,0.0000,7.7990,-234.4391,0.04420,0.0000,0.2369,0.7631,True,True
75.2945,0.0000,7.8024,-234.4605,0.02159,0.0000,0.2364,0.7636,True,True
75.3033,0.0000,7.8062,-234.4839,0.02375,0.0000,0.2360,0.7640,True,True
75.3199,0.0000,7.8137,-234.5307,0.04734,0.0000,0.2351,0.7649,True,True
75.3278,0.0000,7.8174,-234.5535,0.02318,0.0000,0.2346,0.7654,True,True
75.3375,0.0000,7.8217,-234.5806,0.02739,0.0000,0.2341,0.7659,True,True
75.3546,0.0000,7.8302,-234.6332,0.05331,0.0000,0.2330,0.7670,True,True
75.3624,0.0000,7.8343,-234.6587,0.02584,0.0000,0.2325,0.7675,True,True
75.3715,0.0000,7.8388,-234.6865,0.02816,0.0000,0.2320,0.7680,True,True
75.3881,0.0000,7.8478,-234.7421,0.05631,0.0000,0.2309,0.7691,True,True
75.3959,0.0000,7.8521,-234.7688,0.02703,0.0000,0.2303,0.7697,True,True
75.4047,0.0000,7.8569,-234.7988,0.03042,0.0000,0.2297,0.7703,True,True
75.4220,0.0000,7.8669,-234.8607,0.06266,0.0000,0.2285,0.7715,True,True
75.4325,0.0000,7.8730,-234.8982,0.03799,0.0000,0.2278,0.7722,True,True
75.4406,0.0000,7.8779,-234.9289,0.03110,0.0000,0.2272,0.7728,True,True
75.4583,0.0000,7.8888,-234.9965,0.06844,0.0000,0.2258,0.7742,True,True
75.4644,0.0000,7.8927,-235.0204,0.02427,0.0000,0.2254,0.7746,True,True
75.4812,0.0000,7.9034,-235.0870,0.06745,0.0000,0.2241,0.7759,True,True
75.4892,0.0000,7.9088,-235.1204,0.03379,0.0000,0.2234,0.7766,True,True
75.4982,0.0000,7.9146,-235.1560,0.03612,0.0000,0.2227,0.7773,True,True
75.5143,0.0000,7.9258,-235.2255,0.07037,0.0000,0.2213,0.7787,True,True
75.5226,0.0000,7.9316,-235.2615,0.03649,0.0000,0.2206,0.7794,True,True
75.5308,0.0000,7.9374,-235.2972,0.03615,0.0000,0.2199,0.7801,True,True
75.5475,0.0000,7.9495,-235.3721,0.07591,0.0000,0.2185,0.7815,True,True
75.5559,0.0000,7.9557,-235.4104,0.03876,0.0000,0.2177,0.7823,True,True
75.5641,0.0000,7.9618,-235.4485,0.03855,0.0000,0.2170,0.7830,True,True
75.5806,0.0000,7.9744,-235.5266,0.07918,0.0000,0.2155,0.7845,True,True
75.5889,0.0000,7.9809,-235.5668,0.04068,0.0000,0.2147,0.7853,True,True
75.5973,0.0000,7.9875,-235.6073,0.04098,0.0000,0.2139,0.7861,True,True
75.6095,0.0000,7.9972,-235.6675,0.06107,0.0000,0.2128,0.7872,True,True
75.6173,0.0000,8.0036,-235.7071,0.04005,0.0000,0.2120,0.7880,True,True
75.6343,0.0000,8.0173,-235.7920,0.08606,0.0000,0.2104,0.7896,True,True
75.6420,0.0000,8.0241,-235.8336,0.04214,0.0000,0.2096,0.7904,True,True
75.6507,0.0000,8.0314,-235.8793,0.04623,0.0000,0.2087,0.7913,True,True
75.6674,0.0000,8.0459,-235.9685,0.09042,0.0000,0.2070,0.7930,True,True
75.6758,0.0000,8.0530,-236.0127,0.04475,0.0000,0.2061,0.7939,True,True
75.6851,0.0000,8.0608,-236.0605,0.04841,0.0000,0.2052,0.7948,True,True
75.7015,0.0000,8.0752,-236.1499,0.09060,0.0000,0.2035,0.7965,True,True
75.7099,0.0000,8.0825,-236.1946,0.04524,0.0000,0.2027,0.7973,True,True
75.7184,0.0000,8.0898,-236.2400,0.04595,0.0000,0.2018,0.7982,True,True
75.7345,0.0000,8.1038,-236.3262,0.08733,0.0000,0.2002,0.7998,True,True
75.7426,0.0000,8.1108,-236.3698,0.04419,0.0000,0.1994,0.8006,True,True
75.7525,0.0000,8.1186,-236.4180,0.04886,0.0000,0.1984,0.8016,True,True
75.7680,0.0000,8.1327,-236.5048,0.08791,0.0000,0.1968,0.8032,True,True
75.7759,0.0000,8.1396,-236.5476,0.04336,0.0000,0.1960,0.8040,True,True
75.7852,0.0000,8.1473,-236.5954,0.04840,0.0000,0.1951,0.8049,True,True
75.7977,0.0000,8.1580,-236.6614,0.06687,0.0000,0.1939,0.8061,True,True
75.8121,0.0000,8.1706,-236.7389,0.07849,0.0000,0.1924,0.8076,True,True
75.8231,0.0000,8.1803,-236.7987,0.06056,0.0000,0.1913,0.8087,True,True
75.8312,0.0000,8.1873,-236.8418,0.04368,0.0000,0.1905,0.8095,True,True
75.8454,0.0000,8.1994,-236.9167,0.07585,0.0000,0.1891,0.8109,True,True
75.8537,0.0000,8.2067,-236.9618,0.04571,0.0000,0.1883,0.8117,True,True
75.8682,0.0000,8.2192,-237.0389,0.07809,0.0000,0.1869,0.8131,True,True
75.8764,0.0000,8.2263,-237.0824,0.04410,0.0000,0.1861,0.8139,True,True
75.8850,0.0000,8.2337,-237.1281,0.04631,0.0000,0.1852,0.8148,True,True
75.9019,0.0000,8.2484,-237.2186,0.09171,0.0000,0.1836,0.8164,True,True
75.9103,0.0000,8.2556,-237.2630,0.04492,0.0000,0.1827,0.8173,True,True
75.9186,0.0000,8.2628,-237.3078,0.04537,0.0000,0.1819,0.8181,True,True
75.9355,0.0000,8.2774,-237.3975,0.09086,0.0000,0.1803,0.8197,True,True
75.9440,0.0000,8.2844,-237.4408,0.04393,0.0000,0.1795,0.8205,True,True
75.9530,0.0000,8.2921,-237.4885,0.04832,0.0000,0.1786,0.8214,True,True
75.9685,0.0000,8.3060,-237.5741,0.08667,0.0000,0.1771,0.8229,True,True
75.9767,0.0000,8.3130,-237.6174,0.04390,0.0000,0.1763,0.8237,True,True
75.9851,0.0000,8.3204,-237.6627,0.04583,0.0000,0.1755,0.8245,True,True
75.9984,0.0000,8.3318,-237.7329,0.07120,0.0000,0.1742,0.8258,True,True
76.0129,0.0000,8.3443,-237.8101,0.07813,0.0000,0.1728,0.8272,True,True
76.0212,0.0000,8.3515,-237.8547,0.04522,0.0000,0.1720,0.8280,True,True
76.0352,0.0000,8.3636,-237.9291,0.07534,0.0000,0.1707,0.8293,True,True
76.0433,0.0000,8.3707,-237.9725,0.04403,0.0000,0.1699,0.8301,True,True
76.0517,0.0000,8.3779,-238.0174,0.04543,0.0000,0.1691,0.8309,True,True
76.0636,0.0000,8.3882,-238.0803,0.06377,0.0000,0.1680,0.8320,True,True
76.0714,0.0000,8.3949,-238.1219,0.04214,0.0000,0.1673,0.8327,True,True
76.0879,0.0000,8.4091,-238.2090,0.08825,0.0000,0.1657,0.8343,True,True
76.0953,0.0000,8.4154,-238.2480,0.03954,0.0000,0.1650,0.8350,True,True
76.1043,0.0000,8.4228,-238.2937,0.04628,0.0000,0.1642,0.8358,True,True
76.1204,0.0000,8.4361,-238.3757,0.08304,0.0000,0.1628,0.8372,True,True
76.1282,0.0000,8.4425,-238.4149,0.03967,0.0000,0.1621,0.8379,True,True
76.1372,0.0000,8.4496,-238.4586,0.04432,0.0000,0.1613,0.8387,True,True
76.1539,0.0000,8.4627,-238.5392,0.08164,0.0000,0.1599,0.8401,True,True
76.1617,0.0000,8.4687,-238.5762,0.03747,0.0000,0.1593,0.8407,True,True
76.1709,0.0000,8.4754,-238.6178,0.04214,0.0000,0.1585,0.8415,True,True
76.1874,0.0000,8.4878,-238.6938,0.07706,0.0000,0.1572,0.8428,True,True
76.1950,0.0000,8.4934,-238.7284,0.03500,0.0000,0.1566,0.8434,True,True
76.2042,0.0000,8.4998,-238.7681,0.04024,0.0000,0.1559,0.8441,True,True
76.2206,0.0000,8.5114,-238.8394,0.07227,0.0000,0.1547,0.8453,True,True
76.2283,0.0000,8.5167,-238.8720,0.03304,0.0000,0.1541,0.8459,True,True
76.2372,0.0000,8.5227,-238.9090,0.03747,0.0000,0.1535,0.8465,True,True
76.2540,0.0000,8.5339,-238.9775,0.06933,0.0000,0.1523,0.8477,True,True
76.2618,0.0000,8.5389,-239.0085,0.03143,0.0000,0.1518,0.8482,True,True
76.2709,0.0000,8.5446,-239.0436,0.03557,0.0000,0.1512,0.8488,True,True
76.2832,0.0000,8.5523,-239.0907,0.04772,0.0000,0.1504,0.8496,True,True
76.2901,0.0000,8.5567,-239.1178,0.02744,0.0000,0.1499,0.8501,True,True
76.3084,0.0000,8.5674,-239.1842,0.06728,0.0000,0.1488,0.8512,True,True
76.3165,0.0000,8.5723,-239.2138,0.03004,0.0000,0.1483,0.8517,True,True
76.3280,0.0000,8.5788,-239.2541,0.04083,0.0000,0.1476,0.8524,True,True
76.3359,0.0000,8.5832,-239.2813,0.02756,0.0000,0.1472,0.8528,True,True
76.3502,0.0000,8.5909,-239.3286,0.04783,0.0000,0.1464,0.8536,True,True
76.3583,0.0000,8.5953,-239.3557,0.02752,0.0000,0.1459,0.8541,True,True
76.3749,0.0000,8.6039,-239.4083,0.05332,0.0000,0.1450,0.8550,True,True
76.3875,0.0000,8.6101,-239.4469,0.03906,0.0000,0.1444,0.8556,True,True
76.3953,0.0000,8.6139,-239.4702,0.02362,0.0000,0.1440,0.8560,True,True
76.4039,0.0000,8.6181,-239.4958,0.02589,0.0000,0.1435,0.8565,True,True
76.4169,0.0000,8.6240,-239.5321,0.03681,0.0000,0.1429,0.8571,True,True
76.4250,0.0000,8.6277,-239.5553,0.02353,0.0000,0.1425,0.8575,True,True
76.4397,0.0000,8.6341,-239.5947,0.03990,0.0000,0.1419,0.8581,True,True
76.4478,0.0000,8.6376,-239.6157,0.02129,0.0000,0.1415,0.8585,True,True
76.4629,0.0000,8.6438,-239.6540,0.03882,0.0000,0.1409,0.8591,True,True
76.4708,0.0000,8.6469,-239.6734,0.01966,0.0000,0.1406,0.8594,True,True
76.4791,0.0000,8.6502,-239.6934,0.02019,0.0000,0.1402,0.8598,True,True
76.4918,0.0000,8.6549,-239.7224,0.02940,0.0000,0.1398,0.8602,True,True
76.5001,0.0000,8.6579,-239.7411,0.01895,0.0000,0.1395,0.8605,True,True
76.5149,0.0000,8.6630,-239.7721,0.03141,0.0000,0.1389,0.8611,True,True
76.5222,0.0000,8.6655,-239.7876,0.01571,0.0000,0.1387,0.8613,True,True
76.5306,0.0000,8.6682,-239.8045,0.01713,0.0000,0.1384,0.8616,True,True
76.5493,0.0000,8.6739,-239.8393,0.03528,0.0000,0.1378,0.8622,True,True
76.5596,0.0000,8.6769,-239.8578,0.01872,0.0000,0.1375,0.8625,True,True
76.5712,0.0000,8.6801,-239.8778,0.02025,0.0000,0.1372,0.8628,True,True
76.5828,0.0000,8.6832,-239.8966,0.01906,0.0000,0.1369,0.8631,True,True
76.5905,0.0000,8.6852,-239.9087,0.01226,0.0000,0.1367,0.8633,True,True
76.5995,0.0000,8.6873,-239.9218,0.01322,0.0000,0.1365,0.8635,True,True
76.6158,0.0000,8.6910,-239.9446,0.02311,0.0000,0.1361,0.8639,True,True
76.6242,0.0000,8.6928,-239.9554,0.01098,0.0000,0.1359,0.8641,True,True
76.6343,0.0000,8.6948,-239.9679,0.01268,0.0000,0.1357,0.8643,True,True
76.6529,0.0000,8.6981,-239.9884,0.02075,0.0000,0.1354,0.8646,True,True
76.6608,0.0000,8.6981,-239.9884,0.00000,0.0000,0.1354,0.8646,True,True
76.6749,0.0000,8.6984,-239.9899,0.00147,0.0000,0.1354,0.8646,True,True
76.6877,0.0000,8.6988,-239.9924,0.00258,0.0000,0.1353,0.8647,True,True
76.6961,0.0000,8.6991,-239.9946,0.00223,0.0000,0.1353,0.8647,True,True
76.7052,0.0000,8.6996,-239.9975,0.00297,0.0000,0.1352,0.8648,True,True
76.7180,0.0000,8.7005,-240.0030,0.00553,0.0000,0.1351,0.8649,True,True
76.7255,0.0000,8.7011,-240.0065,0.00360,0.0000,0.1351,0.8649,True,True
76.7431,0.0000,8.7028,-240.0173,0.01085,0.0000,0.1349,0.8651,True,True
76.7510,0.0000,8.7036,-240.0224,0.00526,0.0000,0.1348,0.8652,True,True
76.7638,0.0000,8.7052,-240.0320,0.00968,0.0000,0.1347,0.8653,True,True
76.7716,0.0000,8.7063,-240.0387,0.00679,0.0000,0.1346,0.8654,True,True
76.7851,0.0000,8.7083,-240.0511,0.01255,0.0000,0.1343,0.8657,True,True
76.7980,0.0000,8.7104,-240.0639,0.01294,0.0000,0.1341,0.8659,True,True
76.8067,0.0000,8.7119,-240.0733,0.00958,0.0000,0.1340,0.8660,True,True
76.8254,0.0000,8.7156,-240.0962,0.02317,0.0000,0.1336,0.8664,True,True
76.8318,0.0000,8.7169,-240.1043,0.00819,0.0000,0.1335,0.8665,True,True
76.8490,0.0000,8.7209,-240.1283,0.02436,0.0000,0.1331,0.8669,True,True
76.8571,0.0000,8.7228,-240.1402,0.01206,0.0000,0.1329,0.8671,True,True
76.8723,0.0000,8.7264,-240.1623,0.02235,0.0000,0.1325,0.8675,True,True
76.8794,0.0000,8.7285,-240.1753,0.01314,0.0000,0.1323,0.8677,True,True
76.8950,0.0000,8.7328,-240.2019,0.02698,0.0000,0.1319,0.8681,True,True
76.9022,0.0000,8.7350,-240.2154,0.01367,0.0000,0.1317,0.8683,True,True
76.9120,0.0000,8.7377,-240.2321,0.01699,0.0000,0.1314,0.8686,True,True
76.9215,0.0000,8.7409,-240.2519,0.01997,0.0000,0.1311,0.8689,True,True
76.9382,0.0000,8.7465,-240.2861,0.03474,0.0000,0.1305,0.8695,True,True
76.9465,0.0000,8.7494,-240.3037,0.01782,0.0000,0.1302,0.8698,True,True
76.9634,0.0000,8.7554,-240.3412,0.03797,0.0000,0.1296,0.8704,True,True
76.9716,0.0000,8.7586,-240.3604,0.01948,0.0000,0.1293,0.8707,True,True
76.9884,0.0000,8.7651,-240.4008,0.04086,0.0000,0.1287,0.8713,True,True
76.9965,0.0000,8.7685,-240.4213,0.02081,0.0000,0.1283,0.8717,True,True
77.0134,0.0000,8.7755,-240.4649,0.04417,0.0000,0.1276,0.8724,True,True
77.0299,0.0000,8.7829,-240.5103,0.04604,0.0000,0.1269,0.8731,True,True
77.0382,0.0000,8.7867,-240.5335,0.02350,0.0000,0.1266,0.8734,True,True
77.0550,0.0000,8.7946,-240.5823,0.04942,0.0000,0.1258,0.8742,True,True
77.0632,0.0000,8.7986,-240.6070,0.02497,0.0000,0.1254,0.8746,True,True
77.0800,0.0000,8.8070,-240.6587,0.05245,0.0000,0.1246,0.8754,True,True
77.0882,0.0000,8.8113,-240.6851,0.02668,0.0000,0.1241,0.8759,True,True
77.1051,0.0000,8.8202,-240.7399,0.05550,0.0000,0.1233,0.8767,True,True
77.1217,0.0000,8.8295,-240.7968,0.05766,0.0000,0.1224,0.8776,True,True
77.1300,0.0000,8.8342,-240.8257,0.02934,0.0000,0.1219,0.8781,True,True
77.1467,0.0000,8.8439,-240.8859,0.06094,0.0000,0.1210,0.8790,True,True
77.1529,0.0000,8.8476,-240.9084,0.02280,0.0000,0.1206,0.8794,True,True
77.1693,0.0000,8.8576,-240.9700,0.06244,0.0000,0.1197,0.8803,True,True
77.1773,0.0000,8.8626,-241.0008,0.03116,0.0000,0.1192,0.8808,True,True
77.1967,0.0000,8.8751,-241.0776,0.07784,0.0000,0.1180,0.8820,True,True
77.2024,0.0000,8.8788,-241.1006,0.02328,0.0000,0.1176,0.8824,True,True
77.2147,0.0000,8.8870,-241.1507,0.05072,0.0000,0.1168,0.8832,True,True
77.2358,0.0000,8.9015,-241.2402,0.09073,0.0000,0.1155,0.8845,True,True
77.2436,0.0000,8.9071,-241.2744,0.03467,0.0000,0.1149,0.8851,True,True
77.2561,0.0000,8.9159,-241.3288,0.05505,0.0000,0.1141,0.8859,True,True
77.2642,0.0000,8.9219,-241.3657,0.03738,0.0000,0.1135,0.8865,True,True
77.2808,0.0000,8.9341,-241.4412,0.07654,0.0000,0.1124,0.8876,True,True
77.2885,0.0000,8.9400,-241.4774,0.03671,0.0000,0.1118,0.8882,True,True
77.3055,0.0000,8.9531,-241.5580,0.08165,0.0000,0.1106,0.8894,True,True
77.3133,0.0000,8.9593,-241.5959,0.03838,0.0000,0.1100,0.8900,True,True
77.3302,0.0000,8.9727,-241.6787,0.08386,0.0000,0.1088,0.8912,True,True
77.3467,0.0000,8.9864,-241.7631,0.08552,0.0000,0.1075,0.8925,True,True
77.3550,0.0000,8.9934,-241.8059,0.04330,0.0000,0.1069,0.8931,True,True
77.3718,0.0000,9.0076,-241.8935,0.08875,0.0000,0.1056,0.8944,True,True
77.3800,0.0000,9.0148,-241.9381,0.04526,0.0000,0.1049,0.8951,True,True
77.3949,0.0000,9.0277,-242.0173,0.08018,0.0000,0.1037,0.8963,True,True
77.4030,0.0000,9.0347,-242.0606,0.04386,0.0000,0.1031,0.8969,True,True
77.4197,0.0000,9.0491,-242.1496,0.09014,0.0000,0.1018,0.8982,True,True
77.4391,0.0000,9.0659,-242.2526,0.10442,0.0000,0.1003,0.8997,True,True
77.4479,0.0000,9.0736,-242.3002,0.04815,0.0000,0.0996,0.9004,True,True
77.4725,0.0000,9.0947,-242.4301,0.13169,0.0000,0.0977,0.9023,True,True
77.4806,0.0000,9.1018,-242.4743,0.04475,0.0000,0.0971,0.9029,True,True
77.4973,0.0000,9.1162,-242.5631,0.08990,0.0000,0.0958,0.9042,True,True
77.5056,0.0000,9.1235,-242.6078,0.04531,0.0000,0.0952,0.9048,True,True
77.5224,0.0000,9.1379,-242.6964,0.08981,0.0000,0.0939,0.9061,True,True
77.5390,0.0000,9.1523,-242.7853,0.09000,0.0000,0.0927,0.9073,True,True
77.5472,0.0000,9.1594,-242.8294,0.04474,0.0000,0.0920,0.9080,True,True
77.5619,0.0000,9.1722,-242.9079,0.07945,0.0000,0.0909,0.9091,True,True
77.5701,0.0000,9.1792,-242.9511,0.04376,0.0000,0.0903,0.9097,True,True
77.5869,0.0000,9.1937,-243.0409,0.09102,0.0000,0.0891,0.9109,True,True
77.5947,0.0000,9.2004,-243.0824,0.04206,0.0000,0.0885,0.9115,True,True
77.6111,0.0000,9.2146,-243.1700,0.08867,0.0000,0.0873,0.9127,True,True
77.6193,0.0000,9.2217,-243.2137,0.04433,0.0000,0.0867,0.9133,True,True
77.6319,0.0000,9.2325,-243.2805,0.06766,0.0000,0.0858,0.9142,True,True
77.6528,0.0000,9.2506,-243.3922,0.11312,0.0000,0.0843,0.9157,True,True
77.6609,0.0000,9.2577,-243.4357,0.04407,0.0000,0.0837,0.9163,True,True
77.6731,0.0000,9.2682,-243.5005,0.06566,0.0000,0.0828,0.9172,True,True
77.6808,0.0000,9.2748,-243.5416,0.04163,0.0000,0.0823,0.9177,True,True
77.6975,0.0000,9.2891,-243.6298,0.08937,0.0000,0.0811,0.9189,True,True
77.7056,0.0000,9.2962,-243.6734,0.04416,0.0000,0.0805,0.9195,True,True
77.7223,0.0000,9.3106,-243.7623,0.09007,0.0000,0.0793,0.9207,True,True
77.7306,0.0000,9.3178,-243.8070,0.04531,0.0000,0.0787,0.9213,True,True
77.7449,0.0000,9.3301,-243.8828,0.07678,0.0000,0.0778,0.9222,True,True
77.7619,0.0000,9.3447,-243.9733,0.09162,0.0000,0.0766,0.9234,True,True
77.7702,0.0000,9.3519,-244.0176,0.04493,0.0000,0.0760,0.9240,True,True
77.7819,0.0000,9.3621,-244.0806,0.06374,0.0000,0.0752,0.9248,True,True
77.7899,0.0000,9.3689,-244.1231,0.04314,0.0000,0.0746,0.9254,True,True
77.8163,0.0000,9.3914,-244.2620,0.14063,0.0000,0.0729,0.9271,True,True
77.8234,0.0000,9.3974,-244.2993,0.03784,0.0000,0.0724,0.9276,True,True
77.8413,0.0000,9.4121,-244.3903,0.09212,0.0000,0.0712,0.9288,True,True
77.8667,0.0000,9.4324,-244.5156,0.12693,0.0000,0.0697,0.9303,True,True
77.8740,0.0000,9.4381,-244.5506,0.03549,0.0000,0.0692,0.9308,True,True
77.8919,0.0000,9.4517,-244.6351,0.08555,0.0000,0.0682,0.9318,True,True
77.9126,0.0000,9.4670,-244.7299,0.09608,0.0000,0.0670,0.9330,True,True
77.9205,0.0000,9.4728,-244.7657,0.03629,0.0000,0.0666,0.9334,True,True
77.9333,0.0000,9.4819,-244.8220,0.05696,0.0000,0.0659,0.9341,True,True
77.9412,0.0000,9.4874,-244.8562,0.03473,0.0000,0.0655,0.9345,True,True
77.9621,0.0000,9.5016,-244.9444,0.08932,0.0000,0.0644,0.9356,True,True
77.9794,0.0000,9.5130,-245.0147,0.07121,0.0000,0.0635,0.9365,True,True
77.9879,0.0000,9.5185,-245.0489,0.03459,0.0000,0.0631,0.9369,True,True
78.0043,0.0000,9.5288,-245.1127,0.06464,0.0000,0.0624,0.9376,True,True
78.0127,0.0000,9.5340,-245.1449,0.03267,0.0000,0.0620,0.9380,True,True
78.0300,0.0000,9.5443,-245.2087,0.06457,0.0000,0.0612,0.9388,True,True
78.0380,0.0000,9.5490,-245.2379,0.02963,0.0000,0.0609,0.9391,True,True
78.0550,0.0000,9.5586,-245.2976,0.06040,0.0000,0.0602,0.9398,True,True
78.0740,0.0000,9.5689,-245.3616,0.06488,0.0000,0.0594,0.9406,True,True
78.0822,0.0000,9.5733,-245.3890,0.02773,0.0000,0.0591,0.9409,True,True
78.0990,0.0000,9.5819,-245.4422,0.05389,0.0000,0.0585,0.9415,True,True
78.1072,0.0000,9.5861,-245.4682,0.02632,0.0000,0.0582,0.9418,True,True
78.1275,0.0000,9.5959,-245.5286,0.06122,0.0000,0.0575,0.9425,True,True
78.1361,0.0000,9.5999,-245.5537,0.02538,0.0000,0.0572,0.9428,True,True
78.1500,0.0000,9.6062,-245.5928,0.03964,0.0000,0.0568,0.9432,True,True
78.1578,0.0000,9.6097,-245.6144,0.02181,0.0000,0.0565,0.9435,True,True
78.1802,0.0000,9.6189,-245.6719,0.05831,0.0000,0.0559,0.9441,True,True
78.1991,0.0000,9.6264,-245.7182,0.04683,0.0000,0.0553,0.9447,True,True
78.2072,0.0000,9.6295,-245.7379,0.01997,0.0000,0.0551,0.9449,True,True
78.2240,0.0000,9.6356,-245.7757,0.03825,0.0000,0.0547,0.9453,True,True
78.2323,0.0000,9.6386,-245.7940,0.01862,0.0000,0.0545,0.9455,True,True
78.2467,0.0000,9.6435,-245.8243,0.03068,0.0000,0.0542,0.9458,True,True
78.2549,0.0000,9.6461,-245.8409,0.01683,0.0000,0.0540,0.9460,True,True
78.2714,0.0000,9.6512,-245.8725,0.03201,0.0000,0.0536,0.9464,True,True
78.2876,0.0000,9.6559,-245.9016,0.02946,0.0000,0.0533,0.9467,True,True
78.2958,0.0000,9.6582,-245.9159,0.01444,0.0000,0.0531,0.9469,True,True
78.3088,0.0000,9.6616,-245.9371,0.02153,0.0000,0.0529,0.9471,True,True
78.3162,0.0000,9.6635,-245.9488,0.01184,0.0000,0.0528,0.9472,True,True
78.3331,0.0000,9.6675,-245.9734,0.02488,0.0000,0.0525,0.9475,True,True
78.3409,0.0000,9.6692,-245.9843,0.01105,0.0000,0.0524,0.9476,True,True
78.3573,0.0000,9.6692,-245.9843,0.00000,0.0000,0.0524,0.9476,True,True
78.3657,0.0000,9.6693,-245.9848,0.00053,0.0000,0.0524,0.9476,True,True
78.3826,0.0000,9.6698,-245.9879,0.00314,0.0000,0.0523,0.9477,True,True
78.3992,0.0000,9.6706,-245.9930,0.00516,0.0000,0.0523,0.9477,True,True
78.4072,0.0000,9.6711,-245.9961,0.00309,0.0000,0.0522,0.9478,True,True
78.4241,0.0000,9.6724,-246.0043,0.00838,0.0000,0.0522,0.9478,True,True
78.4303,0.0000,9.6730,-246.0077,0.00338,0.0000,0.0521,0.9479,True,True
78.4467,0.0000,9.6747,-246.0186,0.01111,0.0000,0.0520,0.9480,True,True
78.4550,0.0000,9.6757,-246.0246,0.00601,0.0000,0.0519,0.9481,True,True
78.4711,0.0000,9.6779,-246.0381,0.01374,0.0000,0.0518,0.9482,True,True
78.4792,0.0000,9.6791,-246.0456,0.00757,0.0000,0.0517,0.9483,True,True
78.4919,0.0000,9.6811,-246.0582,0.01278,0.0000,0.0516,0.9484,True,True
78.5083,0.0000,9.6840,-246.0765,0.01847,0.0000,0.0514,0.9486,True,True
78.5160,0.0000,9.6855,-246.0856,0.00920,0.0000,0.0513,0.9487,True,True
78.5328,0.0000,9.6890,-246.1075,0.02221,0.0000,0.0510,0.9490,True,True
78.5406,0.0000,9.6907,-246.1180,0.01060,0.0000,0.0509,0.9491,True,True
78.5572,0.0000,9.6947,-246.1427,0.02502,0.0000,0.0506,0.9494,True,True
78.5657,0.0000,9.6968,-246.1557,0.01321,0.0000,0.0505,0.9495,True,True
78.5824,0.0000,9.7012,-246.1833,0.02797,0.0000,0.0502,0.9498,True,True
78.5906,0.0000,9.7035,-246.1976,0.01451,0.0000,0.0500,0.9500,True,True
78.6052,0.0000,9.7078,-246.2244,0.02714,0.0000,0.0498,0.9502,True,True
78.6242,0.0000,9.7139,-246.2620,0.03805,0.0000,0.0494,0.9506,True,True
78.6330,0.0000,9.7168,-246.2800,0.01822,0.0000,0.0492,0.9508,True,True
78.6574,0.0000,9.7255,-246.3341,0.05480,0.0000,0.0486,0.9514,True,True
78.6655,0.0000,9.7285,-246.3529,0.01899,0.0000,0.0484,0.9516,True,True
78.6824,0.0000,9.7349,-246.3930,0.04065,0.0000,0.0480,0.9520,True,True
78.6905,0.0000,9.7382,-246.4134,0.02068,0.0000,0.0477,0.9523,True,True
78.7081,0.0000,9.7454,-246.4581,0.04522,0.0000,0.0473,0.9527,True,True
78.7303,0.0000,9.7553,-246.5199,0.06264,0.0000,0.0466,0.9534,True,True
78.7390,0.0000,9.7593,-246.5447,0.02511,0.0000,0.0464,0.9536,True,True
78.7575,0.0000,9.7681,-246.5997,0.05574,0.0000,0.0458,0.9542,True,True
78.7658,0.0000,9.7722,-246.6249,0.02551,0.0000,0.0455,0.9545,True,True
78.7833,0.0000,9.7809,-246.6794,0.05520,0.0000,0.0450,0.9550,True,True
78.8056,0.0000,9.7928,-246.7539,0.07538,0.0000,0.0442,0.9558,True,True
78.8244,0.0000,9.8033,-246.8187,0.06566,0.0000,0.0435,0.9565,True,True
78.8325,0.0000,9.8079,-246.8477,0.02942,0.0000,0.0432,0.9568,True,True
78.8504,0.0000,9.8183,-246.9123,0.06537,0.0000,0.0426,0.9574,True,True
78.8585,0.0000,9.8232,-246.9433,0.03137,0.0000,0.0423,0.9577,True,True
78.8826,0.0000,9.8382,-247.0367,0.09462,0.0000,0.0414,0.9586,True,True
78.8909,0.0000,9.8435,-247.0695,0.03324,0.0000,0.0410,0.9590,True,True
78.9077,0.0000,9.8544,-247.1375,0.06887,0.0000,0.0404,0.9596,True,True
78.9246,0.0000,9.8658,-247.2087,0.07209,0.0000,0.0397,0.9603,True,True
78.9328,0.0000,9.8714,-247.2439,0.03565,0.0000,0.0393,0.9607,True,True
78.9497,0.0000,9.8832,-247.3175,0.07448,0.0000,0.0386,0.9614,True,True
78.9576,0.0000,9.8889,-247.3530,0.03604,0.0000,0.0383,0.9617,True,True
78.9744,0.0000,9.9011,-247.4293,0.07720,0.0000,0.0375,0.9625,True,True
78.9826,0.0000,9.9073,-247.4680,0.03925,0.0000,0.0372,0.9628,True,True
78.9994,0.0000,9.9199,-247.5471,0.08008,0.0000,0.0364,0.9636,True,True
79.0076,0.0000,9.9263,-247.5872,0.04056,0.0000,0.0361,0.9639,True,True
79.0243,0.0000,9.9395,-247.6696,0.08344,0.0000,0.0353,0.9647,True,True
79.0410,0.0000,9.9530,-247.7539,0.08541,0.0000,0.0345,0.9655,True,True
79.0474,0.0000,9.9581,-247.7859,0.03245,0.0000,0.0342,0.9658,True,True
79.0635,0.0000,9.9717,-247.8712,0.08638,0.0000,0.0334,0.9666,True,True
79.0717,0.0000,9.9787,-247.9147,0.04398,0.0000,0.0331,0.9669,True,True
79.0877,0.0000,9.9923,-247.9998,0.08627,0.0000,0.0323,0.9677,True,True
79.0960,0.0000,9.9993,-248.0442,0.04495,0.0000,0.0319,0.9681,True,True
79.1092,0.0000,10.0105,-248.1143,0.07097,0.0000,0.0313,0.9687,True,True
79.1166,0.0000,10.0169,-248.1543,0.04047,0.0000,0.0309,0.9691,True,True
79.1372,0.0000,10.0343,-248.2636,0.11066,0.0000,0.0300,0.9700,True,True
79.1539,0.0000,10.0486,-248.3529,0.09044,0.0000,0.0292,0.9708,True,True
79.1619,0.0000,10.0554,-248.3955,0.04320,0.0000,0.0289,0.9711,True,True
79.1745,0.0000,10.0661,-248.4627,0.06797,0.0000,0.0283,0.9717,True,True
79.1825,0.0000,10.0729,-248.5055,0.04340,0.0000,0.0280,0.9720,True,True
79.1993,0.0000,10.0871,-248.5948,0.09035,0.0000,0.0272,0.9728,True,True
79.2075,0.0000,10.0941,-248.6389,0.04468,0.0000,0.0269,0.9731,True,True
79.2243,0.0000,10.1083,-248.7281,0.09036,0.0000,0.0261,0.9739,True,True
79.2410,0.0000,10.1224,-248.8170,0.08997,0.0000,0.0254,0.9746,True,True
79.2493,0.0000,10.1295,-248.8615,0.04507,0.0000,0.0251,0.9749,True,True
79.2660,0.0000,10.1436,-248.9502,0.08981,0.0000,0.0244,0.9756,True,True
79.2720,0.0000,10.1488,-248.9825,0.03277,0.0000,0.0241,0.9759,True,True
79.2883,0.0000,10.1626,-249.0700,0.08854,0.0000,0.0235,0.9765,True,True
79.2968,0.0000,10.1698,-249.1151,0.04572,0.0000,0.0231,0.9769,True,True
79.3089,0.0000,10.1800,-249.1793,0.06498,0.0000,0.0226,0.9774,True,True
79.3166,0.0000,10.1865,-249.2204,0.04154,0.0000,0.0223,0.9777,True,True
79.3372,0.0000,10.2040,-249.3304,0.11147,0.0000,0.0215,0.9785,True,True
79.3493,0.0000,10.2141,-249.3945,0.06483,0.0000,0.0210,0.9790,True,True
79.3576,0.0000,10.2212,-249.4391,0.04517,0.0000,0.0207,0.9793,True,True
79.3743,0.0000,10.2353,-249.5281,0.09008,0.0000,0.0201,0.9799,True,True
79.3826,0.0000,10.2423,-249.5724,0.04485,0.0000,0.0198,0.9802,True,True
79.3974,0.0000,10.2547,-249.6510,0.07965,0.0000,0.0192,0.9808,True,True
79.4056,0.0000,10.2616,-249.6941,0.04364,0.0000,0.0189,0.9811,True,True
79.4211,0.0000,10.2748,-249.7779,0.08484,0.0000,0.0183,0.9817,True,True
79.4293,0.0000,10.2817,-249.8214,0.04404,0.0000,0.0180,0.9820,True,True
79.4422,0.0000,10.2926,-249.8902,0.06960,0.0000,0.0176,0.9824,True,True
79.4581,0.0000,10.3060,-249.9751,0.08600,0.0000,0.0170,0.9830,True,True
79.4659,0.0000,10.3126,-250.0167,0.04213,0.0000,0.0167,0.9833,True,True
79.4825,0.0000,10.3266,-250.1055,0.08984,0.0000,0.0162,0.9838,True,True
79.4910,0.0000,10.3337,-250.1506,0.04563,0.0000,0.0159,0.9841,True,True
79.5076,0.0000,10.3475,-250.2379,0.08845,0.0000,0.0153,0.9847,True,True
79.5161,0.0000,10.3543,-250.2813,0.04390,0.0000,0.0150,0.9850,True,True
79.5305,0.0000,10.3660,-250.3551,0.07470,0.0000,0.0146,0.9854,True,True
79.5387,0.0000,10.3725,-250.3962,0.04162,0.0000,0.0143,0.9857,True,True
79.5552,0.0000,10.3853,-250.4779,0.08268,0.0000,0.0138,0.9862,True,True
79.5716,0.0000,10.3977,-250.5566,0.07969,0.0000,0.0134,0.9866,True,True
79.5798,0.0000,10.4038,-250.5953,0.03919,0.0000,0.0132,0.9868,True,True
79.5920,0.0000,10.4127,-250.6518,0.05720,0.0000,0.0128,0.9872,True,True
79.5993,0.0000,10.4180,-250.6854,0.03404,0.0000,0.0126,0.9874,True,True
79.6161,0.0000,10.4297,-250.7600,0.07547,0.0000,0.0122,0.9878,True,True
79.6242,0.0000,10.4354,-250.7960,0.03650,0.0000,0.0120,0.9880,True,True
79.6412,0.0000,10.4467,-250.8677,0.07252,0.0000,0.0116,0.9884,True,True
79.6493,0.0000,10.4522,-250.9029,0.03567,0.0000,0.0114,0.9886,True,True
79.6660,0.0000,10.4629,-250.9710,0.06889,0.0000,0.0111,0.9889,True,True
79.6912,0.0000,10.4785,-251.0701,0.10033,0.0000,0.0105,0.9895,True,True
79.6993,0.0000,10.4835,-251.1023,0.03264,0.0000,0.0104,0.9896,True,True
79.7169,0.0000,10.4938,-251.1681,0.06655,0.0000,0.0100,0.9900,True,True
79.7247,0.0000,10.4984,-251.1974,0.02973,0.0000,0.0099,0.9901,True,True
79.7470,0.0000,10.5107,-251.2760,0.07947,0.0000,0.0095,0.9905,True,True
79.7560,0.0000,10.5155,-251.3065,0.03092,0.0000,0.0093,0.9907,True,True
79.7746,0.0000,10.5254,-251.3692,0.06351,0.0000,0.0090,0.9910,True,True
79.7912,0.0000,10.5336,-251.4220,0.05336,0.0000,0.0088,0.9912,True,True
79.7995,0.0000,10.5378,-251.4486,0.02695,0.0000,0.0086,0.9914,True,True
79.8212,0.0000,10.5479,-251.5132,0.06544,0.0000,0.0083,0.9917,True,True
79.8297,0.0000,10.5519,-251.5384,0.02542,0.0000,0.0082,0.9918,True,True
79.8472,0.0000,10.5594,-251.5867,0.04893,0.0000,0.0080,0.9920,True,True
79.8551,0.0000,10.5629,-251.6089,0.02242,0.0000,0.0079,0.9921,True,True
79.8717,0.0000,10.5696,-251.6521,0.04372,0.0000,0.0077,0.9923,True,True
79.8889,0.0000,10.5763,-251.6947,0.04314,0.0000,0.0075,0.9925,True,True
79.8969,0.0000,10.5794,-251.7142,0.01981,0.0000,0.0074,0.9926,True,True
79.9139,0.0000,10.5854,-251.7530,0.03924,0.0000,0.0072,0.9928,True,True
79.9223,0.0000,10.5884,-251.7721,0.01935,0.0000,0.0072,0.9928,True,True
79.9387,0.0000,10.5938,-251.8068,0.03504,0.0000,0.0070,0.9930,True,True
79.9472,0.0000,10.5965,-251.8243,0.01773,0.0000,0.0069,0.9931,True,True
79.9640,0.0000,10.6016,-251.8566,0.03276,0.0000,0.0068,0.9932,True,True
79.9722,0.0000,10.6040,-251.8719,0.01540,0.0000,0.0067,0.9933,True,True
79.9888,0.0000,10.6086,-251.9011,0.02964,0.0000,0.0066,0.9934,True,True
80.0084,0.0000,10.6134,-251.9323,0.03154,0.0000,0.0065,0.9935,True,True
80.0166,0.0000,10.6154,-251.9450,0.01290,0.0000,0.0064,0.9936,True,True
80.0333,0.0000,10.6191,-251.9689,0.02411,0.0000,0.0063,0.9937,True,True
80.0417,0.0000,10.6209,-251.9802,0.01146,0.0000,0.0063,0.9937,True,True
80.0584,0.0000,10.6209,-251.9802,0.00000,0.0000,0.0063,0.9937,True,True
80.0668,0.0000,10.6210,-251.9807,0.00053,0.0000,0.0063,0.9937,True,True
80.0833,0.0000,10.6215,-251.9838,0.00310,0.0000,0.0063,0.9937,True,True
80.1085,0.0000,10.6229,-251.9931,0.00942,0.0000,0.0062,0.9938,True,True
80.1170,0.0000,10.6235,-251.9968,0.00380,0.0000,0.0062,0.9938,True,True
80.1392,0.0000,10.6256,-252.0101,0.01342,0.0000,0.0062,0.9938,True,True
80.1475,0.0000,10.6264,-252.0156,0.00557,0.0000,0.0061,0.9939,True,True
80.1640,0.0000,10.6284,-252.0285,0.01305,0.0000,0.0061,0.9939,True,True
80.1723,0.0000,10.6295,-252.0355,0.00713,0.0000,0.0061,0.9939,True,True
80.1846,0.0000,10.6313,-252.0470,0.01161,0.0000,0.0060,0.9940,True,True
80.2000,0.0000,10.6338,-252.0631,0.01631,0.0000,0.0059,0.9941,True,True
80.2168,0.0000,10.6369,-252.0827,0.01983,0.0000,0.0059,0.9941,True,True
80.2229,0.0000,10.6381,-252.0903,0.00763,0.0000,0.0058,0.9942,True,True
80.2418,0.0000,10.6420,-252.1157,0.02577,0.0000,0.0057,0.9943,True,True
80.2500,0.0000,10.6439,-252.1275,0.01195,0.0000,0.0057,0.9943,True,True
80.2668,0.0000,10.6479,-252.1533,0.02611,0.0000,0.0056,0.9944,True,True
80.2752,0.0000,10.6500,-252.1667,0.01356,0.0000,0.0055,0.9945,True,True
80.2897,0.0000,10.6538,-252.1916,0.02520,0.0000,0.0054,0.9946,True,True
80.2974,0.0000,10.6560,-252.2055,0.01404,0.0000,0.0054,0.9946,True,True
80.3168,0.0000,10.6617,-252.2423,0.03725,0.0000,0.0052,0.9948,True,True
80.3334,0.0000,10.6670,-252.2762,0.03430,0.0000,0.0051,0.9949,True,True
80.3417,0.0000,10.6698,-252.2938,0.01782,0.0000,0.0051,0.9949,True,True
80.3587,0.0000,10.6756,-252.3316,0.03822,0.0000,0.0049,0.9951,True,True
80.3814,0.0000,10.6840,-252.3850,0.05411,0.0000,0.0047,0.9953,True,True
80.3896,0.0000,10.6871,-252.4054,0.02060,0.0000,0.0047,0.9953,True,True
80.4061,0.0000,10.6938,-252.4483,0.04341,0.0000,0.0045,0.9955,True,True
80.4230,0.0000,10.7009,-252.4937,0.04597,0.0000,0.0043,0.9957,True,True
80.4308,0.0000,10.7043,-252.5155,0.02200,0.0000,0.0043,0.9957,True,True
80.4472,0.0000,10.7116,-252.5627,0.04778,0.0000,0.0041,0.9959,True,True
80.4555,0.0000,10.7154,-252.5870,0.02463,0.0000,0.0040,0.9960,True,True
80.4717,0.0000,10.7231,-252.6368,0.05035,0.0000,0.0039,0.9961,True,True
80.4800,0.0000,10.7271,-252.6627,0.02627,0.0000,0.0038,0.9962,True,True
80.4925,0.0000,10.7333,-252.7029,0.04063,0.0000,0.0037,0.9963,True,True
80.5000,0.0000,10.7371,-252.7273,0.02469,0.0000,0.0036,0.9964,True,True
80.5169,0.0000,10.7460,-252.7842,0.05761,0.0000,0.0034,0.9966,True,True
80.5334,0.0000,10.7550,-252.8425,0.05902,0.0000,0.0032,0.9968,True,True
80.5417,0.0000,10.7596,-252.8723,0.03013,0.0000,0.0031,0.9969,True,True
80.5583,0.0000,10.7692,-252.9339,0.06238,0.0000,0.0030,0.9970,True,True
80.5667,0.0000,10.7741,-252.9656,0.03207,0.0000,0.0029,0.9971,True,True
80.5833,0.0000,10.7841,-253.0301,0.06524,0.0000,0.0027,0.9973,True,True
80.5917,0.0000,10.7892,-253.0630,0.03330,0.0000,0.0026,0.9974,True,True
80.6083,0.0000,10.7997,-253.1310,0.06883,0.0000,0.0024,0.9976,True,True
80.6167,0.0000,10.8050,-253.1655,0.03483,0.0000,0.0023,0.9977,True,True
80.6334,0.0000,10.8160,-253.2366,0.07198,0.0000,0.0022,0.9978,True,True
80.6500,0.0000,10.8273,-253.3094,0.07368,0.0000,0.0020,0.9980,True,True
80.6583,0.0000,10.8330,-253.3464,0.03744,0.0000,0.0019,0.9981,True,True
80.6750,0.0000,10.8448,-253.4225,0.07697,0.0000,0.0017,0.9983,True,True
80.6833,0.0000,10.8507,-253.4611,0.03905,0.0000,0.0017,0.9983,True,True
80.7002,0.0000,10.8631,-253.5412,0.08104,0.0000,0.0015,0.9985,True,True
80.7083,0.0000,10.8691,-253.5805,0.03977,0.0000,0.0014,0.9986,True,True
80.7251,0.0000,10.8819,-253.6631,0.08366,0.0000,0.0013,0.9987,True,True
80.7417,0.0000,10.8948,-253.7471,0.08490,0.0000,0.0011,0.9989,True,True
80.7500,0.0000,10.9013,-253.7896,0.04309,0.0000,0.0010,0.9990,True,True
80.7667,0.0000,10.9148,-253.8774,0.08882,0.0000,0.0009,0.9991,True,True
80.7752,0.0000,10.9217,-253.9221,0.04520,0.0000,0.0008,0.9992,True,True
80.7917,0.0000,10.9353,-254.0106,0.08950,0.0000,0.0007,0.9993,True,True
80.8001,0.0000,10.9422,-254.0551,0.04506,0.0000,0.0006,0.9994,True,True
80.8167,0.0000,10.9558,-254.1441,0.09003,0.0000,0.0005,0.9995,True,True
80.8251,0.0000,10.9627,-254.1891,0.04549,0.0000,0.0005,0.9995,True,True
80.8418,0.0000,10.9763,-254.2776,0.08958,0.0000,0.0004,0.9996,True,True
80.8584,0.0000,10.9900,-254.3668,0.09020,0.0000,0.0003,0.9997,True,True
80.8669,0.0000,10.9967,-254.4111,0.04483,0.0000,0.0002,0.9998,True,True
80.8837,0.0000,11.0105,-254.5006,0.09059,0.0000,0.0002,0.9998,True,True
80.8918,0.0000,11.0172,-254.5447,0.04462,0.0000,0.0001,0.9999,True,True
80.9084,0.0000,11.0308,-254.6335,0.08977,0.0000,0.0001,0.9999,True,True
80.9167,0.0000,11.0375,-254.6779,0.04492,0.0000,0.0001,0.9999,True,True
80.9335,0.0000,11.0511,-254.7670,0.09016,0.0000,0.0000,1.0000,True,True
80.9504,0.0000,11.0649,-254.8569,0.09090,0.0000,0.0000,1.0000,True,True
80.9586,0.0000,11.0716,-254.9010,0.04466,0.0000,0.0000,1.0000,True,True
80.9753,0.0000,11.0852,-254.9901,0.09010,0.0000,0.0000,1.0000,True,True
80.9837,0.0000,11.0920,-255.0345,0.04499,0.0000,0.0000,1.0000,True,True
81.0003,0.0000,11.1055,-255.1235,0.08997,0.0000,0.0000,1.0000,True,True
81.0087,0.0000,11.1123,-255.1684,0.04539,0.0000,0.0000,1.0000,True,True
81.0254,0.0000,11.1258,-255.2570,0.08967,0.0000,0.0000,1.0000,True,True
81.0340,0.0000,11.1327,-255.3022,0.04572,0.0000,0.0000,1.0000,True,True
81.0504,0.0000,11.1462,-255.3912,0.09000,0.0000,0.0000,1.0000,True,True
81.0652,0.0000,11.1581,-255.4694,0.07910,0.0000,0.0000,1.0000,True,True
81.0734,0.0000,11.1649,-255.5143,0.04537,0.0000,0.0000,1.0000,True,True
81.1013,0.0000,11.1873,-255.6627,0.15014,0.0000,0.0000,1.0000,True,True
81.1098,0.0000,11.1943,-255.7090,0.04679,0.0000,0.0000,1.0000,True,True
81.1346,0.0000,11.2143,-255.8407,0.13323,0.0000,0.0000,1.0000,True,True
81.1431,0.0000,11.2211,-255.8857,0.04551,0.0000,0.0000,1.0000,True,True
81.1602,0.0000,11.2350,-255.9776,0.09292,0.0000,0.0000,1.0000,True,True
81.1846,0.0000,11.2545,-256.1071,0.13098,0.0000,0.0000,1.0000,True,True
81.1907,0.0000,11.2595,-256.1401,0.03336,0.0000,0.0000,1.0000,True,True
81.2098,0.0000,11.2747,-256.2409,0.10200,0.0000,0.0000,1.0000,True,True
81.2271,0.0000,11.2880,-256.3295,0.08956,0.0000,0.0000,1.0000,True,True
81.2349,0.0000,11.2939,-256.3690,0.03993,0.0000,0.0000,1.0000,True,True
81.2561,0.0000,11.3097,-256.4734,0.10555,0.0000,0.0000,1.0000,True,True
81.2690,0.0000,11.3191,-256.5363,0.06360,0.0000,0.0000,1.0000,True,True
81.2844,0.0000,11.3300,-256.6088,0.07332,0.0000,0.0000,1.0000,True,True
81.2976,0.0000,11.3391,-256.6697,0.06159,0.0000,0.0000,1.0000,True,True
81.3081,0.0000,11.3462,-256.7169,0.04771,0.0000,0.0000,1.0000,True,True
81.3356,0.0000,11.3643,-256.8376,0.12214,0.0000,0.0000,1.0000,True,True
81.3440,0.0000,11.3697,-256.8737,0.03647,0.0000,0.0000,1.0000,True,True
81.3604,0.0000,11.3800,-256.9426,0.06965,0.0000,0.0000,1.0000,True,True
81.3779,0.0000,11.3906,-257.0134,0.07162,0.0000,0.0000,1.0000,True,True
81.3859,0.0000,11.3954,-257.0456,0.03255,0.0000,0.0000,1.0000,True,True
81.4108,0.0000,11.4096,-257.1407,0.09617,0.0000,0.0000,1.0000,True,True
81.4192,0.0000,11.4142,-257.1720,0.03156,0.0000,0.0000,1.0000,True,True
81.4360,0.0000,11.4233,-257.2330,0.06171,0.0000,0.0000,1.0000,True,True
81.4442,0.0000,11.4277,-257.2623,0.02959,0.0000,0.0000,1.0000,True,True
81.4546,0.0000,11.4331,-257.2985,0.03666,0.0000,0.0000,1.0000,True,True
81.4695,0.0000,11.4405,-257.3481,0.05017,0.0000,0.0000,1.0000,True,True
81.4859,0.0000,11.4485,-257.4023,0.05471,0.0000,0.0000,1.0000,True,True
81.4920,0.0000,11.4515,-257.4220,0.01996,0.0000,0.0000,1.0000,True,True
81.5086,0.0000,11.4591,-257.4732,0.05181,0.0000,0.0000,1.0000,True,True
81.5173,0.0000,11.4628,-257.4982,0.02524,0.0000,0.0000,1.0000,True,True
81.5340,0.0000,11.4701,-257.5473,0.04967,0.0000,0.0000,1.0000,True,True
81.5432,0.0000,11.4740,-257.5732,0.02616,0.0000,0.0000,1.0000,True,True
81.5672,0.0000,11.4835,-257.6377,0.06522,0.0000,0.0000,1.0000,True,True
81.5869,0.0000,11.4908,-257.6870,0.04982,0.0000,0.0000,1.0000,True,True
81.5960,0.0000,11.4940,-257.7084,0.02163,0.0000,0.0000,1.0000,True,True
81.6172,0.0000,11.5013,-257.7578,0.04995,0.0000,0.0000,1.0000,True,True
81.6257,0.0000,11.5040,-257.7759,0.01829,0.0000,0.0000,1.0000,True,True
81.6426,0.0000,11.5094,-257.8120,0.03647,0.0000,0.0000,1.0000,True,True
81.6509,0.0000,11.5119,-257.8288,0.01700,0.0000,0.0000,1.0000,True,True
81.6709,0.0000,11.5175,-257.8666,0.03822,0.0000,0.0000,1.0000,True,True
81.6880,0.0000,11.5219,-257.8967,0.03042,0.0000,0.0000,1.0000,True,True
81.6963,0.0000,11.5240,-257.9109,0.01435,0.0000,0.0000,1.0000,True,True
81.7132,0.0000,11.5279,-257.9371,0.02647,0.0000,0.0000,1.0000,True,True
81.7212,0.0000,11.5298,-257.9496,0.01271,0.0000,0.0000,1.0000,True,True
81.7381,0.0000,11.5333,-257.9730,0.02360,0.0000,0.0000,1.0000,True,True
81.7463,0.0000,11.5349,-257.9839,0.01101,0.0000,0.0000,1.0000,True,True
81.7630,0.0000,11.5349,-257.9839,0.00000,0.0000,0.0000,1.0000,True,True
81.7715,0.0000,11.5349,-257.9844,0.00052,0.0000,0.0000,1.0000,True,True
81.7881,0.0000,11.5354,-257.9875,0.00315,0.0000,0.0000,1.0000,True,True
81.8052,0.0000,11.5362,-257.9929,0.00546,0.0000,0.0000,1.0000,True,True
81.8131,0.0000,11.5366,-257.9959,0.00299,0.0000,0.0000,1.0000,True,True
81.8346,0.0000,11.5383,-258.0072,0.01144,0.0000,0.0000,1.0000,True,True
81.8427,0.0000,11.5390,-258.0121,0.00497,0.0000,0.0000,1.0000,True,True
81.8601,0.0000,11.5409,-258.0246,0.01262,0.0000,0.0000,1.0000,True,True
81.8681,0.0000,11.5418,-258.0309,0.00639,0.0000,0.0000,1.0000,True,True
81.8811,0.0000,11.5435,-258.0424,0.01157,0.0000,0.0000,1.0000,True,True
81.8891,0.0000,11.5446,-258.0498,0.00750,0.0000,0.0000,1.0000,True,True
81.9099,0.0000,11.5480,-258.0727,0.02314,0.0000,0.0000,1.0000,True,True
81.9272,0.0000,11.5511,-258.0937,0.02125,0.0000,0.0000,1.0000,True,True
81.9358,0.0000,11.5527,-258.1046,0.01101,0.0000,0.0000,1.0000,True,True
81.9519,0.0000,11.5560,-258.1274,0.02311,0.0000,0.0000,1.0000,True,True
81.9602,0.0000,11.5578,-258.1396,0.01231,0.0000,0.0000,1.0000,True,True
81.9774,0.0000,11.5618,-258.1667,0.02733,0.0000,0.0000,1.0000,True,True
81.9851,0.0000,11.5638,-258.1797,0.01323,0.0000,0.0000,1.0000,True,True
81.9986,0.0000,11.5672,-258.2029,0.02338,0.0000,0.0000,1.0000,True,True
82.0068,0.0000,11.5694,-258.2183,0.01555,0.0000,0.0000,1.0000,True,True
82.0197,0.0000,11.5729,-258.2419,0.02391,0.0000,0.0000,1.0000,True,True
82.0359,0.0000,11.5779,-258.2759,0.03433,0.0000,0.0000,1.0000,True,True
82.0447,0.0000,11.5806,-258.2937,0.01802,0.0000,0.0000,1.0000,True,True
82.0609,0.0000,11.5859,-258.3299,0.03659,0.0000,0.0000,1.0000,True,True
82.0693,0.0000,11.5887,-258.3488,0.01909,0.0000,0.0000,1.0000,True,True
82.0861,0.0000,11.5946,-258.3892,0.04084,0.0000,0.0000,1.0000,True,True
82.0938,0.0000,11.5975,-258.4086,0.01959,0.0000,0.0000,1.0000,True,True
82.1106,0.0000,11.6039,-258.4518,0.04368,0.0000,0.0000,1.0000,True,True
82.1190,0.0000,11.6071,-258.4739,0.02236,0.0000,0.0000,1.0000,True,True
82.1360,0.0000,11.6140,-258.5206,0.04723,0.0000,0.0000,1.0000,True,True
82.1547,0.0000,11.6220,-258.5753,0.05524,0.0000,0.0000,1.0000,True,True
82.1630,0.0000,11.6257,-258.6003,0.02523,0.0000,0.0000,1.0000,True,True
82.1797,0.0000,11.6333,-258.6519,0.05222,0.0000,0.0000,1.0000,True,True
82.1858,0.0000,11.6361,-258.6714,0.01965,0.0000,0.0000,1.0000,True,True
82.2047,0.0000,11.6452,-258.7331,0.06237,0.0000,0.0000,1.0000,True,True
82.2106,0.0000,11.6480,-258.7527,0.01986,0.0000,0.0000,1.0000,True,True
82.2274,0.0000,11.6565,-258.8105,0.05842,0.0000,0.0000,1.0000,True,True
82.2463,0.0000,11.6665,-258.8784,0.06857,0.0000,0.0000,1.0000,True,True
82.2522,0.0000,11.6696,-258.9000,0.02187,0.0000,0.0000,1.0000,True,True
82.2654,0.0000,11.6768,-258.9488,0.04929,0.0000,0.0000,1.0000,True,True
82.2801,0.0000,11.6848,-259.0037,0.05555,0.0000,0.0000,1.0000,True,True
82.2854,0.0000,11.6880,-259.0257,0.02220,0.0000,0.0000,1.0000,True,True
82.3021,0.0000,11.6977,-259.0922,0.06720,0.0000,0.0000,1.0000,True,True
82.3105,0.0000,11.7028,-259.1266,0.03476,0.0000,0.0000,1.0000,True,True
82.3238,0.0000,11.7106,-259.1804,0.05440,0.0000,0.0000,1.0000,True,True
82.3380,0.0000,11.7196,-259.2423,0.06254,0.0000,0.0000,1.0000,True,True
82.3550,0.0000,11.7303,-259.3158,0.07423,0.0000,0.0000,1.0000,True,True
82.3612,0.0000,11.7344,-259.3440,0.02853,0.0000,0.0000,1.0000,True,True
82.3797,0.0000,11.7468,-259.4289,0.08580,0.0000,0.0000,1.0000,True,True
82.3880,0.0000,11.7524,-259.4674,0.03889,0.0000,0.0000,1.0000,True,True
82.4024,0.0000,11.7623,-259.5355,0.06883,0.0000,0.0000,1.0000,True,True
82.4106,0.0000,11.7681,-259.5750,0.03996,0.0000,0.0000,1.0000,True,True
82.4276,0.0000,11.7801,-259.6584,0.08418,0.0000,0.0000,1.0000,True,True
82.4358,0.0000,11.7861,-259.6992,0.04132,0.0000,0.0000,1.0000,True,True
82.4524,0.0000,11.7984,-259.7843,0.08591,0.0000,0.0000,1.0000,True,True
82.4714,0.0000,11.8129,-259.8844,0.10117,0.0000,0.0000,1.0000,True,True
82.4772,0.0000,11.8174,-259.9157,0.03161,0.0000,0.0000,1.0000,True,True
82.4965,0.0000,11.8321,-260.0171,0.10247,0.0000,0.0000,1.0000,True,True
82.5047,0.0000,11.8386,-260.0620,0.04542,0.0000,0.0000,1.0000,True,True
82.5215,0.0000,11.8513,-260.1508,0.08966,0.0000,0.0000,1.0000,True,True
82.5298,0.0000,11.8579,-260.1961,0.04576,0.0000,0.0000,1.0000,True,True
82.5464,0.0000,11.8706,-260.2846,0.08944,0.0000,0.0000,1.0000,True,True
82.5692,0.0000,11.8881,-260.4061,0.12277,0.0000,0.0000,1.0000,True,True
82.5783,0.0000,11.8950,-260.4543,0.04865,0.0000,0.0000,1.0000,True,True
82.5971,0.0000,11.9093,-260.5539,0.10060,0.0000,0.0000,1.0000,True,True
82.6053,0.0000,11.9157,-260.5985,0.04507,0.0000,0.0000,1.0000,True,True
82.6219,0.0000,11.9285,-260.6877,0.09017,0.0000,0.0000,1.0000,True,True
82.6303,0.0000,11.9349,-260.7327,0.04541,0.0000,0.0000,1.0000,True,True
82.6468,0.0000,11.9476,-260.8213,0.08949,0.0000,0.0000,1.0000,True,True
82.6635,0.0000,11.9603,-260.9102,0.08983,0.0000,0.0000,1.0000,True,True
82.6718,0.0000,11.9667,-260.9551,0.04538,0.0000,0.0000,1.0000,True,True
82.6884,0.0000,11.9794,-261.0439,0.08961,0.0000,0.0000,1.0000,True,True
82.6968,0.0000,11.9857,-261.0883,0.04494,0.0000,0.0000,1.0000,True,True
82.7136,0.0000,11.9984,-261.1775,0.09007,0.0000,0.0000,1.0000,True,True
82.7218,0.0000,12.0047,-261.2220,0.04491,0.0000,0.0000,1.0000,True,True
82.7389,0.0000,12.0177,-261.3136,0.09250,0.0000,0.0000,1.0000,True,True
82.7472,0.0000,12.0240,-261.3579,0.04479,0.0000,0.0000,1.0000,True,True
82.7638,0.0000,12.0367,-261.4470,0.08994,0.0000,0.0000,1.0000,True,True
82.7805,0.0000,12.0493,-261.5361,0.09006,0.0000,0.0000,1.0000,True,True
82.7889,0.0000,12.0556,-261.5806,0.04490,0.0000,0.0000,1.0000,True,True
82.8055,0.0000,12.0682,-261.6700,0.09027,0.0000,0.0000,1.0000,True,True
82.8140,0.0000,12.0745,-261.7147,0.04518,0.0000,0.0000,1.0000,True,True
82.8404,0.0000,12.0945,-261.8563,0.14294,0.0000,0.0000,1.0000,True,True
82.8472,0.0000,12.0997,-261.8929,0.03698,0.0000,0.0000,1.0000,True,True
82.8742,0.0000,12.1200,-262.0374,0.14599,0.0000,0.0000,1.0000,True,True
82.8903,0.0000,12.1321,-262.1234,0.08678,0.0000,0.0000,1.0000,True,True
82.8973,0.0000,12.1373,-262.1606,0.03753,0.0000,0.0000,1.0000,True,True
82.9139,0.0000,12.1495,-262.2476,0.08789,0.0000,0.0000,1.0000,True,True
82.9222,0.0000,12.1555,-262.2907,0.04351,0.0000,0.0000,1.0000,True,True
82.9390,0.0000,12.1674,-262.3750,0.08517,0.0000,0.0000,1.0000,True,True
82.9472,0.0000,12.1732,-262.4166,0.04197,0.0000,0.0000,1.0000,True,True
82.9640,0.0000,12.1846,-262.4981,0.08228,0.0000,0.0000,1.0000,True,True
82.9808,0.0000,12.1957,-262.5780,0.08067,0.0000,0.0000,1.0000,True,True
82.9889,0.0000,12.2010,-262.6159,0.03830,0.0000,0.0000,1.0000,True,True
83.0066,0.0000,12.2122,-262.6963,0.08119,0.0000,0.0000,1.0000,True,True
83.0152,0.0000,12.2175,-262.7348,0.03888,0.0000,0.0000,1.0000,True,True
83.0397,0.0000,12.2324,-262.8416,0.10778,0.0000,0.0000,1.0000,True,True
83.0481,0.0000,12.2374,-262.8777,0.03642,0.0000,0.0000,1.0000,True,True
83.0647,0.0000,12.2470,-262.9467,0.06973,0.0000,0.0000,1.0000,True,True
83.0817,0.0000,12.2566,-263.0154,0.06939,0.0000,0.0000,1.0000,True,True
83.0898,0.0000,12.2610,-263.0475,0.03238,0.0000,0.0000,1.0000,True,True
83.1069,0.0000,12.2701,-263.1132,0.06627,0.0000,0.0000,1.0000,True,True
83.1318,0.0000,12.2825,-263.2035,0.09116,0.0000,0.0000,1.0000,True,True
83.1397,0.0000,12.2867,-263.2334,0.03025,0.0000,0.0000,1.0000,True,True
83.1574,0.0000,12.2951,-263.2947,0.06183,0.0000,0.0000,1.0000,True,True
83.1656,0.0000,12.2991,-263.3232,0.02877,0.0000,0.0000,1.0000,True,True
83.1823,0.0000,12.3066,-263.3779,0.05521,0.0000,0.0000,1.0000,True,True
83.1996,0.0000,12.3142,-263.4328,0.05548,0.0000,0.0000,1.0000,True,True
83.2216,0.0000,12.3233,-263.4985,0.06630,0.0000,0.0000,1.0000,True,True
83.2302,0.0000,12.3267,-263.5237,0.02538,0.0000,0.0000,1.0000,True,True
83.2471,0.0000,12.3333,-263.5714,0.04818,0.0000,0.0000,1.0000,True,True
83.2555,0.0000,12.3364,-263.5945,0.02335,0.0000,0.0000,1.0000,True,True
83.2744,0.0000,12.3431,-263.6431,0.04904,0.0000,0.0000,1.0000,True,True
83.2907,0.0000,12.3488,-263.6844,0.04174,0.0000,0.0000,1.0000,True,True
83.2991,0.0000,12.3516,-263.7048,0.02055,0.0000,0.0000,1.0000,True,True
83.3157,0.0000,12.3568,-263.7430,0.03857,0.0000,0.0000,1.0000,True,True
83.3240,0.0000,12.3594,-263.7618,0.01894,0.0000,0.0000,1.0000,True,True
83.3406,0.0000,12.3642,-263.7970,0.03558,0.0000,0.0000,1.0000,True,True
83.3490,0.0000,12.3665,-263.8142,0.01731,0.0000,0.0000,1.0000,True,True
83.3658,0.0000,12.3710,-263.8464,0.03253,0.0000,0.0000,1.0000,True,True
83.3740,0.0000,12.3731,-263.8621,0.01580,0.0000,0.0000,1.0000,True,True
83.3907,0.0000,12.3771,-263.8912,0.02942,0.0000,0.0000,1.0000,True,True
83.4074,0.0000,12.3808,-263.9184,0.02745,0.0000,0.0000,1.0000,True,True
83.4157,0.0000,12.3826,-263.9313,0.01303,0.0000,0.0000,1.0000,True,True
83.4323,0.0000,12.3859,-263.9553,0.02418,0.0000,0.0000,1.0000,True,True
83.4387,0.0000,12.3871,-263.9639,0.00872,0.0000,0.0000,1.0000,True,True
83.4550,0.0000,12.3899,-263.9846,0.02095,0.0000,0.0000,1.0000,True,True
83.4631,0.0000,12.3899,-263.9846,0.00000,0.0000,0.0000,1.0000,True,True
83.4753,0.0000,12.3900,-263.9857,0.00108,0.0000,0.0000,1.0000,True,True
83.4918,0.0000,12.3905,-263.9892,0.00348,0.0000,0.0000,1.0000,True,True
83.5078,0.0000,12.3913,-263.9946,0.00545,0.0000,0.0000,1.0000,True,True
83.5157,0.0000,12.3917,-263.9976,0.00308,0.0000,0.0000,1.0000,True,True
83.5324,0.0000,12.3928,-264.0062,0.00865,0.0000,0.0000,1.0000,True,True
83.5407,0.0000,12.3935,-264.0110,0.00487,0.0000,0.0000,1.0000,True,True
83.5554,0.0000,12.3949,-264.0211,0.01013,0.0000,0.0000,1.0000,True,True
83.5635,0.0000,12.3957,-264.0270,0.00601,0.0000,0.0000,1.0000,True,True
83.5795,0.0000,12.3976,-264.0408,0.01395,0.0000,0.0000,1.0000,True,True
83.5956,0.0000,12.3997,-264.0567,0.01602,0.0000,0.0000,1.0000,True,True
83.6039,0.0000,12.4009,-264.0654,0.00875,0.0000,0.0000,1.0000,True,True
83.6160,0.0000,12.4028,-264.0791,0.01386,0.0000,0.0000,1.0000,True,True
83.6242,0.0000,12.4041,-264.0887,0.00967,0.0000,0.0000,1.0000,True,True
83.6407,0.0000,12.4070,-264.1106,0.02214,0.0000,0.0000,1.0000,True,True
83.6490,0.0000,12.4086,-264.1221,0.01155,0.0000,0.0000,1.0000,True,True
83.6638,0.0000,12.4115,-264.1437,0.02187,0.0000,0.0000,1.0000,True,True
83.6718,0.0000,12.4133,-264.1563,0.01266,0.0000,0.0000,1.0000,True,True
83.6877,0.0000,12.4169,-264.1830,0.02692,0.0000,0.0000,1.0000,True,True
83.7038,0.0000,12.4208,-264.2118,0.02907,0.0000,0.0000,1.0000,True,True
83.7120,0.0000,12.4228,-264.2268,0.01521,0.0000,0.0000,1.0000,True,True
83.7244,0.0000,12.4261,-264.2508,0.02415,0.0000,0.0000,1.0000,True,True
83.7324,0.0000,12.4283,-264.2668,0.01617,0.0000,0.0000,1.0000,True,True
83.7491,0.0000,12.4331,-264.3023,0.03585,0.0000,0.0000,1.0000,True,True
83.7574,0.0000,12.4356,-264.3205,0.01836,0.0000,0.0000,1.0000,True,True
83.7740,0.0000,12.4408,-264.3588,0.03868,0.0000,0.0000,1.0000,True,True
83.7805,0.0000,12.4428,-264.3735,0.01484,0.0000,0.0000,1.0000,True,True
83.7962,0.0000,12.4482,-264.4131,0.03988,0.0000,0.0000,1.0000,True,True
83.8123,0.0000,12.4538,-264.4546,0.04189,0.0000,0.0000,1.0000,True,True
83.8205,0.0000,12.4568,-264.4764,0.02205,0.0000,0.0000,1.0000,True,True
83.8327,0.0000,12.4613,-264.5099,0.03375,0.0000,0.0000,1.0000,True,True
83.8407,0.0000,12.4643,-264.5323,0.02260,0.0000,0.0000,1.0000,True,True
83.8574,0.0000,12.4709,-264.5812,0.04936,0.0000,0.0000,1.0000,True,True
83.8657,0.0000,12.4743,-264.6060,0.02500,0.0000,0.0000,1.0000,True,True
83.8800,0.0000,12.4802,-264.6502,0.04468,0.0000,0.0000,1.0000,True,True
83.8881,0.0000,12.4837,-264.6758,0.02584,0.0000,0.0000,1.0000,True,True
83.9043,0.0000,12.4908,-264.7289,0.05355,0.0000,0.0000,1.0000,True,True
83.9204,0.0000,12.4982,-264.7836,0.05521,0.0000,0.0000,1.0000,True,True
83.9285,0.0000,12.5020,-264.8115,0.02815,0.0000,0.0000,1.0000,True,True
83.9412,0.0000,12.5080,-264.8560,0.04484,0.0000,0.0000,1.0000,True,True
83.9491,0.0000,12.5119,-264.8850,0.02932,0.0000,0.0000,1.0000,True,True
83.9657,0.0000,12.5203,-264.9470,0.06254,0.0000,0.0000,1.0000,True,True
83.9741,0.0000,12.5246,-264.9789,0.03218,0.0000,0.0000,1.0000,True,True
83.9885,0.0000,12.5320,-265.0345,0.05616,0.0000,0.0000,1.0000,True,True
83.9966,0.0000,12.5363,-265.0668,0.03257,0.0000,0.0000,1.0000,True,True
84.0126,0.0000,12.5451,-265.1324,0.06617,0.0000,0.0000,1.0000,True,True
84.0251,0.0000,12.5520,-265.1840,0.05206,0.0000,0.0000,1.0000,True,True
84.0326,0.0000,12.5564,-265.2166,0.03285,0.0000,0.0000,1.0000,True,True
84.0489,0.0000,12.5659,-265.2876,0.07165,0.0000,0.0000,1.0000,True,True
84.0575,0.0000,12.5709,-265.3253,0.03799,0.0000,0.0000,1.0000,True,True
84.0741,0.0000,12.5809,-265.4002,0.07559,0.0000,0.0000,1.0000,True,True
84.0823,0.0000,12.5860,-265.4384,0.03861,0.0000,0.0000,1.0000,True,True
84.0968,0.0000,12.5951,-265.5062,0.06832,0.0000,0.0000,1.0000,True,True
84.1049,0.0000,12.6002,-265.5448,0.03897,0.0000,0.0000,1.0000,True,True
84.1211,0.0000,12.6107,-265.6240,0.07989,0.0000,0.0000,1.0000,True,True
84.1374,0.0000,12.6216,-265.7058,0.08253,0.0000,0.0000,1.0000,True,True
84.1455,0.0000,12.6270,-265.7472,0.04177,0.0000,0.0000,1.0000,True,True
84.1581,0.0000,12.6357,-265.8124,0.06573,0.0000,0.0000,1.0000,True,True
84.1657,0.0000,12.6409,-265.8520,0.03999,0.0000,0.0000,1.0000,True,True
84.1825,0.0000,12.6527,-265.9409,0.08971,0.0000,0.0000,1.0000,True,True
84.1907,0.0000,12.6587,-265.9858,0.04525,0.0000,0.0000,1.0000,True,True
84.2074,0.0000,12.6704,-266.0746,0.08960,0.0000,0.0000,1.0000,True,True
84.2157,0.0000,12.6762,-266.1192,0.04497,0.0000,0.0000,1.0000,True,True
84.2302,0.0000,12.6863,-266.1961,0.07750,0.0000,0.0000,1.0000,True,True
84.2465,0.0000,12.6979,-266.2843,0.08898,0.0000,0.0000,1.0000,True,True
84.2553,0.0000,12.7037,-266.3284,0.04448,0.0000,0.0000,1.0000,True,True
84.2717,0.0000,12.7157,-266.4194,0.09175,0.0000,0.0000,1.0000,True,True
84.2798,0.0000,12.7212,-266.4615,0.04248,0.0000,0.0000,1.0000,True,True
84.2929,0.0000,12.7303,-266.5310,0.07014,0.0000,0.0000,1.0000,True,True
84.3027,0.0000,12.7373,-266.5846,0.05401,0.0000,0.0000,1.0000,True,True
84.3194,0.0000,12.7489,-266.6739,0.09008,0.0000,0.0000,1.0000,True,True
84.3276,0.0000,12.7547,-266.7186,0.04505,0.0000,0.0000,1.0000,True,True
84.3443,0.0000,12.7663,-266.8076,0.08977,0.0000,0.0000,1.0000,True,True
84.3610,0.0000,12.7780,-266.8973,0.09045,0.0000,0.0000,1.0000,True,True
84.3692,0.0000,12.7837,-266.9415,0.04456,0.0000,0.0000,1.0000,True,True
84.3860,0.0000,12.7953,-267.0309,0.09014,0.0000,0.0000,1.0000,True,True
84.3944,0.0000,12.8011,-267.0760,0.04548,0.0000,0.0000,1.0000,True,True
84.4036,0.0000,12.8075,-267.1251,0.04954,0.0000,0.0000,1.0000,True,True
84.4162,0.0000,12.8162,-267.1930,0.06840,0.0000,0.0000,1.0000,True,True
84.4241,0.0000,12.8217,-267.2352,0.04259,0.0000,0.0000,1.0000,True,True
84.4368,0.0000,12.8304,-267.3029,0.06822,0.0000,0.0000,1.0000,True,True
84.4446,0.0000,12.8359,-267.3454,0.04286,0.0000,0.0000,1.0000,True,True
84.4610,0.0000,12.8471,-267.4323,0.08770,0.0000,0.0000,1.0000,True,True
84.4778,0.0000,12.8588,-267.5228,0.09123,0.0000,0.0000,1.0000,True,True
84.4859,0.0000,12.8643,-267.5664,0.04393,0.0000,0.0000,1.0000,True,True
84.5026,0.0000,12.8757,-267.6555,0.08987,0.0000,0.0000,1.0000,True,True
84.5110,0.0000,12.8814,-267.7002,0.04501,0.0000,0.0000,1.0000,True,True
84.5276,0.0000,12.8928,-267.7895,0.09002,0.0000,0.0000,1.0000,True,True
84.5359,0.0000,12.8985,-267.8343,0.04513,0.0000,0.0000,1.0000,True,True
84.5526,0.0000,12.9099,-267.9235,0.08996,0.0000,0.0000,1.0000,True,True
84.5693,0.0000,12.9213,-268.0128,0.09002,0.0000,0.0000,1.0000,True,True
84.5776,0.0000,12.9270,-268.0574,0.04494,0.0000,0.0000,1.0000,True,True
84.5943,0.0000,12.9383,-268.1466,0.08998,0.0000,0.0000,1.0000,True,True
84.6026,0.0000,12.9438,-268.1908,0.04448,0.0000,0.0000,1.0000,True,True
84.6193,0.0000,12.9548,-268.2775,0.08745,0.0000,0.0000,1.0000,True,True
84.6276,0.0000,12.9602,-268.3204,0.04325,0.0000,0.0000,1.0000,True,True
84.6443,0.0000,12.9708,-268.4039,0.08416,0.0000,0.0000,1.0000,True,True
84.6526,0.0000,12.9760,-268.4452,0.04159,0.0000,0.0000,1.0000,True,True
84.6692,0.0000,12.9862,-268.5257,0.08117,0.0000,0.0000,1.0000,True,True
84.6860,0.0000,12.9960,-268.6044,0.07932,0.0000,0.0000,1.0000,True,True
84.6943,0.0000,13.0008,-268.6430,0.03888,0.0000,0.0000,1.0000,True,True
84.7110,0.0000,13.0103,-268.7185,0.07606,0.0000,0.0000,1.0000,True,True
84.7194,0.0000,13.0150,-268.7559,0.03768,0.0000,0.0000,1.0000,True,True
84.7359,0.0000,13.0240,-268.8277,0.07243,0.0000,0.0000,1.0000,True,True
84.7443,0.0000,13.0284,-268.8634,0.03598,0.0000,0.0000,1.0000,True,True
84.7610,0.0000,13.0371,-268.9327,0.06978,0.0000,0.0000,1.0000,True,True
84.7780,0.0000,13.0457,-269.0011,0.06895,0.0000,0.0000,1.0000,True,True
84.7863,0.0000,13.0497,-269.0339,0.03309,0.0000,0.0000,1.0000,True,True
84.8028,0.0000,13.0576,-269.0970,0.06350,0.0000,0.0000,1.0000,True,True
84.8109,0.0000,13.0614,-269.1279,0.03115,0.0000,0.0000,1.0000,True,True
84.8276,0.0000,13.0689,-269.1889,0.06153,0.0000,0.0000,1.0000,True,True
84.8359,0.0000,13.0726,-269.2187,0.02995,0.0000,0.0000,1.0000,True,True
84.8526,0.0000,13.0798,-269.2766,0.05843,0.0000,0.0000,1.0000,True,True
84.8609,0.0000,13.0833,-269.3048,0.02838,0.0000,0.0000,1.0000,True,True
84.8777,0.0000,13.0901,-269.3597,0.05529,0.0000,0.0000,1.0000,True,True
84.8947,0.0000,13.0967,-269.4130,0.05375,0.0000,0.0000,1.0000,True,True
84.9029,0.0000,13.0999,-269.4388,0.02598,0.0000,0.0000,1.0000,True,True
84.9197,0.0000,13.1061,-269.4886,0.05019,0.0000,0.0000,1.0000,True,True
84.9276,0.0000,13.1089,-269.5115,0.02303,0.0000,0.0000,1.0000,True,True
84.9444,0.0000,13.1146,-269.5581,0.04701,0.0000,0.0000,1.0000,True,True
84.9526,0.0000,13.1174,-269.5806,0.02266,0.0000,0.0000,1.0000,True,True
84.9692,0.0000,13.1226,-269.6237,0.04338,0.0000,0.0000,1.0000,True,True
84.9862,0.0000,13.1277,-269.6654,0.04200,0.0000,0.0000,1.0000,True,True
84.9947,0.0000,13.1302,-269.6856,0.02042,0.0000,0.0000,1.0000,True,True
85.0110,0.0000,13.1348,-269.7231,0.03773,0.0000,0.0000,1.0000,True,True
85.0192,0.0000,13.1371,-269.7416,0.01863,0.0000,0.0000,1.0000,True,True
85.0360,0.0000,13.1414,-269.7768,0.03548,0.0000,0.0000,1.0000,True,True
85.0442,0.0000,13.1435,-269.7936,0.01694,0.0000,0.0000,1.0000,True,True
85.0609,0.0000,13.1474,-269.8255,0.03216,0.0000,0.0000,1.0000,True,True
85.0692,0.0000,13.1493,-269.8409,0.01553,0.0000,0.0000,1.0000,True,True
85.0860,0.0000,13.1528,-269.8698,0.02909,0.0000,0.0000,1.0000,True,True
85.1033,0.0000,13.1562,-269.8975,0.02786,0.0000,0.0000,1.0000,True,True
85.1117,0.0000,13.1578,-269.9104,0.01301,0.0000,0.0000,1.0000,True,True
85.1282,0.0000,13.1606,-269.9338,0.02364,0.0000,0.0000,1.0000,True,True
85.1367,0.0000,13.1620,-269.9452,0.01144,0.0000,0.0000,1.0000,True,True
85.1537,0.0000,13.1646,-269.9660,0.02097,0.0000,0.0000,1.0000,True,True
85.1615,0.0000,13.1657,-269.9753,0.00932,0.0000,0.0000,1.0000,True,True
85.1824,0.0000,13.1657,-269.9753,0.00000,0.0000,0.0000,1.0000,True,True
85.1954,0.0000,13.1659,-269.9765,0.00129,0.0000,0.0000,1.0000,True,True
85.2162,0.0000,13.1665,-269.9818,0.00532,0.0000,0.0000,1.0000,True,True
85.2249,0.0000,13.1669,-269.9846,0.00280,0.0000,0.0000,1.0000,True,True
85.2415,0.0000,13.1678,-269.9919,0.00738,0.0000,0.0000,1.0000,True,True
85.2500,0.0000,13.1683,-269.9962,0.00434,0.0000,0.0000,1.0000,True,True
85.2668,0.0000,13.1696,-270.0068,0.01067,0.0000,0.0000,1.0000,True,True
85.2760,0.0000,13.1703,-270.0130,0.00624,0.0000,0.0000,1.0000,True,True
85.2944,0.0000,13.1722,-270.0286,0.01568,0.0000,0.0000,1.0000,True,True
85.3111,0.0000,13.1742,-270.0446,0.01614,0.0000,0.0000,1.0000,True,True
85.3195,0.0000,13.1752,-270.0532,0.00870,0.0000,0.0000,1.0000,True,True
85.3361,0.0000,13.1775,-270.0722,0.01915,0.0000,0.0000,1.0000,True,True
85.3444,0.0000,13.1787,-270.0823,0.01018,0.0000,0.0000,1.0000,True,True
85.3611,0.0000,13.1814,-270.1045,0.02229,0.0000,0.0000,1.0000,True,True
85.3695,0.0000,13.1828,-270.1163,0.01190,0.0000,0.0000,1.0000,True,True
85.3860,0.0000,13.1859,-270.1415,0.02542,0.0000,0.0000,1.0000,True,True
85.4028,0.0000,13.1892,-270.1690,0.02767,0.0000,0.0000,1.0000,True,True
85.4113,0.0000,13.1910,-270.1832,0.01436,0.0000,0.0000,1.0000,True,True
85.4278,0.0000,13.1946,-270.2137,0.03065,0.0000,0.0000,1.0000,True,True
85.4359,0.0000,13.1965,-270.2292,0.01571,0.0000,0.0000,1.0000,True,True
85.4528,0.0000,13.2006,-270.2629,0.03394,0.0000,0.0000,1.0000,True,True
85.4611,0.0000,13.2027,-270.2805,0.01768,0.0000,0.0000,1.0000,True,True
85.4781,0.0000,13.2073,-270.3178,0.03757,0.0000,0.0000,1.0000,True,True
85.4862,0.0000,13.2095,-270.3364,0.01875,0.0000,0.0000,1.0000,True,True
85.5077,0.0000,13.2158,-270.3882,0.05217,0.0000,0.0000,1.0000,True,True
85.5246,0.0000,13.2211,-270.4315,0.04368,0.0000,0.0000,1.0000,True,True
85.5329,0.0000,13.2237,-270.4534,0.02198,0.0000,0.0000,1.0000,True,True
85.5499,0.0000,13.2293,-270.4999,0.04685,0.0000,0.0000,1.0000,True,True
85.5586,0.0000,13.2323,-270.5245,0.02477,0.0000,0.0000,1.0000,True,True
85.5758,0.0000,13.2383,-270.5746,0.05044,0.0000,0.0000,1.0000,True,True
85.5849,0.0000,13.2415,-270.6016,0.02720,0.0000,0.0000,1.0000,True,True
85.6032,0.0000,13.2485,-270.6598,0.05861,0.0000,0.0000,1.0000,True,True
85.6208,0.0000,13.2553,-270.7167,0.05738,0.0000,0.0000,1.0000,True,True
85.6368,0.0000,13.2618,-270.7708,0.05446,0.0000,0.0000,1.0000,True,True
85.6449,0.0000,13.2652,-270.7993,0.02868,0.0000,0.0000,1.0000,True,True
85.6670,0.0000,13.2748,-270.8790,0.08025,0.0000,0.0000,1.0000,True,True
85.6763,0.0000,13.2788,-270.9124,0.03369,0.0000,0.0000,1.0000,True,True
85.6951,0.0000,13.2874,-270.9848,0.07287,0.0000,0.0000,1.0000,True,True
85.7033,0.0000,13.2913,-271.0170,0.03249,0.0000,0.0000,1.0000,True,True
85.7201,0.0000,13.2992,-271.0837,0.06715,0.0000,0.0000,1.0000,True,True
85.7415,0.0000,13.3098,-271.1734,0.09032,0.0000,0.0000,1.0000,True,True
85.7499,0.0000,13.3140,-271.2090,0.03589,0.0000,0.0000,1.0000,True,True
85.7672,0.0000,13.3230,-271.2845,0.07600,0.0000,0.0000,1.0000,True,True
85.7764,0.0000,13.3277,-271.3243,0.04010,0.0000,0.0000,1.0000,True,True
85.7951,0.0000,13.3378,-271.4101,0.08638,0.0000,0.0000,1.0000,True,True
85.8033,0.0000,13.3424,-271.4485,0.03860,0.0000,0.0000,1.0000,True,True
85.8202,0.0000,13.3517,-271.5280,0.08011,0.0000,0.0000,1.0000,True,True
85.8367,0.0000,13.3612,-271.6090,0.08155,0.0000,0.0000,1.0000,True,True
85.8449,0.0000,13.3660,-271.6500,0.04123,0.0000,0.0000,1.0000,True,True
85.8623,0.0000,13.3763,-271.7381,0.08871,0.0000,0.0000,1.0000,True,True
85.8834,0.0000,13.3892,-271.8482,0.11092,0.0000,0.0000,1.0000,True,True
85.8921,0.0000,13.3946,-271.8942,0.04627,0.0000,0.0000,1.0000,True,True
85.9094,0.0000,13.4054,-271.9865,0.09295,0.0000,0.0000,1.0000,True,True
85.9178,0.0000,13.4106,-272.0318,0.04559,0.0000,0.0000,1.0000,True,True
85.9341,0.0000,13.4208,-272.1199,0.08872,0.0000,0.0000,1.0000,True,True
85.9510,0.0000,13.4312,-272.2099,0.09056,0.0000,0.0000,1.0000,True,True
85.9590,0.0000,13.4363,-272.2536,0.04402,0.0000,0.0000,1.0000,True,True
85.9757,0.0000,13.4466,-272.3426,0.08952,0.0000,0.0000,1.0000,True,True
85.9843,0.0000,13.4519,-272.3889,0.04670,0.0000,0.0000,1.0000,True,True
86.0005,0.0000,13.4620,-272.4760,0.08758,0.0000,0.0000,1.0000,True,True
86.0090,0.0000,13.4672,-272.5217,0.04608,0.0000,0.0000,1.0000,True,True
86.0257,0.0000,13.4774,-272.6112,0.09006,0.0000,0.0000,1.0000,True,True
86.0428,0.0000,13.4879,-272.7026,0.09196,0.0000,0.0000,1.0000,True,True
86.0517,0.0000,13.4933,-272.7499,0.04764,0.0000,0.0000,1.0000,True,True
86.0702,0.0000,13.5046,-272.8497,0.10044,0.0000,0.0000,1.0000,True,True
86.0786,0.0000,13.5098,-272.8950,0.04558,0.0000,0.0000,1.0000,True,True
86.0954,0.0000,13.5200,-272.9840,0.08963,0.0000,0.0000,1.0000,True,True
86.1034,0.0000,13.5250,-273.0283,0.04456,0.0000,0.0000,1.0000,True,True
86.1205,0.0000,13.5351,-273.1180,0.09029,0.0000,0.0000,1.0000,True,True
86.1284,0.0000,13.5401,-273.1625,0.04471,0.0000,0.0000,1.0000,True,True
86.1453,0.0000,13.5502,-273.2520,0.09007,0.0000,0.0000,1.0000,True,True
86.1619,0.0000,13.5602,-273.3414,0.08995,0.0000,0.0000,1.0000,True,True
86.1701,0.0000,13.5652,-273.3860,0.04493,0.0000,0.0000,1.0000,True,True
86.1869,0.0000,13.5753,-273.4756,0.09020,0.0000,0.0000,1.0000,True,True
86.1951,0.0000,13.5803,-273.5202,0.04486,0.0000,0.0000,1.0000,True,True
86.2119,0.0000,13.5903,-273.6099,0.09018,0.0000,0.0000,1.0000,True,True
86.2201,0.0000,13.5952,-273.6543,0.04474,0.0000,0.0000,1.0000,True,True
86.2370,0.0000,13.6052,-273.7442,0.09046,0.0000,0.0000,1.0000,True,True
86.2536,0.0000,13.6151,-273.8333,0.08960,0.0000,0.0000,1.0000,True,True
86.2618,0.0000,13.6201,-273.8781,0.04508,0.0000,0.0000,1.0000,True,True
86.2787,0.0000,13.6302,-273.9687,0.09119,0.0000,0.0000,1.0000,True,True
86.2868,0.0000,13.6350,-274.0122,0.04375,0.0000,0.0000,1.0000,True,True
86.3035,0.0000,13.6448,-274.1019,0.09023,0.0000,0.0000,1.0000,True,True
86.3118,0.0000,13.6496,-274.1461,0.04448,0.0000,0.0000,1.0000,True,True
86.3285,0.0000,13.6592,-274.2338,0.08820,0.0000,0.0000,1.0000,True,True
86.3369,0.0000,13.6640,-274.2773,0.04372,0.0000,0.0000,1.0000,True,True
86.3535,0.0000,13.6732,-274.3617,0.08495,0.0000,0.0000,1.0000,True,True
86.3703,0.0000,13.6823,-274.4447,0.08350,0.0000,0.0000,1.0000,True,True
86.3785,0.0000,13.6867,-274.4849,0.04046,0.0000,0.0000,1.0000,True,True
86.3954,0.0000,13.6954,-274.5651,0.08064,0.0000,0.0000,1.0000,True,True
86.4037,0.0000,13.6996,-274.6036,0.03871,0.0000,0.0000,1.0000,True,True
86.4203,0.0000,13.7079,-274.6803,0.07720,0.0000,0.0000,1.0000,True,True
86.4285,0.0000,13.7119,-274.7176,0.03745,0.0000,0.0000,1.0000,True,True
86.4430,0.0000,13.7188,-274.7814,0.06424,0.0000,0.0000,1.0000,True,True
86.4619,0.0000,13.7275,-274.8619,0.08097,0.0000,0.0000,1.0000,True,True
86.4702,0.0000,13.7313,-274.8972,0.03551,0.0000,0.0000,1.0000,True,True
86.4869,0.0000,13.7386,-274.9651,0.06820,0.0000,0.0000,1.0000,True,True
86.4953,0.0000,13.7423,-274.9987,0.03386,0.0000,0.0000,1.0000,True,True
86.5120,0.0000,13.7491,-275.0635,0.06512,0.0000,0.0000,1.0000,True,True
86.5202,0.0000,13.7526,-275.0956,0.03226,0.0000,0.0000,1.0000,True,True
86.5418,0.0000,13.7610,-275.1748,0.07970,0.0000,0.0000,1.0000,True,True
86.5501,0.0000,13.7642,-275.2050,0.03038,0.0000,0.0000,1.0000,True,True
86.5668,0.0000,13.7704,-275.2633,0.05865,0.0000,0.0000,1.0000,True,True
86.5840,0.0000,13.7766,-275.3214,0.05837,0.0000,0.0000,1.0000,True,True
86.5924,0.0000,13.7796,-275.3492,0.02799,0.0000,0.0000,1.0000,True,True
86.6091,0.0000,13.7852,-275.4022,0.05325,0.0000,0.0000,1.0000,True,True
86.6180,0.0000,13.7881,-275.4293,0.02728,0.0000,0.0000,1.0000,True,True
86.6370,0.0000,13.7941,-275.4858,0.05681,0.0000,0.0000,1.0000,True,True
86.6452,0.0000,13.7967,-275.5101,0.02446,0.0000,0.0000,1.0000,True,True
86.6619,0.0000,13.8015,-275.5563,0.04649,0.0000,0.0000,1.0000,True,True
86.6786,0.0000,13.8062,-275.6007,0.04459,0.0000,0.0000,1.0000,True,True
86.6868,0.0000,13.8084,-275.6223,0.02172,0.0000,0.0000,1.0000,True,True
86.7035,0.0000,13.8127,-275.6635,0.04146,0.0000,0.0000,1.0000,True,True
86.7118,0.0000,13.8148,-275.6835,0.02010,0.0000,0.0000,1.0000,True,True
86.7285,0.0000,13.8188,-275.7217,0.03842,0.0000,0.0000,1.0000,True,True
86.7369,0.0000,13.8208,-275.7403,0.01866,0.0000,0.0000,1.0000,True,True
86.7535,0.0000,13.8245,-275.7753,0.03520,0.0000,0.0000,1.0000,True,True
86.7618,0.0000,13.8262,-275.7922,0.01700,0.0000,0.0000,1.0000,True,True
86.7786,0.0000,13.8296,-275.8242,0.03216,0.0000,0.0000,1.0000,True,True
86.8015,0.0000,13.8337,-275.8637,0.03980,0.0000,0.0000,1.0000,True,True
86.8112,0.0000,13.8354,-275.8801,0.01648,0.0000,0.0000,1.0000,True,True
86.8296,0.0000,13.8384,-275.9087,0.02875,0.0000,0.0000,1.0000,True,True
86.8379,0.0000,13.8397,-275.9210,0.01237,0.0000,0.0000,1.0000,True,True
86.8547,0.0000,13.8421,-275.9435,0.02258,0.0000,0.0000,1.0000,True,True
86.8629,0.0000,13.8432,-275.9542,0.01074,0.0000,0.0000,1.0000,True,True
86.8797,0.0000,13.8452,-275.9736,0.01955,0.0000,0.0000,1.0000,True,True
86.8964,0.0000,13.8471,-275.9909,0.01743,0.0000,0.0000,1.0000,True,True
86.9045,0.0000,13.8471,-275.9909,0.00000,0.0000,0.0000,1.0000,True,True
86.9383,0.0000,13.8471,-275.9915,0.00052,0.0000,0.0000,1.0000,True,True
86.9637,0.0000,13.8478,-275.9979,0.00644,0.0000,0.0000,1.0000,True,True
86.9723,0.0000,13.8481,-276.0006,0.00273,0.0000,0.0000,1.0000,True,True
86.9951,0.0000,13.8492,-276.0117,0.01114,0.0000,0.0000,1.0000,True,True
87.0140,0.0000,13.8504,-276.0235,0.01187,0.0000,0.0000,1.0000,True,True
87.0223,0.0000,13.8510,-276.0293,0.00589,0.0000,0.0000,1.0000,True,True
87.0445,0.0000,13.8530,-276.0482,0.01899,0.0000,0.0000,1.0000,True,True
87.0537,0.0000,13.8538,-276.0566,0.00847,0.0000,0.0000,1.0000,True,True
87.0725,0.0000,13.8559,-276.0766,0.02006,0.0000,0.0000,1.0000,True,True
87.0806,0.0000,13.8569,-276.0857,0.00917,0.0000,0.0000,1.0000,True,True
87.0973,0.0000,13.8590,-276.1066,0.02098,0.0000,0.0000,1.0000,True,True
87.1140,0.0000,13.8614,-276.1294,0.02292,0.0000,0.0000,1.0000,True,True
87.1223,0.0000,13.8626,-276.1414,0.01212,0.0000,0.0000,1.0000,True,True
87.1399,0.0000,13.8654,-276.1690,0.02770,0.0000,0.0000,1.0000,True,True
87.1481,0.0000,13.8668,-276.1824,0.01344,0.0000,0.0000,1.0000,True,True
87.1691,0.0000,13.8707,-276.2198,0.03767,0.0000,0.0000,1.0000,True,True
87.1781,0.0000,13.8724,-276.2366,0.01681,0.0000,0.0000,1.0000,True,True
87.1946,0.0000,13.8758,-276.2692,0.03277,0.0000,0.0000,1.0000,True,True
87.2145,0.0000,13.8801,-276.3114,0.04249,0.0000,0.0000,1.0000,True,True
87.2238,0.0000,13.8822,-276.3319,0.02056,0.0000,0.0000,1.0000,True,True
87.2556,0.0000,13.8902,-276.4090,0.07753,0.0000,0.0000,1.0000,True,True
87.2639,0.0000,13.8923,-276.4297,0.02080,0.0000,0.0000,1.0000,True,True
87.2806,0.0000,13.8968,-276.4733,0.04387,0.0000,0.0000,1.0000,True,True
87.2888,0.0000,13.8991,-276.4956,0.02240,0.0000,0.0000,1.0000,True,True
87.3059,0.0000,13.9040,-276.5432,0.04785,0.0000,0.0000,1.0000,True,True
87.3231,0.0000,13.9091,-276.5940,0.05101,0.0000,0.0000,1.0000,True,True
87.3438,0.0000,13.9156,-276.6579,0.06426,0.0000,0.0000,1.0000,True,True
87.3528,0.0000,13.9185,-276.6864,0.02868,0.0000,0.0000,1.0000,True,True
87.3701,0.0000,13.9243,-276.7432,0.05705,0.0000,0.0000,1.0000,True,True
87.3787,0.0000,13.9272,-276.7721,0.02905,0.0000,0.0000,1.0000,True,True
87.3974,0.0000,13.9338,-276.8372,0.06540,0.0000,0.0000,1.0000,True,True
87.4056,0.0000,13.9368,-276.8666,0.02963,0.0000,0.0000,1.0000,True,True
87.4224,0.0000,13.9431,-276.9280,0.06172,0.0000,0.0000,1.0000,True,True
87.4391,0.0000,13.9495,-276.9913,0.06362,0.0000,0.0000,1.0000,True,True
87.4473,0.0000,13.9527,-277.0233,0.03217,0.0000,0.0000,1.0000,True,True
87.4642,0.0000,13.9594,-277.0901,0.06704,0.0000,0.0000,1.0000,True,True
87.4723,0.0000,13.9627,-277.1235,0.03364,0.0000,0.0000,1.0000,True,True
87.4891,0.0000,13.9697,-277.1937,0.07054,0.0000,0.0000,1.0000,True,True
87.4973,0.0000,13.9732,-277.2288,0.03521,0.0000,0.0000,1.0000,True,True
87.5144,0.0000,13.9806,-277.3028,0.07443,0.0000,0.0000,1.0000,True,True
87.5308,0.0000,13.9879,-277.3761,0.07364,0.0000,0.0000,1.0000,True,True
87.5390,0.0000,13.9917,-277.4140,0.03806,0.0000,0.0000,1.0000,True,True
87.5558,0.0000,13.9995,-277.4920,0.07845,0.0000,0.0000,1.0000,True,True
87.5639,0.0000,14.0034,-277.5312,0.03937,0.0000,0.0000,1.0000,True,True
87.5808,0.0000,14.0113,-277.6124,0.08157,0.0000,0.0000,1.0000,True,True
87.5889,0.0000,14.0153,-277.6533,0.04109,0.0000,0.0000,1.0000,True,True
87.6058,0.0000,14.0236,-277.7375,0.08466,0.0000,0.0000,1.0000,True,True
87.6139,0.0000,14.0278,-277.7799,0.04253,0.0000,0.0000,1.0000,True,True
87.6308,0.0000,14.0364,-277.8675,0.08807,0.0000,0.0000,1.0000,True,True
87.6474,0.0000,14.0451,-277.9568,0.08975,0.0000,0.0000,1.0000,True,True
87.6557,0.0000,14.0496,-278.0018,0.04517,0.0000,0.0000,1.0000,True,True
87.6723,0.0000,14.0582,-278.0911,0.08968,0.0000,0.0000,1.0000,True,True
87.6806,0.0000,14.0625,-278.1357,0.04479,0.0000,0.0000,1.0000,True,True
87.6974,0.0000,14.0711,-278.2255,0.09026,0.0000,0.0000,1.0000,True,True
87.7056,0.0000,14.0754,-278.2701,0.04476,0.0000,0.0000,1.0000,True,True
87.7224,0.0000,14.0841,-278.3598,0.09020,0.0000,0.0000,1.0000,True,True
87.7393,0.0000,14.0927,-278.4493,0.08992,0.0000,0.0000,1.0000,True,True
87.7473,0.0000,14.0970,-278.4940,0.04482,0.0000,0.0000,1.0000,True,True
87.7641,0.0000,14.1056,-278.5842,0.09065,0.0000,0.0000,1.0000,True,True
87.7723,0.0000,14.1098,-278.6284,0.04436,0.0000,0.0000,1.0000,True,True
87.7891,0.0000,14.1183,-278.7183,0.09031,0.0000,0.0000,1.0000,True,True
87.7973,0.0000,14.1225,-278.7628,0.04476,0.0000,0.0000,1.0000,True,True
87.8232,0.0000,14.1357,-278.9019,0.13972,0.0000,0.0000,1.0000,True,True
87.8307,0.0000,14.1395,-278.9424,0.04062,0.0000,0.0000,1.0000,True,True
87.8482,0.0000,14.1483,-279.0358,0.09386,0.0000,0.0000,1.0000,True,True
87.8650,0.0000,14.1567,-279.1261,0.09069,0.0000,0.0000,1.0000,True,True
87.8725,0.0000,14.1605,-279.1670,0.04110,0.0000,0.0000,1.0000,True,True
87.8898,0.0000,14.1692,-279.2603,0.09363,0.0000,0.0000,1.0000,True,True
87.8974,0.0000,14.1729,-279.3008,0.04076,0.0000,0.0000,1.0000,True,True
87.9186,0.0000,14.1835,-279.4148,0.11441,0.0000,0.0000,1.0000,True,True
87.9272,0.0000,14.1879,-279.4613,0.04671,0.0000,0.0000,1.0000,True,True
87.9396,0.0000,14.1940,-279.5277,0.06675,0.0000,0.0000,1.0000,True,True
87.9478,0.0000,14.1981,-279.5724,0.04480,0.0000,0.0000,1.0000,True,True
87.9646,0.0000,14.2063,-279.6625,0.09049,0.0000,0.0000,1.0000,True,True
87.9810,0.0000,14.2143,-279.7503,0.08819,0.0000,0.0000,1.0000,True,True
87.9893,0.0000,14.2184,-279.7952,0.04508,0.0000,0.0000,1.0000,True,True
88.0061,0.0000,14.2266,-279.8850,0.09022,0.0000,0.0000,1.0000,True,True
88.0140,0.0000,14.2305,-279.9279,0.04302,0.0000,0.0000,1.0000,True,True
88.0306,0.0000,14.2386,-280.0172,0.08972,0.0000,0.0000,1.0000,True,True
88.0390,0.0000,14.2426,-280.0624,0.04532,0.0000,0.0000,1.0000,True,True
88.0556,0.0000,14.2506,-280.1517,0.08965,0.0000,0.0000,1.0000,True,True
88.0723,0.0000,14.2585,-280.2397,0.08833,0.0000,0.0000,1.0000,True,True
88.0807,0.0000,14.2624,-280.2832,0.04375,0.0000,0.0000,1.0000,True,True
88.0973,0.0000,14.2699,-280.3678,0.08493,0.0000,0.0000,1.0000,True,True
88.1056,0.0000,14.2736,-280.4094,0.04170,0.0000,0.0000,1.0000,True,True
88.1223,0.0000,14.2809,-280.4910,0.08196,0.0000,0.0000,1.0000,True,True
88.1306,0.0000,14.2845,-280.5312,0.04038,0.0000,0.0000,1.0000,True,True
88.1474,0.0000,14.2913,-280.6099,0.07894,0.0000,0.0000,1.0000,True,True
88.1557,0.0000,14.2948,-280.6490,0.03927,0.0000,0.0000,1.0000,True,True
88.1724,0.0000,14.3013,-280.7241,0.07542,0.0000,0.0000,1.0000,True,True
88.1897,0.0000,14.3079,-280.7991,0.07527,0.0000,0.0000,1.0000,True,True
88.1978,0.0000,14.3111,-280.8356,0.03664,0.0000,0.0000,1.0000,True,True
88.2144,0.0000,14.3172,-280.9052,0.06982,0.0000,0.0000,1.0000,True,True
88.2226,0.0000,14.3202,-280.9395,0.03446,0.0000,0.0000,1.0000,True,True
88.2397,0.0000,14.3262,-281.0080,0.06880,0.0000,0.0000,1.0000,True,True
88.2477,0.0000,14.3289,-281.0398,0.03189,0.0000,0.0000,1.0000,True,True
88.2647,0.0000,14.3345,-281.1045,0.06496,0.0000,0.0000,1.0000,True,True
88.2855,0.0000,14.3411,-281.1815,0.07728,0.0000,0.0000,1.0000,True,True
88.2939,0.0000,14.3437,-281.2119,0.03054,0.0000,0.0000,1.0000,True,True
88.3061,0.0000,14.3474,-281.2552,0.04337,0.0000,0.0000,1.0000,True,True
88.3144,0.0000,14.3498,-281.2838,0.02873,0.0000,0.0000,1.0000,True,True
88.3308,0.0000,14.3545,-281.3383,0.05477,0.0000,0.0000,1.0000,True,True
88.3389,0.0000,14.3568,-281.3654,0.02717,0.0000,0.0000,1.0000,True,True
88.3558,0.0000,14.3613,-281.4183,0.05305,0.0000,0.0000,1.0000,True,True
88.3639,0.0000,14.3635,-281.4437,0.02554,0.0000,0.0000,1.0000,True,True
88.3810,0.0000,14.3678,-281.4936,0.05002,0.0000,0.0000,1.0000,True,True
88.4061,0.0000,14.3737,-281.5642,0.07087,0.0000,0.0000,1.0000,True,True
88.4142,0.0000,14.3756,-281.5866,0.02254,0.0000,0.0000,1.0000,True,True
88.4365,0.0000,14.3804,-281.6437,0.05730,0.0000,0.0000,1.0000,True,True
88.4463,0.0000,14.3823,-281.6666,0.02297,0.0000,0.0000,1.0000,True,True
88.4644,0.0000,14.3860,-281.7105,0.04404,0.0000,0.0000,1.0000,True,True
88.4726,0.0000,14.3876,-281.7295,0.01902,0.0000,0.0000,1.0000,True,True
88.4894,0.0000,14.3906,-281.7656,0.03629,0.0000,0.0000,1.0000,True,True
88.5060,0.0000,14.3935,-281.7997,0.03418,0.0000,0.0000,1.0000,True,True
88.5142,0.0000,14.3948,-281.8162,0.01654,0.0000,0.0000,1.0000,True,True
88.5311,0.0000,14.3974,-281.8472,0.03115,0.0000,0.0000,1.0000,True,True
88.5393,0.0000,14.3987,-281.8620,0.01488,0.0000,0.0000,1.0000,True,True
88.5560,0.0000,14.4010,-281.8900,0.02802,0.0000,0.0000,1.0000,True,True
88.5643,0.0000,14.4021,-281.9033,0.01338,0.0000,0.0000,1.0000,True,True
88.5813,0.0000,14.4042,-281.9281,0.02490,0.0000,0.0000,1.0000,True,True
88.5977,0.0000,14.4061,-281.9507,0.02266,0.0000,0.0000,1.0000,True,True
88.6059,0.0000,14.4070,-281.9615,0.01081,0.0000,0.0000,1.0000,True,True
88.6227,0.0000,14.4087,-281.9818,0.02046,0.0000,0.0000,1.0000,True,True
88.6309,0.0000,14.4087,-281.9818,0.00000,0.0000,0.0000,1.0000,True,True
88.6476,0.0000,14.4089,-281.9839,0.00208,0.0000,0.0000,1.0000,True,True
88.6559,0.0000,14.4090,-281.9855,0.00156,0.0000,0.0000,1.0000,True,True
88.6728,0.0000,14.4095,-281.9907,0.00521,0.0000,0.0000,1.0000,True,True
88.6809,0.0000,14.4097,-281.9938,0.00312,0.0000,0.0000,1.0000,True,True
88.6977,0.0000,14.4104,-282.0021,0.00839,0.0000,0.0000,1.0000,True,True
88.7143,0.0000,14.4113,-282.0125,0.01041,0.0000,0.0000,1.0000,True,True
88.7226,0.0000,14.4117,-282.0182,0.00573,0.0000,0.0000,1.0000,True,True
88.7393,0.0000,14.4129,-282.0317,0.01356,0.0000,0.0000,1.0000,True,True
88.7476,0.0000,14.4134,-282.0390,0.00729,0.0000,0.0000,1.0000,True,True
88.7643,0.0000,14.4148,-282.0557,0.01672,0.0000,0.0000,1.0000,True,True
88.7726,0.0000,14.4155,-282.0645,0.00882,0.0000,0.0000,1.0000,True,True
88.7893,0.0000,14.4172,-282.0843,0.01987,0.0000,0.0000,1.0000,True,True
88.8153,0.0000,14.4201,-282.1197,0.03558,0.0000,0.0000,1.0000,True,True
88.8245,0.0000,14.4212,-282.1333,0.01360,0.0000,0.0000,1.0000,True,True
88.8476,0.0000,14.4242,-282.1707,0.03760,0.0000,0.0000,1.0000,True,True
88.8559,0.0000,14.4254,-282.1848,0.01405,0.0000,0.0000,1.0000,True,True
88.8726,0.0000,14.4279,-282.2149,0.03025,0.0000,0.0000,1.0000,True,True
88.8809,0.0000,14.4291,-282.2304,0.01555,0.0000,0.0000,1.0000,True,True
88.8977,0.0000,14.4319,-282.2637,0.03344,0.0000,0.0000,1.0000,True,True
88.9145,0.0000,14.4347,-282.2990,0.03537,0.0000,0.0000,1.0000,True,True
88.9229,0.0000,14.4363,-282.3177,0.01883,0.0000,0.0000,1.0000,True,True
88.9443,0.0000,14.4404,-282.3679,0.05034,0.0000,0.0000,1.0000,True,True
88.9526,0.0000,14.4420,-282.3879,0.02006,0.0000,0.0000,1.0000,True,True
88.9654,0.0000,14.4446,-282.4196,0.03178,0.0000,0.0000,1.0000,True,True
88.9860,0.0000,14.4491,-282.4745,0.05512,0.0000,0.0000,1.0000,True,True
88.9943,0.0000,14.4510,-282.4972,0.02272,0.0000,0.0000,1.0000,True,True
89.0067,0.0000,14.4538,-282.5319,0.03487,0.0000,0.0000,1.0000,True,True
89.0275,0.0000,14.4587,-282.5934,0.06172,0.0000,0.0000,1.0000,True,True
89.0357,0.0000,14.4607,-282.6183,0.02489,0.0000,0.0000,1.0000,True,True
89.0480,0.0000,14.4637,-282.6566,0.03845,0.0000,0.0000,1.0000,True,True
89.0561,0.0000,14.4658,-282.6823,0.02578,0.0000,0.0000,1.0000,True,True
89.0727,0.0000,14.4702,-282.7369,0.05477,0.0000,0.0000,1.0000,True,True
89.0809,0.0000,14.4724,-282.7647,0.02795,0.0000,0.0000,1.0000,True,True
89.0976,0.0000,14.4770,-282.8228,0.05826,0.0000,0.0000,1.0000,True,True
89.1060,0.0000,14.4794,-282.8525,0.02979,0.0000,0.0000,1.0000,True,True
89.1227,0.0000,14.4843,-282.9137,0.06135,0.0000,0.0000,1.0000,True,True
89.1395,0.0000,14.4894,-282.9772,0.06371,0.0000,0.0000,1.0000,True,True
89.1476,0.0000,14.4919,-283.0091,0.03202,0.0000,0.0000,1.0000,True,True
89.1643,0.0000,14.4971,-283.0756,0.06673,0.0000,0.0000,1.0000,True,True
89.1727,0.0000,14.4998,-283.1093,0.03376,0.0000,0.0000,1.0000,True,True
89.1873,0.0000,14.5045,-283.1702,0.06110,0.0000,0.0000,1.0000,True,True
89.1960,0.0000,14.5073,-283.2064,0.03630,0.0000,0.0000,1.0000,True,True
89.2125,0.0000,14.5130,-283.2785,0.07230,0.0000,0.0000,1.0000,True,True
89.2289,0.0000,14.5187,-283.3521,0.07386,0.0000,0.0000,1.0000,True,True
89.2376,0.0000,14.5217,-283.3908,0.03878,0.0000,0.0000,1.0000,True,True
89.2536,0.0000,14.5276,-283.4660,0.07545,0.0000,0.0000,1.0000,True,True
89.2616,0.0000,14.5305,-283.5038,0.03796,0.0000,0.0000,1.0000,True,True
89.2781,0.0000,14.5366,-283.5833,0.07973,0.0000,0.0000,1.0000,True,True
89.2866,0.0000,14.5398,-283.6250,0.04175,0.0000,0.0000,1.0000,True,True
89.2988,0.0000,14.5444,-283.6855,0.06075,0.0000,0.0000,1.0000,True,True
89.3066,0.0000,14.5474,-283.7254,0.04000,0.0000,0.0000,1.0000,True,True
89.3233,0.0000,14.5539,-283.8112,0.08603,0.0000,0.0000,1.0000,True,True
89.3396,0.0000,14.5605,-283.8974,0.08643,0.0000,0.0000,1.0000,True,True
89.3476,0.0000,14.5638,-283.9409,0.04361,0.0000,0.0000,1.0000,True,True
89.3643,0.0000,14.5706,-284.0308,0.09013,0.0000,0.0000,1.0000,True,True
89.3727,0.0000,14.5739,-284.0756,0.04498,0.0000,0.0000,1.0000,True,True
89.3894,0.0000,14.5806,-284.1656,0.09018,0.0000,0.0000,1.0000,True,True
89.3977,0.0000,14.5839,-284.2103,0.04489,0.0000,0.0000,1.0000,True,True
89.4124,0.0000,14.5897,-284.2892,0.07907,0.0000,0.0000,1.0000,True,True
89.4208,0.0000,14.5930,-284.3338,0.04474,0.0000,0.0000,1.0000,True,True
89.4368,0.0000,14.5995,-284.4208,0.08724,0.0000,0.0000,1.0000,True,True
89.4531,0.0000,14.6060,-284.5090,0.08847,0.0000,0.0000,1.0000,True,True
89.4616,0.0000,14.6093,-284.5548,0.04593,0.0000,0.0000,1.0000,True,True
89.4784,0.0000,14.6158,-284.6451,0.09044,0.0000,0.0000,1.0000,True,True
89.4864,0.0000,14.6189,-284.6883,0.04336,0.0000,0.0000,1.0000,True,True
89.5030,0.0000,14.6254,-284.7777,0.08962,0.0000,0.0000,1.0000,True,True
89.5114,0.0000,14.6287,-284.8231,0.04550,0.0000,0.0000,1.0000,True,True
89.5237,0.0000,14.6334,-284.8893,0.06646,0.0000,0.0000,1.0000,True,True
89.5451,0.0000,14.6417,-285.0039,0.11486,0.0000,0.0000,1.0000,True,True
89.5615,0.0000,14.6479,-285.0927,0.08902,0.0000,0.0000,1.0000,True,True
89.5693,0.0000,14.6508,-285.1346,0.04203,0.0000,0.0000,1.0000,True,True
89.5824,0.0000,14.6558,-285.2055,0.07107,0.0000,0.0000,1.0000,True,True
89.5902,0.0000,14.6588,-285.2475,0.04203,0.0000,0.0000,1.0000,True,True
89.6068,0.0000,14.6650,-285.3364,0.08912,0.0000,0.0000,1.0000,True,True
89.6280,0.0000,14.6730,-285.4506,0.11448,0.0000,0.0000,1.0000,True,True
89.6363,0.0000,14.6761,-285.4953,0.04485,0.0000,0.0000,1.0000,True,True
89.6486,0.0000,14.6806,-285.5615,0.06635,0.0000,0.0000,1.0000,True,True
89.6691,0.0000,14.6882,-285.6724,0.11113,0.0000,0.0000,1.0000,True,True
89.6775,0.0000,14.6913,-285.7177,0.04548,0.0000,0.0000,1.0000,True,True
89.6897,0.0000,14.6957,-285.7832,0.06564,0.0000,0.0000,1.0000,True,True
89.6976,0.0000,14.6986,-285.8261,0.04295,0.0000,0.0000,1.0000,True,True
89.7146,0.0000,14.7048,-285.9173,0.09143,0.0000,0.0000,1.0000,True,True
89.7226,0.0000,14.7078,-285.9607,0.04350,0.0000,0.0000,1.0000,True,True
89.7393,0.0000,14.7138,-286.0507,0.09023,0.0000,0.0000,1.0000,True,True
89.7477,0.0000,14.7168,-286.0956,0.04496,0.0000,0.0000,1.0000,True,True
89.7643,0.0000,14.7226,-286.1846,0.08924,0.0000,0.0000,1.0000,True,True
89.7810,0.0000,14.7284,-286.2716,0.08713,0.0000,0.0000,1.0000,True,True
89.7893,0.0000,14.7312,-286.3145,0.04303,0.0000,0.0000,1.0000,True,True
89.8061,0.0000,14.7367,-286.3985,0.08414,0.0000,0.0000,1.0000,True,True
89.8125,0.0000,14.7388,-286.4302,0.03178,0.0000,0.0000,1.0000,True,True
89.8290,0.0000,14.7441,-286.5106,0.08062,0.0000,0.0000,1.0000,True,True
89.8367,0.0000,14.7465,-286.5477,0.03718,0.0000,0.0000,1.0000,True,True
89.8531,0.0000,14.7514,-286.6244,0.07679,0.0000,0.0000,1.0000,True,True
89.8691,0.0000,14.7560,-286.6973,0.07309,0.0000,0.0000,1.0000,True,True
89.8767,0.0000,14.7582,-286.7319,0.03468,0.0000,0.0000,1.0000,True,True
89.8893,0.0000,14.7618,-286.7872,0.05544,0.0000,0.0000,1.0000,True,True
89.8977,0.0000,14.7641,-286.8236,0.03648,0.0000,0.0000,1.0000,True,True
89.9123,0.0000,14.7680,-286.8853,0.06183,0.0000,0.0000,1.0000,True,True
89.9202,0.0000,14.7702,-286.9187,0.03339,0.0000,0.0000,1.0000,True,True
89.9328,0.0000,14.7734,-286.9697,0.05113,0.0000,0.0000,1.0000,True,True
89.9400,0.0000,14.7753,-286.9990,0.02936,0.0000,0.0000,1.0000,True,True
89.9563,0.0000,14.7792,-287.0621,0.06320,0.0000,0.0000,1.0000,True,True
89.9643,0.0000,14.7811,-287.0931,0.03113,0.0000,0.0000,1.0000,True,True
89.9813,0.0000,14.7849,-287.1553,0.06225,0.0000,0.0000,1.0000,True,True
90.0030,0.0000,14.7898,-287.2335,0.07833,0.0000,0.0000,1.0000,True,True
90.0118,0.0000,14.7917,-287.2643,0.03091,0.0000,0.0000,1.0000,True,True
90.0287,0.0000,14.7952,-287.3215,0.05730,0.0000,0.0000,1.0000,True,True
90.0375,0.0000,14.7969,-287.3495,0.02804,0.0000,0.0000,1.0000,True,True
90.0563,0.0000,14.8006,-287.4091,0.05974,0.0000,0.0000,1.0000,True,True
90.0645,0.0000,14.8022,-287.4353,0.02626,0.0000,0.0000,1.0000,True,True
90.0788,0.0000,14.8048,-287.4778,0.04256,0.0000,0.0000,1.0000,True,True
90.0955,0.0000,14.8078,-287.5258,0.04812,0.0000,0.0000,1.0000,True,True
90.1030,0.0000,14.8090,-287.5475,0.02171,0.0000,0.0000,1.0000,True,True
90.1150,0.0000,14.8110,-287.5800,0.03256,0.0000,0.0000,1.0000,True,True
90.1226,0.0000,14.8122,-287.6005,0.02048,0.0000,0.0000,1.0000,True,True
90.1394,0.0000,14.8147,-287.6431,0.04268,0.0000,0.0000,1.0000,True,True
90.1476,0.0000,14.8160,-287.6637,0.02064,0.0000,0.0000,1.0000,True,True
90.1622,0.0000,14.8180,-287.6978,0.03424,0.0000,0.0000,1.0000,True,True
90.1696,0.0000,14.8191,-287.7154,0.01761,0.0000,0.0000,1.0000,True,True
90.1824,0.0000,14.8207,-287.7439,0.02855,0.0000,0.0000,1.0000,True,True
90.1900,0.0000,14.8217,-287.7603,0.01642,0.0000,0.0000,1.0000,True,True
90.2061,0.0000,14.8237,-287.7932,0.03299,0.0000,0.0000,1.0000,True,True
90.2228,0.0000,14.8256,-287.8255,0.03228,0.0000,0.0000,1.0000,True,True
90.2310,0.0000,14.8265,-287.8408,0.01535,0.0000,0.0000,1.0000,True,True
90.2456,0.0000,14.8280,-287.8663,0.02559,0.0000,0.0000,1.0000,True,True
90.2534,0.0000,14.8288,-287.8798,0.01351,0.0000,0.0000,1.0000,True,True
90.2700,0.0000,14.8304,-287.9058,0.02605,0.0000,0.0000,1.0000,True,True
90.2776,0.0000,14.8311,-287.9174,0.01159,0.0000,0.0000,1.0000,True,True
90.2897,0.0000,14.8321,-287.9345,0.01715,0.0000,0.0000,1.0000,True,True
90.2976,0.0000,14.8328,-287.9454,0.01088,0.0000,0.0000,1.0000,True,True
90.3144,0.0000,14.8340,-287.9661,0.02076,0.0000,0.0000,1.0000,True,True
90.3313,0.0000,14.8351,-287.9847,0.01862,0.0000,0.0000,1.0000,True,True
90.3393,0.0000,14.8351,-287.9847,0.00000,0.0000,0.0000,1.0000,True,True
90.3535,0.0000,14.8352,-287.9862,0.00150,0.0000,0.0000,1.0000,True,True
90.3617,0.0000,14.8353,-287.9875,0.00138,0.0000,0.0000,1.0000,True,True
90.3738,0.0000,14.8355,-287.9907,0.00315,0.0000,0.0000,1.0000,True,True
90.3935,0.0000,14.8359,-287.9987,0.00807,0.0000,0.0000,1.0000,True,True
90.4017,0.0000,14.8362,-288.0026,0.00382,0.0000,0.0000,1.0000,True,True
90.4144,0.0000,14.8366,-288.0096,0.00709,0.0000,0.0000,1.0000,True,True
90.4311,0.0000,14.8372,-288.0211,0.01152,0.0000,0.0000,1.0000,True,True
90.4373,0.0000,14.8375,-288.0258,0.00468,0.0000,0.0000,1.0000,True,True
90.4535,0.0000,14.8383,-288.0396,0.01379,0.0000,0.0000,1.0000,True,True
90.4611,0.0000,14.8387,-288.0466,0.00700,0.0000,0.0000,1.0000,True,True
90.4742,0.0000,14.8394,-288.0598,0.01327,0.0000,0.0000,1.0000,True,True
90.4816,0.0000,14.8399,-288.0677,0.00786,0.0000,0.0000,1.0000,True,True
90.4980,0.0000,14.8410,-288.0870,0.01941,0.0000,0.0000,1.0000,True,True
90.5062,0.0000,14.8416,-288.0971,0.01009,0.0000,0.0000,1.0000,True,True
90.5228,0.0000,14.8429,-288.1200,0.02296,0.0000,0.0000,1.0000,True,True
90.5395,0.0000,14.8443,-288.1450,0.02500,0.0000,0.0000,1.0000,True,True
90.5456,0.0000,14.8449,-288.1544,0.00945,0.0000,0.0000,1.0000,True,True
90.5615,0.0000,14.8464,-288.1810,0.02662,0.0000,0.0000,1.0000,True,True
90.5690,0.0000,14.8471,-288.1940,0.01299,0.0000,0.0000,1.0000,True,True
90.5810,0.0000,14.8484,-288.2155,0.02158,0.0000,0.0000,1.0000,True,True
90.5893,0.0000,14.8493,-288.2312,0.01571,0.0000,0.0000,1.0000,True,True
90.6038,0.0000,14.8509,-288.2597,0.02858,0.0000,0.0000,1.0000,True,True
90.6117,0.0000,14.8518,-288.2757,0.01602,0.0000,0.0000,1.0000,True,True
90.6234,0.0000,14.8533,-288.3006,0.02488,0.0000,0.0000,1.0000,True,True
90.6394,0.0000,14.8553,-288.3363,0.03576,0.0000,0.0000,1.0000,True,True
90.6476,0.0000,14.8564,-288.3554,0.01920,0.0000,0.0000,1.0000,True,True
90.6610,0.0000,14.8582,-288.3875,0.03207,0.0000,0.0000,1.0000,True,True
90.6685,0.0000,14.8593,-288.4060,0.01862,0.0000,0.0000,1.0000,True,True
90.6812,0.0000,14.8611,-288.4377,0.03176,0.0000,0.0000,1.0000,True,True
90.6893,0.0000,14.8624,-288.4596,0.02186,0.0000,0.0000,1.0000,True,True
90.7039,0.0000,14.8647,-288.4990,0.03952,0.0000,0.0000,1.0000,True,True
90.7116,0.0000,14.8659,-288.5207,0.02167,0.0000,0.0000,1.0000,True,True
90.7241,0.0000,14.8678,-288.5568,0.03616,0.0000,0.0000,1.0000,True,True
90.7399,0.0000,14.8704,-288.6035,0.04676,0.0000,0.0000,1.0000,True,True
90.7568,0.0000,14.8733,-288.6563,0.05288,0.0000,0.0000,1.0000,True,True
90.7642,0.0000,14.8747,-288.6802,0.02402,0.0000,0.0000,1.0000,True,True
90.7816,0.0000,14.8778,-288.7370,0.05685,0.0000,0.0000,1.0000,True,True
90.7880,0.0000,14.8790,-288.7580,0.02100,0.0000,0.0000,1.0000,True,True
90.8037,0.0000,14.8820,-288.8136,0.05569,0.0000,0.0000,1.0000,True,True
90.8116,0.0000,14.8835,-288.8409,0.02742,0.0000,0.0000,1.0000,True,True
90.8235,0.0000,14.8859,-288.8841,0.04322,0.0000,0.0000,1.0000,True,True
90.8315,0.0000,14.8876,-288.9137,0.02962,0.0000,0.0000,1.0000,True,True
90.8481,0.0000,14.8911,-288.9770,0.06342,0.0000,0.0000,1.0000,True,True
90.8627,0.0000,14.8941,-289.0340,0.05709,0.0000,0.0000,1.0000,True,True
90.8704,0.0000,14.8958,-289.0649,0.03099,0.0000,0.0000,1.0000,True,True
90.8821,0.0000,14.8983,-289.1122,0.04737,0.0000,0.0000,1.0000,True,True
90.8896,0.0000,14.8999,-289.1432,0.03099,0.0000,0.0000,1.0000,True,True
90.9064,0.0000,14.9037,-289.2141,0.07099,0.0000,0.0000,1.0000,True,True
90.9128,0.0000,14.9051,-289.2415,0.02744,0.0000,0.0000,1.0000,True,True
90.9287,0.0000,14.9089,-289.3119,0.07053,0.0000,0.0000,1.0000,True,True
90.9367,0.0000,14.9108,-289.3476,0.03573,0.0000,0.0000,1.0000,True,True
90.9492,0.0000,14.9138,-289.4045,0.05696,0.0000,0.0000,1.0000,True,True
90.9696,0.0000,14.9189,-289.5010,0.09669,0.0000,0.0000,1.0000,True,True
90.9775,0.0000,14.9208,-289.5389,0.03789,0.0000,0.0000,1.0000,True,True
90.9898,0.0000,14.9238,-289.5979,0.05907,0.0000,0.0000,1.0000,True,True
90.9980,0.0000,14.9259,-289.6393,0.04147,0.0000,0.0000,1.0000,True,True
91.0121,0.0000,14.9295,-289.7097,0.07053,0.0000,0.0000,1.0000,True,True
91.0193,0.0000,14.9314,-289.7470,0.03737,0.0000,0.0000,1.0000,True,True
91.0317,0.0000,14.9346,-289.8109,0.06399,0.0000,0.0000,1.0000,True,True
91.0396,0.0000,14.9367,-289.8525,0.04159,0.0000,0.0000,1.0000,True,True
91.0564,0.0000,14.9413,-289.9421,0.08978,0.0000,0.0000,1.0000,True,True
91.0787,0.0000,14.9473,-290.0626,0.12063,0.0000,0.0000,1.0000,True,True
91.0878,0.0000,14.9496,-290.1107,0.04818,0.0000,0.0000,1.0000,True,True
91.1064,0.0000,14.9545,-290.2123,0.10165,0.0000,0.0000,1.0000,True,True
91.1149,0.0000,14.9567,-290.2574,0.04519,0.0000,0.0000,1.0000,True,True
91.1315,0.0000,14.9611,-290.3471,0.08977,0.0000,0.0000,1.0000,True,True
91.1372,0.0000,14.9626,-290.3786,0.03153,0.0000,0.0000,1.0000,True,True
91.1536,0.0000,14.9669,-290.4669,0.08845,0.0000,0.0000,1.0000,True,True
91.1701,0.0000,14.9711,-290.5557,0.08887,0.0000,0.0000,1.0000,True,True
91.1776,0.0000,14.9729,-290.5965,0.04082,0.0000,0.0000,1.0000,True,True
91.1902,0.0000,14.9761,-290.6641,0.06770,0.0000,0.0000,1.0000,True,True
91.1980,0.0000,14.9780,-290.7065,0.04246,0.0000,0.0000,1.0000,True,True
91.2149,0.0000,14.9822,-290.7968,0.09040,0.0000,0.0000,1.0000,True,True
91.2231,0.0000,14.9843,-290.8418,0.04500,0.0000,0.0000,1.0000,True,True
91.2370,0.0000,14.9877,-290.9167,0.07500,0.0000,0.0000,1.0000,True,True
91.2444,0.0000,14.9896,-290.9567,0.04008,0.0000,0.0000,1.0000,True,True
91.2568,0.0000,14.9926,-291.0235,0.06681,0.0000,0.0000,1.0000,True,True
91.2647,0.0000,14.9945,-291.0662,0.04280,0.0000,0.0000,1.0000,True,True
91.2816,0.0000,14.9985,-291.1568,0.09063,0.0000,0.0000,1.0000,True,True
91.2981,0.0000,15.0024,-291.2462,0.08956,0.0000,0.0000,1.0000,True,True
91.3043,0.0000,15.0038,-291.2788,0.03256,0.0000,0.0000,1.0000,True,True
91.3158,0.0000,15.0066,-291.3412,0.06247,0.0000,0.0000,1.0000,True,True
91.3362,0.0000,15.0115,-291.4519,0.11082,0.0000,0.0000,1.0000,True,True
91.3440,0.0000,15.0133,-291.4942,0.04231,0.0000,0.0000,1.0000,True,True
91.3564,0.0000,15.0161,-291.5609,0.06677,0.0000,0.0000,1.0000,True,True
91.3648,0.0000,15.0180,-291.6057,0.04487,0.0000,0.0000,1.0000,True,True
91.3792,0.0000,15.0212,-291.6826,0.07697,0.0000,0.0000,1.0000,True,True
91.3957,0.0000,15.0249,-291.7716,0.08904,0.0000,0.0000,1.0000,True,True
91.4035,0.0000,15.0267,-291.8145,0.04291,0.0000,0.0000,1.0000,True,True
91.4155,0.0000,15.0293,-291.8787,0.06433,0.0000,0.0000,1.0000,True,True
91.4277,0.0000,15.0321,-291.9452,0.06656,0.0000,0.0000,1.0000,True,True
91.4354,0.0000,15.0338,-291.9868,0.04160,0.0000,0.0000,1.0000,True,True
91.4483,0.0000,15.0366,-292.0561,0.06933,0.0000,0.0000,1.0000,True,True
91.4545,0.0000,15.0378,-292.0884,0.03234,0.0000,0.0000,1.0000,True,True
91.4736,0.0000,15.0418,-292.1901,0.10176,0.0000,0.0000,1.0000,True,True
91.4793,0.0000,15.0431,-292.2225,0.03247,0.0000,0.0000,1.0000,True,True
91.4956,0.0000,15.0464,-292.3070,0.08454,0.0000,0.0000,1.0000,True,True
91.5120,0.0000,15.0497,-292.3898,0.08286,0.0000,0.0000,1.0000,True,True
91.5199,0.0000,15.0513,-292.4298,0.04004,0.0000,0.0000,1.0000,True,True
91.5317,0.0000,15.0535,-292.4873,0.05757,0.0000,0.0000,1.0000,True,True
91.5400,0.0000,15.0550,-292.5274,0.04016,0.0000,0.0000,1.0000,True,True
91.5566,0.0000,15.0579,-292.6060,0.07858,0.0000,0.0000,1.0000,True,True
91.5627,0.0000,15.0590,-292.6346,0.02868,0.0000,0.0000,1.0000,True,True
91.5746,0.0000,15.0610,-292.6894,0.05482,0.0000,0.0000,1.0000,True,True
91.5954,0.0000,15.0644,-292.7815,0.09213,0.0000,0.0000,1.0000,True,True
91.6073,0.0000,15.0663,-292.8333,0.05188,0.0000,0.0000,1.0000,True,True
91.6234,0.0000,15.0688,-292.9013,0.06801,0.0000,0.0000,1.0000,True,True
91.6315,0.0000,15.0701,-292.9353,0.03402,0.0000,0.0000,1.0000,True,True
91.6484,0.0000,15.0726,-293.0029,0.06770,0.0000,0.0000,1.0000,True,True
91.6545,0.0000,15.0734,-293.0273,0.02437,0.0000,0.0000,1.0000,True,True
91.6707,0.0000,15.0756,-293.0904,0.06315,0.0000,0.0000,1.0000,True,True
91.6780,0.0000,15.0765,-293.1185,0.02815,0.0000,0.0000,1.0000,True,True
91.6904,0.0000,15.0781,-293.1634,0.04492,0.0000,0.0000,1.0000,True,True
91.6982,0.0000,15.0791,-293.1930,0.02959,0.0000,0.0000,1.0000,True,True
91.7151,0.0000,15.0812,-293.2521,0.05915,0.0000,0.0000,1.0000,True,True
91.7317,0.0000,15.0831,-293.3088,0.05677,0.0000,0.0000,1.0000,True,True
91.7377,0.0000,15.0838,-293.3292,0.02034,0.0000,0.0000,1.0000,True,True
91.7534,0.0000,15.0856,-293.3802,0.05106,0.0000,0.0000,1.0000,True,True
91.7612,0.0000,15.0864,-293.4052,0.02498,0.0000,0.0000,1.0000,True,True
91.7733,0.0000,15.0877,-293.4426,0.03747,0.0000,0.0000,1.0000,True,True
91.7816,0.0000,15.0886,-293.4679,0.02528,0.0000,0.0000,1.0000,True,True
91.7957,0.0000,15.0900,-293.5092,0.04134,0.0000,0.0000,1.0000,True,True
91.8035,0.0000,15.0907,-293.5318,0.02266,0.0000,0.0000,1.0000,True,True
91.8156,0.0000,15.0918,-293.5649,0.03310,0.0000,0.0000,1.0000,True,True
91.8359,0.0000,15.0935,-293.6187,0.05380,0.0000,0.0000,1.0000,True,True
91.8438,0.0000,15.0942,-293.6391,0.02046,0.0000,0.0000,1.0000,True,True
91.8566,0.0000,15.0952,-293.6706,0.03148,0.0000,0.0000,1.0000,True,True
91.8650,0.0000,15.0958,-293.6906,0.02006,0.0000,0.0000,1.0000,True,True
91.8818,0.0000,15.0971,-293.7288,0.03820,0.0000,0.0000,1.0000,True,True
91.8870,0.0000,15.0974,-293.7409,0.01212,0.0000,0.0000,1.0000,True,True
91.8991,0.0000,15.0983,-293.7667,0.02577,0.0000,0.0000,1.0000,True,True
91.9066,0.0000,15.0988,-293.7824,0.01576,0.0000,0.0000,1.0000,True,True
91.9234,0.0000,15.0998,-293.8154,0.03295,0.0000,0.0000,1.0000,True,True
91.9400,0.0000,15.1008,-293.8462,0.03087,0.0000,0.0000,1.0000,True,True
91.9465,0.0000,15.1012,-293.8575,0.01127,0.0000,0.0000,1.0000,True,True
91.9622,0.0000,15.1020,-293.8842,0.02675,0.0000,0.0000,1.0000,True,True
91.9698,0.0000,15.1024,-293.8966,0.01243,0.0000,0.0000,1.0000,True,True
91.9820,0.0000,15.1030,-293.9153,0.01863,0.0000,0.0000,1.0000,True,True
91.9900,0.0000,15.1034,-293.9271,0.01185,0.0000,0.0000,1.0000,True,True
92.0068,0.0000,15.1041,-293.9495,0.02241,0.0000,0.0000,1.0000,True,True
92.0131,0.0000,15.1044,-293.9576,0.00812,0.0000,0.0000,1.0000,True,True
92.0284,0.0000,15.1050,-293.9758,0.01820,0.0000,0.0000,1.0000,True,True
92.0447,0.0000,15.1050,-293.9758,0.00000,0.0000,0.0000,1.0000,True,True
92.0527,0.0000,15.1050,-293.9763,0.00049,0.0000,0.0000,1.0000,True,True
92.0649,0.0000,15.1051,-293.9781,0.00186,0.0000,0.0000,1.0000,True,True
92.0733,0.0000,15.1051,-293.9799,0.00180,0.0000,0.0000,1.0000,True,True
92.0901,0.0000,15.1053,-293.9857,0.00571,0.0000,0.0000,1.0000,True,True
92.0960,0.0000,15.1054,-293.9879,0.00229,0.0000,0.0000,1.0000,True,True
92.1126,0.0000,15.1056,-293.9965,0.00852,0.0000,0.0000,1.0000,True,True
92.1205,0.0000,15.1058,-294.0009,0.00449,0.0000,0.0000,1.0000,True,True
92.1326,0.0000,15.1060,-294.0090,0.00803,0.0000,0.0000,1.0000,True,True
92.1532,0.0000,15.1065,-294.0259,0.01694,0.0000,0.0000,1.0000,True,True
92.1612,0.0000,15.1067,-294.0328,0.00687,0.0000,0.0000,1.0000,True,True
92.1735,0.0000,15.1071,-294.0448,0.01206,0.0000,0.0000,1.0000,True,True
92.1815,0.0000,15.1073,-294.0531,0.00830,0.0000,0.0000,1.0000,True,True
92.1984,0.0000,15.1079,-294.0725,0.01939,0.0000,0.0000,1.0000,True,True
92.2066,0.0000,15.1082,-294.0827,0.01017,0.0000,0.0000,1.0000,True,True
92.2210,0.0000,15.1088,-294.1018,0.01917,0.0000,0.0000,1.0000,True,True
92.2289,0.0000,15.1091,-294.1128,0.01096,0.0000,0.0000,1.0000,True,True
92.2407,0.0000,15.1096,-294.1299,0.01710,0.0000,0.0000,1.0000,True,True
92.2570,0.0000,15.1104,-294.1561,0.02620,0.0000,0.0000,1.0000,True,True
92.2648,0.0000,15.1108,-294.1692,0.01313,0.0000,0.0000,1.0000,True,True
92.2815,0.0000,15.1117,-294.1989,0.02971,0.0000,0.0000,1.0000,True,True
92.2875,0.0000,15.1120,-294.2098,0.01096,0.0000,0.0000,1.0000,True,True
92.3041,0.0000,15.1129,-294.2422,0.03233,0.0000,0.0000,1.0000,True,True
92.3115,0.0000,15.1134,-294.2569,0.01478,0.0000,0.0000,1.0000,True,True
92.3236,0.0000,15.1141,-294.2825,0.02559,0.0000,0.0000,1.0000,True,True
92.3315,0.0000,15.1146,-294.2994,0.01694,0.0000,0.0000,1.0000,True,True
92.3483,0.0000,15.1158,-294.3375,0.03810,0.0000,0.0000,1.0000,True,True
92.3651,0.0000,15.1170,-294.3779,0.04039,0.0000,0.0000,1.0000,True,True
92.3732,0.0000,15.1176,-294.3982,0.02033,0.0000,0.0000,1.0000,True,True
92.3873,0.0000,15.1186,-294.4344,0.03624,0.0000,0.0000,1.0000,True,True
92.3949,0.0000,15.1192,-294.4547,0.02021,0.0000,0.0000,1.0000,True,True
92.4073,0.0000,15.1202,-294.4883,0.03368,0.0000,0.0000,1.0000,True,True
92.4148,0.0000,15.1208,-294.5092,0.02088,0.0000,0.0000,1.0000,True,True
92.4316,0.0000,15.1221,-294.5577,0.04851,0.0000,0.0000,1.0000,True,True
92.4378,0.0000,15.1227,-294.5764,0.01878,0.0000,0.0000,1.0000,True,True
92.4539,0.0000,15.1240,-294.6261,0.04964,0.0000,0.0000,1.0000,True,True
92.4701,0.0000,15.1254,-294.6777,0.05162,0.0000,0.0000,1.0000,True,True
92.4778,0.0000,15.1261,-294.7029,0.02525,0.0000,0.0000,1.0000,True,True
92.4900,0.0000,15.1272,-294.7433,0.04036,0.0000,0.0000,1.0000,True,True
92.4982,0.0000,15.1280,-294.7715,0.02821,0.0000,0.0000,1.0000,True,True
92.5153,0.0000,15.1296,-294.8305,0.05904,0.0000,0.0000,1.0000,True,True
92.5214,0.0000,15.1302,-294.8527,0.02226,0.0000,0.0000,1.0000,True,True
92.5375,0.0000,15.1318,-294.9132,0.06048,0.0000,0.0000,1.0000,True,True
92.5451,0.0000,15.1326,-294.9421,0.02897,0.0000,0.0000,1.0000,True,True
92.5571,0.0000,15.1339,-294.9883,0.04613,0.0000,0.0000,1.0000,True,True
92.5737,0.0000,15.1355,-295.0543,0.06603,0.0000,0.0000,1.0000,True,True
92.5815,0.0000,15.1363,-295.0857,0.03144,0.0000,0.0000,1.0000,True,True
92.5982,0.0000,15.1380,-295.1549,0.06923,0.0000,0.0000,1.0000,True,True
92.6065,0.0000,15.1389,-295.1901,0.03520,0.0000,0.0000,1.0000,True,True
92.6210,0.0000,15.1404,-295.2528,0.06276,0.0000,0.0000,1.0000,True,True
92.6282,0.0000,15.1412,-295.2847,0.03190,0.0000,0.0000,1.0000,True,True
92.6405,0.0000,15.1426,-295.3398,0.05510,0.0000,0.0000,1.0000,True,True
92.6481,0.0000,15.1434,-295.3743,0.03450,0.0000,0.0000,1.0000,True,True
92.6650,0.0000,15.1454,-295.4522,0.07794,0.0000,0.0000,1.0000,True,True
92.6815,0.0000,15.1472,-295.5316,0.07946,0.0000,0.0000,1.0000,True,True
92.6877,0.0000,15.1479,-295.5620,0.03031,0.0000,0.0000,1.0000,True,True
92.7038,0.0000,15.1497,-295.6416,0.07967,0.0000,0.0000,1.0000,True,True
92.7115,0.0000,15.1505,-295.6801,0.03846,0.0000,0.0000,1.0000,True,True
92.7236,0.0000,15.1519,-295.7415,0.06151,0.0000,0.0000,1.0000,True,True
92.7364,0.0000,15.1534,-295.8077,0.06621,0.0000,0.0000,1.0000,True,True
92.7439,0.0000,15.1543,-295.8481,0.04032,0.0000,0.0000,1.0000,True,True
92.7567,0.0000,15.1558,-295.9161,0.06807,0.0000,0.0000,1.0000,True,True
92.7696,0.0000,15.1573,-295.9856,0.06948,0.0000,0.0000,1.0000,True,True
92.7818,0.0000,15.1587,-296.0517,0.06611,0.0000,0.0000,1.0000,True,True
92.7901,0.0000,15.1595,-296.0969,0.04521,0.0000,0.0000,1.0000,True,True
92.8042,0.0000,15.1610,-296.1727,0.07585,0.0000,0.0000,1.0000,True,True
92.8118,0.0000,15.1618,-296.2138,0.04112,0.0000,0.0000,1.0000,True,True
92.8328,0.0000,15.1641,-296.3272,0.11339,0.0000,0.0000,1.0000,True,True
92.8403,0.0000,15.1649,-296.3673,0.04011,0.0000,0.0000,1.0000,True,True
92.8577,0.0000,15.1667,-296.4620,0.09471,0.0000,0.0000,1.0000,True,True
92.8739,0.0000,15.1683,-296.5493,0.08736,0.0000,0.0000,1.0000,True,True
92.8879,0.0000,15.1696,-296.6245,0.07521,0.0000,0.0000,1.0000,True,True
92.8956,0.0000,15.1703,-296.6660,0.04148,0.0000,0.0000,1.0000,True,True
92.9118,0.0000,15.1718,-296.7539,0.08793,0.0000,0.0000,1.0000,True,True
92.9190,0.0000,15.1725,-296.7927,0.03876,0.0000,0.0000,1.0000,True,True
92.9318,0.0000,15.1737,-296.8615,0.06886,0.0000,0.0000,1.0000,True,True
92.9401,0.0000,15.1744,-296.9069,0.04542,0.0000,0.0000,1.0000,True,True
92.9537,0.0000,15.1757,-296.9803,0.07338,0.0000,0.0000,1.0000,True,True
92.9615,0.0000,15.1764,-297.0224,0.04215,0.0000,0.0000,1.0000,True,True
92.9734,0.0000,15.1773,-297.0863,0.06391,0.0000,0.0000,1.0000,True,True
92.9818,0.0000,15.1780,-297.1317,0.04535,0.0000,0.0000,1.0000,True,True
92.9958,0.0000,15.1791,-297.2075,0.07581,0.0000,0.0000,1.0000,True,True
93.0116,0.0000,15.1803,-297.2924,0.08491,0.0000,0.0000,1.0000,True,True
93.0188,0.0000,15.1809,-297.3315,0.03907,0.0000,0.0000,1.0000,True,True
93.0322,0.0000,15.1819,-297.4021,0.07063,0.0000,0.0000,1.0000,True,True
93.0401,0.0000,15.1825,-297.4467,0.04462,0.0000,0.0000,1.0000,True,True
93.0534,0.0000,15.1835,-297.5186,0.07197,0.0000,0.0000,1.0000,True,True
93.0612,0.0000,15.1840,-297.5600,0.04135,0.0000,0.0000,1.0000,True,True
93.0735,0.0000,15.1848,-297.6263,0.06635,0.0000,0.0000,1.0000,True,True
93.0818,0.0000,15.1854,-297.6715,0.04517,0.0000,0.0000,1.0000,True,True
93.0958,0.0000,15.1863,-297.7473,0.07584,0.0000,0.0000,1.0000,True,True
93.1116,0.0000,15.1873,-297.8328,0.08546,0.0000,0.0000,1.0000,True,True
93.1190,0.0000,15.1878,-297.8722,0.03940,0.0000,0.0000,1.0000,True,True
93.1318,0.0000,15.1886,-297.9414,0.06922,0.0000,0.0000,1.0000,True,True
93.1382,0.0000,15.1890,-297.9760,0.03461,0.0000,0.0000,1.0000,True,True
93.1536,0.0000,15.1898,-298.0592,0.08323,0.0000,0.0000,1.0000,True,True
93.1612,0.0000,15.1902,-298.1004,0.04114,0.0000,0.0000,1.0000,True,True
93.1734,0.0000,15.1908,-298.1657,0.06531,0.0000,0.0000,1.0000,True,True
93.1794,0.0000,15.1911,-298.1974,0.03177,0.0000,0.0000,1.0000,True,True
93.1953,0.0000,15.1919,-298.2793,0.08182,0.0000,0.0000,1.0000,True,True
93.2072,0.0000,15.1925,-298.3408,0.06150,0.0000,0.0000,1.0000,True,True
93.2151,0.0000,15.1929,-298.3810,0.04025,0.0000,0.0000,1.0000,True,True
93.2297,0.0000,15.1935,-298.4529,0.07190,0.0000,0.0000,1.0000,True,True
93.2373,0.0000,15.1939,-298.4902,0.03726,0.0000,0.0000,1.0000,True,True
93.2484,0.0000,15.1943,-298.5435,0.05329,0.0000,0.0000,1.0000,True,True
93.2568,0.0000,15.1945,-298.5830,0.03952,0.0000,0.0000,1.0000,True,True
93.2712,0.0000,15.1950,-298.6499,0.06693,0.0000,0.0000,1.0000,True,True
93.2782,0.0000,15.1952,-298.6822,0.03226,0.0000,0.0000,1.0000,True,True
93.2901,0.0000,15.1955,-298.7353,0.05310,0.0000,0.0000,1.0000,True,True
93.2985,0.0000,15.1958,-298.7723,0.03708,0.0000,0.0000,1.0000,True,True
93.3121,0.0000,15.1962,-298.8315,0.05921,0.0000,0.0000,1.0000,True,True
93.3237,0.0000,15.1965,-298.8806,0.04910,0.0000,0.0000,1.0000,True,True
93.3318,0.0000,15.1967,-298.9144,0.03378,0.0000,0.0000,1.0000,True,True
93.3463,0.0000,15.1971,-298.9728,0.05841,0.0000,0.0000,1.0000,True,True
93.3534,0.0000,15.1973,-299.0021,0.02927,0.0000,0.0000,1.0000,True,True
93.3654,0.0000,15.1975,-299.0494,0.04733,0.0000,0.0000,1.0000,True,True
93.3734,0.0000,15.1976,-299.0803,0.03088,0.0000,0.0000,1.0000,True,True
93.3874,0.0000,15.1979,-299.1332,0.05292,0.0000,0.0000,1.0000,True,True
93.3950,0.0000,15.1980,-299.1610,0.02780,0.0000,0.0000,1.0000,True,True
93.4071,0.0000,15.1981,-299.2039,0.04288,0.0000,0.0000,1.0000,True,True
93.4151,0.0000,15.1983,-299.2334,0.02951,0.0000,0.0000,1.0000,True,True
93.4288,0.0000,15.1984,-299.2809,0.04742,0.0000,0.0000,1.0000,True,True
93.4401,0.0000,15.1986,-299.3188,0.03796,0.0000,0.0000,1.0000,True,True
93.4484,0.0000,15.1987,-299.3463,0.02744,0.0000,0.0000,1.0000,True,True
93.4629,0.0000,15.1989,-299.3920,0.04575,0.0000,0.0000,1.0000,True,True
93.4698,0.0000,15.1990,-299.4146,0.02255,0.0000,0.0000,1.0000,True,True
93.4820,0.0000,15.1991,-299.4507,0.03619,0.0000,0.0000,1.0000,True,True
93.4902,0.0000,15.1992,-299.4760,0.02524,0.0000,0.0000,1.0000,True,True
93.5039,0.0000,15.1994,-299.5156,0.03961,0.0000,0.0000,1.0000,True,True
93.5110,0.0000,15.1994,-299.5358,0.02020,0.0000,0.0000,1.0000,True,True
93.5234,0.0000,15.1994,-299.5699,0.03406,0.0000,0.0000,1.0000,True,True
93.5293,0.0000,15.1994,-299.5858,0.01590,0.0000,0.0000,1.0000,True,True
93.5410,0.0000,15.1995,-299.6158,0.03006,0.0000,0.0000,1.0000,True,True
93.5569,0.0000,15.1995,-299.6556,0.03979,0.0000,0.0000,1.0000,True,True
93.5633,0.0000,15.1996,-299.6708,0.01517,0.0000,0.0000,1.0000,True,True
93.5785,0.0000,15.1996,-299.7066,0.03583,0.0000,0.0000,1.0000,True,True
93.5861,0.0000,15.1996,-299.7239,0.01727,0.0000,0.0000,1.0000,True,True
93.5986,0.0000,15.1997,-299.7506,0.02676,0.0000,0.0000,1.0000,True,True
93.6046,0.0000,15.1997,-299.7634,0.01273,0.0000,0.0000,1.0000,True,True
93.6158,0.0000,15.1997,-299.7865,0.02310,0.0000,0.0000,1.0000,True,True
93.6234,0.0000,15.1997,-299.8017,0.01520,0.0000,0.0000,1.0000,True,True
93.6372,0.0000,15.1998,-299.8276,0.02591,0.0000,0.0000,1.0000,True,True
93.6489,0.0000,15.1998,-299.8486,0.02103,0.0000,0.0000,1.0000,True,True
93.6652,0.0000,15.1998,-299.8758,0.02722,0.0000,0.0000,1.0000,True,True
93.6708,0.0000,15.1998,-299.8852,0.00940,0.0000,0.0000,1.0000,True,True
93.6825,0.0000,15.1999,-299.9031,0.01788,0.0000,0.0000,1.0000,True,True
93.6940,0.0000,15.1999,-299.9199,0.01682,0.0000,0.0000,1.0000,True,True
93.7017,0.0000,15.1999,-299.9306,0.01068,0.0000,0.0000,1.0000,True,True
93.7131,0.0000,15.1999,-299.9452,0.01456,0.0000,0.0000,1.0000,True,True
93.7191,0.0000,15.1999,-299.9535,0.00830,0.0000,0.0000,1.0000,True,True
93.7320,0.0000,15.2000,-299.9688,0.01538,0.0000,0.0000,1.0000,True,True
93.7401,0.0000,15.2000,-299.9789,0.01001,0.0000,0.0000,1.0000,True,True
93.7491,0.0000,15.2000,-299.9789,0.00000,0.0000,0.0000,1.0000,True,True
97.7809,0.0000,1.9000,-27.9966,0.00342,1.0000,0.0000,0.0000,True,True
97.7915,0.0000,1.9000,-27.9944,0.00218,1.0000,0.0000,0.0000,True,True
97.8082,0.0000,1.9000,-27.9899,0.00451,1.0000,0.0000,0.0000,True,True
97.8198,0.0000,1.9000,-27.9869,0.00304,1.0000,0.0000,0.0000,True,True
97.8525,0.0000,1.9000,-27.9779,0.00892,1.0000,0.0000,0.0000,True,True
97.8662,0.0000,1.9000,-27.9745,0.00340,1.0000,0.0000,0.0000,True,True
97.8919,0.0000,1.9000,-27.9674,0.00716,1.0000,0.0000,0.0000,True,True
97.9192,0.0000,1.9000,-27.9599,0.00743,1.0000,0.0000,0.0000,True,True
97.9288,0.0000,1.9000,-27.9573,0.00261,1.0000,0.0000,0.0000,True,True
97.9603,0.0000,1.9000,-27.9488,0.00847,1.0000,0.0000,0.0000,True,True
97.9698,0.0000,1.9000,-27.9457,0.00311,1.0000,0.0000,0.0000,True,True
98.0102,0.0000,1.9000,-27.9270,0.01876,1.0000,0.0000,0.0000,True,True
98.0461,0.0000,1.9000,-27.9029,0.02410,1.0000,0.0000,0.0000,True,True
98.0592,0.0000,1.9000,-27.8934,0.00950,1.0000,0.0000,0.0000,True,True
98.0859,0.0000,1.9000,-27.8698,0.02357,1.0000,0.0000,0.0000,True,True
98.1128,0.0000,1.9000,-27.8417,0.02812,1.0000,0.0000,0.0000,True,True
98.1251,0.0000,1.9000,-27.8286,0.01307,1.0000,0.0000,0.0000,True,True
98.1521,0.0000,1.9000,-27.7943,0.03432,1.0000,0.0000,0.0000,True,True
98.1630,0.0000,1.9000,-27.7799,0.01441,1.0000,0.0000,0.0000,True,True
98.1861,0.0000,1.9000,-27.7468,0.03304,1.0000,0.0000,0.0000,True,True
98.2031,0.0000,1.9000,-27.7212,0.02564,1.0000,0.0000,0.0000,True,True
98.2149,0.0000,1.9000,-27.7019,0.01933,1.0000,0.0000,0.0000,True,True
98.2303,0.0000,1.9000,-27.6760,0.02588,1.0000,0.0000,0.0000,True,True
98.2478,0.0000,1.9000,-27.6449,0.03111,1.0000,0.0000,0.0000,True,True
98.2604,0.0000,1.9000,-27.6224,0.02249,1.0000,0.0000,0.0000,True,True
98.2881,0.0000,1.9000,-27.5674,0.05503,1.0000,0.0000,0.0000,True,True
98.2996,0.0000,1.9000,-27.5425,0.02490,1.0000,0.0000,0.0000,True,True
98.3147,0.0000,1.9000,-27.5102,0.03230,1.0000,0.0000,0.0000,True,True
98.3314,0.0000,1.9000,-27.4730,0.03718,1.0000,0.0000,0.0000,True,True
98.3415,0.0000,1.9000,-27.4501,0.02287,1.0000,0.0000,0.0000,True,True
98.3720,0.0000,1.9000,-27.3822,0.06794,1.0000,0.0000,0.0000,True,True
98.3841,0.0000,1.9000,-27.3543,0.02790,1.0000,0.0000,0.0000,True,True
98.4013,0.0000,1.9000,-27.3156,0.03872,1.0000,0.0000,0.0000,True,True
98.4124,0.0000,1.9000,-27.2906,0.02494,1.0000,0.0000,0.0000,True,True
98.4367,0.0000,1.9000,-27.2359,0.05471,1.0000,0.0000,0.0000,True,True
98.4577,0.0000,1.9000,-27.1888,0.04712,1.0000,0.0000,0.0000,True,True
98.4691,0.0000,1.9000,-27.1630,0.02576,1.0000,0.0000,0.0000,True,True
98.4860,0.0000,1.9000,-27.1249,0.03811,1.0000,0.0000,0.0000,True,True
98.4981,0.0000,1.9000,-27.0992,0.02570,1.0000,0.0000,0.0000,True,True
98.5244,0.0000,1.9000,-27.0387,0.06051,1.0000,0.0000,0.0000,True,True
98.5501,0.0000,1.9000,-26.9809,0.05784,1.0000,0.0000,0.0000,True,True
98.5603,0.0000,1.9000,-26.9576,0.02323,1.0000,0.0000,0.0000,True,True
98.6016,0.0000,1.9000,-26.8650,0.09261,1.0000,0.0000,0.0000,True,True
98.6144,0.0000,1.9000,-26.8364,0.02861,1.0000,0.0000,0.0000,True,True
98.6407,0.0000,1.9000,-26.7770,0.05938,1.0000,0.0000,0.0000,True,True
98.6677,0.0000,1.9000,-26.7163,0.06074,1.0000,0.0000,0.0000,True,True
98.6783,0.0000,1.9000,-26.6922,0.02407,1.0000,0.0000,0.0000,True,True
98.6956,0.0000,1.9000,-26.6534,0.03885,1.0000,0.0000,0.0000,True,True
98.7081,0.0000,1.9000,-26.6263,0.02703,1.0000,0.0000,0.0000,True,True
98.7346,0.0000,1.9000,-26.5657,0.06061,1.0000,0.0000,0.0000,True,True
98.7648,0.0000,1.9000,-26.4976,0.06811,1.0000,0.0000,0.0000,True,True
98.7768,0.0000,1.9000,-26.4708,0.02683,1.0000,0.0000,0.0000,True,True
98.8038,0.0000,1.9000,-26.4098,0.06100,1.0000,0.0000,0.0000,True,True
98.8139,0.0000,1.9000,-26.3873,0.02249,1.0000,0.0000,0.0000,True,True
98.8625,0.0000,1.9000,-26.2778,0.10953,1.0000,0.0000,0.0000,True,True
98.9056,0.0000,1.9000,-26.1810,0.09678,1.0000,0.0000,0.0000,True,True
98.9166,0.0000,1.9000,-26.1562,0.02481,1.0000,0.0000,0.0000,True,True
98.9317,0.0000,1.9000,-26.1224,0.03378,1.0000,0.0000,0.0000,True,True
98.9422,0.0000,1.9000,-26.0987,0.02374,1.0000,0.0000,0.0000,True,True
98.9618,0.0000,1.9000,-26.0549,0.04376,1.0000,0.0000,0.0000,True,True
98.9975,0.0000,1.9000,-25.9743,0.08059,1.0000,0.0000,0.0000,True,True
99.0089,0.0000,1.9000,-25.9484,0.02590,1.0000,0.0000,0.0000,True,True
99.0249,0.0000,1.9000,-25.9123,0.03608,1.0000,0.0000,0.0000,True,True
99.0421,0.0000,1.9000,-25.8738,0.03851,1.0000,0.0000,0.0000,True,True
99.0525,0.0000,1.9000,-25.8504,0.02340,1.0000,0.0000,0.0000,True,True
99.0725,0.0000,1.9000,-25.8056,0.04484,1.0000,0.0000,0.0000,True,True
99.1142,0.0000,1.9000,-25.7116,0.09398,1.0000,0.0000,0.0000,True,True
99.1241,0.0000,1.9000,-25.6892,0.02240,1.0000,0.0000,0.0000,True,True
99.1522,0.0000,1.9000,-25.6259,0.06326,1.0000,0.0000,0.0000,True,True
99.1638,0.0000,1.9000,-25.5999,0.02603,1.0000,0.0000,0.0000,True,True
99.1874,0.0000,1.9000,-25.5467,0.05319,1.0000,0.0000,0.0000,True,True
99.2119,0.0000,1.9000,-25.4916,0.05509,1.0000,0.0000,0.0000,True,True
99.2238,0.0000,1.9000,-25.4658,0.02587,1.0000,0.0000,0.0000,True,True
99.2505,0.0000,1.9000,-25.4051,0.06064,1.0000,0.0000,0.0000,True,True
99.2600,0.0000,1.9000,-25.3834,0.02171,1.0000,0.0000,0.0000,True,True
99.2889,0.0000,1.9000,-25.3184,0.06503,1.0000,0.0000,0.0000,True,True
99.3150,0.0000,1.9000,-25.2598,0.05860,1.0000,0.0000,0.0000,True,True
99.3278,0.0000,1.9000,-25.2319,0.02784,1.0000,0.0000,0.0000,True,True
99.3546,0.0000,1.9000,-25.1708,0.06112,1.0000,0.0000,0.0000,True,True
99.3658,0.0000,1.9000,-25.1454,0.02538,1.0000,0.0000,0.0000,True,True
99.3827,0.0000,1.9000,-25.1074,0.03806,1.0000,0.0000,0.0000,True,True
99.3949,0.0000,1.9000,-25.0805,0.02685,1.0000,0.0000,0.0000,True,True
99.4218,0.0000,1.9000,-25.0202,0.06032,1.0000,0.0000,0.0000,True,True
99.4526,0.0000,1.9000,-24.9503,0.06987,1.0000,0.0000,0.0000,True,True
99.4649,0.0000,1.9000,-24.9235,0.02686,1.0000,0.0000,0.0000,True,True
99.4902,0.0000,1.9000,-24.8655,0.05796,1.0000,0.0000,0.0000,True,True
99.5020,0.0000,1.9000,-24.8392,0.02627,1.0000,0.0000,0.0000,True,True
99.5263,0.0000,1.9000,-24.7851,0.05412,1.0000,0.0000,0.0000,True,True
99.5481,0.0000,1.9000,-24.7359,0.04926,1.0000,0.0000,0.0000,True,True
99.5600,0.0000,1.9000,-24.7092,0.02669,1.0000,0.0000,0.0000,True,True
99.5863,0.0000,1.9000,-24.6493,0.05988,1.0000,0.0000,0.0000,True,True
99.5991,0.0000,1.9000,-24.6210,0.02833,1.0000,0.0000,0.0000,True,True
99.6162,0.0000,1.9000,-24.5825,0.03841,1.0000,0.0000,0.0000,True,True
99.6272,0.0000,1.9000,-24.5572,0.02536,1.0000,0.0000,0.0000,True,True
99.6442,0.0000,1.9000,-24.5190,0.03818,1.0000,0.0000,0.0000,True,True
99.6724,0.0000,1.9000,-24.4569,0.06208,1.0000,0.0000,0.0000,True,True
99.6838,0.0000,1.9000,-24.4299,0.02700,1.0000,0.0000,0.0000,True,True
99.7016,0.0000,1.9000,-24.3900,0.03991,1.0000,0.0000,0.0000,True,True
99.7118,0.0000,1.9000,-24.3668,0.02319,1.0000,0.0000,0.0000,True,True
99.7417,0.0000,1.9000,-24.2996,0.06718,1.0000,0.0000,0.0000,True,True
99.7628,0.0000,1.9000,-24.2523,0.04730,1.0000,0.0000,0.0000,True,True
99.7740,0.0000,1.9000,-24.2270,0.02530,1.0000,0.0000,0.0000,True,True
99.7910,0.0000,1.9000,-24.1888,0.03819,1.0000,0.0000,0.0000,True,True
99.8024,0.0000,1.9000,-24.1640,0.02483,1.0000,0.0000,0.0000,True,True
99.8217,0.0000,1.9000,-24.1199,0.04411,1.0000,0.0000,0.0000,True,True
99.8323,0.0000,1.9000,-24.0958,0.02405,1.0000,0.0000,0.0000,True,True
99.8476,0.0000,1.9000,-24.0613,0.03457,1.0000,0.0000,0.0000,True,True
99.8795,0.0000,1.9000,-23.9898,0.07151,1.0000,0.0000,0.0000,True,True
99.8907,0.0000,1.9000,-23.9645,0.02531,1.0000,0.0000,0.0000,True,True
99.9192,0.0000,1.9000,-23.9008,0.06365,1.0000,0.0000,0.0000,True,True
99.9307,0.0000,1.9000,-23.8744,0.02640,1.0000,0.0000,0.0000,True,True
99.9555,0.0000,1.9000,-23.8187,0.05570,1.0000,0.0000,0.0000,True,True
99.9760,0.0000,1.9000,-23.7726,0.04606,1.0000,0.0000,0.0000,True,True
99.9873,0.0000,1.9000,-23.7470,0.02562,1.0000,0.0000,0.0000,True,True
100.0094,0.0000,1.9000,-23.6976,0.04941,1.0000,0.0000,0.0000,True,True
100.0193,0.0000,1.9000,-23.6750,0.02266,1.0000,0.0000,0.0000,True,True
100.0367,0.0000,1.9000,-23.6358,0.03911,1.0000,0.0000,0.0000,True,True
100.0532,0.0000,1.9000,-23.5986,0.03720,1.0000,0.0000,0.0000,True,True
100.0639,0.0000,1.9000,-23.5747,0.02396,1.0000,0.0000,0.0000,True,True
100.0892,0.0000,1.9000,-23.5176,0.05704,1.0000,0.0000,0.0000,True,True
100.1149,0.0000,1.9000,-23.4601,0.05755,1.0000,0.0000,0.0000,True,True
100.1264,0.0000,1.9000,-23.4344,0.02570,1.0000,0.0000,0.0000,True,True
100.1532,0.0000,1.9000,-23.3740,0.06036,1.0000,0.0000,0.0000,True,True
100.1638,0.0000,1.9000,-23.3499,0.02416,1.0000,0.0000,0.0000,True,True
100.1797,0.0000,1.9000,-23.3141,0.03580,1.0000,0.0000,0.0000,True,True
100.1910,0.0000,1.9000,-23.2891,0.02497,1.0000,0.0000,0.0000,True,True
100.2119,0.0000,1.9000,-23.2417,0.04736,1.0000,0.0000,0.0000,True,True
100.2415,0.0000,1.9000,-23.1751,0.06668,1.0000,0.0000,0.0000,True,True
100.2538,0.0000,1.9000,-23.1484,0.02671,1.0000,0.0000,0.0000,True,True
100.2861,0.0000,1.9000,-23.0747,0.07369,1.0000,0.0000,0.0000,True,True
100.2985,0.0000,1.9000,-23.0475,0.02719,1.0000,0.0000,0.0000,True,True
100.3229,0.0000,1.9000,-22.9923,0.05519,1.0000,0.0000,0.0000,True,True
100.3464,0.0000,1.9000,-22.9391,0.05321,1.0000,0.0000,0.0000,True,True
100.3578,0.0000,1.9000,-22.9133,0.02575,1.0000,0.0000,0.0000,True,True
100.3818,0.0000,1.9000,-22.8594,0.05389,1.0000,0.0000,0.0000,True,True
100.3943,0.0000,1.9000,-22.8320,0.02745,1.0000,0.0000,0.0000,True,True
100.4281,0.0000,1.9000,-22.7553,0.07672,1.0000,0.0000,0.0000,True,True
100.4481,0.0000,1.9000,-22.7106,0.04463,1.0000,0.0000,0.0000,True,True
100.4589,0.0000,1.9000,-22.6860,0.02464,1.0000,0.0000,0.0000,True,True
100.4750,0.0000,1.9000,-22.6497,0.03629,1.0000,0.0000,0.0000,True,True
100.4858,0.0000,1.9000,-22.6255,0.02421,1.0000,0.0000,0.0000,True,True
100.5070,0.0000,1.9000,-22.5777,0.04780,1.0000,0.0000,0.0000,True,True
100.5170,0.0000,1.9000,-22.5552,0.02252,1.0000,0.0000,0.0000,True,True
100.5570,0.0000,1.9000,-22.4654,0.08980,1.0000,0.0000,0.0000,True,True
100.5820,0.0000,1.9000,-22.4092,0.05620,1.0000,0.0000,0.0000,True,True
100.5922,0.0000,1.9000,-22.3867,0.02244,1.0000,0.0000,0.0000,True,True
100.6091,0.0000,1.9000,-22.3510,0.03571,1.0000,0.0000,0.0000,True,True
100.6206,0.0000,1.9000,-22.3281,0.02292,1.0000,0.0000,0.0000,True,True
100.6456,0.0000,1.9000,-22.2796,0.04849,1.0000,0.0000,0.0000,True,True
100.6667,0.0000,1.9000,-22.2415,0.03811,1.0000,0.0000,0.0000,True,True
100.6847,0.0000,1.9000,-22.2108,0.03066,1.0000,0.0000,0.0000,True,True
100.6956,0.0000,1.9000,-22.1932,0.01761,1.0000,0.0000,0.0000,True,True
100.7236,0.0000,1.9000,-22.1509,0.04231,1.0000,0.0000,0.0000,True,True
100.7341,0.0000,1.9000,-22.1358,0.01513,1.0000,0.0000,0.0000,True,True
100.7497,0.0000,1.9000,-22.1145,0.02129,1.0000,0.0000,0.0000,True,True
100.7906,0.0000,1.9000,-22.0650,0.04947,1.0000,0.0000,0.0000,True,True
100.8019,0.0000,1.9000,-22.0519,0.01318,1.0000,0.0000,0.0000,True,True
100.8190,0.0000,1.9000,-22.0338,0.01804,1.0000,0.0000,0.0000,True,True
100.8321,0.0000,1.9000,-22.0213,0.01251,1.0000,0.0000,0.0000,True,True
100.8499,0.0000,1.9000,-22.0213,0.00000,1.0000,0.0000,0.0000,True,True
104.8604,0.0000,2.1149,-95.9996,0.00040,0.3083,0.6917,0.0000,True,True
104.8792,0.0000,2.1149,-95.9968,0.00279,0.3084,0.6916,0.0000,True,True
104.8871,0.0000,2.1149,-95.9952,0.00162,0.3084,0.6916,0.0000,True,True
104.9092,0.0000,2.1148,-95.9892,0.00595,0.3086,0.6914,0.0000,True,True
104.9313,0.0000,2.1146,-95.9833,0.00592,0.3087,0.6913,0.0000,True,True
104.9396,0.0000,2.1146,-95.9810,0.00227,0.3087,0.6913,0.0000,True,True
104.9644,0.0000,2.1145,-95.9743,0.00670,0.3089,0.6911,0.0000,True,True
104.9728,0.0000,2.1144,-95.9721,0.00225,0.3089,0.6911,0.0000,True,True
104.9951,0.0000,2.1143,-95.9661,0.00602,0.3090,0.6910,0.0000,True,True
105.0146,0.0000,2.1142,-95.9608,0.00523,0.3092,0.6908,0.0000,True,True
105.0227,0.0000,2.1142,-95.9586,0.00223,0.3092,0.6908,0.0000,True,True
105.0458,0.0000,2.1141,-95.9524,0.00623,0.3093,0.6907,0.0000,True,True
105.0558,0.0000,2.1140,-95.9496,0.00276,0.3094,0.6906,0.0000,True,True
105.0750,0.0000,2.1139,-95.9422,0.00741,0.3096,0.6904,0.0000,True,True
105.0837,0.0000,2.1138,-95.9383,0.00390,0.3096,0.6904,0.0000,True,True
105.1062,0.0000,2.1136,-95.9260,0.01230,0.3099,0.6901,0.0000,True,True
105.1269,0.0000,2.1133,-95.9123,0.01372,0.3102,0.6898,0.0000,True,True
105.1351,0.0000,2.1132,-95.9064,0.00591,0.3103,0.6897,0.0000,True,True
105.1526,0.0000,2.1130,-95.8923,0.01405,0.3106,0.6894,0.0000,True,True
105.1768,0.0000,2.1126,-95.8697,0.02268,0.3111,0.6889,0.0000,True,True
105.1850,0.0000,2.1124,-95.8615,0.00814,0.3113,0.6887,0.0000,True,True
105.2075,0.0000,2.1120,-95.8367,0.02479,0.3118,0.6882,0.0000,True,True
105.2273,0.0000,2.1115,-95.8126,0.02420,0.3124,0.6876,0.0000,True,True
105.2357,0.0000,2.1113,-95.8019,0.01064,0.3126,0.6874,0.0000,True,True
105.2524,0.0000,2.1109,-95.7795,0.02243,0.3131,0.6869,0.0000,True,True
105.2611,0.0000,2.1107,-95.7671,0.01242,0.3133,0.6867,0.0000,True,True
105.2858,0.0000,2.1100,-95.7294,0.03773,0.3142,0.6858,0.0000,True,True
105.2940,0.0000,2.1098,-95.7161,0.01324,0.3144,0.6856,0.0000,True,True
105.3109,0.0000,2.1093,-95.6883,0.02787,0.3150,0.6850,0.0000,True,True
105.3331,0.0000,2.1085,-95.6481,0.04019,0.3159,0.6841,0.0000,True,True
105.3424,0.0000,2.1082,-95.6309,0.01715,0.3163,0.6837,0.0000,True,True
105.3626,0.0000,2.1075,-95.5912,0.03975,0.3171,0.6829,0.0000,True,True
105.3714,0.0000,2.1072,-95.5734,0.01781,0.3175,0.6825,0.0000,True,True
105.3932,0.0000,2.1063,-95.5269,0.04650,0.3185,0.6815,0.0000,True,True
105.4024,0.0000,2.1060,-95.5072,0.01972,0.3190,0.6810,0.0000,True,True
105.4215,0.0000,2.1051,-95.4639,0.04331,0.3199,0.6801,0.0000,True,True
105.4386,0.0000,2.1044,-95.4257,0.03818,0.3207,0.6793,0.0000,True,True
105.4605,0.0000,2.1035,-95.3761,0.04965,0.3218,0.6782,0.0000,True,True
105.4699,0.0000,2.1031,-95.3553,0.02072,0.3223,0.6777,0.0000,True,True
105.4885,0.0000,2.1023,-95.3133,0.04203,0.3232,0.6768,0.0000,True,True
105.4967,0.0000,2.1019,-95.2948,0.01857,0.3236,0.6764,0.0000,True,True
105.5139,0.0000,2.1012,-95.2561,0.03865,0.3244,0.6756,0.0000,True,True
105.5222,0.0000,2.1008,-95.2373,0.01883,0.3248,0.6752,0.0000,True,True
105.5446,0.0000,2.0999,-95.1871,0.05019,0.3259,0.6741,0.0000,True,True
105.5635,0.0000,2.0991,-95.1446,0.04250,0.3268,0.6732,0.0000,True,True
105.5717,0.0000,2.0987,-95.1259,0.01869,0.3272,0.6728,0.0000,True,True
105.5889,0.0000,2.0980,-95.0872,0.03874,0.3281,0.6719,0.0000,True,True
105.5978,0.0000,2.0976,-95.0672,0.01995,0.3285,0.6715,0.0000,True,True
105.6198,0.0000,2.0966,-95.0179,0.04935,0.3296,0.6704,0.0000,True,True
105.6301,0.0000,2.0962,-94.9946,0.02326,0.3301,0.6699,0.0000,True,True
105.6467,0.0000,2.0955,-94.9573,0.03730,0.3309,0.6691,0.0000,True,True
105.6639,0.0000,2.0947,-94.9186,0.03876,0.3318,0.6682,0.0000,True,True
105.6726,0.0000,2.0943,-94.8990,0.01964,0.3322,0.6678,0.0000,True,True
105.6968,0.0000,2.0932,-94.8448,0.05413,0.3334,0.6666,0.0000,True,True
105.7051,0.0000,2.0928,-94.8261,0.01876,0.3338,0.6662,0.0000,True,True
105.7222,0.0000,2.0921,-94.7878,0.03828,0.3346,0.6654,0.0000,True,True
105.7308,0.0000,2.0917,-94.7683,0.01948,0.3351,0.6649,0.0000,True,True
105.7482,0.0000,2.0909,-94.7294,0.03898,0.3359,0.6641,0.0000,True,True
105.7723,0.0000,2.0899,-94.6753,0.05403,0.3371,0.6629,0.0000,True,True
105.7804,0.0000,2.0895,-94.6566,0.01876,0.3375,0.6625,0.0000,True,True
105.7972,0.0000,2.0887,-94.6190,0.03758,0.3383,0.6617,0.0000,True,True
105.8058,0.0000,2.0884,-94.5994,0.01963,0.3388,0.6612,0.0000,True,True
105.8306,0.0000,2.0872,-94.5437,0.05568,0.3400,0.6600,0.0000,True,True
105.8390,0.0000,2.0869,-94.5245,0.01915,0.3404,0.6596,0.0000,True,True
105.8560,0.0000,2.0861,-94.4873,0.03722,0.3412,0.6588,0.0000,True,True
105.8692,0.0000,2.0855,-94.4569,0.03045,0.3419,0.6581,0.0000,True,True
105.8785,0.0000,2.0851,-94.4360,0.02088,0.3424,0.6576,0.0000,True,True
105.8986,0.0000,2.0841,-94.3910,0.04508,0.3434,0.6566,0.0000,True,True
105.9072,0.0000,2.0837,-94.3711,0.01983,0.3438,0.6562,0.0000,True,True
105.9251,0.0000,2.0829,-94.3312,0.03993,0.3447,0.6553,0.0000,True,True
105.9338,0.0000,2.0825,-94.3115,0.01973,0.3451,0.6549,0.0000,True,True
105.9573,0.0000,2.0814,-94.2587,0.05284,0.3463,0.6537,0.0000,True,True
105.9746,0.0000,2.0806,-94.2198,0.03885,0.3471,0.6529,0.0000,True,True
105.9834,0.0000,2.0802,-94.1998,0.02001,0.3476,0.6524,0.0000,True,True
106.0073,0.0000,2.0791,-94.1462,0.05363,0.3488,0.6512,0.0000,True,True
106.0157,0.0000,2.0787,-94.1272,0.01896,0.3492,0.6508,0.0000,True,True
106.0332,0.0000,2.0779,-94.0885,0.03871,0.3500,0.6500,0.0000,True,True
106.0419,0.0000,2.0775,-94.0683,0.02022,0.3505,0.6495,0.0000,True,True
106.0659,0.0000,2.0764,-94.0148,0.05354,0.3517,0.6483,0.0000,True,True
106.0824,0.0000,2.0756,-93.9775,0.03732,0.3525,0.6475,0.0000,True,True
106.0909,0.0000,2.0752,-93.9581,0.01936,0.3529,0.6471,0.0000,True,True
106.1130,0.0000,2.0741,-93.9084,0.04976,0.3540,0.6460,0.0000,True,True
106.1223,0.0000,2.0737,-93.8880,0.02038,0.3545,0.6455,0.0000,True,True
106.1407,0.0000,2.0728,-93.8461,0.04189,0.3554,0.6446,0.0000,True,True
106.1491,0.0000,2.0724,-93.8274,0.01876,0.3558,0.6442,0.0000,True,True
106.1663,0.0000,2.0716,-93.7890,0.03835,0.3567,0.6433,0.0000,True,True
106.1882,0.0000,2.0705,-93.7391,0.04989,0.3578,0.6422,0.0000,True,True
106.1970,0.0000,2.0701,-93.7198,0.01931,0.3582,0.6418,0.0000,True,True
106.2161,0.0000,2.0692,-93.6766,0.04328,0.3592,0.6408,0.0000,True,True
106.2244,0.0000,2.0688,-93.6577,0.01883,0.3596,0.6404,0.0000,True,True
106.2412,0.0000,2.0680,-93.6203,0.03740,0.3604,0.6396,0.0000,True,True
106.2494,0.0000,2.0676,-93.6016,0.01878,0.3608,0.6392,0.0000,True,True
106.2661,0.0000,2.0668,-93.5640,0.03757,0.3617,0.6383,0.0000,True,True
106.2828,0.0000,2.0660,-93.5266,0.03743,0.3625,0.6375,0.0000,True,True
106.2913,0.0000,2.0656,-93.5078,0.01883,0.3629,0.6371,0.0000,True,True
106.3180,0.0000,2.0643,-93.4478,0.05995,0.3643,0.6357,0.0000,True,True
106.3403,0.0000,2.0632,-93.3975,0.05030,0.3654,0.6346,0.0000,True,True
106.3602,0.0000,2.0622,-93.3539,0.04369,0.3664,0.6336,0.0000,True,True
106.3688,0.0000,2.0617,-93.3332,0.02071,0.3668,0.6332,0.0000,True,True
106.3842,0.0000,2.0610,-93.2991,0.03408,0.3676,0.6324,0.0000,True,True
106.4091,0.0000,2.0598,-93.2428,0.05628,0.3689,0.6311,0.0000,True,True
106.4175,0.0000,2.0593,-93.2242,0.01864,0.3693,0.6307,0.0000,True,True
106.4425,0.0000,2.0581,-93.1678,0.05643,0.3705,0.6295,0.0000,True,True
106.4506,0.0000,2.0577,-93.1492,0.01855,0.3709,0.6291,0.0000,True,True
106.4756,0.0000,2.0564,-93.0929,0.05630,0.3722,0.6278,0.0000,True,True
106.4838,0.0000,2.0560,-93.0742,0.01869,0.3726,0.6274,0.0000,True,True
106.5068,0.0000,2.0549,-93.0227,0.05151,0.3738,0.6262,0.0000,True,True
106.5256,0.0000,2.0540,-92.9804,0.04232,0.3747,0.6253,0.0000,True,True
106.5338,0.0000,2.0535,-92.9618,0.01866,0.3751,0.6249,0.0000,True,True
106.5570,0.0000,2.0524,-92.9104,0.05135,0.3763,0.6237,0.0000,True,True
106.5659,0.0000,2.0519,-92.8900,0.02044,0.3768,0.6232,0.0000,True,True
106.5849,0.0000,2.0509,-92.8472,0.04279,0.3777,0.6223,0.0000,True,True
106.5931,0.0000,2.0505,-92.8285,0.01869,0.3781,0.6219,0.0000,True,True
106.6184,0.0000,2.0492,-92.7720,0.05660,0.3794,0.6206,0.0000,True,True
106.6363,0.0000,2.0483,-92.7324,0.03953,0.3803,0.6197,0.0000,True,True
106.6440,0.0000,2.0479,-92.7141,0.01835,0.3807,0.6193,0.0000,True,True
106.6693,0.0000,2.0466,-92.6590,0.05509,0.3819,0.6181,0.0000,True,True
106.6767,0.0000,2.0462,-92.6403,0.01867,0.3824,0.6176,0.0000,True,True
106.6940,0.0000,2.0454,-92.6023,0.03803,0.3832,0.6168,0.0000,True,True
106.7018,0.0000,2.0449,-92.5841,0.01827,0.3836,0.6164,0.0000,True,True
106.7153,0.0000,2.0442,-92.5536,0.03046,0.3843,0.6157,0.0000,True,True
106.7331,0.0000,2.0433,-92.5139,0.03971,0.3852,0.6148,0.0000,True,True
106.7419,0.0000,2.0429,-92.4941,0.01985,0.3857,0.6143,0.0000,True,True
106.7566,0.0000,2.0421,-92.4611,0.03299,0.3864,0.6136,0.0000,True,True
106.7649,0.0000,2.0417,-92.4424,0.01870,0.3868,0.6132,0.0000,True,True
106.7805,0.0000,2.0408,-92.4071,0.03533,0.3876,0.6124,0.0000,True,True
106.7885,0.0000,2.0404,-92.3892,0.01790,0.3880,0.6120,0.0000,True,True
106.8024,0.0000,2.0397,-92.3581,0.03112,0.3887,0.6113,0.0000,True,True
106.8106,0.0000,2.0393,-92.3393,0.01874,0.3891,0.6109,0.0000,True,True
106.8271,0.0000,2.0384,-92.3023,0.03706,0.3900,0.6100,0.0000,True,True
106.8438,0.0000,2.0375,-92.2647,0.03756,0.3908,0.6092,0.0000,True,True
106.8529,0.0000,2.0371,-92.2456,0.01909,0.3913,0.6087,0.0000,True,True
106.8699,0.0000,2.0361,-92.2062,0.03940,0.3922,0.6078,0.0000,True,True
106.8783,0.0000,2.0357,-92.1870,0.01922,0.3926,0.6074,0.0000,True,True
106.9022,0.0000,2.0344,-92.1335,0.05354,0.3938,0.6062,0.0000,True,True
106.9104,0.0000,2.0340,-92.1148,0.01870,0.3942,0.6058,0.0000,True,True
106.9272,0.0000,2.0331,-92.0769,0.03794,0.3951,0.6049,0.0000,True,True
106.9490,0.0000,2.0320,-92.0278,0.04912,0.3962,0.6038,0.0000,True,True
106.9575,0.0000,2.0315,-92.0088,0.01898,0.3966,0.6034,0.0000,True,True
106.9770,0.0000,2.0305,-91.9649,0.04388,0.3976,0.6024,0.0000,True,True
106.9854,0.0000,2.0300,-91.9460,0.01889,0.3980,0.6020,0.0000,True,True
107.0080,0.0000,2.0288,-91.8954,0.05062,0.3992,0.6008,0.0000,True,True
107.0169,0.0000,2.0283,-91.8752,0.02026,0.3996,0.6004,0.0000,True,True
107.0359,0.0000,2.0273,-91.8332,0.04197,0.4006,0.5994,0.0000,True,True
107.0534,0.0000,2.0263,-91.7934,0.03983,0.4015,0.5985,0.0000,True,True
107.0615,0.0000,2.0259,-91.7748,0.01861,0.4019,0.5981,0.0000,True,True
107.0856,0.0000,2.0246,-91.7209,0.05396,0.4031,0.5969,0.0000,True,True
107.0938,0.0000,2.0241,-91.7021,0.01877,0.4036,0.5964,0.0000,True,True
107.1112,0.0000,2.0232,-91.6631,0.03898,0.4045,0.5955,0.0000,True,True
107.1196,0.0000,2.0227,-91.6441,0.01900,0.4049,0.5951,0.0000,True,True
107.1371,0.0000,2.0218,-91.6048,0.03932,0.4058,0.5942,0.0000,True,True
107.1618,0.0000,2.0205,-91.5506,0.05421,0.4070,0.5930,0.0000,True,True
107.1778,0.0000,2.0196,-91.5132,0.03738,0.4079,0.5921,0.0000,True,True
107.1862,0.0000,2.0191,-91.4945,0.01874,0.4083,0.5917,0.0000,True,True
107.2040,0.0000,2.0181,-91.4544,0.04011,0.4092,0.5908,0.0000,True,True
107.2279,0.0000,2.0168,-91.4006,0.05380,0.4104,0.5896,0.0000,True,True
107.2362,0.0000,2.0164,-91.3820,0.01861,0.4108,0.5892,0.0000,True,True
107.2532,0.0000,2.0154,-91.3440,0.03801,0.4117,0.5883,0.0000,True,True
107.2749,0.0000,2.0142,-91.2950,0.04906,0.4128,0.5872,0.0000,True,True
107.2833,0.0000,2.0137,-91.2758,0.01917,0.4133,0.5867,0.0000,True,True
107.3030,0.0000,2.0126,-91.2317,0.04416,0.4143,0.5857,0.0000,True,True
107.3115,0.0000,2.0122,-91.2127,0.01902,0.4147,0.5853,0.0000,True,True
107.3283,0.0000,2.0112,-91.1748,0.03790,0.4156,0.5844,0.0000,True,True
107.3367,0.0000,2.0108,-91.1558,0.01899,0.4160,0.5840,0.0000,True,True
107.3590,0.0000,2.0095,-91.1059,0.04994,0.4171,0.5829,0.0000,True,True
107.3756,0.0000,2.0086,-91.0682,0.03767,0.4180,0.5820,0.0000,True,True
107.3848,0.0000,2.0081,-91.0484,0.01977,0.4184,0.5816,0.0000,True,True
107.4033,0.0000,2.0071,-91.0061,0.04239,0.4194,0.5806,0.0000,True,True
107.4118,0.0000,2.0066,-90.9872,0.01881,0.4198,0.5802,0.0000,True,True
107.4289,0.0000,2.0056,-90.9487,0.03859,0.4207,0.5793,0.0000,True,True
107.4373,0.0000,2.0051,-90.9296,0.01906,0.4211,0.5789,0.0000,True,True
107.4546,0.0000,2.0041,-90.8909,0.03875,0.4220,0.5780,0.0000,True,True
107.4632,0.0000,2.0037,-90.8717,0.01919,0.4225,0.5775,0.0000,True,True
107.4868,0.0000,2.0023,-90.8186,0.05311,0.4237,0.5763,0.0000,True,True
107.5035,0.0000,2.0013,-90.7809,0.03770,0.4245,0.5755,0.0000,True,True
107.5118,0.0000,2.0009,-90.7623,0.01864,0.4250,0.5750,0.0000,True,True
107.5287,0.0000,1.9999,-90.7241,0.03821,0.4258,0.5742,0.0000,True,True
107.5369,0.0000,1.9994,-90.7057,0.01838,0.4263,0.5737,0.0000,True,True
107.5540,0.0000,1.9985,-90.6673,0.03842,0.4271,0.5729,0.0000,True,True
107.5625,0.0000,1.9980,-90.6480,0.01933,0.4276,0.5724,0.0000,True,True
107.5840,0.0000,1.9968,-90.5997,0.04826,0.4287,0.5713,0.0000,True,True
107.6016,0.0000,1.9958,-90.5608,0.03894,0.4296,0.5704,0.0000,True,True
107.6104,0.0000,1.9953,-90.5405,0.02030,0.4300,0.5700,0.0000,True,True
107.6292,0.0000,1.9942,-90.4985,0.04204,0.4310,0.5690,0.0000,True,True
107.6373,0.0000,1.9937,-90.4798,0.01864,0.4314,0.5686,0.0000,True,True
107.6593,0.0000,1.9924,-90.4303,0.04958,0.4326,0.5674,0.0000,True,True
107.6678,0.0000,1.9919,-90.4116,0.01872,0.4330,0.5670,0.0000,True,True
107.6881,0.0000,1.9909,-90.3699,0.04163,0.4339,0.5661,0.0000,True,True
107.7004,0.0000,1.9902,-90.3432,0.02678,0.4346,0.5654,0.0000,True,True
107.7091,0.0000,1.9897,-90.3257,0.01753,0.4350,0.5650,0.0000,True,True
107.7292,0.0000,1.9887,-90.2879,0.03776,0.4358,0.5642,0.0000,True,True
107.7373,0.0000,1.9883,-90.2726,0.01536,0.4362,0.5638,0.0000,True,True
107.7539,0.0000,1.9876,-90.2432,0.02937,0.4368,0.5632,0.0000,True,True
107.7626,0.0000,1.9872,-90.2286,0.01465,0.4372,0.5628,0.0000,True,True
107.7841,0.0000,1.9863,-90.1939,0.03472,0.4380,0.5620,0.0000,True,True
107.7927,0.0000,1.9859,-90.1805,0.01334,0.4383,0.5617,0.0000,True,True
107.8123,0.0000,1.9852,-90.1525,0.02806,0.4389,0.5611,0.0000,True,True
107.8290,0.0000,1.9846,-90.1299,0.02258,0.4394,0.5606,0.0000,True,True
107.8374,0.0000,1.9843,-90.1189,0.01096,0.4397,0.5603,0.0000,True,True
107.8630,0.0000,1.9836,-90.0891,0.02986,0.4404,0.5596,0.0000,True,True
107.8716,0.0000,1.9833,-90.0800,0.00909,0.4406,0.5594,0.0000,True,True
107.8895,0.0000,1.9828,-90.0616,0.01840,0.4410,0.5590,0.0000,True,True
107.9053,0.0000,1.9825,-90.0470,0.01460,0.4413,0.5587,0.0000,True,True
107.9218,0.0000,1.9821,-90.0329,0.01411,0.4417,0.5583,0.0000,True,True
107.9290,0.0000,1.9820,-90.0271,0.00584,0.4418,0.5582,0.0000,True,True
107.9514,0.0000,1.9816,-90.0120,0.01508,0.4421,0.5579,0.0000,True,True
107.9605,0.0000,1.9816,-90.0120,0.00000,0.4421,0.5579,0.0000,True,True
111.9940,0.0000,6.7758,-227.9985,0.00148,0.0000,0.3743,0.6257,True,True
112.0026,0.0000,6.7756,-227.9974,0.00117,0.0000,0.3743,0.6257,True,True
112.0212,0.0000,6.7749,-227.9929,0.00449,0.0000,0.3744,0.6256,True,True
112.0295,0.0000,6.7746,-227.9907,0.00225,0.0000,0.3745,0.6255,True,True
112.0461,0.0000,6.7739,-227.9863,0.00448,0.0000,0.3746,0.6254,True,True
112.0544,0.0000,6.7735,-227.9841,0.00225,0.0000,0.3746,0.6254,True,True
112.0714,0.0000,6.7728,-227.9796,0.00451,0.0000,0.3747,0.6253,True,True
112.0794,0.0000,6.7725,-227.9774,0.00224,0.0000,0.3748,0.6252,True,True
112.0962,0.0000,6.7718,-227.9729,0.00451,0.0000,0.3749,0.6251,True,True
112.1128,0.0000,6.7711,-227.9685,0.00449,0.0000,0.3750,0.6250,True,True
112.1210,0.0000,6.7707,-227.9663,0.00224,0.0000,0.3750,0.6250,True,True
112.1379,0.0000,6.7701,-227.9618,0.00451,0.0000,0.3751,0.6249,True,True
112.1460,0.0000,6.7697,-227.9596,0.00224,0.0000,0.3752,0.6248,True,True
112.1629,0.0000,6.7690,-227.9551,0.00452,0.0000,0.3753,0.6247,True,True
112.1712,0.0000,6.7687,-227.9529,0.00224,0.0000,0.3753,0.6247,True,True
112.1877,0.0000,6.7679,-227.9481,0.00491,0.0000,0.3755,0.6245,True,True
112.2132,0.0000,6.7662,-227.9373,0.01093,0.0000,0.3757,0.6243,True,True
112.2228,0.0000,6.7655,-227.9325,0.00482,0.0000,0.3758,0.6242,True,True
112.2463,0.0000,6.7633,-227.9182,0.01453,0.0000,0.3761,0.6239,True,True
112.2545,0.0000,6.7624,-227.9127,0.00548,0.0000,0.3762,0.6238,True,True
112.2714,0.0000,6.7604,-227.9001,0.01279,0.0000,0.3765,0.6235,True,True
112.2798,0.0000,6.7594,-227.8936,0.00662,0.0000,0.3767,0.6233,True,True
112.2968,0.0000,6.7571,-227.8785,0.01520,0.0000,0.3770,0.6230,True,True
112.3142,0.0000,6.7545,-227.8616,0.01710,0.0000,0.3774,0.6226,True,True
112.3353,0.0000,6.7508,-227.8383,0.02360,0.0000,0.3779,0.6221,True,True
112.3440,0.0000,6.7493,-227.8284,0.01002,0.0000,0.3781,0.6219,True,True
112.3601,0.0000,6.7462,-227.8086,0.02003,0.0000,0.3786,0.6214,True,True
112.3682,0.0000,6.7446,-227.7985,0.01022,0.0000,0.3788,0.6212,True,True
112.3830,0.0000,6.7415,-227.7784,0.02043,0.0000,0.3793,0.6207,True,True
112.3914,0.0000,6.7397,-227.7666,0.01186,0.0000,0.3795,0.6205,True,True
112.4048,0.0000,6.7366,-227.7468,0.02004,0.0000,0.3800,0.6200,True,True
112.4215,0.0000,6.7325,-227.7208,0.02631,0.0000,0.3806,0.6194,True,True
112.4296,0.0000,6.7304,-227.7075,0.01351,0.0000,0.3809,0.6191,True,True
112.4467,0.0000,6.7260,-227.6790,0.02886,0.0000,0.3815,0.6185,True,True
112.4550,0.0000,6.7237,-227.6642,0.01490,0.0000,0.3818,0.6182,True,True
112.4714,0.0000,6.7190,-227.6341,0.03051,0.0000,0.3825,0.6175,True,True
112.4800,0.0000,6.7165,-227.6182,0.01604,0.0000,0.3829,0.6171,True,True
112.4964,0.0000,6.7115,-227.5855,0.03309,0.0000,0.3836,0.6164,True,True
112.5048,0.0000,6.7088,-227.5688,0.01697,0.0000,0.3840,0.6160,True,True
112.5216,0.0000,6.7034,-227.5337,0.03547,0.0000,0.3848,0.6152,True,True
112.5383,0.0000,6.6977,-227.4971,0.03706,0.0000,0.3856,0.6144,True,True
112.5464,0.0000,6.6948,-227.4786,0.01870,0.0000,0.3860,0.6140,True,True
112.5611,0.0000,6.6898,-227.4462,0.03277,0.0000,0.3867,0.6133,True,True
112.5696,0.0000,6.6869,-227.4274,0.01910,0.0000,0.3872,0.6128,True,True
112.5863,0.0000,6.6811,-227.3903,0.03752,0.0000,0.3880,0.6120,True,True
112.5943,0.0000,6.6784,-227.3725,0.01797,0.0000,0.3884,0.6116,True,True
112.6102,0.0000,6.6728,-227.3367,0.03619,0.0000,0.3892,0.6108,True,True
112.6266,0.0000,6.6671,-227.3000,0.03714,0.0000,0.3900,0.6100,True,True
112.6348,0.0000,6.6643,-227.2818,0.01844,0.0000,0.3904,0.6096,True,True
112.6476,0.0000,6.6599,-227.2536,0.02858,0.0000,0.3911,0.6089,True,True
112.6694,0.0000,6.6524,-227.2050,0.04913,0.0000,0.3922,0.6078,True,True
112.6799,0.0000,6.6488,-227.1819,0.02336,0.0000,0.3927,0.6073,True,True
112.6964,0.0000,6.6431,-227.1451,0.03731,0.0000,0.3935,0.6065,True,True
112.7047,0.0000,6.6402,-227.1266,0.01873,0.0000,0.3940,0.6060,True,True
112.7195,0.0000,6.6351,-227.0938,0.03321,0.0000,0.3947,0.6053,True,True
112.7381,0.0000,6.6287,-227.0524,0.04189,0.0000,0.3956,0.6044,True,True
112.7463,0.0000,6.6258,-227.0339,0.01867,0.0000,0.3961,0.6039,True,True
112.7631,0.0000,6.6201,-226.9967,0.03761,0.0000,0.3969,0.6031,True,True
112.7713,0.0000,6.6172,-226.9783,0.01870,0.0000,0.3973,0.6027,True,True
112.7879,0.0000,6.6115,-226.9413,0.03740,0.0000,0.3981,0.6019,True,True
112.7964,0.0000,6.6086,-226.9226,0.01894,0.0000,0.3986,0.6014,True,True
112.8109,0.0000,6.6036,-226.8902,0.03273,0.0000,0.3993,0.6007,True,True
112.8197,0.0000,6.6006,-226.8710,0.01941,0.0000,0.3997,0.6003,True,True
112.8440,0.0000,6.5922,-226.8168,0.05494,0.0000,0.4010,0.5990,True,True
112.8605,0.0000,6.5865,-226.7800,0.03723,0.0000,0.4018,0.5982,True,True
112.8694,0.0000,6.5836,-226.7607,0.01953,0.0000,0.4022,0.5978,True,True
112.8861,0.0000,6.5778,-226.7235,0.03764,0.0000,0.4031,0.5969,True,True
112.8946,0.0000,6.5749,-226.7047,0.01899,0.0000,0.4035,0.5965,True,True
112.9106,0.0000,6.5693,-226.6686,0.03650,0.0000,0.4043,0.5957,True,True
112.9187,0.0000,6.5666,-226.6507,0.01817,0.0000,0.4047,0.5953,True,True
112.9316,0.0000,6.5622,-226.6223,0.02872,0.0000,0.4054,0.5946,True,True
112.9550,0.0000,6.5541,-226.5701,0.05280,0.0000,0.4066,0.5934,True,True
112.9718,0.0000,6.5483,-226.5328,0.03775,0.0000,0.4074,0.5926,True,True
112.9800,0.0000,6.5455,-226.5142,0.01881,0.0000,0.4078,0.5922,True,True
112.9968,0.0000,6.5397,-226.4770,0.03761,0.0000,0.4087,0.5913,True,True
113.0049,0.0000,6.5370,-226.4590,0.01829,0.0000,0.4091,0.5909,True,True
113.0217,0.0000,6.5312,-226.4219,0.03750,0.0000,0.4099,0.5901,True,True
113.0299,0.0000,6.5284,-226.4033,0.01882,0.0000,0.4104,0.5896,True,True
113.0447,0.0000,6.5233,-226.3704,0.03327,0.0000,0.4111,0.5889,True,True
113.0615,0.0000,6.5176,-226.3334,0.03744,0.0000,0.4119,0.5881,True,True
113.0697,0.0000,6.5148,-226.3148,0.01885,0.0000,0.4124,0.5876,True,True
113.0855,0.0000,6.5093,-226.2796,0.03563,0.0000,0.4132,0.5868,True,True
113.0942,0.0000,6.5064,-226.2604,0.01941,0.0000,0.4136,0.5864,True,True
113.1099,0.0000,6.5010,-226.2254,0.03537,0.0000,0.4144,0.5856,True,True
113.1181,0.0000,6.4982,-226.2071,0.01851,0.0000,0.4148,0.5852,True,True
113.1304,0.0000,6.4940,-226.1798,0.02764,0.0000,0.4154,0.5846,True,True
113.1527,0.0000,6.4864,-226.1306,0.04974,0.0000,0.4166,0.5834,True,True
113.1717,0.0000,6.4798,-226.0880,0.04312,0.0000,0.4175,0.5825,True,True
113.1800,0.0000,6.4770,-226.0696,0.01868,0.0000,0.4180,0.5820,True,True
113.1966,0.0000,6.4713,-226.0325,0.03745,0.0000,0.4188,0.5812,True,True
113.2049,0.0000,6.4685,-226.0141,0.01871,0.0000,0.4192,0.5808,True,True
113.2198,0.0000,6.4635,-225.9816,0.03284,0.0000,0.4200,0.5800,True,True
113.2287,0.0000,6.4604,-225.9617,0.02018,0.0000,0.4204,0.5796,True,True
113.2474,0.0000,6.4540,-225.9199,0.04222,0.0000,0.4214,0.5786,True,True
113.2555,0.0000,6.4512,-225.9015,0.01866,0.0000,0.4218,0.5782,True,True
113.2722,0.0000,6.4455,-225.8645,0.03742,0.0000,0.4226,0.5774,True,True
113.2888,0.0000,6.4398,-225.8275,0.03740,0.0000,0.4235,0.5765,True,True
113.2972,0.0000,6.4370,-225.8090,0.01876,0.0000,0.4239,0.5761,True,True
113.3114,0.0000,6.4321,-225.7772,0.03211,0.0000,0.4246,0.5754,True,True
113.3194,0.0000,6.4294,-225.7595,0.01792,0.0000,0.4250,0.5750,True,True
113.3369,0.0000,6.4235,-225.7210,0.03895,0.0000,0.4259,0.5741,True,True
113.3453,0.0000,6.4206,-225.7022,0.01900,0.0000,0.4263,0.5737,True,True
113.3614,0.0000,6.4151,-225.6664,0.03628,0.0000,0.4272,0.5728,True,True
113.3776,0.0000,6.4096,-225.6301,0.03669,0.0000,0.4280,0.5720,True,True
113.3862,0.0000,6.4066,-225.6109,0.01948,0.0000,0.4284,0.5716,True,True
113.4020,0.0000,6.4012,-225.5757,0.03552,0.0000,0.4292,0.5708,True,True
113.4107,0.0000,6.3983,-225.5566,0.01940,0.0000,0.4297,0.5703,True,True
113.4240,0.0000,6.3939,-225.5276,0.02925,0.0000,0.4303,0.5697,True,True
113.4389,0.0000,6.3887,-225.4939,0.03416,0.0000,0.4311,0.5689,True,True
113.4471,0.0000,6.3859,-225.4755,0.01855,0.0000,0.4315,0.5685,True,True
113.4640,0.0000,6.3802,-225.4384,0.03759,0.0000,0.4324,0.5676,True,True
113.4807,0.0000,6.3745,-225.4012,0.03759,0.0000,0.4332,0.5668,True,True
113.4888,0.0000,6.3717,-225.3828,0.01865,0.0000,0.4336,0.5664,True,True
113.5055,0.0000,6.3661,-225.3457,0.03757,0.0000,0.4345,0.5655,True,True
113.5138,0.0000,6.3632,-225.3272,0.01868,0.0000,0.4349,0.5651,True,True
113.5285,0.0000,6.3583,-225.2948,0.03282,0.0000,0.4357,0.5643,True,True
113.5369,0.0000,6.3554,-225.2758,0.01914,0.0000,0.4361,0.5639,True,True
113.5531,0.0000,6.3499,-225.2400,0.03627,0.0000,0.4369,0.5631,True,True
113.5619,0.0000,6.3470,-225.2211,0.01908,0.0000,0.4374,0.5626,True,True
113.5779,0.0000,6.3415,-225.1846,0.03695,0.0000,0.4382,0.5618,True,True
113.5942,0.0000,6.3359,-225.1483,0.03667,0.0000,0.4390,0.5610,True,True
113.6027,0.0000,6.3330,-225.1293,0.01926,0.0000,0.4395,0.5605,True,True
113.6189,0.0000,6.3275,-225.0934,0.03630,0.0000,0.4403,0.5597,True,True
113.6271,0.0000,6.3248,-225.0752,0.01840,0.0000,0.4407,0.5593,True,True
113.6394,0.0000,6.3206,-225.0480,0.02748,0.0000,0.4413,0.5587,True,True
113.6474,0.0000,6.3178,-225.0299,0.01838,0.0000,0.4417,0.5583,True,True
113.6639,0.0000,6.3123,-224.9935,0.03680,0.0000,0.4426,0.5574,True,True
113.6721,0.0000,6.3095,-224.9750,0.01869,0.0000,0.4430,0.5570,True,True
113.6889,0.0000,6.3038,-224.9378,0.03763,0.0000,0.4438,0.5562,True,True
113.7056,0.0000,6.2982,-224.9007,0.03750,0.0000,0.4447,0.5553,True,True
113.7138,0.0000,6.2954,-224.8823,0.01869,0.0000,0.4451,0.5549,True,True
113.7285,0.0000,6.2904,-224.8497,0.03295,0.0000,0.4459,0.5541,True,True
113.7366,0.0000,6.2877,-224.8319,0.01800,0.0000,0.4463,0.5537,True,True
113.7528,0.0000,6.2822,-224.7955,0.03686,0.0000,0.4471,0.5529,True,True
113.7616,0.0000,6.2793,-224.7763,0.01942,0.0000,0.4476,0.5524,True,True
113.7774,0.0000,6.2739,-224.7409,0.03576,0.0000,0.4484,0.5516,True,True
113.7941,0.0000,6.2683,-224.7038,0.03754,0.0000,0.4492,0.5508,True,True
113.8028,0.0000,6.2653,-224.6843,0.01971,0.0000,0.4497,0.5503,True,True
113.8192,0.0000,6.2597,-224.6477,0.03701,0.0000,0.4505,0.5495,True,True
113.8283,0.0000,6.2567,-224.6280,0.01991,0.0000,0.4510,0.5490,True,True
113.8471,0.0000,6.2503,-224.5857,0.04281,0.0000,0.4519,0.5481,True,True
113.8555,0.0000,6.2475,-224.5671,0.01878,0.0000,0.4524,0.5476,True,True
113.8723,0.0000,6.2418,-224.5299,0.03763,0.0000,0.4532,0.5468,True,True
113.8805,0.0000,6.2390,-224.5116,0.01857,0.0000,0.4536,0.5464,True,True
113.8972,0.0000,6.2334,-224.4744,0.03756,0.0000,0.4545,0.5455,True,True
113.9139,0.0000,6.2278,-224.4373,0.03756,0.0000,0.4553,0.5447,True,True
113.9221,0.0000,6.2250,-224.4189,0.01863,0.0000,0.4558,0.5442,True,True
113.9390,0.0000,6.2194,-224.3817,0.03762,0.0000,0.4566,0.5434,True,True
113.9471,0.0000,6.2166,-224.3633,0.01858,0.0000,0.4570,0.5430,True,True
113.9642,0.0000,6.2109,-224.3255,0.03826,0.0000,0.4579,0.5421,True,True
113.9722,0.0000,6.2082,-224.3075,0.01816,0.0000,0.4583,0.5417,True,True
113.9888,0.0000,6.2026,-224.2705,0.03741,0.0000,0.4592,0.5408,True,True
114.0059,0.0000,6.1968,-224.2326,0.03838,0.0000,0.4601,0.5399,True,True
114.0138,0.0000,6.1941,-224.2148,0.01795,0.0000,0.4605,0.5395,True,True
114.0305,0.0000,6.1885,-224.1778,0.03742,0.0000,0.4613,0.5387,True,True
114.0390,0.0000,6.1857,-224.1588,0.01926,0.0000,0.4618,0.5382,True,True
114.0555,0.0000,6.1801,-224.1223,0.03693,0.0000,0.4626,0.5374,True,True
114.0639,0.0000,6.1773,-224.1035,0.01895,0.0000,0.4630,0.5370,True,True
114.0810,0.0000,6.1716,-224.0657,0.03832,0.0000,0.4639,0.5361,True,True
114.0892,0.0000,6.1688,-224.0473,0.01855,0.0000,0.4643,0.5357,True,True
114.1103,0.0000,6.1617,-224.0003,0.04759,0.0000,0.4654,0.5346,True,True
114.1237,0.0000,6.1572,-223.9705,0.03014,0.0000,0.4661,0.5339,True,True
114.1318,0.0000,6.1545,-223.9524,0.01827,0.0000,0.4665,0.5335,True,True
114.1527,0.0000,6.1475,-223.9060,0.04688,0.0000,0.4676,0.5324,True,True
114.1616,0.0000,6.1445,-223.8863,0.01992,0.0000,0.4680,0.5320,True,True
114.1805,0.0000,6.1382,-223.8441,0.04270,0.0000,0.4690,0.5310,True,True
114.1888,0.0000,6.1354,-223.8256,0.01872,0.0000,0.4694,0.5306,True,True
114.2056,0.0000,6.1298,-223.7885,0.03756,0.0000,0.4703,0.5297,True,True
114.2221,0.0000,6.1242,-223.7515,0.03742,0.0000,0.4711,0.5289,True,True
114.2305,0.0000,6.1214,-223.7328,0.01890,0.0000,0.4716,0.5284,True,True
114.2472,0.0000,6.1158,-223.6957,0.03748,0.0000,0.4724,0.5276,True,True
114.2555,0.0000,6.1130,-223.6772,0.01873,0.0000,0.4728,0.5272,True,True
114.2724,0.0000,6.1074,-223.6401,0.03750,0.0000,0.4737,0.5263,True,True
114.2805,0.0000,6.1046,-223.6216,0.01876,0.0000,0.4741,0.5259,True,True
114.3016,0.0000,6.0976,-223.5747,0.04742,0.0000,0.4752,0.5248,True,True
114.3107,0.0000,6.0945,-223.5545,0.02043,0.0000,0.4757,0.5243,True,True
114.3237,0.0000,6.0902,-223.5256,0.02921,0.0000,0.4763,0.5237,True,True
114.3442,0.0000,6.0833,-223.4798,0.04624,0.0000,0.4774,0.5226,True,True
114.3534,0.0000,6.0803,-223.4599,0.02020,0.0000,0.4779,0.5221,True,True
114.3697,0.0000,6.0748,-223.4232,0.03706,0.0000,0.4787,0.5213,True,True
114.3778,0.0000,6.0721,-223.4051,0.01836,0.0000,0.4791,0.5209,True,True
114.3942,0.0000,6.0667,-223.3687,0.03681,0.0000,0.4800,0.5200,True,True
114.4029,0.0000,6.0637,-223.3491,0.01978,0.0000,0.4804,0.5196,True,True
114.4193,0.0000,6.0583,-223.3126,0.03686,0.0000,0.4813,0.5187,True,True
114.4328,0.0000,6.0538,-223.2827,0.03023,0.0000,0.4819,0.5181,True,True
114.4413,0.0000,6.0509,-223.2637,0.01924,0.0000,0.4824,0.5176,True,True
114.4555,0.0000,6.0462,-223.2321,0.03194,0.0000,0.4831,0.5169,True,True
114.4639,0.0000,6.0434,-223.2137,0.01862,0.0000,0.4835,0.5165,True,True
114.4805,0.0000,6.0379,-223.1766,0.03755,0.0000,0.4844,0.5156,True,True
114.4889,0.0000,6.0351,-223.1580,0.01881,0.0000,0.4848,0.5152,True,True
114.5057,0.0000,6.0295,-223.1209,0.03746,0.0000,0.4857,0.5143,True,True
114.5138,0.0000,6.0268,-223.1025,0.01861,0.0000,0.4861,0.5139,True,True
114.5306,0.0000,6.0212,-223.0653,0.03766,0.0000,0.4870,0.5130,True,True
114.5473,0.0000,6.0156,-223.0282,0.03748,0.0000,0.4878,0.5122,True,True
114.5554,0.0000,6.0129,-223.0098,0.01865,0.0000,0.4882,0.5118,True,True
114.5724,0.0000,6.0073,-222.9723,0.03788,0.0000,0.4891,0.5109,True,True
114.5806,0.0000,6.0046,-222.9539,0.01859,0.0000,0.4895,0.5105,True,True
114.5973,0.0000,5.9990,-222.9169,0.03743,0.0000,0.4904,0.5096,True,True
114.6056,0.0000,5.9962,-222.8982,0.01891,0.0000,0.4908,0.5092,True,True
114.6222,0.0000,5.9908,-222.8613,0.03726,0.0000,0.4917,0.5083,True,True
114.6308,0.0000,5.9879,-222.8421,0.01944,0.0000,0.4921,0.5079,True,True
114.6477,0.0000,5.9823,-222.8048,0.03772,0.0000,0.4930,0.5070,True,True
114.6687,0.0000,5.9753,-222.7577,0.04767,0.0000,0.4941,0.5059,True,True
114.6776,0.0000,5.9724,-222.7380,0.01992,0.0000,0.4945,0.5055,True,True
114.6902,0.0000,5.9682,-222.7103,0.02794,0.0000,0.4951,0.5049,True,True
114.6983,0.0000,5.9655,-222.6918,0.01878,0.0000,0.4956,0.5044,True,True
114.7224,0.0000,5.9576,-222.6387,0.05364,0.0000,0.4968,0.5032,True,True
114.7305,0.0000,5.9548,-222.6203,0.01865,0.0000,0.4972,0.5028,True,True
114.7472,0.0000,5.9493,-222.5831,0.03761,0.0000,0.4981,0.5019,True,True
114.7640,0.0000,5.9438,-222.5460,0.03743,0.0000,0.4989,0.5011,True,True
114.7721,0.0000,5.9410,-222.5275,0.01871,0.0000,0.4994,0.5006,True,True
114.7897,0.0000,5.9353,-222.4893,0.03866,0.0000,0.5002,0.4998,True,True
114.7981,0.0000,5.9324,-222.4696,0.01995,0.0000,0.5007,0.4993,True,True
114.8183,0.0000,5.9257,-222.4248,0.04524,0.0000,0.5017,0.4983,True,True
114.8271,0.0000,5.9229,-222.4058,0.01919,0.0000,0.5022,0.4978,True,True
114.8402,0.0000,5.9188,-222.3783,0.02780,0.0000,0.5028,0.4972,True,True
114.8481,0.0000,5.9164,-222.3618,0.01675,0.0000,0.5032,0.4968,True,True
114.8649,0.0000,5.9115,-222.3289,0.03323,0.0000,0.5039,0.4961,True,True
114.8869,0.0000,5.9054,-222.2874,0.04193,0.0000,0.5049,0.4951,True,True
114.8958,0.0000,5.9030,-222.2711,0.01647,0.0000,0.5053,0.4947,True,True
114.9120,0.0000,5.8987,-222.2425,0.02895,0.0000,0.5059,0.4941,True,True
114.9210,0.0000,5.8965,-222.2275,0.01516,0.0000,0.5063,0.4937,True,True
114.9369,0.0000,5.8926,-222.2015,0.02622,0.0000,0.5069,0.4931,True,True
114.9460,0.0000,5.8906,-222.1879,0.01382,0.0000,0.5072,0.4928,True,True
114.9619,0.0000,5.8870,-222.1638,0.02428,0.0000,0.5078,0.4922,True,True
114.9779,0.0000,5.8837,-222.1415,0.02257,0.0000,0.5083,0.4917,True,True
114.9867,0.0000,5.8820,-222.1298,0.01189,0.0000,0.5085,0.4915,True,True
115.0032,0.0000,5.8789,-222.1091,0.02087,0.0000,0.5090,0.4910,True,True
115.0116,0.0000,5.8774,-222.0990,0.01026,0.0000,0.5093,0.4907,True,True
115.0281,0.0000,5.8747,-222.0804,0.01876,0.0000,0.5097,0.4903,True,True
115.0369,0.0000,5.8733,-222.0708,0.00967,0.0000,0.5099,0.4901,True,True
115.0532,0.0000,5.8708,-222.0540,0.01703,0.0000,0.5103,0.4897,True,True
115.0622,0.0000,5.8695,-222.0452,0.00885,0.0000,0.5105,0.4895,True,True
115.0813,0.0000,5.8668,-222.0270,0.01845,0.0000,0.5109,0.4891,True,True
115.0979,0.0000,5.8645,-222.0115,0.01564,0.0000,0.5113,0.4887,True,True
115.1063,0.0000,5.8645,-222.0115,0.00000,0.0000,0.5113,0.4887,True,True
