time,x,y,z,step,clear,rain,snow,supported,bodyClear,continuous
7.6011,0.0000,1.0848,-38.0024,0.00244,1.00000,0.00000,0.00000,True,True,True
7.6173,0.0000,1.0842,-38.0062,0.00386,1.00000,0.00000,0.00000,True,True,True
7.6304,0.0000,1.0836,-38.0099,0.00376,1.00000,0.00000,0.00000,True,True,True
7.6420,0.0000,1.0830,-38.0139,0.00398,1.00000,0.00000,0.00000,True,True,True
7.6533,0.0000,1.0823,-38.0186,0.00474,1.00000,0.00000,0.00000,True,True,True
7.6669,0.0000,1.0813,-38.0250,0.00647,1.00000,0.00000,0.00000,True,True,True
7.6773,0.0000,1.0804,-38.0307,0.00581,1.00000,0.00000,0.00000,True,True,True
7.6890,0.0000,1.0793,-38.0377,0.00710,1.00000,0.00000,0.00000,True,True,True
7.7002,0.0000,1.0782,-38.0451,0.00748,1.00000,0.00000,0.00000,True,True,True
7.7133,0.0000,1.0767,-38.0548,0.00982,1.00000,0.00000,0.00000,True,True,True
7.7243,0.0000,1.0753,-38.0634,0.00866,1.00000,0.00000,0.00000,True,True,True
7.7364,0.0000,1.0737,-38.0737,0.01041,1.00000,0.00000,0.00000,True,True,True
7.7481,0.0000,1.0720,-38.0845,0.01102,1.00000,0.00000,0.00000,True,True,True
7.7596,0.0000,1.0703,-38.0961,0.01165,1.00000,0.00000,0.00000,True,True,True
7.7714,0.0000,1.0684,-38.1083,0.01239,1.00000,0.00000,0.00000,True,True,True
7.7831,0.0000,1.0663,-38.1214,0.01325,1.00000,0.00000,0.00000,True,True,True
7.7959,0.0000,1.0640,-38.1366,0.01535,1.00000,0.00000,0.00000,True,True,True
7.8062,0.0000,1.0620,-38.1493,0.01290,1.00000,0.00000,0.00000,True,True,True
7.8192,0.0000,1.0594,-38.1662,0.01707,1.00000,0.00000,0.00000,True,True,True
7.8307,0.0000,1.0569,-38.1821,0.01610,1.00000,0.00000,0.00000,True,True,True
7.8423,0.0000,1.0544,-38.1983,0.01643,1.00000,0.00000,0.00000,True,True,True
7.8548,0.0000,1.0514,-38.2172,0.01909,1.00000,0.00000,0.00000,True,True,True
7.8671,0.0000,1.0485,-38.2361,0.01914,1.00000,0.00000,0.00000,True,True,True
7.8800,0.0000,1.0451,-38.2578,0.02199,1.00000,0.00000,0.00000,True,True,True
7.8912,0.0000,1.0421,-38.2771,0.01948,1.00000,0.00000,0.00000,True,True,True
7.9065,0.0000,1.0380,-38.3035,0.02678,1.00000,0.00000,0.00000,True,True,True
7.9189,0.0000,1.0344,-38.3268,0.02357,1.00000,0.00000,0.00000,True,True,True
7.9322,0.0000,1.0305,-38.3520,0.02553,1.00000,0.00000,0.00000,True,True,True
7.9460,0.0000,1.0261,-38.3804,0.02869,1.00000,0.00000,0.00000,True,True,True
7.9568,0.0000,1.0226,-38.4026,0.02244,1.00000,0.00000,0.00000,True,True,True
7.9682,0.0000,1.0189,-38.4263,0.02406,1.00000,0.00000,0.00000,True,True,True
7.9794,0.0000,1.0150,-38.4513,0.02527,1.00000,0.00000,0.00000,True,True,True
7.9909,0.0000,1.0111,-38.4769,0.02591,1.00000,0.00000,0.00000,True,True,True
8.0054,0.0000,1.0064,-38.5080,0.03142,1.00000,0.00000,0.00000,True,True,True
8.0167,0.0000,1.0028,-38.5340,0.02627,1.00000,0.00000,0.00000,True,True,True
8.0292,0.0000,0.9989,-38.5621,0.02840,1.00000,0.00000,0.00000,True,True,True
8.0394,0.0000,0.9958,-38.5849,0.02296,1.00000,0.00000,0.00000,True,True,True
8.0542,0.0000,0.9913,-38.6178,0.03327,1.00000,0.00000,0.00000,True,True,True
8.0639,0.0000,0.9883,-38.6395,0.02187,1.00000,0.00000,0.00000,True,True,True
8.0755,0.0000,0.9848,-38.6650,0.02572,1.00000,0.00000,0.00000,True,True,True
8.0877,0.0000,0.9811,-38.6923,0.02751,1.00000,0.00000,0.00000,True,True,True
8.0992,0.0000,0.9775,-38.7180,0.02600,1.00000,0.00000,0.00000,True,True,True
8.1124,0.0000,0.9735,-38.7475,0.02981,1.00000,0.00000,0.00000,True,True,True
8.1234,0.0000,0.9702,-38.7716,0.02429,1.00000,0.00000,0.00000,True,True,True
8.1350,0.0000,0.9666,-38.7976,0.02621,1.00000,0.00000,0.00000,True,True,True
8.1467,0.0000,0.9630,-38.8239,0.02656,1.00000,0.00000,0.00000,True,True,True
8.1617,0.0000,0.9584,-38.8574,0.03379,1.00000,0.00000,0.00000,True,True,True
8.1724,0.0000,0.9551,-38.8811,0.02401,1.00000,0.00000,0.00000,True,True,True
8.1846,0.0000,0.9514,-38.9081,0.02725,1.00000,0.00000,0.00000,True,True,True
8.1967,0.0000,0.9477,-38.9355,0.02757,1.00000,0.00000,0.00000,True,True,True
8.2119,0.0000,0.9431,-38.9692,0.03403,1.00000,0.00000,0.00000,True,True,True
8.2215,0.0000,0.9401,-38.9906,0.02164,1.00000,0.00000,0.00000,True,True,True
8.2339,0.0000,0.9368,-39.0175,0.02706,1.00000,0.00000,0.00000,True,True,True
8.2456,0.0000,0.9338,-39.0441,0.02682,1.00000,0.00000,0.00000,True,True,True
8.2579,0.0000,0.9306,-39.0720,0.02812,1.00000,0.00000,0.00000,True,True,True
8.2726,0.0000,0.9269,-39.1043,0.03249,1.00000,0.00000,0.00000,True,True,True
8.2835,0.0000,0.9240,-39.1293,0.02513,1.00000,0.00000,0.00000,True,True,True
8.2956,0.0000,0.9210,-39.1557,0.02659,1.00000,0.00000,0.00000,True,True,True
8.3071,0.0000,0.9179,-39.1820,0.02647,1.00000,0.00000,0.00000,True,True,True
8.3227,0.0000,0.9140,-39.2166,0.03478,1.00000,0.00000,0.00000,True,True,True
8.3318,0.0000,0.9116,-39.2373,0.02090,1.00000,0.00000,0.00000,True,True,True
8.3439,0.0000,0.9085,-39.2640,0.02687,1.00000,0.00000,0.00000,True,True,True
8.3558,0.0000,0.9055,-39.2907,0.02684,1.00000,0.00000,0.00000,True,True,True
8.3676,0.0000,0.9024,-39.3172,0.02672,1.00000,0.00000,0.00000,True,True,True
8.3830,0.0000,0.8987,-39.3498,0.03275,1.00000,0.00000,0.00000,True,True,True
8.3945,0.0000,0.8956,-39.3771,0.02753,1.00000,0.00000,0.00000,True,True,True
8.4059,0.0000,0.8926,-39.4030,0.02601,1.00000,0.00000,0.00000,True,True,True
8.4177,0.0000,0.8896,-39.4294,0.02660,1.00000,0.00000,0.00000,True,True,True
8.4324,0.0000,0.8860,-39.4607,0.03150,1.00000,0.00000,0.00000,True,True,True
8.4438,0.0000,0.8829,-39.4877,0.02723,1.00000,0.00000,0.00000,True,True,True
8.4556,0.0000,0.8802,-39.5142,0.02664,1.00000,0.00000,0.00000,True,True,True
8.4674,0.0000,0.8779,-39.5406,0.02646,1.00000,0.00000,0.00000,True,True,True
8.4811,0.0000,0.8753,-39.5711,0.03057,1.00000,0.00000,0.00000,True,True,True
8.4929,0.0000,0.8730,-39.5974,0.02646,1.00000,0.00000,0.00000,True,True,True
8.5061,0.0000,0.8704,-39.6265,0.02923,1.00000,0.00000,0.00000,True,True,True
8.5177,0.0000,0.8681,-39.6533,0.02684,1.00000,0.00000,0.00000,True,True,True
8.5320,0.0000,0.8653,-39.6850,0.03189,1.00000,0.00000,0.00000,True,True,True
8.5448,0.0000,0.8628,-39.7140,0.02909,1.00000,0.00000,0.00000,True,True,True
8.5568,0.0000,0.8604,-39.7404,0.02651,1.00000,0.00000,0.00000,True,True,True
8.5687,0.0000,0.8581,-39.7675,0.02720,1.00000,0.00000,0.00000,True,True,True
8.5823,0.0000,0.8554,-39.7980,0.03057,1.00000,0.00000,0.00000,True,True,True
8.5936,0.0000,0.8532,-39.8232,0.02535,1.00000,0.00000,0.00000,True,True,True
8.6061,0.0000,0.8508,-39.8510,0.02786,1.00000,0.00000,0.00000,True,True,True
8.6178,0.0000,0.8484,-39.8777,0.02681,1.00000,0.00000,0.00000,True,True,True
8.6317,0.0000,0.8457,-39.9086,0.03108,1.00000,0.00000,0.00000,True,True,True
8.6444,0.0000,0.8432,-39.9372,0.02862,1.00000,0.00000,0.00000,True,True,True
8.6566,0.0000,0.8408,-39.9645,0.02746,1.00000,0.00000,0.00000,True,True,True
8.6685,0.0000,0.8385,-39.9911,0.02671,1.00000,0.00000,0.00000,True,True,True
8.6836,0.0000,0.8363,-40.0250,0.03393,1.00000,0.00000,0.00000,True,True,True
8.6933,0.0000,0.8351,-40.0470,0.02210,1.00000,0.00000,0.00000,True,True,True
8.7051,0.0000,0.8336,-40.0733,0.02630,1.00000,0.00000,0.00000,True,True,True
8.7180,0.0000,0.8320,-40.1018,0.02851,1.00000,0.00000,0.00000,True,True,True
8.7308,0.0000,0.8304,-40.1311,0.02938,1.00000,0.00000,0.00000,True,True,True
8.7443,0.0000,0.8287,-40.1615,0.03041,1.00000,0.00000,0.00000,True,True,True
8.7556,0.0000,0.8273,-40.1871,0.02564,1.00000,0.00000,0.00000,True,True,True
8.7675,0.0000,0.8258,-40.2137,0.02665,1.00000,0.00000,0.00000,True,True,True
8.7796,0.0000,0.8243,-40.2408,0.02716,1.00000,0.00000,0.00000,True,True,True
8.7932,0.0000,0.8226,-40.2714,0.03065,1.00000,0.00000,0.00000,True,True,True
8.8047,0.0000,0.8211,-40.2973,0.02594,1.00000,0.00000,0.00000,True,True,True
8.8170,0.0000,0.8196,-40.3244,0.02715,1.00000,0.00000,0.00000,True,True,True
8.8288,0.0000,0.8181,-40.3514,0.02701,1.00000,0.00000,0.00000,True,True,True
8.8437,0.0000,0.8162,-40.3848,0.03346,1.00000,0.00000,0.00000,True,True,True
8.8543,0.0000,0.8149,-40.4084,0.02370,1.00000,0.00000,0.00000,True,True,True
8.8665,0.0000,0.8134,-40.4358,0.02746,1.00000,0.00000,0.00000,True,True,True
8.8788,0.0000,0.8118,-40.4637,0.02787,1.00000,0.00000,0.00000,True,True,True
8.8937,0.0000,0.8100,-40.4971,0.03347,1.00000,0.00000,0.00000,True,True,True
8.9044,0.0000,0.8094,-40.5211,0.02404,1.00000,0.00000,0.00000,True,True,True
8.9168,0.0000,0.8089,-40.5483,0.02723,1.00000,0.00000,0.00000,True,True,True
8.9286,0.0000,0.8083,-40.5757,0.02731,1.00000,0.00000,0.00000,True,True,True
8.9437,0.0000,0.8077,-40.6095,0.03387,1.00000,0.00000,0.00000,True,True,True
8.9538,0.0000,0.8072,-40.6324,0.02284,1.00000,0.00000,0.00000,True,True,True
8.9667,0.0000,0.8067,-40.6599,0.02756,1.00000,0.00000,0.00000,True,True,True
8.9793,0.0000,0.8061,-40.6884,0.02854,1.00000,0.00000,0.00000,True,True,True
8.9909,0.0000,0.8056,-40.7158,0.02740,1.00000,0.00000,0.00000,True,True,True
9.0060,0.0000,0.8049,-40.7491,0.03324,1.00000,0.00000,0.00000,True,True,True
9.0164,0.0000,0.8045,-40.7730,0.02398,1.00000,0.00000,0.00000,True,True,True
9.0285,0.0000,0.8039,-40.8002,0.02717,1.00000,0.00000,0.00000,True,True,True
9.0406,0.0000,0.8034,-40.8277,0.02749,1.00000,0.00000,0.00000,True,True,True
9.0558,0.0000,0.8027,-40.8616,0.03394,1.00000,0.00000,0.00000,True,True,True
9.0666,0.0000,0.8022,-40.8861,0.02450,1.00000,0.00000,0.00000,True,True,True
9.0790,0.0000,0.8017,-40.9136,0.02748,1.00000,0.00000,0.00000,True,True,True
9.0909,0.0000,0.8012,-40.9409,0.02732,1.00000,0.00000,0.00000,True,True,True
9.1060,0.0000,0.8005,-40.9740,0.03310,1.00000,0.00000,0.00000,True,True,True
9.1177,0.0000,0.8000,-41.0002,0.02620,1.00000,0.00000,0.00000,True,True,True
9.1301,0.0000,0.8000,-41.0290,0.02881,1.00000,0.00000,0.00000,True,True,True
9.1430,0.0000,0.8000,-41.0576,0.02856,1.00000,0.00000,0.00000,True,True,True
9.1570,0.0000,0.8000,-41.0894,0.03187,1.00000,0.00000,0.00000,True,True,True
9.1718,0.0000,0.8000,-41.1219,0.03250,1.00000,0.00000,0.00000,True,True,True
9.1842,0.0000,0.8000,-41.1504,0.02849,1.00000,0.00000,0.00000,True,True,True
9.1988,0.0000,0.8000,-41.1834,0.03293,1.00000,0.00000,0.00000,True,True,True
9.2109,0.0000,0.8000,-41.2107,0.02737,1.00000,0.00000,0.00000,True,True,True
9.2238,0.0000,0.8000,-41.2397,0.02894,1.00000,0.00000,0.00000,True,True,True
9.2348,0.0000,0.8000,-41.2647,0.02503,1.00000,0.00000,0.00000,True,True,True
9.2488,0.0000,0.8000,-41.2960,0.03130,1.00000,0.00000,0.00000,True,True,True
9.2599,0.0000,0.8000,-41.3208,0.02483,1.00000,0.00000,0.00000,True,True,True
9.2743,0.0000,0.8000,-41.3533,0.03249,1.00000,0.00000,0.00000,True,True,True
9.2873,0.0000,0.8000,-41.3820,0.02872,1.00000,0.00000,0.00000,True,True,True
9.3008,0.0000,0.8000,-41.4119,0.02990,1.00000,0.00000,0.00000,True,True,True
9.3127,0.0000,0.8000,-41.4397,0.02781,1.00000,0.00000,0.00000,True,True,True
9.3275,0.0000,0.8000,-41.4729,0.03319,1.00000,0.00000,0.00000,True,True,True
9.3411,0.0000,0.8000,-41.5026,0.02962,1.00000,0.00000,0.00000,True,True,True
9.3515,0.0000,0.8000,-41.5271,0.02455,1.00000,0.00000,0.00000,True,True,True
9.3657,0.0000,0.8000,-41.5585,0.03139,1.00000,0.00000,0.00000,True,True,True
9.3770,0.0000,0.8000,-41.5843,0.02576,1.00000,0.00000,0.00000,True,True,True
9.3922,0.0000,0.8000,-41.6178,0.03354,1.00000,0.00000,0.00000,True,True,True
9.4058,0.0000,0.8000,-41.6473,0.02945,1.00000,0.00000,0.00000,True,True,True
9.4188,0.0000,0.8000,-41.6778,0.03050,1.00000,0.00000,0.00000,True,True,True
9.4341,0.0000,0.8000,-41.7121,0.03431,1.00000,0.00000,0.00000,True,True,True
9.4472,0.0000,0.8000,-41.7418,0.02977,1.00000,0.00000,0.00000,True,True,True
9.4599,0.0000,0.8000,-41.7709,0.02910,1.00000,0.00000,0.00000,True,True,True
9.4742,0.0000,0.8000,-41.8028,0.03189,1.00000,0.00000,0.00000,True,True,True
9.4865,0.0000,0.8000,-41.8300,0.02715,1.00000,0.00000,0.00000,True,True,True
9.4997,0.0000,0.8000,-41.8598,0.02985,1.00000,0.00000,0.00000,True,True,True
9.5129,0.0000,0.8000,-41.8893,0.02946,1.00000,0.00000,0.00000,True,True,True
9.5278,0.0000,0.8000,-41.9228,0.03352,1.00000,0.00000,0.00000,True,True,True
9.5403,0.0000,0.8000,-41.9505,0.02772,1.00000,0.00000,0.00000,True,True,True
9.5545,0.0000,0.8000,-41.9833,0.03278,1.00000,0.00000,0.00000,True,True,True
9.5654,0.0000,0.8000,-42.0084,0.02510,1.00000,0.00000,0.00000,True,True,True
9.5806,0.0000,0.8000,-42.0418,0.03341,1.00000,0.00000,0.00000,True,True,True
9.5918,0.0000,0.8000,-42.0678,0.02605,1.00000,0.00000,0.00000,True,True,True
9.6042,0.0000,0.8000,-42.0956,0.02773,1.00000,0.00000,0.00000,True,True,True
9.6159,0.0000,0.8000,-42.1218,0.02623,1.00000,0.00000,0.00000,True,True,True
9.6308,0.0000,0.8000,-42.1546,0.03281,1.00000,0.00000,0.00000,True,True,True
9.6424,0.0000,0.8000,-42.1810,0.02639,1.00000,0.00000,0.00000,True,True,True
9.6556,0.0000,0.8000,-42.2104,0.02936,1.00000,0.00000,0.00000,True,True,True
9.6684,0.0000,0.8000,-42.2395,0.02919,1.00000,0.00000,0.00000,True,True,True
9.6821,0.0000,0.8000,-42.2704,0.03084,1.00000,0.00000,0.00000,True,True,True
9.6960,0.0000,0.8000,-42.3019,0.03153,1.00000,0.00000,0.00000,True,True,True
9.7079,0.0000,0.8000,-42.3282,0.02625,1.00000,0.00000,0.00000,True,True,True
9.7208,0.0000,0.8000,-42.3580,0.02987,1.00000,0.00000,0.00000,True,True,True
9.7327,0.0000,0.8000,-42.3847,0.02665,1.00000,0.00000,0.00000,True,True,True
9.7481,0.0000,0.8000,-42.4192,0.03450,1.00000,0.00000,0.00000,True,True,True
9.7629,0.0000,0.8000,-42.4523,0.03308,1.00000,0.00000,0.00000,True,True,True
9.7736,0.0000,0.8000,-42.4770,0.02473,1.00000,0.00000,0.00000,True,True,True
9.7885,0.0000,0.8000,-42.5104,0.03342,1.00000,0.00000,0.00000,True,True,True
9.8043,0.0000,0.8000,-42.5456,0.03521,1.00000,0.00000,0.00000,True,True,True
9.8147,0.0000,0.8000,-42.5694,0.02374,1.00000,0.00000,0.00000,True,True,True
9.8270,0.0000,0.8000,-42.5969,0.02752,1.00000,0.00000,0.00000,True,True,True
9.8409,0.0000,0.8000,-42.6283,0.03143,1.00000,0.00000,0.00000,True,True,True
9.8541,0.0000,0.8000,-42.6579,0.02963,1.00000,0.00000,0.00000,True,True,True
9.8650,0.0000,0.8000,-42.6824,0.02451,1.00000,0.00000,0.00000,True,True,True
9.8793,0.0000,0.8000,-42.7146,0.03214,1.00000,0.00000,0.00000,True,True,True
9.8918,0.0000,0.8000,-42.7428,0.02820,1.00000,0.00000,0.00000,True,True,True
9.9042,0.0000,0.8000,-42.7706,0.02786,1.00000,0.00000,0.00000,True,True,True
9.9152,0.0000,0.8000,-42.7954,0.02477,1.00000,0.00000,0.00000,True,True,True
9.9274,0.0000,0.8000,-42.8222,0.02679,1.00000,0.00000,0.00000,True,True,True
9.9391,0.0000,0.8000,-42.8492,0.02702,1.00000,0.00000,0.00000,True,True,True
9.9548,0.0000,0.8000,-42.8836,0.03437,1.00000,0.00000,0.00000,True,True,True
9.9651,0.0000,0.8000,-42.9074,0.02381,1.00000,0.00000,0.00000,True,True,True
9.9768,0.0000,0.8000,-42.9340,0.02657,1.00000,0.00000,0.00000,True,True,True
9.9887,0.0000,0.8000,-42.9608,0.02682,1.00000,0.00000,0.00000,True,True,True
10.0008,0.0000,0.8000,-42.9879,0.02713,1.00000,0.00000,0.00000,True,True,True
10.0145,0.0000,0.8000,-43.0180,0.03003,1.00000,0.00000,0.00000,True,True,True
10.0257,0.0000,0.8000,-43.0439,0.02595,1.00000,0.00000,0.00000,True,True,True
10.0374,0.0000,0.8000,-43.0705,0.02661,1.00000,0.00000,0.00000,True,True,True
10.0492,0.0000,0.8000,-43.0970,0.02652,1.00000,0.00000,0.00000,True,True,True
10.0649,0.0000,0.8000,-43.1321,0.03505,1.00000,0.00000,0.00000,True,True,True
10.0772,0.0000,0.8000,-43.1599,0.02777,1.00000,0.00000,0.00000,True,True,True
10.0897,0.0000,0.8000,-43.1880,0.02813,1.00000,0.00000,0.00000,True,True,True
10.1041,0.0000,0.8000,-43.2204,0.03244,1.00000,0.00000,0.00000,True,True,True
10.1179,0.0000,0.8000,-43.2509,0.03043,1.00000,0.00000,0.00000,True,True,True
10.1304,0.0000,0.8000,-43.2792,0.02833,1.00000,0.00000,0.00000,True,True,True
10.1430,0.0000,0.8000,-43.3079,0.02867,1.00000,0.00000,0.00000,True,True,True
10.1569,0.0000,0.8000,-43.3389,0.03101,1.00000,0.00000,0.00000,True,True,True
10.1683,0.0000,0.8000,-43.3646,0.02570,1.00000,0.00000,0.00000,True,True,True
10.1803,0.0000,0.8000,-43.3918,0.02723,1.00000,0.00000,0.00000,True,True,True
10.1923,0.0000,0.8000,-43.4191,0.02730,1.00000,0.00000,0.00000,True,True,True
10.2064,0.0000,0.8000,-43.4503,0.03118,1.00000,0.00000,0.00000,True,True,True
10.2182,0.0000,0.8000,-43.4770,0.02671,1.00000,0.00000,0.00000,True,True,True
10.2308,0.0000,0.8000,-43.5048,0.02783,1.00000,0.00000,0.00000,True,True,True
10.2431,0.0000,0.8000,-43.5332,0.02839,1.00000,0.00000,0.00000,True,True,True
10.2575,0.0000,0.8000,-43.5650,0.03184,1.00000,0.00000,0.00000,True,True,True
10.2692,0.0000,0.8000,-43.5906,0.02555,1.00000,0.00000,0.00000,True,True,True
10.2826,0.0000,0.8000,-43.6194,0.02879,1.00000,0.00000,0.00000,True,True,True
10.2956,0.0000,0.8000,-43.6470,0.02757,1.00000,0.00000,0.00000,True,True,True
10.3109,0.0000,0.8000,-43.6772,0.03022,1.00000,0.00000,0.00000,True,True,True
10.3235,0.0000,0.8000,-43.7003,0.02309,1.00000,0.00000,0.00000,True,True,True
10.3377,0.0000,0.8000,-43.7269,0.02667,1.00000,0.00000,0.00000,True,True,True
10.3527,0.0000,0.8000,-43.7539,0.02701,1.00000,0.00000,0.00000,True,True,True
10.3661,0.0000,0.8000,-43.7760,0.02209,1.00000,0.00000,0.00000,True,True,True
10.3796,0.0000,0.8000,-43.7977,0.02163,1.00000,0.00000,0.00000,True,True,True
10.3951,0.0000,0.8000,-43.8219,0.02421,1.00000,0.00000,0.00000,True,True,True
10.4095,0.0000,0.8000,-43.8426,0.02077,1.00000,0.00000,0.00000,True,True,True
10.4212,0.0000,0.8000,-43.8597,0.01704,1.00000,0.00000,0.00000,True,True,True
10.4360,0.0000,0.8000,-43.8791,0.01940,1.00000,0.00000,0.00000,True,True,True
10.4489,0.0000,0.8000,-43.8947,0.01564,1.00000,0.00000,0.00000,True,True,True
10.4612,0.0000,0.8000,-43.9098,0.01509,1.00000,0.00000,0.00000,True,True,True
10.4759,0.0000,0.8000,-43.9262,0.01643,1.00000,0.00000,0.00000,True,True,True
10.4880,0.0000,0.8000,-43.9390,0.01274,1.00000,0.00000,0.00000,True,True,True
10.5006,0.0000,0.8000,-43.9521,0.01315,1.00000,0.00000,0.00000,True,True,True
10.5131,0.0000,0.8000,-43.9642,0.01207,1.00000,0.00000,0.00000,True,True,True
10.5275,0.0000,0.8000,-43.9776,0.01344,1.00000,0.00000,0.00000,True,True,True
10.5395,0.0000,0.8000,-43.9776,0.00000,1.00000,0.00000,0.00000,True,True,True
10.5524,0.0000,0.8000,-43.9785,0.00091,1.00000,0.00000,0.00000,True,True,True
10.5650,0.0000,0.8000,-43.9803,0.00178,1.00000,0.00000,0.00000,True,True,True
10.5796,0.0000,0.8000,-43.9835,0.00319,1.00000,0.00000,0.00000,True,True,True
10.5925,0.0000,0.8000,-43.9873,0.00379,1.00000,0.00000,0.00000,True,True,True
10.6033,0.0000,0.8000,-43.9910,0.00376,1.00000,0.00000,0.00000,True,True,True
10.6176,0.0000,0.8000,-43.9972,0.00617,1.00000,0.00000,0.00000,True,True,True
10.6284,0.0000,0.8000,-44.0025,0.00529,1.00000,0.00000,0.00000,True,True,True
10.6429,0.0000,0.8000,-44.0107,0.00822,1.00000,0.00000,0.00000,True,True,True
10.6553,0.0000,0.8000,-44.0186,0.00792,1.00000,0.00000,0.00000,True,True,True
10.6682,0.0000,0.8000,-44.0278,0.00915,1.00000,0.00000,0.00000,True,True,True
10.6812,0.0000,0.8000,-44.0377,0.00991,1.00000,0.00000,0.00000,True,True,True
10.6942,0.0000,0.8000,-44.0490,0.01130,1.00000,0.00000,0.00000,True,True,True
10.7071,0.0000,0.8000,-44.0606,0.01164,1.00000,0.00000,0.00000,True,True,True
10.7202,0.0000,0.8000,-44.0738,0.01314,1.00000,0.00000,0.00000,True,True,True
10.7348,0.0000,0.8000,-44.0896,0.01585,1.00000,0.00000,0.00000,True,True,True
10.7477,0.0000,0.8000,-44.1039,0.01431,1.00000,0.00000,0.00000,True,True,True
10.7614,0.0000,0.8000,-44.1208,0.01683,1.00000,0.00000,0.00000,True,True,True
10.7759,0.0000,0.8000,-44.1398,0.01905,1.00000,0.00000,0.00000,True,True,True
10.7903,0.0000,0.8000,-44.1593,0.01950,1.00000,0.00000,0.00000,True,True,True
10.8018,0.0000,0.8000,-44.1764,0.01709,1.00000,0.00000,0.00000,True,True,True
10.8145,0.0000,0.8000,-44.1956,0.01921,1.00000,0.00000,0.00000,True,True,True
10.8272,0.0000,0.8000,-44.2158,0.02016,1.00000,0.00000,0.00000,True,True,True
10.8399,0.0000,0.8000,-44.2365,0.02068,1.00000,0.00000,0.00000,True,True,True
10.8546,0.0000,0.8000,-44.2616,0.02510,1.00000,0.00000,0.00000,True,True,True
10.8676,0.0000,0.8000,-44.2851,0.02351,1.00000,0.00000,0.00000,True,True,True
10.8805,0.0000,0.8000,-44.3089,0.02381,1.00000,0.00000,0.00000,True,True,True
10.8930,0.0000,0.8000,-44.3340,0.02516,1.00000,0.00000,0.00000,True,True,True
10.9062,0.0000,0.8000,-44.3599,0.02582,1.00000,0.00000,0.00000,True,True,True
10.9189,0.0000,0.8000,-44.3868,0.02698,1.00000,0.00000,0.00000,True,True,True
10.9327,0.0000,0.8000,-44.4151,0.02823,1.00000,0.00000,0.00000,True,True,True
10.9465,0.0000,0.8000,-44.4471,0.03206,1.00000,0.00000,0.00000,True,True,True
10.9590,0.0000,0.8000,-44.4759,0.02880,1.00000,0.00000,0.00000,True,True,True
10.9703,0.0000,0.8000,-44.5016,0.02565,1.00000,0.00000,0.00000,True,True,True
10.9844,0.0000,0.8000,-44.5323,0.03076,1.00000,0.00000,0.00000,True,True,True
10.9990,0.0000,0.8000,-44.5655,0.03315,1.00000,0.00000,0.00000,True,True,True
11.0117,0.0000,0.8000,-44.5940,0.02848,1.00000,0.00000,0.00000,True,True,True
11.0261,0.0000,0.8000,-44.6263,0.03231,1.00000,0.00000,0.00000,True,True,True
11.0380,0.0000,0.8000,-44.6539,0.02757,1.00000,0.00000,0.00000,True,True,True
11.0525,0.0000,0.8000,-44.6864,0.03250,1.00000,0.00000,0.00000,True,True,True
11.0661,0.0000,0.8000,-44.7155,0.02916,1.00000,0.00000,0.00000,True,True,True
11.0788,0.0000,0.8000,-44.7450,0.02949,1.00000,0.00000,0.00000,True,True,True
11.0925,0.0000,0.8000,-44.7761,0.03112,1.00000,0.00000,0.00000,True,True,True
11.1040,0.0000,0.8000,-44.8024,0.02627,1.00000,0.00000,0.00000,True,True,True
11.1193,0.0000,0.8000,-44.8367,0.03430,1.00000,0.00000,0.00000,True,True,True
11.1321,0.0000,0.8000,-44.8653,0.02859,1.00000,0.00000,0.00000,True,True,True
11.1447,0.0000,0.8000,-44.8940,0.02871,1.00000,0.00000,0.00000,True,True,True
11.1594,0.0000,0.8000,-44.9270,0.03304,1.00000,0.00000,0.00000,True,True,True
11.1712,0.0000,0.8000,-44.9534,0.02639,1.00000,0.00000,0.00000,True,True,True
11.1842,0.0000,0.8000,-44.9827,0.02929,1.00000,0.00000,0.00000,True,True,True
11.1965,0.0000,0.8000,-45.0104,0.02767,1.00000,0.00000,0.00000,True,True,True
11.2106,0.0000,0.8000,-45.0422,0.03186,1.00000,0.00000,0.00000,True,True,True
11.2231,0.0000,0.8000,-45.0700,0.02771,1.00000,0.00000,0.00000,True,True,True
11.2352,0.0000,0.8001,-45.0977,0.02773,1.00000,0.00000,0.00000,True,True,True
11.2491,0.0000,0.8001,-45.1266,0.02894,1.00000,0.00000,0.00000,True,True,True
11.2630,0.0000,0.8001,-45.1593,0.03267,1.00000,0.00000,0.00000,True,True,True
11.2760,0.0000,0.8001,-45.1894,0.03008,1.00000,0.00000,0.00000,True,True,True
11.2880,0.0000,0.8001,-45.2161,0.02677,1.00000,0.00000,0.00000,True,True,True
11.3003,0.0000,0.8001,-45.2440,0.02787,1.00000,0.00000,0.00000,True,True,True
11.3131,0.0000,0.8002,-45.2725,0.02843,1.00000,0.00000,0.00000,True,True,True
11.3256,0.0000,0.8002,-45.3009,0.02846,1.00000,0.00000,0.00000,True,True,True
11.3395,0.0000,0.8002,-45.3323,0.03136,1.00000,0.00000,0.00000,True,True,True
11.3518,0.0000,0.8002,-45.3599,0.02759,1.00000,0.00000,0.00000,True,True,True
11.3648,0.0000,0.8002,-45.3892,0.02930,1.00000,0.00000,0.00000,True,True,True
11.3793,0.0000,0.8002,-45.4217,0.03253,1.00000,0.00000,0.00000,True,True,True
11.3921,0.0000,0.8003,-45.4506,0.02885,1.00000,0.00000,0.00000,True,True,True
11.4065,0.0000,0.8003,-45.4823,0.03174,1.00000,0.00000,0.00000,True,True,True
11.4191,0.0000,0.8003,-45.5111,0.02879,1.00000,0.00000,0.00000,True,True,True
11.4316,0.0000,0.8004,-45.5395,0.02840,1.00000,0.00000,0.00000,True,True,True
11.4468,0.0000,0.8004,-45.5735,0.03406,1.00000,0.00000,0.00000,True,True,True
11.4600,0.0000,0.8005,-45.6033,0.02973,1.00000,0.00000,0.00000,True,True,True
11.4726,0.0000,0.8005,-45.6314,0.02815,1.00000,0.00000,0.00000,True,True,True
11.4853,0.0000,0.8006,-45.6601,0.02866,1.00000,0.00000,0.00000,True,True,True
11.4993,0.0000,0.8006,-45.6918,0.03174,1.00000,0.00000,0.00000,True,True,True
11.5127,0.0000,0.8007,-45.7220,0.03014,1.00000,0.00000,0.00000,True,True,True
11.5235,0.0000,0.8007,-45.7463,0.02436,1.00000,0.00000,0.00000,True,True,True
11.5376,0.0000,0.8008,-45.7780,0.03169,1.00000,0.00000,0.00000,True,True,True
11.5516,0.0000,0.8008,-45.8093,0.03129,1.00000,0.00000,0.00000,True,True,True
11.5632,0.0000,0.8009,-45.8354,0.02614,1.00000,0.00000,0.00000,True,True,True
11.5755,0.0000,0.8009,-45.8633,0.02789,1.00000,0.00000,0.00000,True,True,True
11.5881,0.0000,0.8010,-45.8917,0.02834,1.00000,0.00000,0.00000,True,True,True
11.6014,0.0000,0.8010,-45.9214,0.02973,1.00000,0.00000,0.00000,True,True,True
11.6161,0.0000,0.8011,-45.9541,0.03271,1.00000,0.00000,0.00000,True,True,True
11.6294,0.0000,0.8011,-45.9843,0.03019,1.00000,0.00000,0.00000,True,True,True
11.6408,0.0000,0.8012,-46.0101,0.02580,1.00000,0.00000,0.00000,True,True,True
11.6542,0.0000,0.8013,-46.0404,0.03030,1.00000,0.00000,0.00000,True,True,True
11.6662,0.0000,0.8013,-46.0673,0.02694,1.00000,0.00000,0.00000,True,True,True
11.6810,0.0000,0.8014,-46.1005,0.03319,1.00000,0.00000,0.00000,True,True,True
11.6935,0.0000,0.8015,-46.1284,0.02787,1.00000,0.00000,0.00000,True,True,True
11.7062,0.0000,0.8016,-46.1571,0.02872,1.00000,0.00000,0.00000,True,True,True
11.7189,0.0000,0.8017,-46.1853,0.02816,1.00000,0.00000,0.00000,True,True,True
11.7327,0.0000,0.8018,-46.2169,0.03162,1.00000,0.00000,0.00000,True,True,True
11.7460,0.0000,0.8019,-46.2467,0.02977,1.00000,0.00000,0.00000,True,True,True
11.7571,0.0000,0.8019,-46.2717,0.02509,1.00000,0.00000,0.00000,True,True,True
11.7709,0.0000,0.8020,-46.3029,0.03117,1.00000,0.00000,0.00000,True,True,True
11.7847,0.0000,0.8021,-46.3339,0.03101,1.00000,0.00000,0.00000,True,True,True
11.7967,0.0000,0.8022,-46.3609,0.02695,1.00000,0.00000,0.00000,True,True,True
11.8094,0.0000,0.8023,-46.3895,0.02864,1.00000,0.00000,0.00000,True,True,True
11.8218,0.0000,0.8023,-46.4175,0.02795,1.00000,0.00000,0.00000,True,True,True
11.8345,0.0000,0.8024,-46.4461,0.02861,1.00000,0.00000,0.00000,True,True,True
11.8487,0.0000,0.8025,-46.4779,0.03182,1.00000,0.00000,0.00000,True,True,True
11.8627,0.0000,0.8026,-46.5094,0.03149,1.00000,0.00000,0.00000,True,True,True
11.8732,0.0000,0.8027,-46.5330,0.02366,1.00000,0.00000,0.00000,True,True,True
11.8876,0.0000,0.8028,-46.5656,0.03251,1.00000,0.00000,0.00000,True,True,True
11.9000,0.0000,0.8030,-46.5934,0.02786,1.00000,0.00000,0.00000,True,True,True
11.9130,0.0000,0.8031,-46.6227,0.02933,1.00000,0.00000,0.00000,True,True,True
11.9257,0.0000,0.8032,-46.6511,0.02840,1.00000,0.00000,0.00000,True,True,True
11.9385,0.0000,0.8033,-46.6797,0.02860,1.00000,0.00000,0.00000,True,True,True
11.9510,0.0000,0.8034,-46.7083,0.02855,1.00000,0.00000,0.00000,True,True,True
11.9654,0.0000,0.8035,-46.7406,0.03232,1.00000,0.00000,0.00000,True,True,True
11.9797,0.0000,0.8037,-46.7724,0.03176,1.00000,0.00000,0.00000,True,True,True
11.9901,0.0000,0.8038,-46.7961,0.02374,1.00000,0.00000,0.00000,True,True,True
12.0043,0.0000,0.8039,-46.8280,0.03190,1.00000,0.00000,0.00000,True,True,True
12.0171,0.0000,0.8040,-46.8570,0.02897,1.00000,0.00000,0.00000,True,True,True
12.0293,0.0000,0.8041,-46.8842,0.02721,1.00000,0.00000,0.00000,True,True,True
12.0417,0.0000,0.8042,-46.9121,0.02789,1.00000,0.00000,0.00000,True,True,True
12.0549,0.0000,0.8043,-46.9417,0.02966,1.00000,0.00000,0.00000,True,True,True
12.0676,0.0000,0.8044,-46.9702,0.02852,1.00000,0.00000,0.00000,True,True,True
12.0822,0.0000,0.8046,-47.0033,0.03309,1.00000,0.00000,0.00000,True,True,True
12.0960,0.0000,0.8047,-47.0345,0.03114,1.00000,0.00000,0.00000,True,True,True
12.1069,0.0000,0.8049,-47.0586,0.02411,1.00000,0.00000,0.00000,True,True,True
12.1210,0.0000,0.8050,-47.0907,0.03212,1.00000,0.00000,0.00000,True,True,True
12.1323,0.0000,0.8051,-47.1161,0.02535,1.00000,0.00000,0.00000,True,True,True
12.1478,0.0000,0.8053,-47.1509,0.03479,1.00000,0.00000,0.00000,True,True,True
12.1628,0.0000,0.8055,-47.1846,0.03370,1.00000,0.00000,0.00000,True,True,True
12.1740,0.0000,0.8056,-47.2100,0.02542,1.00000,0.00000,0.00000,True,True,True
12.1892,0.0000,0.8058,-47.2441,0.03411,1.00000,0.00000,0.00000,True,True,True
12.2027,0.0000,0.8059,-47.2731,0.02901,1.00000,0.00000,0.00000,True,True,True
12.2168,0.0000,0.8061,-47.3061,0.03305,1.00000,0.00000,0.00000,True,True,True
12.2324,0.0000,0.8063,-47.3412,0.03500,1.00000,0.00000,0.00000,True,True,True
12.2466,0.0000,0.8064,-47.3721,0.03090,1.00000,0.00000,0.00000,True,True,True
12.2597,0.0000,0.8066,-47.4023,0.03026,1.00000,0.00000,0.00000,True,True,True
12.2735,0.0000,0.8068,-47.4335,0.03122,1.00000,0.00000,0.00000,True,True,True
12.2877,0.0000,0.8069,-47.4655,0.03199,1.00000,0.00000,0.00000,True,True,True
12.3009,0.0000,0.8071,-47.4949,0.02940,1.00000,0.00000,0.00000,True,True,True
12.3157,0.0000,0.8073,-47.5284,0.03352,1.00000,0.00000,0.00000,True,True,True
12.3295,0.0000,0.8075,-47.5593,0.03087,1.00000,0.00000,0.00000,True,True,True
12.3438,0.0000,0.8076,-47.5901,0.03083,1.00000,0.00000,0.00000,True,True,True
12.3586,0.0000,0.8078,-47.6242,0.03409,1.00000,0.00000,0.00000,True,True,True
12.3730,0.0000,0.8080,-47.6559,0.03167,1.00000,0.00000,0.00000,True,True,True
12.3877,0.0000,0.8083,-47.6905,0.03458,1.00000,0.00000,0.00000,True,True,True
12.4015,0.0000,0.8084,-47.7216,0.03106,1.00000,0.00000,0.00000,True,True,True
12.4147,0.0000,0.8086,-47.7508,0.02921,1.00000,0.00000,0.00000,True,True,True
12.4297,0.0000,0.8088,-47.7846,0.03384,1.00000,0.00000,0.00000,True,True,True
12.4414,0.0000,0.8090,-47.8114,0.02678,1.00000,0.00000,0.00000,True,True,True
12.4567,0.0000,0.8092,-47.8452,0.03376,1.00000,0.00000,0.00000,True,True,True
12.4716,0.0000,0.8094,-47.8781,0.03292,1.00000,0.00000,0.00000,True,True,True
12.4831,0.0000,0.8096,-47.9052,0.02718,1.00000,0.00000,0.00000,True,True,True
12.4967,0.0000,0.8098,-47.9359,0.03063,1.00000,0.00000,0.00000,True,True,True
12.5129,0.0000,0.8100,-47.9721,0.03620,1.00000,0.00000,0.00000,True,True,True
12.5271,0.0000,0.8102,-48.0030,0.03094,1.00000,0.00000,0.00000,True,True,True
12.5393,0.0000,0.8104,-48.0316,0.02859,1.00000,0.00000,0.00000,True,True,True
12.5545,0.0000,0.8106,-48.0657,0.03408,1.00000,0.00000,0.00000,True,True,True
12.5662,0.0000,0.8108,-48.0921,0.02644,1.00000,0.00000,0.00000,True,True,True
12.5823,0.0000,0.8111,-48.1276,0.03547,1.00000,0.00000,0.00000,True,True,True
12.5960,0.0000,0.8113,-48.1594,0.03184,1.00000,0.00000,0.00000,True,True,True
12.6094,0.0000,0.8115,-48.1894,0.02997,1.00000,0.00000,0.00000,True,True,True
12.6246,0.0000,0.8118,-48.2234,0.03397,1.00000,0.00000,0.00000,True,True,True
12.6377,0.0000,0.8120,-48.2529,0.02955,1.00000,0.00000,0.00000,True,True,True
12.6520,0.0000,0.8122,-48.2844,0.03153,1.00000,0.00000,0.00000,True,True,True
12.6659,0.0000,0.8124,-48.3163,0.03187,1.00000,0.00000,0.00000,True,True,True
12.6793,0.0000,0.8126,-48.3466,0.03030,1.00000,0.00000,0.00000,True,True,True
12.6941,0.0000,0.8129,-48.3787,0.03206,1.00000,0.00000,0.00000,True,True,True
12.7089,0.0000,0.8131,-48.4132,0.03450,1.00000,0.00000,0.00000,True,True,True
12.7236,0.0000,0.8133,-48.4446,0.03143,1.00000,0.00000,0.00000,True,True,True
12.7378,0.0000,0.8136,-48.4780,0.03337,1.00000,0.00000,0.00000,True,True,True
12.7503,0.0000,0.8138,-48.5063,0.02833,1.00000,0.00000,0.00000,True,True,True
12.7679,0.0000,0.8141,-48.5451,0.03876,1.00000,0.00000,0.00000,True,True,True
12.7819,0.0000,0.8144,-48.5765,0.03144,1.00000,0.00000,0.00000,True,True,True
12.7963,0.0000,0.8146,-48.6093,0.03283,1.00000,0.00000,0.00000,True,True,True
12.8105,0.0000,0.8149,-48.6411,0.03176,1.00000,0.00000,0.00000,True,True,True
12.8241,0.0000,0.8152,-48.6724,0.03132,1.00000,0.00000,0.00000,True,True,True
12.8381,0.0000,0.8154,-48.7040,0.03162,1.00000,0.00000,0.00000,True,True,True
12.8517,0.0000,0.8157,-48.7343,0.03032,1.00000,0.00000,0.00000,True,True,True
12.8673,0.0000,0.8159,-48.7690,0.03463,1.00000,0.00000,0.00000,True,True,True
12.8799,0.0000,0.8162,-48.7977,0.02873,1.00000,0.00000,0.00000,True,True,True
12.8931,0.0000,0.8164,-48.8277,0.03004,1.00000,0.00000,0.00000,True,True,True
12.9072,0.0000,0.8167,-48.8591,0.03132,1.00000,0.00000,0.00000,True,True,True
12.9209,0.0000,0.8169,-48.8903,0.03128,1.00000,0.00000,0.00000,True,True,True
12.9379,0.0000,0.8172,-48.9282,0.03782,1.00000,0.00000,0.00000,True,True,True
12.9506,0.0000,0.8175,-48.9562,0.02807,1.00000,0.00000,0.00000,True,True,True
12.9651,0.0000,0.8177,-48.9887,0.03249,1.00000,0.00000,0.00000,True,True,True
12.9796,0.0000,0.8180,-49.0217,0.03294,1.00000,0.00000,0.00000,True,True,True
12.9928,0.0000,0.8183,-49.0517,0.03008,1.00000,0.00000,0.00000,True,True,True
13.0084,0.0000,0.8186,-49.0867,0.03495,1.00000,0.00000,0.00000,True,True,True
13.0216,0.0000,0.8189,-49.1164,0.02970,1.00000,0.00000,0.00000,True,True,True
13.0351,0.0000,0.8192,-49.1462,0.02981,1.00000,0.00000,0.00000,True,True,True
13.0494,0.0000,0.8195,-49.1791,0.03291,1.00000,0.00000,0.00000,True,True,True
13.0636,0.0000,0.8198,-49.2107,0.03160,1.00000,0.00000,0.00000,True,True,True
13.0779,0.0000,0.8201,-49.2423,0.03158,1.00000,0.00000,0.00000,True,True,True
13.0926,0.0000,0.8204,-49.2760,0.03369,1.00000,0.00000,0.00000,True,True,True
13.1057,0.0000,0.8206,-49.3045,0.02854,1.00000,0.00000,0.00000,True,True,True
13.1218,0.0000,0.8210,-49.3410,0.03645,1.00000,0.00000,0.00000,True,True,True
13.1336,0.0000,0.8212,-49.3685,0.02757,1.00000,0.00000,0.00000,True,True,True
13.1495,0.0000,0.8216,-49.4042,0.03565,1.00000,0.00000,0.00000,True,True,True
13.1643,0.0000,0.8219,-49.4362,0.03204,1.00000,0.00000,0.00000,True,True,True
13.1796,0.0000,0.8222,-49.4716,0.03544,1.00000,0.00000,0.00000,True,True,True
13.1926,0.0000,0.8225,-49.5014,0.02975,1.00000,0.00000,0.00000,True,True,True
13.2083,0.0000,0.8228,-49.5362,0.03477,1.00000,0.00000,0.00000,True,True,True
13.2215,0.0000,0.8231,-49.5659,0.02978,1.00000,0.00000,0.00000,True,True,True
13.2350,0.0000,0.8234,-49.5957,0.02973,1.00000,0.00000,0.00000,True,True,True
13.2488,0.0000,0.8237,-49.6251,0.02941,1.00000,0.00000,0.00000,True,True,True
13.2634,0.0000,0.8240,-49.6540,0.02896,1.00000,0.00000,0.00000,True,True,True
13.2777,0.0000,0.8243,-49.6821,0.02805,1.00000,0.00000,0.00000,True,True,True
13.2918,0.0000,0.8246,-49.7096,0.02750,1.00000,0.00000,0.00000,True,True,True
13.3058,0.0000,0.8248,-49.7352,0.02559,1.00000,0.00000,0.00000,True,True,True
13.3215,0.0000,0.8251,-49.7621,0.02688,1.00000,0.00000,0.00000,True,True,True
13.3335,0.0000,0.8253,-49.7826,0.02053,1.00000,0.00000,0.00000,True,True,True
13.3493,0.0000,0.8256,-49.8073,0.02476,1.00000,0.00000,0.00000,True,True,True
13.3633,0.0000,0.8258,-49.8281,0.02073,1.00000,0.00000,0.00000,True,True,True
13.3774,0.0000,0.8260,-49.8482,0.02008,1.00000,0.00000,0.00000,True,True,True
13.3919,0.0000,0.8262,-49.8677,0.01954,1.00000,0.00000,0.00000,True,True,True
13.4063,0.0000,0.8264,-49.8863,0.01864,1.00000,0.00000,0.00000,True,True,True
13.4211,0.0000,0.8266,-49.9043,0.01795,1.00000,0.00000,0.00000,True,True,True
13.4343,0.0000,0.8267,-49.9194,0.01509,1.00000,0.00000,0.00000,True,True,True
13.4501,0.0000,0.8269,-49.9361,0.01670,1.00000,0.00000,0.00000,True,True,True
13.4637,0.0000,0.8270,-49.9495,0.01340,1.00000,0.00000,0.00000,True,True,True
13.4797,0.0000,0.8272,-49.9647,0.01523,1.00000,0.00000,0.00000,True,True,True
13.4914,0.0000,0.8273,-49.9756,0.01090,1.00000,0.00000,0.00000,True,True,True
13.5075,0.0000,0.8273,-49.9756,0.00000,1.00000,0.00000,0.00000,True,True,True
13.5211,0.0000,0.8273,-49.9766,0.00102,1.00000,0.00000,0.00000,True,True,True
13.5348,0.0000,0.8273,-49.9787,0.00207,1.00000,0.00000,0.00000,True,True,True
13.5487,0.0000,0.8274,-49.9818,0.00313,1.00000,0.00000,0.00000,True,True,True
13.5629,0.0000,0.8274,-49.9861,0.00428,1.00000,0.00000,0.00000,True,True,True
13.5767,0.0000,0.8275,-49.9913,0.00521,1.00000,0.00000,0.00000,True,True,True
13.5917,0.0000,0.8275,-49.9984,0.00714,1.00000,0.00000,0.00000,True,True,True
13.6052,0.0000,0.8276,-50.0055,0.00704,1.00000,0.00000,0.00000,True,True,True
13.6217,0.0000,0.8277,-50.0156,0.01011,1.00000,0.00000,0.00000,True,True,True
13.6339,0.0000,0.8278,-50.0245,0.00891,1.00000,0.00000,0.00000,True,True,True
13.6499,0.0000,0.8280,-50.0369,0.01240,1.00000,0.00000,0.00000,True,True,True
13.6636,0.0000,0.8281,-50.0484,0.01146,1.00000,0.00000,0.00000,True,True,True
13.6782,0.0000,0.8282,-50.0620,0.01362,1.00000,0.00000,0.00000,True,True,True
13.6919,0.0000,0.8284,-50.0762,0.01427,1.00000,0.00000,0.00000,True,True,True
13.7080,0.0000,0.8286,-50.0940,0.01774,1.00000,0.00000,0.00000,True,True,True
13.7234,0.0000,0.8288,-50.1126,0.01858,1.00000,0.00000,0.00000,True,True,True
13.7381,0.0000,0.8290,-50.1308,0.01823,1.00000,0.00000,0.00000,True,True,True
13.7524,0.0000,0.8292,-50.1501,0.01933,1.00000,0.00000,0.00000,True,True,True
13.7676,0.0000,0.8295,-50.1720,0.02190,1.00000,0.00000,0.00000,True,True,True
13.7816,0.0000,0.8297,-50.1929,0.02085,1.00000,0.00000,0.00000,True,True,True
13.7960,0.0000,0.8300,-50.2162,0.02330,1.00000,0.00000,0.00000,True,True,True
13.8095,0.0000,0.8302,-50.2381,0.02196,1.00000,0.00000,0.00000,True,True,True
13.8259,0.0000,0.8305,-50.2670,0.02885,1.00000,0.00000,0.00000,True,True,True
13.8395,0.0000,0.8308,-50.2914,0.02440,1.00000,0.00000,0.00000,True,True,True
13.8545,0.0000,0.8311,-50.3205,0.02911,1.00000,0.00000,0.00000,True,True,True
13.8673,0.0000,0.8314,-50.3456,0.02517,1.00000,0.00000,0.00000,True,True,True
13.8826,0.0000,0.8318,-50.3776,0.03200,1.00000,0.00000,0.00000,True,True,True
13.8959,0.0000,0.8321,-50.4062,0.02851,1.00000,0.00000,0.00000,True,True,True
13.9106,0.0000,0.8324,-50.4373,0.03117,1.00000,0.00000,0.00000,True,True,True
13.9242,0.0000,0.8328,-50.4686,0.03127,1.00000,0.00000,0.00000,True,True,True
13.9391,0.0000,0.8332,-50.5020,0.03345,1.00000,0.00000,0.00000,True,True,True
13.9548,0.0000,0.8336,-50.5373,0.03528,1.00000,0.00000,0.00000,True,True,True
13.9695,0.0000,0.8340,-50.5696,0.03225,1.00000,0.00000,0.00000,True,True,True
13.9835,0.0000,0.8344,-50.6026,0.03301,1.00000,0.00000,0.00000,True,True,True
13.9987,0.0000,0.8348,-50.6368,0.03419,1.00000,0.00000,0.00000,True,True,True
14.0133,0.0000,0.8352,-50.6683,0.03155,1.00000,0.00000,0.00000,True,True,True
14.0264,0.0000,0.8355,-50.6987,0.03041,1.00000,0.00000,0.00000,True,True,True
14.0412,0.0000,0.8359,-50.7313,0.03257,1.00000,0.00000,0.00000,True,True,True
14.0553,0.0000,0.8363,-50.7637,0.03243,1.00000,0.00000,0.00000,True,True,True
14.0714,0.0000,0.8368,-50.7997,0.03597,1.00000,0.00000,0.00000,True,True,True
14.0831,0.0000,0.8371,-50.8271,0.02737,1.00000,0.00000,0.00000,True,True,True
14.0983,0.0000,0.8375,-50.8609,0.03386,1.00000,0.00000,0.00000,True,True,True
14.1134,0.0000,0.8379,-50.8932,0.03228,1.00000,0.00000,0.00000,True,True,True
14.1298,0.0000,0.8384,-50.9310,0.03779,1.00000,0.00000,0.00000,True,True,True
14.1425,0.0000,0.8387,-50.9602,0.02926,1.00000,0.00000,0.00000,True,True,True
14.1590,0.0000,0.8392,-50.9966,0.03639,1.00000,0.00000,0.00000,True,True,True
14.1724,0.0000,0.8396,-51.0274,0.03078,1.00000,0.00000,0.00000,True,True,True
14.1881,0.0000,0.8400,-51.0621,0.03474,1.00000,0.00000,0.00000,True,True,True
14.2014,0.0000,0.8404,-51.0927,0.03060,1.00000,0.00000,0.00000,True,True,True
14.2157,0.0000,0.8408,-51.1245,0.03171,1.00000,0.00000,0.00000,True,True,True
14.2305,0.0000,0.8413,-51.1572,0.03271,1.00000,0.00000,0.00000,True,True,True
14.2465,0.0000,0.8417,-51.1933,0.03617,1.00000,0.00000,0.00000,True,True,True
14.2595,0.0000,0.8421,-51.2231,0.02975,1.00000,0.00000,0.00000,True,True,True
14.2758,0.0000,0.8426,-51.2597,0.03658,1.00000,0.00000,0.00000,True,True,True
14.2893,0.0000,0.8430,-51.2899,0.03021,1.00000,0.00000,0.00000,True,True,True
14.3047,0.0000,0.8434,-51.3247,0.03482,1.00000,0.00000,0.00000,True,True,True
14.3183,0.0000,0.8438,-51.3557,0.03104,1.00000,0.00000,0.00000,True,True,True
14.3334,0.0000,0.8443,-51.3885,0.03277,1.00000,0.00000,0.00000,True,True,True
14.3487,0.0000,0.8447,-51.4226,0.03417,1.00000,0.00000,0.00000,True,True,True
14.3642,0.0000,0.8452,-51.4579,0.03524,1.00000,0.00000,0.00000,True,True,True
14.3795,0.0000,0.8456,-51.4932,0.03532,1.00000,0.00000,0.00000,True,True,True
14.3929,0.0000,0.8461,-51.5235,0.03035,1.00000,0.00000,0.00000,True,True,True
14.4083,0.0000,0.8465,-51.5585,0.03492,1.00000,0.00000,0.00000,True,True,True
14.4230,0.0000,0.8470,-51.5901,0.03167,1.00000,0.00000,0.00000,True,True,True
14.4380,0.0000,0.8475,-51.6248,0.03464,1.00000,0.00000,0.00000,True,True,True
14.4512,0.0000,0.8479,-51.6547,0.02994,1.00000,0.00000,0.00000,True,True,True
14.4669,0.0000,0.8484,-51.6900,0.03529,1.00000,0.00000,0.00000,True,True,True
14.4799,0.0000,0.8488,-51.7195,0.02953,1.00000,0.00000,0.00000,True,True,True
14.4949,0.0000,0.8492,-51.7516,0.03211,1.00000,0.00000,0.00000,True,True,True
14.5081,0.0000,0.8497,-51.7831,0.03149,1.00000,0.00000,0.00000,True,True,True
14.5241,0.0000,0.8502,-51.8187,0.03558,1.00000,0.00000,0.00000,True,True,True
14.5390,0.0000,0.8506,-51.8508,0.03208,1.00000,0.00000,0.00000,True,True,True
14.5534,0.0000,0.8511,-51.8829,0.03213,1.00000,0.00000,0.00000,True,True,True
14.5672,0.0000,0.8515,-51.9155,0.03259,1.00000,0.00000,0.00000,True,True,True
14.5830,0.0000,0.8520,-51.9508,0.03534,1.00000,0.00000,0.00000,True,True,True
14.5959,0.0000,0.8524,-51.9805,0.02972,1.00000,0.00000,0.00000,True,True,True
14.6105,0.0000,0.8529,-52.0121,0.03157,1.00000,0.00000,0.00000,True,True,True
14.6243,0.0000,0.8534,-52.0439,0.03184,1.00000,0.00000,0.00000,True,True,True
14.6384,0.0000,0.8538,-52.0755,0.03153,1.00000,0.00000,0.00000,True,True,True
14.6521,0.0000,0.8543,-52.1063,0.03089,1.00000,0.00000,0.00000,True,True,True
14.6658,0.0000,0.8548,-52.1372,0.03085,1.00000,0.00000,0.00000,True,True,True
14.6794,0.0000,0.8552,-52.1681,0.03088,1.00000,0.00000,0.00000,True,True,True
14.6929,0.0000,0.8557,-52.1988,0.03074,1.00000,0.00000,0.00000,True,True,True
14.7076,0.0000,0.8562,-52.2319,0.03306,1.00000,0.00000,0.00000,True,True,True
14.7211,0.0000,0.8566,-52.2622,0.03030,1.00000,0.00000,0.00000,True,True,True
14.7348,0.0000,0.8571,-52.2929,0.03070,1.00000,0.00000,0.00000,True,True,True
14.7497,0.0000,0.8576,-52.3268,0.03389,1.00000,0.00000,0.00000,True,True,True
14.7627,0.0000,0.8580,-52.3556,0.02882,1.00000,0.00000,0.00000,True,True,True
14.7761,0.0000,0.8585,-52.3858,0.03025,1.00000,0.00000,0.00000,True,True,True
14.7896,0.0000,0.8589,-52.4163,0.03052,1.00000,0.00000,0.00000,True,True,True
14.8042,0.0000,0.8594,-52.4493,0.03295,1.00000,0.00000,0.00000,True,True,True
14.8214,0.0000,0.8600,-52.4868,0.03757,1.00000,0.00000,0.00000,True,True,True
14.8337,0.0000,0.8604,-52.5156,0.02879,1.00000,0.00000,0.00000,True,True,True
14.8476,0.0000,0.8609,-52.5468,0.03116,1.00000,0.00000,0.00000,True,True,True
14.8628,0.0000,0.8614,-52.5806,0.03379,1.00000,0.00000,0.00000,True,True,True
14.8775,0.0000,0.8619,-52.6137,0.03311,1.00000,0.00000,0.00000,True,True,True
14.8910,0.0000,0.8624,-52.6437,0.02997,1.00000,0.00000,0.00000,True,True,True
14.9058,0.0000,0.8629,-52.6769,0.03330,1.00000,0.00000,0.00000,True,True,True
14.9214,0.0000,0.8635,-52.7118,0.03484,1.00000,0.00000,0.00000,True,True,True
14.9345,0.0000,0.8640,-52.7421,0.03032,1.00000,0.00000,0.00000,True,True,True
14.9500,0.0000,0.8645,-52.7769,0.03476,1.00000,0.00000,0.00000,True,True,True
14.9639,0.0000,0.8650,-52.8077,0.03089,1.00000,0.00000,0.00000,True,True,True
14.9776,0.0000,0.8655,-52.8387,0.03093,1.00000,0.00000,0.00000,True,True,True
14.9909,0.0000,0.8660,-52.8693,0.03068,1.00000,0.00000,0.00000,True,True,True
15.0063,0.0000,0.8665,-52.9038,0.03450,1.00000,0.00000,0.00000,True,True,True
15.0213,0.0000,0.8670,-52.9370,0.03312,1.00000,0.00000,0.00000,True,True,True
15.0377,0.0000,0.8676,-52.9746,0.03765,1.00000,0.00000,0.00000,True,True,True
15.0490,0.0000,0.8680,-53.0001,0.02545,1.00000,0.00000,0.00000,True,True,True
15.0637,0.0000,0.8686,-53.0323,0.03223,1.00000,0.00000,0.00000,True,True,True
15.0796,0.0000,0.8692,-53.0685,0.03618,1.00000,0.00000,0.00000,True,True,True
15.0930,0.0000,0.8697,-53.0980,0.02956,1.00000,0.00000,0.00000,True,True,True
15.1057,0.0000,0.8701,-53.1272,0.02921,1.00000,0.00000,0.00000,True,True,True
15.1215,0.0000,0.8707,-53.1621,0.03487,1.00000,0.00000,0.00000,True,True,True
15.1337,0.0000,0.8712,-53.1904,0.02833,1.00000,0.00000,0.00000,True,True,True
15.1488,0.0000,0.8718,-53.2246,0.03415,1.00000,0.00000,0.00000,True,True,True
15.1632,0.0000,0.8723,-53.2555,0.03094,1.00000,0.00000,0.00000,True,True,True
15.1770,0.0000,0.8728,-53.2867,0.03120,1.00000,0.00000,0.00000,True,True,True
15.1905,0.0000,0.8733,-53.3183,0.03166,1.00000,0.00000,0.00000,True,True,True
15.2049,0.0000,0.8739,-53.3507,0.03234,1.00000,0.00000,0.00000,True,True,True
15.2196,0.0000,0.8744,-53.3820,0.03132,1.00000,0.00000,0.00000,True,True,True
15.2351,0.0000,0.8750,-53.4178,0.03581,1.00000,0.00000,0.00000,True,True,True
15.2491,0.0000,0.8755,-53.4493,0.03151,1.00000,0.00000,0.00000,True,True,True
15.2650,0.0000,0.8761,-53.4843,0.03505,1.00000,0.00000,0.00000,True,True,True
15.2795,0.0000,0.8767,-53.5184,0.03403,1.00000,0.00000,0.00000,True,True,True
15.2946,0.0000,0.8772,-53.5506,0.03224,1.00000,0.00000,0.00000,True,True,True
15.3096,0.0000,0.8778,-53.5852,0.03464,1.00000,0.00000,0.00000,True,True,True
15.3228,0.0000,0.8783,-53.6151,0.02989,1.00000,0.00000,0.00000,True,True,True
15.3378,0.0000,0.8789,-53.6494,0.03425,1.00000,0.00000,0.00000,True,True,True
15.3515,0.0000,0.8795,-53.6801,0.03074,1.00000,0.00000,0.00000,True,True,True
15.3674,0.0000,0.8801,-53.7158,0.03573,1.00000,0.00000,0.00000,True,True,True
15.3807,0.0000,0.8806,-53.7454,0.02958,1.00000,0.00000,0.00000,True,True,True
15.3948,0.0000,0.8812,-53.7767,0.03130,1.00000,0.00000,0.00000,True,True,True
15.4085,0.0000,0.8817,-53.8085,0.03177,1.00000,0.00000,0.00000,True,True,True
15.4242,0.0000,0.8823,-53.8433,0.03488,1.00000,0.00000,0.00000,True,True,True
15.4386,0.0000,0.8829,-53.8756,0.03225,1.00000,0.00000,0.00000,True,True,True
15.4522,0.0000,0.8834,-53.9065,0.03096,1.00000,0.00000,0.00000,True,True,True
15.4668,0.0000,0.8840,-53.9383,0.03180,1.00000,0.00000,0.00000,True,True,True
15.4808,0.0000,0.8845,-53.9705,0.03214,1.00000,0.00000,0.00000,True,True,True
15.4965,0.0000,0.8852,-54.0059,0.03547,1.00000,0.00000,0.00000,True,True,True
15.5081,0.0000,0.8856,-54.0326,0.02670,1.00000,0.00000,0.00000,True,True,True
15.5236,0.0000,0.8863,-54.0669,0.03428,1.00000,0.00000,0.00000,True,True,True
15.5379,0.0000,0.8869,-54.0992,0.03233,1.00000,0.00000,0.00000,True,True,True
15.5507,0.0000,0.8874,-54.1279,0.02864,1.00000,0.00000,0.00000,True,True,True
15.5637,0.0000,0.8879,-54.1579,0.03005,1.00000,0.00000,0.00000,True,True,True
15.5796,0.0000,0.8886,-54.1931,0.03523,1.00000,0.00000,0.00000,True,True,True
15.5940,0.0000,0.8892,-54.2256,0.03250,1.00000,0.00000,0.00000,True,True,True
15.6065,0.0000,0.8897,-54.2539,0.02833,1.00000,0.00000,0.00000,True,True,True
15.6215,0.0000,0.8903,-54.2865,0.03259,1.00000,0.00000,0.00000,True,True,True
15.6365,0.0000,0.8909,-54.3202,0.03366,1.00000,0.00000,0.00000,True,True,True
15.6551,0.0000,0.8917,-54.3621,0.04191,1.00000,0.00000,0.00000,True,True,True
15.6660,0.0000,0.8921,-54.3880,0.02596,1.00000,0.00000,0.00000,True,True,True
15.6797,0.0000,0.8927,-54.4185,0.03042,1.00000,0.00000,0.00000,True,True,True
15.6932,0.0000,0.8932,-54.4490,0.03057,1.00000,0.00000,0.00000,True,True,True
15.7093,0.0000,0.8939,-54.4853,0.03630,1.00000,0.00000,0.00000,True,True,True
15.7236,0.0000,0.8945,-54.5155,0.03023,1.00000,0.00000,0.00000,True,True,True
15.7378,0.0000,0.8951,-54.5491,0.03354,1.00000,0.00000,0.00000,True,True,True
15.7503,0.0000,0.8957,-54.5777,0.02858,1.00000,0.00000,0.00000,True,True,True
15.7661,0.0000,0.8963,-54.6130,0.03539,1.00000,0.00000,0.00000,True,True,True
15.7795,0.0000,0.8969,-54.6429,0.02983,1.00000,0.00000,0.00000,True,True,True
15.7928,0.0000,0.8975,-54.6724,0.02957,1.00000,0.00000,0.00000,True,True,True
15.8066,0.0000,0.8981,-54.7035,0.03113,1.00000,0.00000,0.00000,True,True,True
15.8214,0.0000,0.8987,-54.7365,0.03300,1.00000,0.00000,0.00000,True,True,True
15.8349,0.0000,0.8993,-54.7673,0.03080,1.00000,0.00000,0.00000,True,True,True
15.8486,0.0000,0.8999,-54.7986,0.03128,1.00000,0.00000,0.00000,True,True,True
15.8633,0.0000,0.9005,-54.8303,0.03173,1.00000,0.00000,0.00000,True,True,True
15.8768,0.0000,0.9011,-54.8619,0.03161,1.00000,0.00000,0.00000,True,True,True
15.8922,0.0000,0.9017,-54.8966,0.03469,1.00000,0.00000,0.00000,True,True,True
15.9053,0.0000,0.9023,-54.9258,0.02919,1.00000,0.00000,0.00000,True,True,True
15.9191,0.0000,0.9029,-54.9566,0.03081,1.00000,0.00000,0.00000,True,True,True
15.9327,0.0000,0.9035,-54.9877,0.03113,1.00000,0.00000,0.00000,True,True,True
15.9495,0.0000,0.9042,-55.0244,0.03672,1.00000,0.00000,0.00000,True,True,True
15.9632,0.0000,0.9048,-55.0560,0.03161,1.00000,0.00000,0.00000,True,True,True
15.9799,0.0000,0.9055,-55.0931,0.03702,0.99999,0.00001,0.00000,True,True,True
15.9960,0.0000,0.9063,-55.1301,0.03701,0.99999,0.00001,0.00000,True,True,True
16.0089,0.0000,0.9069,-55.1591,0.02907,0.99998,0.00002,0.00000,True,True,True
16.0243,0.0000,0.9075,-55.1940,0.03484,0.99997,0.00003,0.00000,True,True,True
16.0379,0.0000,0.9081,-55.2240,0.03008,0.99996,0.00004,0.00000,True,True,True
16.0525,0.0000,0.9088,-55.2558,0.03178,0.99995,0.00005,0.00000,True,True,True
16.0664,0.0000,0.9094,-55.2883,0.03253,0.99994,0.00006,0.00000,True,True,True
16.0814,0.0000,0.9101,-55.3212,0.03292,0.99993,0.00007,0.00000,True,True,True
16.0961,0.0000,0.9107,-55.3551,0.03387,0.99991,0.00009,0.00000,True,True,True
16.1103,0.0000,0.9114,-55.3867,0.03165,0.99989,0.00011,0.00000,True,True,True
16.1263,0.0000,0.9121,-55.4222,0.03549,0.99987,0.00013,0.00000,True,True,True
16.1399,0.0000,0.9127,-55.4532,0.03100,0.99985,0.00015,0.00000,True,True,True
16.1547,0.0000,0.9133,-55.4864,0.03319,0.99983,0.00017,0.00000,True,True,True
16.1687,0.0000,0.9140,-55.5187,0.03228,0.99981,0.00019,0.00000,True,True,True
16.1843,0.0000,0.9147,-55.5530,0.03437,0.99978,0.00022,0.00000,True,True,True
16.1978,0.0000,0.9153,-55.5827,0.02969,0.99976,0.00024,0.00000,True,True,True
16.2135,0.0000,0.9160,-55.6162,0.03347,0.99973,0.00027,0.00000,True,True,True
16.2265,0.0000,0.9166,-55.6442,0.02803,0.99971,0.00029,0.00000,True,True,True
16.2405,0.0000,0.9172,-55.6720,0.02774,0.99968,0.00032,0.00000,True,True,True
16.2546,0.0000,0.9177,-55.6995,0.02759,0.99966,0.00034,0.00000,True,True,True
16.2685,0.0000,0.9183,-55.7255,0.02591,0.99963,0.00037,0.00000,True,True,True
16.2855,0.0000,0.9189,-55.7552,0.02971,0.99960,0.00040,0.00000,True,True,True
16.2992,0.0000,0.9194,-55.7784,0.02324,0.99957,0.00043,0.00000,True,True,True
16.3138,0.0000,0.9198,-55.8013,0.02295,0.99955,0.00045,0.00000,True,True,True
16.3299,0.0000,0.9203,-55.8261,0.02481,0.99952,0.00048,0.00000,True,True,True
16.3464,0.0000,0.9208,-55.8500,0.02385,0.99949,0.00051,0.00000,True,True,True
16.3594,0.0000,0.9212,-55.8675,0.01752,0.99947,0.00053,0.00000,True,True,True
16.3741,0.0000,0.9216,-55.8860,0.01854,0.99945,0.00055,0.00000,True,True,True
16.3877,0.0000,0.9219,-55.9033,0.01730,0.99943,0.00057,0.00000,True,True,True
16.4027,0.0000,0.9223,-55.9197,0.01638,0.99941,0.00059,0.00000,True,True,True
16.4179,0.0000,0.9226,-55.9368,0.01709,0.99938,0.00062,0.00000,True,True,True
16.4324,0.0000,0.9229,-55.9512,0.01437,0.99936,0.00064,0.00000,True,True,True
16.4466,0.0000,0.9232,-55.9647,0.01354,0.99935,0.00065,0.00000,True,True,True
16.4629,0.0000,0.9235,-55.9796,0.01494,0.99933,0.00067,0.00000,True,True,True
16.4764,0.0000,0.9235,-55.9796,0.00000,0.99933,0.00067,0.00000,True,True,True
16.4914,0.0000,0.9235,-55.9810,0.00134,0.99932,0.00068,0.00000,True,True,True
16.5045,0.0000,0.9236,-55.9830,0.00206,0.99932,0.00068,0.00000,True,True,True
16.5194,0.0000,0.9236,-55.9863,0.00329,0.99932,0.00068,0.00000,True,True,True
16.5343,0.0000,0.9237,-55.9910,0.00472,0.99931,0.00069,0.00000,True,True,True
16.5474,0.0000,0.9238,-55.9966,0.00553,0.99930,0.00070,0.00000,True,True,True
16.5629,0.0000,0.9240,-56.0038,0.00728,0.99929,0.00071,0.00000,True,True,True
16.5756,0.0000,0.9241,-56.0109,0.00710,0.99928,0.00072,0.00000,True,True,True
16.5915,0.0000,0.9244,-56.0210,0.01007,0.99927,0.00073,0.00000,True,True,True
16.6056,0.0000,0.9246,-56.0310,0.00997,0.99925,0.00075,0.00000,True,True,True
16.6217,0.0000,0.9248,-56.0435,0.01248,0.99924,0.00076,0.00000,True,True,True
16.6351,0.0000,0.9251,-56.0556,0.01210,0.99922,0.00078,0.00000,True,True,True
16.6510,0.0000,0.9254,-56.0702,0.01463,0.99920,0.00080,0.00000,True,True,True
16.6651,0.0000,0.9257,-56.0856,0.01543,0.99917,0.00083,0.00000,True,True,True
16.6798,0.0000,0.9261,-56.1019,0.01633,0.99915,0.00085,0.00000,True,True,True
16.6962,0.0000,0.9265,-56.1219,0.01993,0.99912,0.00088,0.00000,True,True,True
16.7106,0.0000,0.9269,-56.1405,0.01867,0.99909,0.00091,0.00000,True,True,True
16.7241,0.0000,0.9273,-56.1588,0.01827,0.99906,0.00094,0.00000,True,True,True
16.7377,0.0000,0.9277,-56.1787,0.01997,0.99903,0.00097,0.00000,True,True,True
16.7514,0.0000,0.9282,-56.1997,0.02097,0.99899,0.00101,0.00000,True,True,True
16.7672,0.0000,0.9287,-56.2246,0.02490,0.99895,0.00105,0.00000,True,True,True
16.7814,0.0000,0.9292,-56.2475,0.02290,0.99891,0.00109,0.00000,True,True,True
16.7962,0.0000,0.9298,-56.2745,0.02703,0.99886,0.00114,0.00000,True,True,True
16.8094,0.0000,0.9303,-56.2988,0.02425,0.99882,0.00118,0.00000,True,True,True
16.8266,0.0000,0.9310,-56.3311,0.03233,0.99876,0.00124,0.00000,True,True,True
16.8402,0.0000,0.9316,-56.3586,0.02753,0.99871,0.00129,0.00000,True,True,True
16.8546,0.0000,0.9322,-56.3891,0.03046,0.99865,0.00135,0.00000,True,True,True
16.8685,0.0000,0.9329,-56.4192,0.03015,0.99859,0.00141,0.00000,True,True,True
16.8850,0.0000,0.9336,-56.4555,0.03631,0.99852,0.00148,0.00000,True,True,True
16.8987,0.0000,0.9343,-56.4867,0.03122,0.99845,0.00155,0.00000,True,True,True
16.9131,0.0000,0.9350,-56.5189,0.03221,0.99839,0.00161,0.00000,True,True,True
16.9298,0.0000,0.9358,-56.5563,0.03732,0.99831,0.00169,0.00000,True,True,True
16.9463,0.0000,0.9366,-56.5938,0.03755,0.99823,0.00177,0.00000,True,True,True
16.9610,0.0000,0.9374,-56.6265,0.03275,0.99815,0.00185,0.00000,True,True,True
16.9748,0.0000,0.9381,-56.6584,0.03188,0.99808,0.00192,0.00000,True,True,True
16.9907,0.0000,0.9389,-56.6939,0.03551,0.99800,0.00200,0.00000,True,True,True
17.0056,0.0000,0.9396,-56.7269,0.03305,0.99792,0.00208,0.00000,True,True,True
17.0211,0.0000,0.9404,-56.7624,0.03547,0.99783,0.00217,0.00000,True,True,True
17.0340,0.0000,0.9410,-56.7916,0.02918,0.99776,0.00224,0.00000,True,True,True
17.0483,0.0000,0.9417,-56.8239,0.03234,0.99768,0.00232,0.00000,True,True,True
17.0627,0.0000,0.9424,-56.8561,0.03219,0.99760,0.00240,0.00000,True,True,True
17.0776,0.0000,0.9431,-56.8887,0.03265,0.99752,0.00248,0.00000,True,True,True
17.0934,0.0000,0.9439,-56.9243,0.03558,0.99742,0.00258,0.00000,True,True,True
17.1069,0.0000,0.9446,-56.9554,0.03107,0.99734,0.00266,0.00000,True,True,True
17.1209,0.0000,0.9453,-56.9872,0.03179,0.99725,0.00275,0.00000,True,True,True
17.1348,0.0000,0.9460,-57.0180,0.03085,0.99717,0.00283,0.00000,True,True,True
17.1517,0.0000,0.9469,-57.0554,0.03740,0.99706,0.00294,0.00000,True,True,True
17.1657,0.0000,0.9476,-57.0873,0.03194,0.99697,0.00303,0.00000,True,True,True
17.1797,0.0000,0.9483,-57.1188,0.03150,0.99688,0.00312,0.00000,True,True,True
17.1950,0.0000,0.9491,-57.1522,0.03344,0.99678,0.00322,0.00000,True,True,True
17.2106,0.0000,0.9499,-57.1881,0.03591,0.99668,0.00332,0.00000,True,True,True
17.2235,0.0000,0.9506,-57.2178,0.02964,0.99659,0.00341,0.00000,True,True,True
17.2385,0.0000,0.9513,-57.2506,0.03279,0.99649,0.00351,0.00000,True,True,True
17.2547,0.0000,0.9521,-57.2875,0.03692,0.99637,0.00363,0.00000,True,True,True
17.2671,0.0000,0.9528,-57.3158,0.02830,0.99628,0.00372,0.00000,True,True,True
17.2837,0.0000,0.9536,-57.3523,0.03656,0.99617,0.00383,0.00000,True,True,True
17.2974,0.0000,0.9543,-57.3835,0.03115,0.99606,0.00394,0.00000,True,True,True
17.3134,0.0000,0.9551,-57.4186,0.03516,0.99595,0.00405,0.00000,True,True,True
17.3276,0.0000,0.9559,-57.4510,0.03239,0.99584,0.00416,0.00000,True,True,True
17.3423,0.0000,0.9566,-57.4838,0.03283,0.99573,0.00427,0.00000,True,True,True
17.3569,0.0000,0.9574,-57.5171,0.03331,0.99562,0.00438,0.00000,True,True,True
17.3718,0.0000,0.9582,-57.5503,0.03320,0.99550,0.00450,0.00000,True,True,True
17.3884,0.0000,0.9590,-57.5873,0.03703,0.99537,0.00463,0.00000,True,True,True
17.4012,0.0000,0.9597,-57.6176,0.03032,0.99527,0.00473,0.00000,True,True,True
17.4154,0.0000,0.9605,-57.6495,0.03190,0.99515,0.00485,0.00000,True,True,True
17.4307,0.0000,0.9613,-57.6840,0.03448,0.99503,0.00497,0.00000,True,True,True
17.4467,0.0000,0.9621,-57.7189,0.03495,0.99490,0.00510,0.00000,True,True,True
17.4632,0.0000,0.9630,-57.7559,0.03696,0.99476,0.00524,0.00000,True,True,True
17.4802,0.0000,0.9639,-57.7936,0.03771,0.99462,0.00538,0.00000,True,True,True
17.4932,0.0000,0.9646,-57.8246,0.03103,0.99450,0.00550,0.00000,True,True,True
17.5082,0.0000,0.9653,-57.8575,0.03287,0.99437,0.00563,0.00000,True,True,True
17.5224,0.0000,0.9661,-57.8895,0.03208,0.99425,0.00575,0.00000,True,True,True
17.5382,0.0000,0.9669,-57.9247,0.03519,0.99411,0.00589,0.00000,True,True,True
17.5510,0.0000,0.9676,-57.9540,0.02926,0.99399,0.00601,0.00000,True,True,True
17.5675,0.0000,0.9685,-57.9912,0.03725,0.99384,0.00616,0.00000,True,True,True
17.5817,0.0000,0.9692,-58.0227,0.03152,0.99371,0.00629,0.00000,True,True,True
17.5961,0.0000,0.9700,-58.0557,0.03301,0.99358,0.00642,0.00000,True,True,True
17.6110,0.0000,0.9708,-58.0876,0.03194,0.99345,0.00655,0.00000,True,True,True
17.6266,0.0000,0.9717,-58.1233,0.03572,0.99330,0.00670,0.00000,True,True,True
17.6398,0.0000,0.9724,-58.1542,0.03087,0.99316,0.00684,0.00000,True,True,True
17.6549,0.0000,0.9732,-58.1870,0.03276,0.99302,0.00698,0.00000,True,True,True
17.6677,0.0000,0.9739,-58.2171,0.03011,0.99289,0.00711,0.00000,True,True,True
17.6831,0.0000,0.9748,-58.2518,0.03475,0.99274,0.00726,0.00000,True,True,True
17.6962,0.0000,0.9755,-58.2812,0.02944,0.99261,0.00739,0.00000,True,True,True
17.7097,0.0000,0.9762,-58.3118,0.03055,0.99248,0.00752,0.00000,True,True,True
17.7242,0.0000,0.9770,-58.3438,0.03199,0.99233,0.00767,0.00000,True,True,True
17.7379,0.0000,0.9777,-58.3751,0.03132,0.99219,0.00781,0.00000,True,True,True
17.7517,0.0000,0.9785,-58.4061,0.03105,0.99205,0.00795,0.00000,True,True,True
17.7670,0.0000,0.9793,-58.4405,0.03446,0.99189,0.00811,0.00000,True,True,True
17.7797,0.0000,0.9800,-58.4692,0.02868,0.99176,0.00824,0.00000,True,True,True
17.7933,0.0000,0.9807,-58.4999,0.03068,0.99161,0.00839,0.00000,True,True,True
17.8075,0.0000,0.9815,-58.5309,0.03104,0.99147,0.00853,0.00000,True,True,True
17.8209,0.0000,0.9823,-58.5619,0.03095,0.99132,0.00868,0.00000,True,True,True
17.8345,0.0000,0.9830,-58.5924,0.03053,0.99117,0.00883,0.00000,True,True,True
17.8503,0.0000,0.9839,-58.6278,0.03547,0.99100,0.00900,0.00000,True,True,True
17.8632,0.0000,0.9846,-58.6567,0.02885,0.99086,0.00914,0.00000,True,True,True
17.8796,0.0000,0.9855,-58.6931,0.03647,0.99068,0.00932,0.00000,True,True,True
17.8932,0.0000,0.9863,-58.7237,0.03061,0.99053,0.00947,0.00000,True,True,True
17.9087,0.0000,0.9871,-58.7588,0.03507,0.99035,0.00965,0.00000,True,True,True
17.9216,0.0000,0.9879,-58.7881,0.02932,0.99021,0.00979,0.00000,True,True,True
17.9379,0.0000,0.9888,-58.8245,0.03637,0.99002,0.00998,0.00000,True,True,True
17.9504,0.0000,0.9895,-58.8530,0.02856,0.98988,0.01012,0.00000,True,True,True
17.9658,0.0000,0.9903,-58.8874,0.03440,0.98970,0.01030,0.00000,True,True,True
17.9802,0.0000,0.9911,-58.9194,0.03197,0.98953,0.01047,0.00000,True,True,True
17.9945,0.0000,0.9919,-58.9515,0.03214,0.98936,0.01064,0.00000,True,True,True
18.0085,0.0000,0.9927,-58.9831,0.03164,0.98920,0.01080,0.00000,True,True,True
18.0241,0.0000,0.9936,-59.0184,0.03530,0.98901,0.01099,0.00000,True,True,True
18.0376,0.0000,0.9943,-59.0493,0.03086,0.98884,0.01116,0.00000,True,True,True
18.0517,0.0000,0.9951,-59.0800,0.03071,0.98867,0.01133,0.00000,True,True,True
18.0669,0.0000,0.9960,-59.1145,0.03456,0.98849,0.01151,0.00000,True,True,True
18.0800,0.0000,0.9967,-59.1437,0.02919,0.98833,0.01167,0.00000,True,True,True
18.0935,0.0000,0.9975,-59.1750,0.03128,0.98815,0.01185,0.00000,True,True,True
18.1080,0.0000,0.9983,-59.2066,0.03168,0.98798,0.01202,0.00000,True,True,True
18.1236,0.0000,0.9992,-59.2409,0.03427,0.98779,0.01221,0.00000,True,True,True
18.1380,0.0000,1.0000,-59.2742,0.03332,0.98760,0.01240,0.00000,True,True,True
18.1514,0.0000,1.0008,-59.3052,0.03100,0.98742,0.01258,0.00000,True,True,True
18.1652,0.0000,1.0016,-59.3363,0.03111,0.98724,0.01276,0.00000,True,True,True
18.1809,0.0000,1.0025,-59.3706,0.03433,0.98704,0.01296,0.00000,True,True,True
18.1969,0.0000,1.0034,-59.4070,0.03638,0.98683,0.01317,0.00000,True,True,True
18.2138,0.0000,1.0043,-59.4429,0.03599,0.98662,0.01338,0.00000,True,True,True
18.2298,0.0000,1.0053,-59.4807,0.03775,0.98640,0.01360,0.00000,True,True,True
18.2431,0.0000,1.0061,-59.5114,0.03068,0.98622,0.01378,0.00000,True,True,True
18.2575,0.0000,1.0069,-59.5433,0.03191,0.98603,0.01397,0.00000,True,True,True
18.2714,0.0000,1.0077,-59.5750,0.03171,0.98584,0.01416,0.00000,True,True,True
18.2881,0.0000,1.0087,-59.6118,0.03687,0.98561,0.01439,0.00000,True,True,True
18.3046,0.0000,1.0096,-59.6490,0.03719,0.98539,0.01461,0.00000,True,True,True
18.3167,0.0000,1.0104,-59.6767,0.02768,0.98522,0.01478,0.00000,True,True,True
18.3312,0.0000,1.0112,-59.7085,0.03188,0.98502,0.01498,0.00000,True,True,True
18.3464,0.0000,1.0121,-59.7427,0.03417,0.98481,0.01519,0.00000,True,True,True
18.3594,0.0000,1.0128,-59.7723,0.02966,0.98462,0.01538,0.00000,True,True,True
18.3762,0.0000,1.0138,-59.8099,0.03758,0.98438,0.01562,0.00000,True,True,True
18.3897,0.0000,1.0146,-59.8410,0.03108,0.98419,0.01581,0.00000,True,True,True
18.4046,0.0000,1.0155,-59.8739,0.03291,0.98398,0.01602,0.00000,True,True,True
18.4183,0.0000,1.0163,-59.9055,0.03167,0.98377,0.01623,0.00000,True,True,True
18.4331,0.0000,1.0171,-59.9374,0.03182,0.98357,0.01643,0.00000,True,True,True
18.4471,0.0000,1.0180,-59.9697,0.03232,0.98336,0.01664,0.00000,True,True,True
18.4631,0.0000,1.0189,-60.0053,0.03561,0.98312,0.01688,0.00000,True,True,True
18.4796,0.0000,1.0199,-60.0426,0.03736,0.98288,0.01712,0.00000,True,True,True
18.4913,0.0000,1.0206,-60.0694,0.02685,0.98270,0.01730,0.00000,True,True,True
18.5056,0.0000,1.0214,-60.1012,0.03180,0.98249,0.01751,0.00000,True,True,True
18.5217,0.0000,1.0224,-60.1368,0.03563,0.98225,0.01775,0.00000,True,True,True
18.5344,0.0000,1.0232,-60.1665,0.02962,0.98205,0.01795,0.00000,True,True,True
18.5493,0.0000,1.0240,-60.1992,0.03274,0.98183,0.01817,0.00000,True,True,True
18.5635,0.0000,1.0249,-60.2319,0.03273,0.98161,0.01839,0.00000,True,True,True
18.5798,0.0000,1.0259,-60.2677,0.03581,0.98136,0.01864,0.00000,True,True,True
18.5962,0.0000,1.0268,-60.3051,0.03738,0.98110,0.01890,0.00000,True,True,True
18.6100,0.0000,1.0277,-60.3359,0.03080,0.98089,0.01911,0.00000,True,True,True
18.6244,0.0000,1.0285,-60.3685,0.03268,0.98066,0.01934,0.00000,True,True,True
18.6400,0.0000,1.0295,-60.4033,0.03473,0.98042,0.01958,0.00000,True,True,True
18.6546,0.0000,1.0303,-60.4362,0.03297,0.98019,0.01981,0.00000,True,True,True
18.6676,0.0000,1.0311,-60.4661,0.02994,0.97997,0.02003,0.00000,True,True,True
18.6830,0.0000,1.0320,-60.5010,0.03490,0.97973,0.02027,0.00000,True,True,True
18.6969,0.0000,1.0329,-60.5320,0.03093,0.97950,0.02050,0.00000,True,True,True
18.7129,0.0000,1.0339,-60.5676,0.03567,0.97925,0.02075,0.00000,True,True,True
18.7250,0.0000,1.0346,-60.5954,0.02776,0.97905,0.02095,0.00000,True,True,True
18.7401,0.0000,1.0355,-60.6292,0.03388,0.97880,0.02120,0.00000,True,True,True
18.7542,0.0000,1.0364,-60.6610,0.03178,0.97857,0.02143,0.00000,True,True,True
18.7681,0.0000,1.0372,-60.6916,0.03057,0.97834,0.02166,0.00000,True,True,True
18.7821,0.0000,1.0381,-60.7239,0.03235,0.97810,0.02190,0.00000,True,True,True
18.7964,0.0000,1.0390,-60.7558,0.03194,0.97786,0.02214,0.00000,True,True,True
18.8110,0.0000,1.0398,-60.7878,0.03201,0.97763,0.02237,0.00000,True,True,True
18.8272,0.0000,1.0408,-60.8244,0.03655,0.97735,0.02265,0.00000,True,True,True
18.8410,0.0000,1.0417,-60.8554,0.03105,0.97712,0.02288,0.00000,True,True,True
18.8561,0.0000,1.0426,-60.8890,0.03359,0.97686,0.02314,0.00000,True,True,True
18.8716,0.0000,1.0435,-60.9242,0.03523,0.97659,0.02341,0.00000,True,True,True
18.8884,0.0000,1.0445,-60.9617,0.03755,0.97631,0.02369,0.00000,True,True,True
18.9011,0.0000,1.0453,-60.9914,0.02969,0.97608,0.02392,0.00000,True,True,True
18.9182,0.0000,1.0464,-61.0286,0.03721,0.97579,0.02421,0.00000,True,True,True
18.9322,0.0000,1.0472,-61.0601,0.03147,0.97554,0.02446,0.00000,True,True,True
18.9471,0.0000,1.0482,-61.0939,0.03391,0.97528,0.02472,0.00000,True,True,True
18.9629,0.0000,1.0492,-61.1298,0.03582,0.97500,0.02500,0.00000,True,True,True
18.9761,0.0000,1.0500,-61.1596,0.02984,0.97476,0.02524,0.00000,True,True,True
18.9913,0.0000,1.0509,-61.1928,0.03324,0.97450,0.02550,0.00000,True,True,True
19.0062,0.0000,1.0519,-61.2273,0.03446,0.97422,0.02578,0.00000,True,True,True
19.0213,0.0000,1.0528,-61.2610,0.03371,0.97395,0.02605,0.00000,True,True,True
19.0359,0.0000,1.0537,-61.2934,0.03245,0.97369,0.02631,0.00000,True,True,True
19.0501,0.0000,1.0546,-61.3263,0.03290,0.97343,0.02657,0.00000,True,True,True
19.0664,0.0000,1.0556,-61.3626,0.03633,0.97313,0.02687,0.00000,True,True,True
19.0799,0.0000,1.0564,-61.3929,0.03027,0.97288,0.02712,0.00000,True,True,True
19.0961,0.0000,1.0574,-61.4297,0.03681,0.97258,0.02742,0.00000,True,True,True
19.1091,0.0000,1.0583,-61.4589,0.02922,0.97234,0.02766,0.00000,True,True,True
19.1253,0.0000,1.0593,-61.4951,0.03624,0.97204,0.02796,0.00000,True,True,True
19.1389,0.0000,1.0601,-61.5259,0.03087,0.97178,0.02822,0.00000,True,True,True
19.1548,0.0000,1.0611,-61.5609,0.03502,0.97149,0.02851,0.00000,True,True,True
19.1674,0.0000,1.0619,-61.5897,0.02880,0.97125,0.02875,0.00000,True,True,True
19.1833,0.0000,1.0629,-61.6229,0.03320,0.97097,0.02903,0.00000,True,True,True
19.1974,0.0000,1.0637,-61.6514,0.02849,0.97073,0.02927,0.00000,True,True,True
19.2137,0.0000,1.0645,-61.6825,0.03110,0.97047,0.02953,0.00000,True,True,True
19.2279,0.0000,1.0653,-61.7096,0.02715,0.97023,0.02977,0.00000,True,True,True
19.2414,0.0000,1.0660,-61.7354,0.02573,0.97001,0.02999,0.00000,True,True,True
19.2573,0.0000,1.0668,-61.7630,0.02766,0.96978,0.03022,0.00000,True,True,True
19.2731,0.0000,1.0675,-61.7881,0.02509,0.96956,0.03044,0.00000,True,True,True
19.2876,0.0000,1.0682,-61.8113,0.02326,0.96936,0.03064,0.00000,True,True,True
19.3019,0.0000,1.0687,-61.8320,0.02069,0.96918,0.03082,0.00000,True,True,True
19.3180,0.0000,1.0694,-61.8542,0.02224,0.96899,0.03101,0.00000,True,True,True
19.3314,0.0000,1.0699,-61.8721,0.01787,0.96883,0.03117,0.00000,True,True,True
19.3466,0.0000,1.0704,-61.8907,0.01856,0.96867,0.03133,0.00000,True,True,True
19.3594,0.0000,1.0708,-61.9058,0.01513,0.96854,0.03146,0.00000,True,True,True
19.3750,0.0000,1.0713,-61.9225,0.01673,0.96839,0.03161,0.00000,True,True,True
19.3891,0.0000,1.0717,-61.9365,0.01397,0.96827,0.03173,0.00000,True,True,True
19.4046,0.0000,1.0721,-61.9506,0.01411,0.96814,0.03186,0.00000,True,True,True
19.4193,0.0000,1.0724,-61.9628,0.01225,0.96803,0.03197,0.00000,True,True,True
19.4353,0.0000,1.0728,-61.9748,0.01198,0.96793,0.03207,0.00000,True,True,True
19.4485,0.0000,1.0730,-61.9840,0.00918,0.96785,0.03215,0.00000,True,True,True
19.4631,0.0000,1.0730,-61.9840,0.00000,0.96785,0.03215,0.00000,True,True,True
19.5049,0.0000,1.0730,-61.9833,0.00064,0.96785,0.03215,0.00000,True,True,True
19.5236,0.0000,1.0729,-61.9791,0.00426,0.96789,0.03211,0.00000,True,True,True
19.5380,0.0000,1.0728,-61.9745,0.00457,0.96793,0.03207,0.00000,True,True,True
19.5525,0.0000,1.0726,-61.9683,0.00625,0.96799,0.03201,0.00000,True,True,True
19.5659,0.0000,1.0724,-61.9610,0.00726,0.96805,0.03195,0.00000,True,True,True
19.5802,0.0000,1.0721,-61.9518,0.00920,0.96813,0.03187,0.00000,True,True,True
19.5960,0.0000,1.0718,-61.9417,0.01015,0.96822,0.03178,0.00000,True,True,True
19.6088,0.0000,1.0716,-61.9334,0.00826,0.96829,0.03171,0.00000,True,True,True
19.6250,0.0000,1.0713,-61.9228,0.01061,0.96839,0.03161,0.00000,True,True,True
19.6393,0.0000,1.0710,-61.9137,0.00911,0.96847,0.03153,0.00000,True,True,True
19.6546,0.0000,1.0708,-61.9038,0.00988,0.96855,0.03145,0.00000,True,True,True
19.6676,0.0000,1.0705,-61.8953,0.00855,0.96863,0.03137,0.00000,True,True,True
19.6831,0.0000,1.0702,-61.8852,0.01004,0.96872,0.03128,0.00000,True,True,True
19.6967,0.0000,1.0700,-61.8764,0.00882,0.96879,0.03121,0.00000,True,True,True
19.7113,0.0000,1.0697,-61.8657,0.01070,0.96889,0.03111,0.00000,True,True,True
19.7246,0.0000,1.0694,-61.8538,0.01192,0.96899,0.03101,0.00000,True,True,True
19.7400,0.0000,1.0689,-61.8389,0.01489,0.96912,0.03088,0.00000,True,True,True
19.7544,0.0000,1.0685,-61.8235,0.01546,0.96925,0.03075,0.00000,True,True,True
19.7691,0.0000,1.0680,-61.8066,0.01691,0.96940,0.03060,0.00000,True,True,True
19.7852,0.0000,1.0674,-61.7851,0.02146,0.96959,0.03041,0.00000,True,True,True
19.7979,0.0000,1.0669,-61.7669,0.01825,0.96974,0.03026,0.00000,True,True,True
19.8130,0.0000,1.0663,-61.7445,0.02237,0.96993,0.03007,0.00000,True,True,True
19.8261,0.0000,1.0657,-61.7226,0.02191,0.97012,0.02988,0.00000,True,True,True
19.8413,0.0000,1.0649,-61.6962,0.02645,0.97035,0.02965,0.00000,True,True,True
19.8542,0.0000,1.0643,-61.6726,0.02353,0.97055,0.02945,0.00000,True,True,True
19.8675,0.0000,1.0635,-61.6471,0.02555,0.97077,0.02923,0.00000,True,True,True
19.8819,0.0000,1.0627,-61.6180,0.02907,0.97101,0.02899,0.00000,True,True,True
19.8960,0.0000,1.0619,-61.5875,0.03058,0.97127,0.02873,0.00000,True,True,True
19.9127,0.0000,1.0608,-61.5498,0.03766,0.97158,0.02842,0.00000,True,True,True
19.9252,0.0000,1.0600,-61.5200,0.02979,0.97183,0.02817,0.00000,True,True,True
19.9387,0.0000,1.0590,-61.4868,0.03323,0.97211,0.02789,0.00000,True,True,True
19.9543,0.0000,1.0579,-61.4465,0.04031,0.97244,0.02756,0.00000,True,True,True
19.9673,0.0000,1.0570,-61.4118,0.03477,0.97273,0.02727,0.00000,True,True,True
19.9801,0.0000,1.0560,-61.3761,0.03565,0.97302,0.02698,0.00000,True,True,True
19.9941,0.0000,1.0549,-61.3367,0.03946,0.97334,0.02666,0.00000,True,True,True
20.0076,0.0000,1.0537,-61.2956,0.04110,0.97367,0.02633,0.00000,True,True,True
20.0236,0.0000,1.0524,-61.2465,0.04917,0.97407,0.02593,0.00000,True,True,True
20.0375,0.0000,1.0511,-61.2016,0.04489,0.97443,0.02557,0.00000,True,True,True
20.0523,0.0000,1.0498,-61.1528,0.04883,0.97482,0.02518,0.00000,True,True,True
20.0650,0.0000,1.0486,-61.1090,0.04376,0.97516,0.02484,0.00000,True,True,True
20.0791,0.0000,1.0472,-61.0594,0.04963,0.97555,0.02445,0.00000,True,True,True
20.0920,0.0000,1.0459,-61.0129,0.04651,0.97591,0.02409,0.00000,True,True,True
20.1070,0.0000,1.0444,-60.9574,0.05561,0.97634,0.02366,0.00000,True,True,True
20.1209,0.0000,1.0430,-60.9041,0.05332,0.97675,0.02325,0.00000,True,True,True
20.1334,0.0000,1.0416,-60.8549,0.04913,0.97712,0.02288,0.00000,True,True,True
20.1470,0.0000,1.0402,-60.8002,0.05480,0.97753,0.02247,0.00000,True,True,True
20.1609,0.0000,1.0386,-60.7438,0.05633,0.97795,0.02205,0.00000,True,True,True
20.1758,0.0000,1.0369,-60.6794,0.06445,0.97843,0.02157,0.00000,True,True,True
20.1885,0.0000,1.0354,-60.6243,0.05516,0.97883,0.02117,0.00000,True,True,True
20.2021,0.0000,1.0338,-60.5652,0.05914,0.97926,0.02074,0.00000,True,True,True
20.2156,0.0000,1.0321,-60.5032,0.06198,0.97971,0.02029,0.00000,True,True,True
20.2294,0.0000,1.0304,-60.4398,0.06343,0.98016,0.01984,0.00000,True,True,True
20.2461,0.0000,1.0283,-60.3595,0.08035,0.98073,0.01927,0.00000,True,True,True
20.2572,0.0000,1.0268,-60.3051,0.05439,0.98110,0.01890,0.00000,True,True,True
20.2715,0.0000,1.0250,-60.2359,0.06918,0.98158,0.01842,0.00000,True,True,True
20.2847,0.0000,1.0232,-60.1685,0.06744,0.98204,0.01796,0.00000,True,True,True
20.2998,0.0000,1.0211,-60.0898,0.07875,0.98257,0.01743,0.00000,True,True,True
20.3126,0.0000,1.0193,-60.0222,0.06767,0.98301,0.01699,0.00000,True,True,True
20.3262,0.0000,1.0174,-59.9496,0.07258,0.98349,0.01651,0.00000,True,True,True
20.3397,0.0000,1.0156,-59.8769,0.07276,0.98396,0.01604,0.00000,True,True,True
20.3542,0.0000,1.0135,-59.7979,0.07903,0.98446,0.01554,0.00000,True,True,True
20.3687,0.0000,1.0115,-59.7196,0.07827,0.98495,0.01505,0.00000,True,True,True
20.3817,0.0000,1.0097,-59.6504,0.06928,0.98538,0.01462,0.00000,True,True,True
20.3959,0.0000,1.0077,-59.5728,0.07757,0.98585,0.01415,0.00000,True,True,True
20.4100,0.0000,1.0057,-59.4968,0.07608,0.98630,0.01370,0.00000,True,True,True
20.4250,0.0000,1.0036,-59.4158,0.08097,0.98678,0.01322,0.00000,True,True,True
20.4380,0.0000,1.0019,-59.3457,0.07012,0.98719,0.01281,0.00000,True,True,True
20.4513,0.0000,1.0000,-59.2737,0.07199,0.98760,0.01240,0.00000,True,True,True
20.4650,0.0000,0.9982,-59.2000,0.07380,0.98801,0.01199,0.00000,True,True,True
20.4792,0.0000,0.9962,-59.1235,0.07650,0.98844,0.01156,0.00000,True,True,True
20.4960,0.0000,0.9939,-59.0327,0.09081,0.98893,0.01107,0.00000,True,True,True
20.5070,0.0000,0.9924,-58.9731,0.05965,0.98925,0.01075,0.00000,True,True,True
20.5209,0.0000,0.9906,-58.8984,0.07470,0.98964,0.01036,0.00000,True,True,True
20.5342,0.0000,0.9888,-58.8271,0.07135,0.99001,0.00999,0.00000,True,True,True
20.5490,0.0000,0.9868,-58.7470,0.08010,0.99041,0.00959,0.00000,True,True,True
20.5626,0.0000,0.9850,-58.6731,0.07391,0.99078,0.00922,0.00000,True,True,True
20.5753,0.0000,0.9833,-58.6052,0.06793,0.99111,0.00889,0.00000,True,True,True
20.5886,0.0000,0.9815,-58.5325,0.07274,0.99146,0.00854,0.00000,True,True,True
20.6022,0.0000,0.9797,-58.4592,0.07327,0.99180,0.00820,0.00000,True,True,True
20.6170,0.0000,0.9778,-58.3791,0.08012,0.99217,0.00783,0.00000,True,True,True
20.6297,0.0000,0.9762,-58.3111,0.06801,0.99248,0.00752,0.00000,True,True,True
20.6433,0.0000,0.9744,-58.2378,0.07336,0.99280,0.00720,0.00000,True,True,True
20.6570,0.0000,0.9726,-58.1634,0.07443,0.99313,0.00688,0.00000,True,True,True
20.6708,0.0000,0.9708,-58.0890,0.07442,0.99344,0.00656,0.00000,True,True,True
20.6875,0.0000,0.9687,-57.9988,0.09022,0.99381,0.00619,0.00000,True,True,True
20.6983,0.0000,0.9673,-57.9402,0.05858,0.99405,0.00595,0.00000,True,True,True
20.7125,0.0000,0.9655,-57.8638,0.07643,0.99435,0.00565,0.00000,True,True,True
20.7253,0.0000,0.9639,-57.7962,0.06766,0.99461,0.00539,0.00000,True,True,True
20.7407,0.0000,0.9620,-57.7161,0.08010,0.99491,0.00509,0.00000,True,True,True
20.7546,0.0000,0.9604,-57.6469,0.06919,0.99516,0.00484,0.00000,True,True,True
20.7709,0.0000,0.9585,-57.5646,0.08231,0.99545,0.00455,0.00000,True,True,True
20.7837,0.0000,0.9570,-57.5019,0.06274,0.99567,0.00433,0.00000,True,True,True
20.7991,0.0000,0.9554,-57.4291,0.07285,0.99591,0.00409,0.00000,True,True,True
20.8127,0.0000,0.9539,-57.3661,0.06305,0.99612,0.00388,0.00000,True,True,True
20.8263,0.0000,0.9525,-57.3038,0.06229,0.99632,0.00368,0.00000,True,True,True
20.8402,0.0000,0.9511,-57.2416,0.06224,0.99651,0.00349,0.00000,True,True,True
20.8543,0.0000,0.9497,-57.1804,0.06114,0.99670,0.00330,0.00000,True,True,True
20.8681,0.0000,0.9484,-57.1222,0.05823,0.99687,0.00313,0.00000,True,True,True
20.8832,0.0000,0.9470,-57.0595,0.06278,0.99705,0.00295,0.00000,True,True,True
20.8965,0.0000,0.9457,-57.0061,0.05335,0.99720,0.00280,0.00000,True,True,True
20.9108,0.0000,0.9445,-56.9516,0.05454,0.99735,0.00265,0.00000,True,True,True
20.9246,0.0000,0.9433,-56.8976,0.05396,0.99749,0.00251,0.00000,True,True,True
20.9424,0.0000,0.9419,-56.8331,0.06453,0.99766,0.00234,0.00000,True,True,True
20.9576,0.0000,0.9407,-56.7789,0.05428,0.99779,0.00221,0.00000,True,True,True
20.9724,0.0000,0.9396,-56.7275,0.05137,0.99792,0.00208,0.00000,True,True,True
20.9882,0.0000,0.9384,-56.6755,0.05198,0.99804,0.00196,0.00000,True,True,True
21.0034,0.0000,0.9374,-56.6285,0.04700,0.99815,0.00185,0.00000,True,True,True
21.0181,0.0000,0.9363,-56.5797,0.04889,0.99826,0.00174,0.00000,True,True,True
21.0317,0.0000,0.9354,-56.5381,0.04157,0.99835,0.00165,0.00000,True,True,True
21.0467,0.0000,0.9345,-56.4961,0.04199,0.99844,0.00156,0.00000,True,True,True
21.0630,0.0000,0.9335,-56.4498,0.04635,0.99853,0.00147,0.00000,True,True,True
21.0757,0.0000,0.9328,-56.4155,0.03429,0.99860,0.00140,0.00000,True,True,True
21.0916,0.0000,0.9319,-56.3746,0.04091,0.99868,0.00132,0.00000,True,True,True
21.1063,0.0000,0.9311,-56.3391,0.03548,0.99874,0.00126,0.00000,True,True,True
21.1214,0.0000,0.9304,-56.3037,0.03548,0.99881,0.00119,0.00000,True,True,True
21.1348,0.0000,0.9297,-56.2730,0.03065,0.99886,0.00114,0.00000,True,True,True
21.1489,0.0000,0.9291,-56.2434,0.02967,0.99892,0.00108,0.00000,True,True,True
21.1636,0.0000,0.9285,-56.2132,0.03017,0.99897,0.00103,0.00000,True,True,True
21.1799,0.0000,0.9278,-56.1827,0.03054,0.99902,0.00098,0.00000,True,True,True
21.1933,0.0000,0.9273,-56.1578,0.02489,0.99906,0.00094,0.00000,True,True,True
21.2078,0.0000,0.9268,-56.1334,0.02440,0.99910,0.00090,0.00000,True,True,True
21.2234,0.0000,0.9262,-56.1090,0.02437,0.99914,0.00086,0.00000,True,True,True
21.2380,0.0000,0.9258,-56.0875,0.02150,0.99917,0.00083,0.00000,True,True,True
21.2513,0.0000,0.9254,-56.0689,0.01860,0.99920,0.00080,0.00000,True,True,True
21.2663,0.0000,0.9250,-56.0506,0.01833,0.99922,0.00078,0.00000,True,True,True
21.2818,0.0000,0.9246,-56.0333,0.01728,0.99925,0.00075,0.00000,True,True,True
21.2960,0.0000,0.9243,-56.0177,0.01564,0.99927,0.00073,0.00000,True,True,True
21.3105,0.0000,0.9243,-56.0177,0.00000,0.99927,0.00073,0.00000,True,True,True
21.3264,0.0000,0.9242,-56.0157,0.00197,0.99928,0.00072,0.00000,True,True,True
21.3403,0.0000,0.9242,-56.0126,0.00312,0.99928,0.00072,0.00000,True,True,True
21.3551,0.0000,0.9241,-56.0076,0.00503,0.99929,0.00071,0.00000,True,True,True
21.3713,0.0000,0.9239,-56.0004,0.00719,0.99930,0.00070,0.00000,True,True,True
21.3879,0.0000,0.9237,-55.9906,0.00979,0.99931,0.00069,0.00000,True,True,True
21.4020,0.0000,0.9235,-55.9807,0.00983,0.99932,0.00068,0.00000,True,True,True
21.4158,0.0000,0.9233,-55.9698,0.01099,0.99934,0.00066,0.00000,True,True,True
21.4302,0.0000,0.9230,-55.9571,0.01266,0.99936,0.00064,0.00000,True,True,True
21.4465,0.0000,0.9227,-55.9407,0.01641,0.99938,0.00062,0.00000,True,True,True
21.4599,0.0000,0.9224,-55.9254,0.01535,0.99940,0.00060,0.00000,True,True,True
21.4767,0.0000,0.9219,-55.9046,0.02079,0.99942,0.00058,0.00000,True,True,True
21.4896,0.0000,0.9216,-55.8869,0.01773,0.99945,0.00055,0.00000,True,True,True
21.5049,0.0000,0.9211,-55.8655,0.02140,0.99947,0.00053,0.00000,True,True,True
21.5181,0.0000,0.9207,-55.8438,0.02161,0.99950,0.00050,0.00000,True,True,True
21.5338,0.0000,0.9202,-55.8178,0.02601,0.99953,0.00047,0.00000,True,True,True
21.5478,0.0000,0.9197,-55.7933,0.02453,0.99956,0.00044,0.00000,True,True,True
21.5631,0.0000,0.9191,-55.7644,0.02891,0.99959,0.00041,0.00000,True,True,True
21.5764,0.0000,0.9185,-55.7371,0.02735,0.99962,0.00038,0.00000,True,True,True
21.5903,0.0000,0.9179,-55.7077,0.02938,0.99965,0.00035,0.00000,True,True,True
21.6049,0.0000,0.9173,-55.6771,0.03060,0.99968,0.00032,0.00000,True,True,True
21.6184,0.0000,0.9166,-55.6443,0.03277,0.99971,0.00029,0.00000,True,True,True
21.6321,0.0000,0.9159,-55.6111,0.03322,0.99974,0.00026,0.00000,True,True,True
21.6465,0.0000,0.9152,-55.5747,0.03640,0.99977,0.00023,0.00000,True,True,True
21.6625,0.0000,0.9143,-55.5325,0.04220,0.99980,0.00020,0.00000,True,True,True
21.6757,0.0000,0.9135,-55.4963,0.03628,0.99983,0.00017,0.00000,True,True,True
21.6907,0.0000,0.9127,-55.4539,0.04243,0.99985,0.00015,0.00000,True,True,True
21.7042,0.0000,0.9119,-55.4137,0.04021,0.99988,0.00012,0.00000,True,True,True
21.7177,0.0000,0.9111,-55.3722,0.04143,0.99990,0.00010,0.00000,True,True,True
21.7340,0.0000,0.9101,-55.3216,0.05063,0.99993,0.00007,0.00000,True,True,True
21.7474,0.0000,0.9092,-55.2775,0.04414,0.99995,0.00005,0.00000,True,True,True
21.7631,0.0000,0.9082,-55.2247,0.05275,0.99996,0.00004,0.00000,True,True,True
21.7759,0.0000,0.9073,-55.1798,0.04497,0.99998,0.00002,0.00000,True,True,True
21.7918,0.0000,0.9061,-55.1216,0.05824,0.99999,0.00001,0.00000,True,True,True
21.8045,0.0000,0.9052,-55.0741,0.04748,1.00000,0.00000,0.00000,True,True,True
21.8195,0.0000,0.9041,-55.0187,0.05545,1.00000,0.00000,0.00000,True,True,True
21.8335,0.0000,0.9030,-54.9621,0.05661,1.00000,0.00000,0.00000,True,True,True
21.8492,0.0000,0.9018,-54.8992,0.06286,1.00000,0.00000,0.00000,True,True,True
21.8627,0.0000,0.9007,-54.8431,0.05613,1.00000,0.00000,0.00000,True,True,True
21.8773,0.0000,0.8996,-54.7833,0.05978,1.00000,0.00000,0.00000,True,True,True
21.8913,0.0000,0.8984,-54.7207,0.06266,1.00000,0.00000,0.00000,True,True,True
21.9057,0.0000,0.8972,-54.6564,0.06425,1.00000,0.00000,0.00000,True,True,True
21.9217,0.0000,0.8958,-54.5851,0.07130,1.00000,0.00000,0.00000,True,True,True
21.9344,0.0000,0.8946,-54.5224,0.06277,1.00000,0.00000,0.00000,True,True,True
21.9510,0.0000,0.8931,-54.4429,0.07952,1.00000,0.00000,0.00000,True,True,True
21.9649,0.0000,0.8919,-54.3754,0.06752,1.00000,0.00000,0.00000,True,True,True
21.9802,0.0000,0.8905,-54.2985,0.07684,1.00000,0.00000,0.00000,True,True,True
21.9962,0.0000,0.8890,-54.2155,0.08303,1.00000,0.00000,0.00000,True,True,True
22.0093,0.0000,0.8877,-54.1461,0.06944,1.00000,0.00000,0.00000,True,True,True
22.0259,0.0000,0.8861,-54.0600,0.08609,1.00000,0.00000,0.00000,True,True,True
22.0390,0.0000,0.8848,-53.9877,0.07232,1.00000,0.00000,0.00000,True,True,True
22.0548,0.0000,0.8834,-53.9038,0.08396,1.00000,0.00000,0.00000,True,True,True
22.0685,0.0000,0.8820,-53.8275,0.07628,1.00000,0.00000,0.00000,True,True,True
22.0839,0.0000,0.8807,-53.7491,0.07847,1.00000,0.00000,0.00000,True,True,True
22.0984,0.0000,0.8793,-53.6706,0.07850,1.00000,0.00000,0.00000,True,True,True
22.1133,0.0000,0.8779,-53.5889,0.08168,1.00000,0.00000,0.00000,True,True,True
22.1297,0.0000,0.8763,-53.4988,0.09016,1.00000,0.00000,0.00000,True,True,True
22.1438,0.0000,0.8750,-53.4225,0.07625,1.00000,0.00000,0.00000,True,True,True
22.1578,0.0000,0.8738,-53.3466,0.07593,1.00000,0.00000,0.00000,True,True,True
22.1720,0.0000,0.8725,-53.2686,0.07800,1.00000,0.00000,0.00000,True,True,True
22.1879,0.0000,0.8711,-53.1839,0.08474,1.00000,0.00000,0.00000,True,True,True
22.2009,0.0000,0.8699,-53.1126,0.07129,1.00000,0.00000,0.00000,True,True,True
22.2172,0.0000,0.8685,-53.0262,0.08640,1.00000,0.00000,0.00000,True,True,True
22.2303,0.0000,0.8673,-52.9542,0.07207,1.00000,0.00000,0.00000,True,True,True
22.2475,0.0000,0.8660,-52.8690,0.08520,1.00000,0.00000,0.00000,True,True,True
22.2587,0.0000,0.8649,-52.8016,0.06739,1.00000,0.00000,0.00000,True,True,True
22.2730,0.0000,0.8637,-52.7237,0.07792,1.00000,0.00000,0.00000,True,True,True
22.2876,0.0000,0.8624,-52.6450,0.07875,1.00000,0.00000,0.00000,True,True,True
22.3018,0.0000,0.8612,-52.5691,0.07589,1.00000,0.00000,0.00000,True,True,True
22.3176,0.0000,0.8599,-52.4824,0.08668,1.00000,0.00000,0.00000,True,True,True
22.3309,0.0000,0.8588,-52.4106,0.07178,1.00000,0.00000,0.00000,True,True,True
22.3464,0.0000,0.8576,-52.3292,0.08143,1.00000,0.00000,0.00000,True,True,True
22.3596,0.0000,0.8565,-52.2569,0.07229,1.00000,0.00000,0.00000,True,True,True
22.3755,0.0000,0.8553,-52.1707,0.08620,1.00000,0.00000,0.00000,True,True,True
22.3894,0.0000,0.8541,-52.0959,0.07484,1.00000,0.00000,0.00000,True,True,True
22.4045,0.0000,0.8529,-52.0139,0.08198,1.00000,0.00000,0.00000,True,True,True
22.4179,0.0000,0.8519,-51.9422,0.07172,1.00000,0.00000,0.00000,True,True,True
22.4348,0.0000,0.8506,-51.8515,0.09075,1.00000,0.00000,0.00000,True,True,True
22.4482,0.0000,0.8496,-51.7784,0.07309,1.00000,0.00000,0.00000,True,True,True
22.4625,0.0000,0.8486,-51.7045,0.07391,1.00000,0.00000,0.00000,True,True,True
22.4760,0.0000,0.8476,-51.6357,0.06882,1.00000,0.00000,0.00000,True,True,True
22.4911,0.0000,0.8466,-51.5602,0.07553,1.00000,0.00000,0.00000,True,True,True
22.5042,0.0000,0.8457,-51.4967,0.06347,1.00000,0.00000,0.00000,True,True,True
22.5188,0.0000,0.8448,-51.4286,0.06808,1.00000,0.00000,0.00000,True,True,True
22.5324,0.0000,0.8440,-51.3637,0.06497,1.00000,0.00000,0.00000,True,True,True
22.5480,0.0000,0.8430,-51.2929,0.07075,1.00000,0.00000,0.00000,True,True,True
22.5624,0.0000,0.8422,-51.2286,0.06433,1.00000,0.00000,0.00000,True,True,True
22.5757,0.0000,0.8414,-51.1712,0.05743,1.00000,0.00000,0.00000,True,True,True
22.5894,0.0000,0.8407,-51.1135,0.05773,1.00000,0.00000,0.00000,True,True,True
22.6043,0.0000,0.8399,-51.0523,0.06119,1.00000,0.00000,0.00000,True,True,True
22.6189,0.0000,0.8391,-50.9942,0.05805,1.00000,0.00000,0.00000,True,True,True
22.6337,0.0000,0.8384,-50.9379,0.05638,1.00000,0.00000,0.00000,True,True,True
22.6484,0.0000,0.8378,-50.8811,0.05676,1.00000,0.00000,0.00000,True,True,True
22.6629,0.0000,0.8371,-50.8274,0.05373,1.00000,0.00000,0.00000,True,True,True
22.6774,0.0000,0.8365,-50.7754,0.05199,1.00000,0.00000,0.00000,True,True,True
22.6939,0.0000,0.8358,-50.7187,0.05666,1.00000,0.00000,0.00000,True,True,True
22.7087,0.0000,0.8352,-50.6700,0.04877,1.00000,0.00000,0.00000,True,True,True
22.7234,0.0000,0.8346,-50.6231,0.04692,1.00000,0.00000,0.00000,True,True,True
22.7382,0.0000,0.8341,-50.5759,0.04718,1.00000,0.00000,0.00000,True,True,True
22.7514,0.0000,0.8336,-50.5345,0.04138,1.00000,0.00000,0.00000,True,True,True
22.7661,0.0000,0.8331,-50.4927,0.04179,1.00000,0.00000,0.00000,True,True,True
22.7813,0.0000,0.8326,-50.4501,0.04263,1.00000,0.00000,0.00000,True,True,True
22.7958,0.0000,0.8321,-50.4102,0.03984,1.00000,0.00000,0.00000,True,True,True
22.8095,0.0000,0.8317,-50.3747,0.03560,1.00000,0.00000,0.00000,True,True,True
22.8273,0.0000,0.8313,-50.3317,0.04293,1.00000,0.00000,0.00000,True,True,True
22.8413,0.0000,0.8309,-50.2990,0.03269,1.00000,0.00000,0.00000,True,True,True
22.8550,0.0000,0.8305,-50.2674,0.03166,1.00000,0.00000,0.00000,True,True,True
22.8709,0.0000,0.8302,-50.2336,0.03374,1.00000,0.00000,0.00000,True,True,True
22.8844,0.0000,0.8299,-50.2065,0.02718,1.00000,0.00000,0.00000,True,True,True
22.8980,0.0000,0.8296,-50.1807,0.02578,1.00000,0.00000,0.00000,True,True,True
22.9133,0.0000,0.8293,-50.1539,0.02681,1.00000,0.00000,0.00000,True,True,True
22.9261,0.0000,0.8290,-50.1313,0.02259,1.00000,0.00000,0.00000,True,True,True
22.9417,0.0000,0.8287,-50.1062,0.02512,1.00000,0.00000,0.00000,True,True,True
22.9546,0.0000,0.8285,-50.0867,0.01949,1.00000,0.00000,0.00000,True,True,True
22.9692,0.0000,0.8283,-50.0669,0.01976,1.00000,0.00000,0.00000,True,True,True
22.9839,0.0000,0.8281,-50.0481,0.01880,1.00000,0.00000,0.00000,True,True,True
22.9994,0.0000,0.8279,-50.0296,0.01848,1.00000,0.00000,0.00000,True,True,True
23.0128,0.0000,0.8277,-50.0155,0.01415,1.00000,0.00000,0.00000,True,True,True
23.0271,0.0000,0.8277,-50.0155,0.00000,1.00000,0.00000,0.00000,True,True,True
23.0409,0.0000,0.8277,-50.0140,0.00150,1.00000,0.00000,0.00000,True,True,True
23.0562,0.0000,0.8277,-50.0109,0.00314,1.00000,0.00000,0.00000,True,True,True
23.0710,0.0000,0.8276,-50.0056,0.00522,1.00000,0.00000,0.00000,True,True,True
23.0825,0.0000,0.8276,-50.0008,0.00482,1.00000,0.00000,0.00000,True,True,True
23.0994,0.0000,0.8275,-49.9919,0.00893,1.00000,0.00000,0.00000,True,True,True
23.1127,0.0000,0.8274,-49.9831,0.00877,1.00000,0.00000,0.00000,True,True,True
23.1262,0.0000,0.8273,-49.9732,0.00994,1.00000,0.00000,0.00000,True,True,True
23.1422,0.0000,0.8271,-49.9594,0.01375,1.00000,0.00000,0.00000,True,True,True
23.1562,0.0000,0.8270,-49.9458,0.01366,1.00000,0.00000,0.00000,True,True,True
23.1709,0.0000,0.8268,-49.9295,0.01624,1.00000,0.00000,0.00000,True,True,True
23.1846,0.0000,0.8267,-49.9137,0.01585,1.00000,0.00000,0.00000,True,True,True
23.2009,0.0000,0.8265,-49.8926,0.02106,1.00000,0.00000,0.00000,True,True,True
23.2146,0.0000,0.8263,-49.8732,0.01942,1.00000,0.00000,0.00000,True,True,True
23.2294,0.0000,0.8260,-49.8505,0.02270,1.00000,0.00000,0.00000,True,True,True
23.2424,0.0000,0.8258,-49.8293,0.02120,1.00000,0.00000,0.00000,True,True,True
23.2579,0.0000,0.8255,-49.8027,0.02662,1.00000,0.00000,0.00000,True,True,True
23.2709,0.0000,0.8253,-49.7786,0.02410,1.00000,0.00000,0.00000,True,True,True
23.2848,0.0000,0.8250,-49.7519,0.02670,1.00000,0.00000,0.00000,True,True,True
23.2985,0.0000,0.8247,-49.7238,0.02815,1.00000,0.00000,0.00000,True,True,True
23.3129,0.0000,0.8244,-49.6936,0.03014,1.00000,0.00000,0.00000,True,True,True
23.3270,0.0000,0.8241,-49.6618,0.03180,1.00000,0.00000,0.00000,True,True,True
23.3425,0.0000,0.8237,-49.6246,0.03720,1.00000,0.00000,0.00000,True,True,True
23.3557,0.0000,0.8234,-49.5918,0.03287,1.00000,0.00000,0.00000,True,True,True
23.3712,0.0000,0.8230,-49.5526,0.03920,1.00000,0.00000,0.00000,True,True,True
23.3832,0.0000,0.8226,-49.5194,0.03313,1.00000,0.00000,0.00000,True,True,True
23.3990,0.0000,0.8222,-49.4756,0.04386,1.00000,0.00000,0.00000,True,True,True
23.4136,0.0000,0.8218,-49.4338,0.04180,1.00000,0.00000,0.00000,True,True,True
23.4294,0.0000,0.8214,-49.3859,0.04788,1.00000,0.00000,0.00000,True,True,True
23.4417,0.0000,0.8210,-49.3476,0.03830,1.00000,0.00000,0.00000,True,True,True
23.4573,0.0000,0.8206,-49.2969,0.05076,1.00000,0.00000,0.00000,True,True,True
23.4725,0.0000,0.8201,-49.2482,0.04865,1.00000,0.00000,0.00000,True,True,True
23.4879,0.0000,0.8196,-49.1935,0.05471,1.00000,0.00000,0.00000,True,True,True
23.5011,0.0000,0.8192,-49.1470,0.04653,1.00000,0.00000,0.00000,True,True,True
23.5184,0.0000,0.8186,-49.0841,0.06291,1.00000,0.00000,0.00000,True,True,True
23.5320,0.0000,0.8181,-49.0311,0.05300,1.00000,0.00000,0.00000,True,True,True
23.5462,0.0000,0.8176,-48.9760,0.05511,1.00000,0.00000,0.00000,True,True,True
23.5598,0.0000,0.8172,-48.9212,0.05472,1.00000,0.00000,0.00000,True,True,True
23.5759,0.0000,0.8167,-48.8563,0.06497,1.00000,0.00000,0.00000,True,True,True
23.5892,0.0000,0.8162,-48.7990,0.05728,1.00000,0.00000,0.00000,True,True,True
23.6046,0.0000,0.8156,-48.7331,0.06593,1.00000,0.00000,0.00000,True,True,True
23.6182,0.0000,0.8151,-48.6713,0.06173,1.00000,0.00000,0.00000,True,True,True
23.6340,0.0000,0.8146,-48.5999,0.07144,1.00000,0.00000,0.00000,True,True,True
23.6481,0.0000,0.8140,-48.5356,0.06433,1.00000,0.00000,0.00000,True,True,True
23.6626,0.0000,0.8135,-48.4651,0.07049,1.00000,0.00000,0.00000,True,True,True
23.6773,0.0000,0.8130,-48.3963,0.06880,1.00000,0.00000,0.00000,True,True,True
23.6938,0.0000,0.8124,-48.3136,0.08266,1.00000,0.00000,0.00000,True,True,True
23.7077,0.0000,0.8119,-48.2406,0.07303,1.00000,0.00000,0.00000,True,True,True
23.7219,0.0000,0.8113,-48.1662,0.07442,1.00000,0.00000,0.00000,True,True,True
23.7358,0.0000,0.8108,-48.0919,0.07425,1.00000,0.00000,0.00000,True,True,True
23.7506,0.0000,0.8102,-48.0137,0.07826,1.00000,0.00000,0.00000,True,True,True
23.7668,0.0000,0.8097,-47.9265,0.08722,1.00000,0.00000,0.00000,True,True,True
23.7807,0.0000,0.8092,-47.8499,0.07655,1.00000,0.00000,0.00000,True,True,True
23.7966,0.0000,0.8087,-47.7652,0.08469,1.00000,0.00000,0.00000,True,True,True
23.8094,0.0000,0.8083,-47.6944,0.07079,1.00000,0.00000,0.00000,True,True,True
23.8239,0.0000,0.8078,-47.6174,0.07699,1.00000,0.00000,0.00000,True,True,True
23.8381,0.0000,0.8073,-47.5395,0.07800,1.00000,0.00000,0.00000,True,True,True
23.8528,0.0000,0.8069,-47.4615,0.07795,1.00000,0.00000,0.00000,True,True,True
23.8690,0.0000,0.8065,-47.3741,0.08742,1.00000,0.00000,0.00000,True,True,True
23.8825,0.0000,0.8061,-47.3001,0.07398,1.00000,0.00000,0.00000,True,True,True
23.8973,0.0000,0.8057,-47.2225,0.07762,1.00000,0.00000,0.00000,True,True,True
23.9129,0.0000,0.8053,-47.1365,0.08602,1.00000,0.00000,0.00000,True,True,True
23.9259,0.0000,0.8049,-47.0652,0.07124,1.00000,0.00000,0.00000,True,True,True
23.9410,0.0000,0.8045,-46.9848,0.08042,1.00000,0.00000,0.00000,True,True,True
23.9552,0.0000,0.8042,-46.9066,0.07826,1.00000,0.00000,0.00000,True,True,True
23.9712,0.0000,0.8039,-46.8221,0.08448,1.00000,0.00000,0.00000,True,True,True
23.9850,0.0000,0.8036,-46.7455,0.07660,1.00000,0.00000,0.00000,True,True,True
23.9989,0.0000,0.8033,-46.6723,0.07318,1.00000,0.00000,0.00000,True,True,True
24.0131,0.0000,0.8030,-46.5956,0.07673,1.00000,0.00000,0.00000,True,True,True
24.0273,0.0000,0.8027,-46.5191,0.07644,1.00000,0.00000,0.00000,True,True,True
24.0462,0.0000,0.8023,-46.4173,0.10188,1.00000,0.00000,0.00000,True,True,True
24.0589,0.0000,0.8021,-46.3477,0.06953,1.00000,0.00000,0.00000,True,True,True
24.0742,0.0000,0.8019,-46.2683,0.07942,1.00000,0.00000,0.00000,True,True,True
24.0879,0.0000,0.8017,-46.1902,0.07806,1.00000,0.00000,0.00000,True,True,True
24.1026,0.0000,0.8015,-46.1121,0.07814,1.00000,0.00000,0.00000,True,True,True
24.1186,0.0000,0.8012,-46.0250,0.08709,1.00000,0.00000,0.00000,True,True,True
24.1318,0.0000,0.8011,-45.9524,0.07264,1.00000,0.00000,0.00000,True,True,True
24.1458,0.0000,0.8009,-45.8770,0.07535,1.00000,0.00000,0.00000,True,True,True
24.1595,0.0000,0.8008,-45.8046,0.07247,1.00000,0.00000,0.00000,True,True,True
24.1746,0.0000,0.8007,-45.7259,0.07870,1.00000,0.00000,0.00000,True,True,True
24.1879,0.0000,0.8006,-45.6586,0.06730,1.00000,0.00000,0.00000,True,True,True
24.2012,0.0000,0.8004,-45.5916,0.06699,1.00000,0.00000,0.00000,True,True,True
24.2155,0.0000,0.8003,-45.5224,0.06919,1.00000,0.00000,0.00000,True,True,True
24.2293,0.0000,0.8003,-45.4562,0.06619,1.00000,0.00000,0.00000,True,True,True
24.2431,0.0000,0.8002,-45.3920,0.06422,1.00000,0.00000,0.00000,True,True,True
24.2580,0.0000,0.8002,-45.3222,0.06974,1.00000,0.00000,0.00000,True,True,True
24.2707,0.0000,0.8002,-45.2651,0.05712,1.00000,0.00000,0.00000,True,True,True
24.2840,0.0000,0.8001,-45.2073,0.05775,1.00000,0.00000,0.00000,True,True,True
24.2973,0.0000,0.8001,-45.1500,0.05729,1.00000,0.00000,0.00000,True,True,True
24.3128,0.0000,0.8001,-45.0865,0.06353,1.00000,0.00000,0.00000,True,True,True
24.3259,0.0000,0.8000,-45.0319,0.05462,1.00000,0.00000,0.00000,True,True,True
24.3385,0.0000,0.8000,-44.9822,0.04965,1.00000,0.00000,0.00000,True,True,True
24.3529,0.0000,0.8000,-44.9283,0.05392,1.00000,0.00000,0.00000,True,True,True
24.3667,0.0000,0.8000,-44.8744,0.05393,1.00000,0.00000,0.00000,True,True,True
24.3817,0.0000,0.8000,-44.8196,0.05478,1.00000,0.00000,0.00000,True,True,True
24.3960,0.0000,0.8000,-44.7697,0.04989,1.00000,0.00000,0.00000,True,True,True
24.4091,0.0000,0.8000,-44.7244,0.04530,1.00000,0.00000,0.00000,True,True,True
24.4229,0.0000,0.8000,-44.6788,0.04565,1.00000,0.00000,0.00000,True,True,True
24.4376,0.0000,0.8000,-44.6306,0.04823,1.00000,0.00000,0.00000,True,True,True
24.4512,0.0000,0.8000,-44.5878,0.04273,1.00000,0.00000,0.00000,True,True,True
24.4636,0.0000,0.8000,-44.5504,0.03746,1.00000,0.00000,0.00000,True,True,True
24.4769,0.0000,0.8000,-44.5112,0.03917,1.00000,0.00000,0.00000,True,True,True
24.4904,0.0000,0.8000,-44.4726,0.03862,1.00000,0.00000,0.00000,True,True,True
24.5041,0.0000,0.8000,-44.4352,0.03741,1.00000,0.00000,0.00000,True,True,True
24.5171,0.0000,0.8000,-44.4007,0.03444,1.00000,0.00000,0.00000,True,True,True
24.5320,0.0000,0.8000,-44.3634,0.03732,1.00000,0.00000,0.00000,True,True,True
24.5458,0.0000,0.8000,-44.3300,0.03341,1.00000,0.00000,0.00000,True,True,True
24.5581,0.0000,0.8000,-44.3013,0.02870,1.00000,0.00000,0.00000,True,True,True
24.5714,0.0000,0.8000,-44.2716,0.02971,1.00000,0.00000,0.00000,True,True,True
24.5848,0.0000,0.8000,-44.2430,0.02855,1.00000,0.00000,0.00000,True,True,True
24.5996,0.0000,0.8000,-44.2132,0.02984,1.00000,0.00000,0.00000,True,True,True
24.6125,0.0000,0.8000,-44.1887,0.02453,1.00000,0.00000,0.00000,True,True,True
24.6256,0.0000,0.8000,-44.1647,0.02401,1.00000,0.00000,0.00000,True,True,True
24.6391,0.0000,0.8000,-44.1415,0.02319,1.00000,0.00000,0.00000,True,True,True
24.6542,0.0000,0.8000,-44.1173,0.02423,1.00000,0.00000,0.00000,True,True,True
24.6675,0.0000,0.8000,-44.0972,0.02009,1.00000,0.00000,0.00000,True,True,True
24.6798,0.0000,0.8000,-44.0796,0.01751,1.00000,0.00000,0.00000,True,True,True
24.6931,0.0000,0.8000,-44.0622,0.01744,1.00000,0.00000,0.00000,True,True,True
24.7067,0.0000,0.8000,-44.0459,0.01629,1.00000,0.00000,0.00000,True,True,True
24.7207,0.0000,0.8000,-44.0298,0.01612,1.00000,0.00000,0.00000,True,True,True
24.7349,0.0000,0.8000,-44.0144,0.01537,1.00000,0.00000,0.00000,True,True,True
24.7483,0.0000,0.8000,-44.0144,0.00000,1.00000,0.00000,0.00000,True,True,True
24.7628,0.0000,0.8000,-44.0129,0.00151,1.00000,0.00000,0.00000,True,True,True
24.7750,0.0000,0.8000,-44.0105,0.00244,1.00000,0.00000,0.00000,True,True,True
24.7883,0.0000,0.8000,-44.0065,0.00398,1.00000,0.00000,0.00000,True,True,True
24.8027,0.0000,0.8000,-44.0009,0.00561,1.00000,0.00000,0.00000,True,True,True
24.8166,0.0000,0.8000,-43.9934,0.00753,1.00000,0.00000,0.00000,True,True,True
24.8291,0.0000,0.8000,-43.9859,0.00751,1.00000,0.00000,0.00000,True,True,True
24.8421,0.0000,0.8000,-43.9767,0.00916,1.00000,0.00000,0.00000,True,True,True
24.8555,0.0000,0.8000,-43.9660,0.01070,1.00000,0.00000,0.00000,True,True,True
24.8686,0.0000,0.8000,-43.9542,0.01177,1.00000,0.00000,0.00000,True,True,True
24.8837,0.0000,0.8000,-43.9388,0.01545,1.00000,0.00000,0.00000,True,True,True
24.8959,0.0000,0.8000,-43.9252,0.01361,1.00000,0.00000,0.00000,True,True,True
24.9089,0.0000,0.8000,-43.9095,0.01570,1.00000,0.00000,0.00000,True,True,True
24.9219,0.0000,0.8000,-43.8925,0.01694,1.00000,0.00000,0.00000,True,True,True
24.9349,0.0000,0.8000,-43.8744,0.01808,1.00000,0.00000,0.00000,True,True,True
24.9497,0.0000,0.8000,-43.8522,0.02222,1.00000,0.00000,0.00000,True,True,True
24.9628,0.0000,0.8000,-43.8315,0.02070,1.00000,0.00000,0.00000,True,True,True
24.9751,0.0000,0.8000,-43.8099,0.02161,1.00000,0.00000,0.00000,True,True,True
24.9886,0.0000,0.8000,-43.7860,0.02392,1.00000,0.00000,0.00000,True,True,True
25.0035,0.0000,0.8000,-43.7595,0.02654,1.00000,0.00000,0.00000,True,True,True
25.0174,0.0000,0.8000,-43.7293,0.03019,1.00000,0.00000,0.00000,True,True,True
25.0297,0.0000,0.8000,-43.7033,0.02598,1.00000,0.00000,0.00000,True,True,True
25.0438,0.0000,0.8000,-43.6728,0.03053,1.00000,0.00000,0.00000,True,True,True
25.0578,0.0000,0.8000,-43.6393,0.03344,1.00000,0.00000,0.00000,True,True,True
25.0725,0.0000,0.8000,-43.6040,0.03532,1.00000,0.00000,0.00000,True,True,True
25.0853,0.0000,0.8000,-43.5719,0.03211,1.00000,0.00000,0.00000,True,True,True
25.0978,0.0000,0.8000,-43.5386,0.03328,1.00000,0.00000,0.00000,True,True,True
25.1124,0.0000,0.8000,-43.4985,0.04009,1.00000,0.00000,0.00000,True,True,True
25.1254,0.0000,0.8000,-43.4617,0.03686,1.00000,0.00000,0.00000,True,True,True
25.1376,0.0000,0.8000,-43.4263,0.03532,1.00000,0.00000,0.00000,True,True,True
25.1506,0.0000,0.8000,-43.3873,0.03902,1.00000,0.00000,0.00000,True,True,True
25.1636,0.0000,0.8000,-43.3468,0.04049,1.00000,0.00000,0.00000,True,True,True
25.1768,0.0000,0.8000,-43.3045,0.04233,1.00000,0.00000,0.00000,True,True,True
25.1922,0.0000,0.8000,-43.2528,0.05170,1.00000,0.00000,0.00000,True,True,True
25.2046,0.0000,0.8000,-43.2109,0.04187,1.00000,0.00000,0.00000,True,True,True
25.2208,0.0000,0.8000,-43.1530,0.05789,1.00000,0.00000,0.00000,True,True,True
25.2326,0.0000,0.8000,-43.1108,0.04226,1.00000,0.00000,0.00000,True,True,True
25.2482,0.0000,0.8000,-43.0517,0.05913,1.00000,0.00000,0.00000,True,True,True
25.2614,0.0000,0.8000,-43.0007,0.05099,1.00000,0.00000,0.00000,True,True,True
25.2749,0.0000,0.8000,-42.9475,0.05313,1.00000,0.00000,0.00000,True,True,True
25.2903,0.0000,0.8000,-42.8851,0.06242,1.00000,0.00000,0.00000,True,True,True
25.3049,0.0000,0.8000,-42.8241,0.06102,1.00000,0.00000,0.00000,True,True,True
25.3168,0.0000,0.8000,-42.7729,0.05116,1.00000,0.00000,0.00000,True,True,True
25.3318,0.0000,0.8000,-42.7091,0.06384,1.00000,0.00000,0.00000,True,True,True
25.3468,0.0000,0.8000,-42.6398,0.06926,1.00000,0.00000,0.00000,True,True,True
25.3588,0.0000,0.8000,-42.5852,0.05462,1.00000,0.00000,0.00000,True,True,True
25.3717,0.0000,0.8000,-42.5251,0.06008,1.00000,0.00000,0.00000,True,True,True
25.3849,0.0000,0.8000,-42.4619,0.06320,1.00000,0.00000,0.00000,True,True,True
25.3981,0.0000,0.8000,-42.3983,0.06363,1.00000,0.00000,0.00000,True,True,True
25.4125,0.0000,0.8000,-42.3257,0.07265,1.00000,0.00000,0.00000,True,True,True
25.4249,0.0000,0.8000,-42.2629,0.06273,1.00000,0.00000,0.00000,True,True,True
25.4368,0.0000,0.8000,-42.2012,0.06175,1.00000,0.00000,0.00000,True,True,True
25.4499,0.0000,0.8000,-42.1324,0.06881,1.00000,0.00000,0.00000,True,True,True
25.4642,0.0000,0.8000,-42.0558,0.07653,1.00000,0.00000,0.00000,True,True,True
25.4761,0.0000,0.8000,-41.9911,0.06476,1.00000,0.00000,0.00000,True,True,True
25.4887,0.0000,0.8000,-41.9233,0.06775,1.00000,0.00000,0.00000,True,True,True
25.5014,0.0000,0.8000,-41.8546,0.06871,1.00000,0.00000,0.00000,True,True,True
25.5140,0.0000,0.8000,-41.7863,0.06837,1.00000,0.00000,0.00000,True,True,True
25.5286,0.0000,0.8000,-41.7080,0.07825,1.00000,0.00000,0.00000,True,True,True
25.5418,0.0000,0.8000,-41.6374,0.07064,1.00000,0.00000,0.00000,True,True,True
25.5531,0.0000,0.8000,-41.5761,0.06127,1.00000,0.00000,0.00000,True,True,True
25.5666,0.0000,0.8000,-41.5024,0.07368,1.00000,0.00000,0.00000,True,True,True
25.5783,0.0000,0.8000,-41.4391,0.06331,1.00000,0.00000,0.00000,True,True,True
25.5929,0.0000,0.8000,-41.3609,0.07822,1.00000,0.00000,0.00000,True,True,True
25.6055,0.0000,0.8000,-41.2931,0.06779,1.00000,0.00000,0.00000,True,True,True
25.6198,0.0000,0.8000,-41.2155,0.07760,1.00000,0.00000,0.00000,True,True,True
25.6335,0.0000,0.8000,-41.1429,0.07262,1.00000,0.00000,0.00000,True,True,True
25.6454,0.0000,0.8000,-41.0775,0.06536,1.00000,0.00000,0.00000,True,True,True
25.6584,0.0000,0.8000,-41.0069,0.07061,1.00000,0.00000,0.00000,True,True,True
25.6710,0.0000,0.8012,-40.9386,0.06831,1.00000,0.00000,0.00000,True,True,True
25.6850,0.0000,0.8027,-40.8629,0.07578,1.00000,0.00000,0.00000,True,True,True
25.6984,0.0000,0.8041,-40.7934,0.06942,1.00000,0.00000,0.00000,True,True,True
25.7112,0.0000,0.8055,-40.7216,0.07185,1.00000,0.00000,0.00000,True,True,True
25.7251,0.0000,0.8069,-40.6477,0.07392,1.00000,0.00000,0.00000,True,True,True
25.7360,0.0000,0.8081,-40.5877,0.06004,1.00000,0.00000,0.00000,True,True,True
25.7510,0.0000,0.8097,-40.5072,0.08053,1.00000,0.00000,0.00000,True,True,True
25.7675,0.0000,0.8141,-40.4224,0.08484,1.00000,0.00000,0.00000,True,True,True
25.7807,0.0000,0.8183,-40.3478,0.07480,1.00000,0.00000,0.00000,True,True,True
25.7958,0.0000,0.8227,-40.2688,0.07905,1.00000,0.00000,0.00000,True,True,True
25.8082,0.0000,0.8266,-40.1995,0.06941,1.00000,0.00000,0.00000,True,True,True
25.8228,0.0000,0.8309,-40.1222,0.07741,1.00000,0.00000,0.00000,True,True,True
25.8390,0.0000,0.8358,-40.0336,0.08876,1.00000,0.00000,0.00000,True,True,True
25.8519,0.0000,0.8410,-39.9628,0.07102,1.00000,0.00000,0.00000,True,True,True
25.8641,0.0000,0.8467,-39.8972,0.06578,1.00000,0.00000,0.00000,True,True,True
25.8769,0.0000,0.8527,-39.8293,0.06817,1.00000,0.00000,0.00000,True,True,True
25.8893,0.0000,0.8583,-39.7644,0.06516,1.00000,0.00000,0.00000,True,True,True
25.9018,0.0000,0.8641,-39.6990,0.06568,1.00000,0.00000,0.00000,True,True,True
25.9143,0.0000,0.8696,-39.6360,0.06321,1.00000,0.00000,0.00000,True,True,True
25.9288,0.0000,0.8759,-39.5636,0.07274,1.00000,0.00000,0.00000,True,True,True
25.9402,0.0000,0.8806,-39.5097,0.05407,1.00000,0.00000,0.00000,True,True,True
25.9530,0.0000,0.8875,-39.4475,0.06256,1.00000,0.00000,0.00000,True,True,True
25.9652,0.0000,0.8942,-39.3890,0.05892,1.00000,0.00000,0.00000,True,True,True
25.9794,0.0000,0.9017,-39.3238,0.06559,1.00000,0.00000,0.00000,True,True,True
25.9914,0.0000,0.9078,-39.2703,0.05383,1.00000,0.00000,0.00000,True,True,True
26.0038,0.0000,0.9140,-39.2163,0.05443,1.00000,0.00000,0.00000,True,True,True
26.0159,0.0000,0.9201,-39.1629,0.05369,1.00000,0.00000,0.00000,True,True,True
26.0306,0.0000,0.9271,-39.1019,0.06139,1.00000,0.00000,0.00000,True,True,True
26.0418,0.0000,0.9325,-39.0555,0.04670,1.00000,0.00000,0.00000,True,True,True
26.0540,0.0000,0.9381,-39.0062,0.04965,1.00000,0.00000,0.00000,True,True,True
26.0660,0.0000,0.9445,-38.9589,0.04779,1.00000,0.00000,0.00000,True,True,True
26.0808,0.0000,0.9522,-38.9024,0.05696,1.00000,0.00000,0.00000,True,True,True
26.0920,0.0000,0.9580,-38.8602,0.04264,1.00000,0.00000,0.00000,True,True,True
26.1042,0.0000,0.9641,-38.8159,0.04472,1.00000,0.00000,0.00000,True,True,True
26.1166,0.0000,0.9702,-38.7715,0.04477,1.00000,0.00000,0.00000,True,True,True
26.1319,0.0000,0.9772,-38.7203,0.05167,1.00000,0.00000,0.00000,True,True,True
26.1440,0.0000,0.9829,-38.6791,0.04163,1.00000,0.00000,0.00000,True,True,True
26.1567,0.0000,0.9885,-38.6383,0.04119,1.00000,0.00000,0.00000,True,True,True
26.1716,0.0000,0.9949,-38.5917,0.04706,1.00000,0.00000,0.00000,True,True,True
26.1840,0.0000,1.0002,-38.5532,0.03881,1.00000,0.00000,0.00000,True,True,True
26.1969,0.0000,1.0054,-38.5151,0.03849,1.00000,0.00000,0.00000,True,True,True
26.2109,0.0000,1.0113,-38.4755,0.04002,1.00000,0.00000,0.00000,True,True,True
26.2259,0.0000,1.0177,-38.4343,0.04168,1.00000,0.00000,0.00000,True,True,True
26.2380,0.0000,1.0227,-38.4019,0.03283,1.00000,0.00000,0.00000,True,True,True
26.2509,0.0000,1.0279,-38.3687,0.03352,1.00000,0.00000,0.00000,True,True,True
26.2635,0.0000,1.0327,-38.3380,0.03114,1.00000,0.00000,0.00000,True,True,True
26.2770,0.0000,1.0376,-38.3064,0.03197,1.00000,0.00000,0.00000,True,True,True
26.2891,0.0000,1.0419,-38.2783,0.02844,1.00000,0.00000,0.00000,True,True,True
26.3026,0.0000,1.0463,-38.2501,0.02854,1.00000,0.00000,0.00000,True,True,True
26.3149,0.0000,1.0504,-38.2236,0.02681,1.00000,0.00000,0.00000,True,True,True
26.3297,0.0000,1.0549,-38.1946,0.02929,1.00000,0.00000,0.00000,True,True,True
26.3405,0.0000,1.0582,-38.1738,0.02106,1.00000,0.00000,0.00000,True,True,True
26.3553,0.0000,1.0622,-38.1476,0.02655,1.00000,0.00000,0.00000,True,True,True
26.3667,0.0000,1.0652,-38.1283,0.01951,1.00000,0.00000,0.00000,True,True,True
26.3796,0.0000,1.0684,-38.1080,0.02058,1.00000,0.00000,0.00000,True,True,True
26.3917,0.0000,1.0713,-38.0894,0.01880,1.00000,0.00000,0.00000,True,True,True
26.4060,0.0000,1.0745,-38.0690,0.02062,1.00000,0.00000,0.00000,True,True,True
26.4178,0.0000,1.0769,-38.0534,0.01580,1.00000,0.00000,0.00000,True,True,True
26.4304,0.0000,1.0795,-38.0368,0.01677,1.00000,0.00000,0.00000,True,True,True
26.4434,0.0000,1.0819,-38.0210,0.01603,1.00000,0.00000,0.00000,True,True,True
26.4568,0.0000,1.0819,-38.0210,0.00000,1.00000,0.00000,0.00000,True,True,True
29.5452,0.0000,2.2000,-112.0018,0.00183,0.04170,0.95830,0.00000,True,True,True
29.5627,0.0000,2.2000,-112.0052,0.00342,0.04166,0.95834,0.00000,True,True,True
29.5760,0.0000,2.2000,-112.0089,0.00365,0.04163,0.95837,0.00000,True,True,True
29.5880,0.0000,2.2000,-112.0129,0.00404,0.04159,0.95841,0.00000,True,True,True
29.6011,0.0000,2.2000,-112.0183,0.00540,0.04153,0.95847,0.00000,True,True,True
29.6142,0.0000,2.2000,-112.0246,0.00629,0.04147,0.95853,0.00000,True,True,True
29.6287,0.0000,2.2000,-112.0327,0.00812,0.04139,0.95861,0.00000,True,True,True
29.6427,0.0000,2.2000,-112.0416,0.00885,0.04130,0.95870,0.00000,True,True,True
29.6543,0.0000,2.2000,-112.0499,0.00826,0.04122,0.95878,0.00000,True,True,True
29.6675,0.0000,2.2000,-112.0600,0.01017,0.04112,0.95888,0.00000,True,True,True
29.6805,0.0000,2.2000,-112.0710,0.01099,0.04101,0.95899,0.00000,True,True,True
29.6948,0.0000,2.2000,-112.0843,0.01328,0.04088,0.95912,0.00000,True,True,True
29.7092,0.0000,2.2000,-112.0987,0.01440,0.04074,0.95926,0.00000,True,True,True
29.7206,0.0000,2.2000,-112.1108,0.01207,0.04062,0.95938,0.00000,True,True,True
29.7341,0.0000,2.2000,-112.1263,0.01554,0.04047,0.95953,0.00000,True,True,True
29.7482,0.0000,2.2000,-112.1435,0.01720,0.04030,0.95970,0.00000,True,True,True
29.7604,0.0000,2.2000,-112.1592,0.01567,0.04014,0.95986,0.00000,True,True,True
29.7735,0.0000,2.2000,-112.1769,0.01776,0.03997,0.96003,0.00000,True,True,True
29.7867,0.0000,2.2000,-112.1958,0.01882,0.03979,0.96021,0.00000,True,True,True
29.8009,0.0000,2.2000,-112.2171,0.02139,0.03958,0.96042,0.00000,True,True,True
29.8128,0.0000,2.2000,-112.2359,0.01877,0.03939,0.96061,0.00000,True,True,True
29.8275,0.0000,2.2000,-112.2602,0.02428,0.03916,0.96084,0.00000,True,True,True
29.8399,0.0000,2.2000,-112.2816,0.02137,0.03895,0.96105,0.00000,True,True,True
29.8530,0.0000,2.2000,-112.3049,0.02335,0.03873,0.96127,0.00000,True,True,True
29.8677,0.0000,2.2000,-112.3324,0.02744,0.03846,0.96154,0.00000,True,True,True
29.8806,0.0000,2.2000,-112.3576,0.02525,0.03822,0.96178,0.00000,True,True,True
29.8928,0.0000,2.2000,-112.3823,0.02470,0.03798,0.96202,0.00000,True,True,True
29.9055,0.0000,2.2000,-112.4088,0.02652,0.03773,0.96227,0.00000,True,True,True
29.9187,0.0000,2.2000,-112.4372,0.02835,0.03746,0.96254,0.00000,True,True,True
29.9317,0.0000,2.2000,-112.4660,0.02879,0.03719,0.96281,0.00000,True,True,True
29.9463,0.0000,2.2000,-112.4990,0.03299,0.03688,0.96312,0.00000,True,True,True
29.9592,0.0000,2.2000,-112.5278,0.02889,0.03661,0.96339,0.00000,True,True,True
29.9718,0.0000,2.2000,-112.5557,0.02783,0.03635,0.96365,0.00000,True,True,True
29.9843,0.0000,2.2000,-112.5845,0.02882,0.03608,0.96392,0.00000,True,True,True
29.9975,0.0000,2.2000,-112.6140,0.02951,0.03580,0.96420,0.00000,True,True,True
30.0118,0.0000,2.2000,-112.6463,0.03225,0.03550,0.96450,0.00000,True,True,True
30.0260,0.0000,2.2000,-112.6781,0.03180,0.03521,0.96479,0.00000,True,True,True
30.0371,0.0000,2.2000,-112.7031,0.02506,0.03498,0.96502,0.00000,True,True,True
30.0509,0.0000,2.2000,-112.7343,0.03117,0.03469,0.96531,0.00000,True,True,True
30.0654,0.0000,2.2000,-112.7669,0.03262,0.03439,0.96561,0.00000,True,True,True
30.0779,0.0000,2.2000,-112.7946,0.02765,0.03414,0.96586,0.00000,True,True,True
30.0906,0.0000,2.2000,-112.8233,0.02871,0.03388,0.96612,0.00000,True,True,True
30.1034,0.0000,2.2000,-112.8523,0.02902,0.03362,0.96638,0.00000,True,True,True
30.1181,0.0000,2.2000,-112.8855,0.03324,0.03332,0.96668,0.00000,True,True,True
30.1305,0.0000,2.2000,-112.9132,0.02763,0.03307,0.96693,0.00000,True,True,True
30.1440,0.0000,2.2000,-112.9428,0.02962,0.03280,0.96720,0.00000,True,True,True
30.1574,0.0000,2.2000,-112.9733,0.03048,0.03253,0.96747,0.00000,True,True,True
30.1703,0.0000,2.2000,-113.0028,0.02955,0.03227,0.96773,0.00000,True,True,True
30.1858,0.0000,2.2000,-113.0377,0.03490,0.03196,0.96804,0.00000,True,True,True
30.2013,0.0000,2.2000,-113.0720,0.03424,0.03166,0.96834,0.00000,True,True,True
30.2133,0.0000,2.2000,-113.0993,0.02731,0.03142,0.96858,0.00000,True,True,True
30.2263,0.0000,2.2000,-113.1288,0.02953,0.03116,0.96884,0.00000,True,True,True
30.2431,0.0000,2.2000,-113.1657,0.03688,0.03084,0.96916,0.00000,True,True,True
30.2556,0.0000,2.2000,-113.1947,0.02901,0.03059,0.96941,0.00000,True,True,True
30.2687,0.0000,2.2000,-113.2242,0.02950,0.03033,0.96967,0.00000,True,True,True
30.2834,0.0000,2.2000,-113.2551,0.03091,0.03007,0.96993,0.00000,True,True,True
30.2957,0.0000,2.2000,-113.2850,0.02986,0.02981,0.97019,0.00000,True,True,True
30.3103,0.0000,2.2000,-113.3178,0.03288,0.02953,0.97047,0.00000,True,True,True
30.3264,0.0000,2.2000,-113.3534,0.03553,0.02923,0.97077,0.00000,True,True,True
30.3402,0.0000,2.2000,-113.3844,0.03107,0.02897,0.97103,0.00000,True,True,True
30.3537,0.0000,2.2000,-113.4152,0.03082,0.02871,0.97129,0.00000,True,True,True
30.3681,0.0000,2.2000,-113.4472,0.03197,0.02844,0.97156,0.00000,True,True,True
30.3808,0.0000,2.2000,-113.4761,0.02888,0.02820,0.97180,0.00000,True,True,True
30.3958,0.0000,2.2000,-113.5098,0.03368,0.02792,0.97208,0.00000,True,True,True
30.4093,0.0000,2.2000,-113.5405,0.03067,0.02766,0.97234,0.00000,True,True,True
30.4223,0.0000,2.2000,-113.5693,0.02884,0.02743,0.97257,0.00000,True,True,True
30.4361,0.0000,2.2000,-113.6004,0.03111,0.02717,0.97283,0.00000,True,True,True
30.4516,0.0000,2.2000,-113.6344,0.03403,0.02689,0.97311,0.00000,True,True,True
30.4657,0.0000,2.2000,-113.6661,0.03162,0.02664,0.97336,0.00000,True,True,True
30.4777,0.0000,2.2000,-113.6946,0.02859,0.02640,0.97360,0.00000,True,True,True
30.4929,0.0000,2.2000,-113.7283,0.03367,0.02613,0.97387,0.00000,True,True,True
30.5043,0.0000,2.2000,-113.7542,0.02589,0.02592,0.97408,0.00000,True,True,True
30.5202,0.0000,2.2000,-113.7894,0.03515,0.02564,0.97436,0.00000,True,True,True
30.5346,0.0000,2.2000,-113.8219,0.03259,0.02538,0.97462,0.00000,True,True,True
30.5464,0.0000,2.2000,-113.8487,0.02681,0.02517,0.97483,0.00000,True,True,True
30.5611,0.0000,2.2000,-113.8816,0.03284,0.02491,0.97509,0.00000,True,True,True
30.5761,0.0000,2.2000,-113.9156,0.03396,0.02465,0.97535,0.00000,True,True,True
30.5904,0.0000,2.2000,-113.9472,0.03166,0.02440,0.97560,0.00000,True,True,True
30.6038,0.0000,2.2000,-113.9781,0.03085,0.02416,0.97584,0.00000,True,True,True
30.6176,0.0000,2.2000,-114.0091,0.03104,0.02392,0.97608,0.00000,True,True,True
30.6303,0.0000,2.2000,-114.0380,0.02889,0.02370,0.97630,0.00000,True,True,True
30.6452,0.0000,2.2000,-114.0712,0.03317,0.02344,0.97656,0.00000,True,True,True
30.6593,0.0000,2.2000,-114.1029,0.03170,0.02320,0.97680,0.00000,True,True,True
30.6705,0.0000,2.2000,-114.1281,0.02518,0.02301,0.97699,0.00000,True,True,True
30.6843,0.0000,2.2000,-114.1591,0.03105,0.02277,0.97723,0.00000,True,True,True
30.6963,0.0000,2.2000,-114.1864,0.02728,0.02257,0.97743,0.00000,True,True,True
30.7102,0.0000,2.2000,-114.2173,0.03095,0.02234,0.97766,0.00000,True,True,True
30.7239,0.0000,2.2000,-114.2483,0.03101,0.02210,0.97790,0.00000,True,True,True
30.7366,0.0000,2.2000,-114.2770,0.02869,0.02189,0.97811,0.00000,True,True,True
30.7509,0.0000,2.2000,-114.3091,0.03210,0.02165,0.97835,0.00000,True,True,True
30.7642,0.0000,2.2000,-114.3393,0.03018,0.02143,0.97857,0.00000,True,True,True
30.7763,0.0000,2.2000,-114.3666,0.02726,0.02123,0.97877,0.00000,True,True,True
30.7893,0.0000,2.2000,-114.3957,0.02917,0.02102,0.97898,0.00000,True,True,True
30.8026,0.0000,2.2000,-114.4250,0.02926,0.02081,0.97919,0.00000,True,True,True
30.8154,0.0000,2.2000,-114.4545,0.02953,0.02059,0.97941,0.00000,True,True,True
30.8290,0.0000,2.2000,-114.4851,0.03059,0.02037,0.97963,0.00000,True,True,True
30.8436,0.0000,2.2000,-114.5177,0.03258,0.02014,0.97986,0.00000,True,True,True
30.8597,0.0000,2.2000,-114.5534,0.03568,0.01989,0.98011,0.00000,True,True,True
30.8710,0.0000,2.2000,-114.5795,0.02614,0.01970,0.98030,0.00000,True,True,True
30.8848,0.0000,2.2000,-114.6106,0.03108,0.01948,0.98052,0.00000,True,True,True
30.8992,0.0000,2.2000,-114.6411,0.03048,0.01927,0.98073,0.00000,True,True,True
30.9137,0.0000,2.2000,-114.6754,0.03432,0.01903,0.98097,0.00000,True,True,True
30.9270,0.0000,2.2000,-114.7047,0.02930,0.01883,0.98117,0.00000,True,True,True
30.9429,0.0000,2.2000,-114.7406,0.03588,0.01858,0.98142,0.00000,True,True,True
30.9540,0.0000,2.2000,-114.7664,0.02579,0.01841,0.98159,0.00000,True,True,True
30.9702,0.0000,2.2000,-114.8018,0.03538,0.01816,0.98184,0.00000,True,True,True
30.9843,0.0000,2.2000,-114.8342,0.03242,0.01794,0.98206,0.00000,True,True,True
30.9969,0.0000,2.2000,-114.8624,0.02818,0.01775,0.98225,0.00000,True,True,True
31.0119,0.0000,2.2000,-114.8963,0.03396,0.01753,0.98247,0.00000,True,True,True
31.0265,0.0000,2.2000,-114.9283,0.03199,0.01731,0.98269,0.00000,True,True,True
31.0390,0.0000,2.2000,-114.9568,0.02847,0.01713,0.98287,0.00000,True,True,True
31.0531,0.0000,2.2000,-114.9878,0.03098,0.01692,0.98308,0.00000,True,True,True
31.0685,0.0000,2.2000,-115.0221,0.03439,0.01670,0.98330,0.00000,True,True,True
31.0802,0.0000,2.2000,-115.0487,0.02657,0.01652,0.98348,0.00000,True,True,True
31.0948,0.0000,2.2000,-115.0822,0.03352,0.01631,0.98369,0.00000,True,True,True
31.1098,0.0000,2.2000,-115.1154,0.03313,0.01609,0.98391,0.00000,True,True,True
31.1224,0.0000,2.2000,-115.1449,0.02954,0.01590,0.98410,0.00000,True,True,True
31.1351,0.0000,2.2000,-115.1733,0.02840,0.01572,0.98428,0.00000,True,True,True
31.1479,0.0000,2.2000,-115.2019,0.02861,0.01554,0.98446,0.00000,True,True,True
31.1614,0.0000,2.2000,-115.2328,0.03091,0.01535,0.98465,0.00000,True,True,True
31.1766,0.0000,2.2000,-115.2662,0.03338,0.01514,0.98486,0.00000,True,True,True
31.1929,0.0000,2.2000,-115.3029,0.03671,0.01491,0.98509,0.00000,True,True,True
31.2049,0.0000,2.2000,-115.3293,0.02634,0.01475,0.98525,0.00000,True,True,True
31.2186,0.0000,2.2000,-115.3608,0.03153,0.01455,0.98545,0.00000,True,True,True
31.2325,0.0000,2.2000,-115.3918,0.03097,0.01437,0.98563,0.00000,True,True,True
31.2468,0.0000,2.2000,-115.4246,0.03281,0.01417,0.98583,0.00000,True,True,True
31.2597,0.0000,2.2000,-115.4536,0.02905,0.01399,0.98601,0.00000,True,True,True
31.2737,0.0000,2.2000,-115.4847,0.03107,0.01381,0.98619,0.00000,True,True,True
31.2869,0.0000,2.2000,-115.5151,0.03036,0.01363,0.98637,0.00000,True,True,True
31.3009,0.0000,2.2000,-115.5465,0.03149,0.01344,0.98656,0.00000,True,True,True
31.3128,0.0000,2.2000,-115.5736,0.02702,0.01328,0.98672,0.00000,True,True,True
31.3277,0.0000,2.2000,-115.6068,0.03323,0.01309,0.98691,0.00000,True,True,True
31.3433,0.0000,2.2000,-115.6405,0.03374,0.01289,0.98711,0.00000,True,True,True
31.3571,0.0000,2.2000,-115.6724,0.03186,0.01271,0.98729,0.00000,True,True,True
31.3701,0.0000,2.2000,-115.7024,0.02998,0.01254,0.98746,0.00000,True,True,True
31.3845,0.0000,2.2000,-115.7342,0.03183,0.01236,0.98764,0.00000,True,True,True
31.3964,0.0000,2.2000,-115.7616,0.02737,0.01220,0.98780,0.00000,True,True,True
31.4115,0.0000,2.2000,-115.7952,0.03359,0.01201,0.98799,0.00000,True,True,True
31.4263,0.0000,2.2000,-115.8280,0.03289,0.01183,0.98817,0.00000,True,True,True
31.4382,0.0000,2.2000,-115.8553,0.02728,0.01168,0.98832,0.00000,True,True,True
31.4512,0.0000,2.2000,-115.8846,0.02923,0.01152,0.98848,0.00000,True,True,True
31.4645,0.0000,2.2000,-115.9146,0.03007,0.01135,0.98865,0.00000,True,True,True
31.4792,0.0000,2.2000,-115.9473,0.03273,0.01118,0.98882,0.00000,True,True,True
31.4933,0.0000,2.2000,-115.9780,0.03063,0.01101,0.98899,0.00000,True,True,True
31.5058,0.0000,2.2000,-116.0071,0.02916,0.01086,0.98914,0.00000,True,True,True
31.5193,0.0000,2.2000,-116.0378,0.03067,0.01069,0.98931,0.00000,True,True,True
31.5325,0.0000,2.2000,-116.0674,0.02956,0.01054,0.98946,0.00000,True,True,True
31.5455,0.0000,2.2000,-116.0969,0.02950,0.01038,0.98962,0.00000,True,True,True
31.5596,0.0000,2.2000,-116.1284,0.03156,0.01022,0.98978,0.00000,True,True,True
31.5748,0.0000,2.2000,-116.1615,0.03307,0.01005,0.98995,0.00000,True,True,True
31.5876,0.0000,2.2000,-116.1916,0.03011,0.00990,0.99010,0.00000,True,True,True
31.6014,0.0000,2.2000,-116.2220,0.03038,0.00974,0.99026,0.00000,True,True,True
31.6146,0.0000,2.2000,-116.2517,0.02971,0.00959,0.99041,0.00000,True,True,True
31.6301,0.0000,2.2000,-116.2864,0.03469,0.00942,0.99058,0.00000,True,True,True
31.6429,0.0000,2.2000,-116.3156,0.02921,0.00927,0.99073,0.00000,True,True,True
31.6560,0.0000,2.2000,-116.3452,0.02962,0.00913,0.99087,0.00000,True,True,True
31.6689,0.0000,2.2000,-116.3741,0.02893,0.00899,0.99101,0.00000,True,True,True
31.6819,0.0000,2.2000,-116.4040,0.02985,0.00884,0.99116,0.00000,True,True,True
31.6950,0.0000,2.2000,-116.4334,0.02946,0.00870,0.99130,0.00000,True,True,True
31.7093,0.0000,2.2000,-116.4653,0.03185,0.00855,0.99145,0.00000,True,True,True
31.7242,0.0000,2.2000,-116.4978,0.03257,0.00840,0.99160,0.00000,True,True,True
31.7372,0.0000,2.2000,-116.5278,0.02999,0.00826,0.99174,0.00000,True,True,True
31.7513,0.0000,2.2000,-116.5592,0.03141,0.00811,0.99189,0.00000,True,True,True
31.7644,0.0000,2.2000,-116.5890,0.02975,0.00797,0.99203,0.00000,True,True,True
31.7775,0.0000,2.2000,-116.6189,0.02991,0.00784,0.99216,0.00000,True,True,True
31.7933,0.0000,2.2000,-116.6530,0.03413,0.00768,0.99232,0.00000,True,True,True
31.8072,0.0000,2.2000,-116.6854,0.03232,0.00754,0.99246,0.00000,True,True,True
31.8201,0.0000,2.2000,-116.7147,0.02934,0.00741,0.99259,0.00000,True,True,True
31.8344,0.0000,2.2000,-116.7467,0.03197,0.00726,0.99274,0.00000,True,True,True
31.8461,0.0000,2.2000,-116.7733,0.02667,0.00715,0.99285,0.00000,True,True,True
31.8607,0.0000,2.2000,-116.8061,0.03275,0.00701,0.99299,0.00000,True,True,True
31.8743,0.0000,2.2000,-116.8359,0.02982,0.00688,0.99312,0.00000,True,True,True
31.8869,0.0000,2.2000,-116.8650,0.02910,0.00675,0.99325,0.00000,True,True,True
31.9014,0.0000,2.2000,-116.8966,0.03165,0.00662,0.99338,0.00000,True,True,True
31.9145,0.0000,2.2000,-116.9266,0.02991,0.00650,0.99350,0.00000,True,True,True
31.9273,0.0000,2.2000,-116.9559,0.02936,0.00637,0.99363,0.00000,True,True,True
31.9436,0.0000,2.2000,-116.9906,0.03468,0.00623,0.99377,0.00000,True,True,True
31.9566,0.0000,2.2000,-117.0214,0.03085,0.00611,0.99389,0.00000,True,True,True
31.9694,0.0000,2.2000,-117.0510,0.02951,0.00599,0.99401,0.00000,True,True,True
31.9846,0.0000,2.2000,-117.0842,0.03323,0.00586,0.99414,0.00000,True,True,True
31.9956,0.0000,2.2000,-117.1098,0.02561,0.00576,0.99424,0.00000,True,True,True
32.0097,0.0000,2.2000,-117.1414,0.03165,0.00563,0.99437,0.00000,True,True,True
32.0235,0.0000,2.2000,-117.1724,0.03092,0.00551,0.99449,0.00000,True,True,True
32.0366,0.0000,2.2000,-117.2019,0.02956,0.00540,0.99460,0.00000,True,True,True
32.0510,0.0000,2.2000,-117.2341,0.03217,0.00528,0.99472,0.00000,True,True,True
32.0625,0.0000,2.2000,-117.2604,0.02627,0.00518,0.99482,0.00000,True,True,True
32.0772,0.0000,2.2000,-117.2935,0.03312,0.00506,0.99494,0.00000,True,True,True
32.0929,0.0000,2.2000,-117.3281,0.03463,0.00493,0.99507,0.00000,True,True,True
32.1046,0.0000,2.2000,-117.3544,0.02625,0.00484,0.99516,0.00000,True,True,True
32.1187,0.0000,2.2000,-117.3860,0.03159,0.00472,0.99528,0.00000,True,True,True
32.1315,0.0000,2.2000,-117.4157,0.02974,0.00462,0.99538,0.00000,True,True,True
32.1450,0.0000,2.2000,-117.4457,0.02997,0.00451,0.99549,0.00000,True,True,True
32.1598,0.0000,2.2000,-117.4784,0.03269,0.00440,0.99560,0.00000,True,True,True
32.1762,0.0000,2.2000,-117.5155,0.03719,0.00427,0.99573,0.00000,True,True,True
32.1891,0.0000,2.2000,-117.5433,0.02778,0.00418,0.99582,0.00000,True,True,True
32.2019,0.0000,2.2000,-117.5738,0.03050,0.00408,0.99592,0.00000,True,True,True
32.2162,0.0000,2.2000,-117.6033,0.02950,0.00398,0.99602,0.00000,True,True,True
32.2287,0.0000,2.2000,-117.6308,0.02751,0.00389,0.99611,0.00000,True,True,True
32.2431,0.0000,2.2000,-117.6596,0.02879,0.00380,0.99620,0.00000,True,True,True
32.2598,0.0000,2.2000,-117.6916,0.03198,0.00369,0.99631,0.00000,True,True,True
32.2720,0.0000,2.2000,-117.7138,0.02215,0.00362,0.99638,0.00000,True,True,True
32.2849,0.0000,2.2000,-117.7381,0.02431,0.00355,0.99645,0.00000,True,True,True
32.2988,0.0000,2.2000,-117.7616,0.02351,0.00348,0.99652,0.00000,True,True,True
32.3130,0.0000,2.2000,-117.7856,0.02400,0.00340,0.99660,0.00000,True,True,True
32.3260,0.0000,2.2000,-117.8059,0.02029,0.00334,0.99666,0.00000,True,True,True
32.3382,0.0000,2.2000,-117.8245,0.01866,0.00329,0.99671,0.00000,True,True,True
32.3516,0.0000,2.2000,-117.8435,0.01900,0.00323,0.99677,0.00000,True,True,True
32.3655,0.0000,2.2000,-117.8620,0.01850,0.00317,0.99683,0.00000,True,True,True
32.3788,0.0000,2.2000,-117.8794,0.01736,0.00312,0.99688,0.00000,True,True,True
32.3932,0.0000,2.2000,-117.8966,0.01718,0.00307,0.99693,0.00000,True,True,True
32.4079,0.0000,2.2000,-117.9128,0.01624,0.00303,0.99697,0.00000,True,True,True
32.4212,0.0000,2.2000,-117.9270,0.01418,0.00299,0.99701,0.00000,True,True,True
32.4343,0.0000,2.2000,-117.9400,0.01303,0.00295,0.99705,0.00000,True,True,True
32.4480,0.0000,2.2000,-117.9523,0.01225,0.00291,0.99709,0.00000,True,True,True
32.4611,0.0000,2.2000,-117.9633,0.01099,0.00288,0.99712,0.00000,True,True,True
32.4762,0.0000,2.2000,-117.9744,0.01112,0.00285,0.99715,0.00000,True,True,True
32.4929,0.0000,2.2000,-117.9854,0.01097,0.00282,0.99718,0.00000,True,True,True
32.5041,0.0000,2.2000,-117.9854,0.00000,0.00282,0.99718,0.00000,True,True,True
32.5174,0.0000,2.2000,-117.9864,0.00101,0.00282,0.99718,0.00000,True,True,True
32.5300,0.0000,2.2000,-117.9881,0.00178,0.00281,0.99719,0.00000,True,True,True
32.5436,0.0000,2.2000,-117.9911,0.00299,0.00281,0.99719,0.00000,True,True,True
32.5596,0.0000,2.2000,-117.9959,0.00477,0.00279,0.99721,0.00000,True,True,True
32.5728,0.0000,2.2000,-118.0009,0.00499,0.00278,0.99722,0.00000,True,True,True
32.5867,0.0000,2.2000,-118.0072,0.00626,0.00276,0.99724,0.00000,True,True,True
32.6010,0.0000,2.2000,-118.0149,0.00776,0.00274,0.99726,0.00000,True,True,True
32.6127,0.0000,2.2000,-118.0220,0.00707,0.00272,0.99728,0.00000,True,True,True
32.6266,0.0000,2.2000,-118.0314,0.00941,0.00270,0.99730,0.00000,True,True,True
32.6431,0.0000,2.2000,-118.0437,0.01232,0.00266,0.99734,0.00000,True,True,True
32.6560,0.0000,2.2000,-118.0547,0.01094,0.00263,0.99737,0.00000,True,True,True
32.6691,0.0000,2.2000,-118.0665,0.01180,0.00260,0.99740,0.00000,True,True,True
32.6844,0.0000,2.2000,-118.0818,0.01535,0.00256,0.99744,0.00000,True,True,True
32.6958,0.0000,2.2000,-118.0937,0.01192,0.00253,0.99747,0.00000,True,True,True
32.7098,0.0000,2.2000,-118.1099,0.01612,0.00249,0.99751,0.00000,True,True,True
32.7264,0.0000,2.2000,-118.1296,0.01976,0.00244,0.99756,0.00000,True,True,True
32.7392,0.0000,2.2000,-118.1465,0.01689,0.00239,0.99761,0.00000,True,True,True
32.7521,0.0000,2.2000,-118.1644,0.01785,0.00235,0.99765,0.00000,True,True,True
32.7671,0.0000,2.2000,-118.1854,0.02109,0.00229,0.99771,0.00000,True,True,True
32.7817,0.0000,2.2000,-118.2078,0.02237,0.00224,0.99776,0.00000,True,True,True
32.7941,0.0000,2.2000,-118.2279,0.02013,0.00219,0.99781,0.00000,True,True,True
32.8088,0.0000,2.2000,-118.2521,0.02413,0.00213,0.99787,0.00000,True,True,True
32.8209,0.0000,2.2000,-118.2738,0.02170,0.00208,0.99792,0.00000,True,True,True
32.8355,0.0000,2.2000,-118.3007,0.02691,0.00201,0.99799,0.00000,True,True,True
32.8505,0.0000,2.2000,-118.3283,0.02766,0.00195,0.99805,0.00000,True,True,True
32.8619,0.0000,2.2000,-118.3511,0.02280,0.00190,0.99810,0.00000,True,True,True
32.8757,0.0000,2.2000,-118.3792,0.02811,0.00183,0.99817,0.00000,True,True,True
32.8893,0.0000,2.2000,-118.4081,0.02884,0.00177,0.99823,0.00000,True,True,True
32.9034,0.0000,2.2000,-118.4391,0.03098,0.00170,0.99830,0.00000,True,True,True
32.9175,0.0000,2.2000,-118.4702,0.03111,0.00164,0.99836,0.00000,True,True,True
32.9311,0.0000,2.2000,-118.5014,0.03120,0.00157,0.99843,0.00000,True,True,True
32.9451,0.0000,2.2000,-118.5327,0.03136,0.00151,0.99849,0.00000,True,True,True
32.9582,0.0000,2.2000,-118.5633,0.03053,0.00144,0.99856,0.00000,True,True,True
32.9721,0.0000,2.2000,-118.5935,0.03027,0.00138,0.99862,0.00000,True,True,True
32.9871,0.0000,2.2000,-118.6278,0.03426,0.00132,0.99868,0.00000,True,True,True
33.0005,0.0000,2.2000,-118.6573,0.02950,0.00126,0.99874,0.00000,True,True,True
33.0139,0.0000,2.2000,-118.6877,0.03043,0.00121,0.99879,0.00000,True,True,True
33.0271,0.0000,2.2000,-118.7177,0.02995,0.00115,0.99885,0.00000,True,True,True
33.0418,0.0000,2.2000,-118.7508,0.03312,0.00109,0.99891,0.00000,True,True,True
33.0541,0.0000,2.2000,-118.7788,0.02797,0.00105,0.99895,0.00000,True,True,True
33.0678,0.0000,2.2000,-118.8092,0.03043,0.00099,0.99901,0.00000,True,True,True
33.0815,0.0000,2.2000,-118.8393,0.03014,0.00095,0.99905,0.00000,True,True,True
33.0947,0.0000,2.2000,-118.8701,0.03078,0.00090,0.99910,0.00000,True,True,True
33.1103,0.0000,2.2000,-118.9046,0.03451,0.00084,0.99916,0.00000,True,True,True
33.1252,0.0000,2.2000,-118.9384,0.03379,0.00079,0.99921,0.00000,True,True,True
33.1369,0.0000,2.2000,-118.9651,0.02672,0.00075,0.99925,0.00000,True,True,True
33.1513,0.0000,2.2000,-118.9973,0.03218,0.00071,0.99929,0.00000,True,True,True
33.1638,0.0000,2.2000,-119.0253,0.02795,0.00067,0.99933,0.00000,True,True,True
33.1770,0.0000,2.2000,-119.0546,0.02937,0.00063,0.99937,0.00000,True,True,True
33.1919,0.0000,2.2000,-119.0885,0.03388,0.00058,0.99942,0.00000,True,True,True
33.2042,0.0000,2.2000,-119.1162,0.02764,0.00055,0.99945,0.00000,True,True,True
33.2183,0.0000,2.2000,-119.1472,0.03104,0.00051,0.99949,0.00000,True,True,True
33.2339,0.0000,2.2000,-119.1822,0.03503,0.00047,0.99953,0.00000,True,True,True
33.2468,0.0000,2.2000,-119.2116,0.02936,0.00044,0.99956,0.00000,True,True,True
33.2605,0.0000,2.2000,-119.2425,0.03087,0.00040,0.99960,0.00000,True,True,True
33.2752,0.0000,2.2000,-119.2757,0.03326,0.00037,0.99963,0.00000,True,True,True
33.2874,0.0000,2.2000,-119.3036,0.02784,0.00034,0.99966,0.00000,True,True,True
33.3029,0.0000,2.2000,-119.3377,0.03413,0.00031,0.99969,0.00000,True,True,True
33.3171,0.0000,2.2000,-119.3695,0.03178,0.00028,0.99972,0.00000,True,True,True
33.3293,0.0000,2.2000,-119.3978,0.02831,0.00026,0.99974,0.00000,True,True,True
33.3426,0.0000,2.2000,-119.4280,0.03017,0.00023,0.99977,0.00000,True,True,True
33.3571,0.0000,2.2000,-119.4589,0.03093,0.00021,0.99979,0.00000,True,True,True
33.3698,0.0000,2.2000,-119.4890,0.03007,0.00018,0.99982,0.00000,True,True,True
33.3846,0.0000,2.2000,-119.5223,0.03330,0.00016,0.99984,0.00000,True,True,True
33.3979,0.0000,2.2000,-119.5519,0.02969,0.00014,0.99986,0.00000,True,True,True
33.4107,0.0000,2.2000,-119.5811,0.02917,0.00012,0.99988,0.00000,True,True,True
33.4263,0.0000,2.2000,-119.6159,0.03476,0.00010,0.99990,0.00000,True,True,True
33.4405,0.0000,2.2000,-119.6468,0.03091,0.00009,0.99991,0.00000,True,True,True
33.4540,0.0000,2.2000,-119.6788,0.03199,0.00007,0.99993,0.00000,True,True,True
33.4687,0.0000,2.2000,-119.7119,0.03310,0.00006,0.99994,0.00000,True,True,True
33.4837,0.0000,2.2000,-119.7447,0.03284,0.00005,0.99995,0.00000,True,True,True
33.4951,0.0000,2.2000,-119.7705,0.02583,0.00004,0.99996,0.00000,True,True,True
33.5085,0.0000,2.2000,-119.8010,0.03046,0.00003,0.99997,0.00000,True,True,True
33.5221,0.0000,2.2000,-119.8310,0.03001,0.00002,0.99998,0.00000,True,True,True
33.5374,0.0000,2.2000,-119.8655,0.03445,0.00001,0.99999,0.00000,True,True,True
33.5505,0.0000,2.2000,-119.8950,0.02950,0.00001,0.99999,0.00000,True,True,True
33.5637,0.0000,2.2000,-119.9254,0.03042,0.00000,1.00000,0.00000,True,True,True
33.5779,0.0000,2.2000,-119.9570,0.03164,0.00000,1.00000,0.00000,True,True,True
33.5923,0.0000,2.2000,-119.9886,0.03157,0.00000,1.00000,0.00000,True,True,True
33.6050,0.0000,2.2000,-120.0185,0.02993,0.00000,1.00000,0.00000,True,True,True
33.6184,0.0000,2.2000,-120.0485,0.03001,0.00000,1.00000,0.00000,True,True,True
33.6334,0.0000,2.2000,-120.0820,0.03348,0.00000,1.00000,0.00000,True,True,True
33.6456,0.0000,2.2000,-120.1098,0.02782,0.00000,1.00000,0.00000,True,True,True
33.6602,0.0000,2.2000,-120.1426,0.03278,0.00000,1.00000,0.00000,True,True,True
33.6728,0.0000,2.2000,-120.1705,0.02788,0.00000,1.00000,0.00000,True,True,True
33.6854,0.0000,2.2000,-120.1994,0.02895,0.00000,1.00000,0.00000,True,True,True
33.7001,0.0000,2.2000,-120.2320,0.03258,0.00000,1.00000,0.00000,True,True,True
33.7112,0.0000,2.2000,-120.2575,0.02550,0.00000,1.00000,0.00000,True,True,True
33.7259,0.0000,2.2000,-120.2905,0.03300,0.00000,1.00000,0.00000,True,True,True
33.7386,0.0000,2.2000,-120.3191,0.02862,0.00000,1.00000,0.00000,True,True,True
33.7516,0.0000,2.2000,-120.3483,0.02912,0.00000,1.00000,0.00000,True,True,True
33.7645,0.0000,2.2000,-120.3774,0.02917,0.00000,1.00000,0.00000,True,True,True
33.7774,0.0000,2.2000,-120.4066,0.02916,0.00000,1.00000,0.00000,True,True,True
33.7921,0.0000,2.2000,-120.4396,0.03300,0.00000,1.00000,0.00000,True,True,True
33.8052,0.0000,2.2000,-120.4686,0.02897,0.00000,1.00000,0.00000,True,True,True
33.8183,0.0000,2.2000,-120.4980,0.02943,0.00000,1.00000,0.00000,True,True,True
33.8335,0.0000,2.2000,-120.5321,0.03413,0.00000,1.00000,0.00000,True,True,True
33.8444,0.0000,2.2000,-120.5571,0.02500,0.00000,1.00000,0.00000,True,True,True
33.8597,0.0000,2.2000,-120.5916,0.03446,0.00000,1.00000,0.00000,True,True,True
33.8751,0.0000,2.2000,-120.6259,0.03429,0.00000,1.00000,0.00000,True,True,True
33.8867,0.0000,2.2000,-120.6522,0.02630,0.00000,1.00000,0.00000,True,True,True
33.9025,0.0000,2.2000,-120.6871,0.03491,0.00000,1.00000,0.00000,True,True,True
33.9169,0.0000,2.2000,-120.7197,0.03259,0.00000,1.00000,0.00000,True,True,True
33.9292,0.0000,2.2000,-120.7478,0.02810,0.00000,1.00000,0.00000,True,True,True
33.9444,0.0000,2.2000,-120.7817,0.03390,0.00000,1.00000,0.00000,True,True,True
33.9585,0.0000,2.2000,-120.8136,0.03191,0.00000,1.00000,0.00000,True,True,True
33.9703,0.0000,2.2000,-120.8404,0.02686,0.00000,1.00000,0.00000,True,True,True
33.9860,0.0000,2.2000,-120.8748,0.03434,0.00000,1.00000,0.00000,True,True,True
34.0001,0.0000,2.2000,-120.9071,0.03228,0.00000,1.00000,0.00000,True,True,True
34.0120,0.0000,2.2000,-120.9342,0.02711,0.00000,1.00000,0.00000,True,True,True
34.0271,0.0000,2.2000,-120.9681,0.03397,0.00000,1.00000,0.00000,True,True,True
34.0417,0.0000,2.2000,-121.0006,0.03251,0.00000,1.00000,0.00000,True,True,True
34.0542,0.0000,2.2000,-121.0293,0.02868,0.00000,1.00000,0.00000,True,True,True
34.0674,0.0000,2.2000,-121.0590,0.02972,0.00000,1.00000,0.00000,True,True,True
34.0811,0.0000,2.2000,-121.0890,0.02999,0.00000,1.00000,0.00000,True,True,True
34.0953,0.0000,2.2000,-121.1215,0.03246,0.00000,1.00000,0.00000,True,True,True
34.1085,0.0000,2.2000,-121.1508,0.02927,0.00000,1.00000,0.00000,True,True,True
34.1229,0.0000,2.2000,-121.1821,0.03133,0.00000,1.00000,0.00000,True,True,True
34.1363,0.0000,2.2000,-121.2132,0.03109,0.00000,1.00000,0.00000,True,True,True
34.1500,0.0000,2.2000,-121.2446,0.03143,0.00000,1.00000,0.00000,True,True,True
34.1635,0.0000,2.2000,-121.2748,0.03022,0.00000,1.00000,0.00000,True,True,True
34.1791,0.0000,2.2000,-121.3098,0.03493,0.00000,1.00000,0.00000,True,True,True
34.1919,0.0000,2.2000,-121.3388,0.02901,0.00000,1.00000,0.00000,True,True,True
34.2056,0.0000,2.2000,-121.3690,0.03020,0.00000,1.00000,0.00000,True,True,True
34.2197,0.0000,2.2000,-121.3998,0.03081,0.00000,1.00000,0.00000,True,True,True
34.2338,0.0000,2.2000,-121.4321,0.03232,0.00000,1.00000,0.00000,True,True,True
34.2471,0.0000,2.2000,-121.4623,0.03019,0.00000,1.00000,0.00000,True,True,True
34.2619,0.0000,2.2000,-121.4962,0.03395,0.00000,1.00000,0.00000,True,True,True
34.2756,0.0000,2.2000,-121.5266,0.03039,0.00000,1.00000,0.00000,True,True,True
34.2891,0.0000,2.2000,-121.5574,0.03072,0.00000,1.00000,0.00000,True,True,True
34.3028,0.0000,2.2000,-121.5876,0.03026,0.00000,1.00000,0.00000,True,True,True
34.3170,0.0000,2.2000,-121.6196,0.03194,0.00000,1.00000,0.00000,True,True,True
34.3301,0.0000,2.2000,-121.6492,0.02969,0.00000,1.00000,0.00000,True,True,True
34.3467,0.0000,2.2000,-121.6863,0.03701,0.00000,1.00000,0.00000,True,True,True
34.3596,0.0000,2.2000,-121.7157,0.02945,0.00000,1.00000,0.00000,True,True,True
34.3733,0.0000,2.2000,-121.7465,0.03084,0.00000,1.00000,0.00000,True,True,True
34.3867,0.0000,2.2000,-121.7771,0.03052,0.00000,1.00000,0.00000,True,True,True
34.4028,0.0000,2.2000,-121.8127,0.03568,0.00000,1.00000,0.00000,True,True,True
34.4166,0.0000,2.2000,-121.8445,0.03175,0.00000,1.00000,0.00000,True,True,True
34.4294,0.0000,2.2000,-121.8730,0.02846,0.00000,1.00000,0.00000,True,True,True
34.4441,0.0000,2.2000,-121.9062,0.03324,0.00000,1.00000,0.00000,True,True,True
34.4588,0.0000,2.2000,-121.9384,0.03224,0.00000,1.00000,0.00000,True,True,True
34.4713,0.0000,2.2000,-121.9671,0.02870,0.00000,1.00000,0.00000,True,True,True
34.4859,0.0000,2.2000,-121.9991,0.03191,0.00000,1.00000,0.00000,True,True,True
34.5002,0.0000,2.2000,-122.0321,0.03300,0.00000,1.00000,0.00000,True,True,True
34.5122,0.0000,2.2000,-122.0597,0.02765,0.00000,1.00000,0.00000,True,True,True
34.5275,0.0000,2.2000,-122.0940,0.03432,0.00000,1.00000,0.00000,True,True,True
34.5417,0.0000,2.2000,-122.1258,0.03178,0.00000,1.00000,0.00000,True,True,True
34.5546,0.0000,2.2000,-122.1545,0.02866,0.00000,1.00000,0.00000,True,True,True
34.5709,0.0000,2.2000,-122.1909,0.03642,0.00000,1.00000,0.00000,True,True,True
34.5839,0.0000,2.2000,-122.2207,0.02979,0.00000,1.00000,0.00000,True,True,True
34.5974,0.0000,2.2000,-122.2509,0.03020,0.00000,1.00000,0.00000,True,True,True
34.6123,0.0000,2.2000,-122.2847,0.03382,0.00000,1.00000,0.00000,True,True,True
34.6249,0.0000,2.2000,-122.3133,0.02860,0.00000,1.00000,0.00000,True,True,True
34.6383,0.0000,2.2000,-122.3427,0.02938,0.00000,1.00000,0.00000,True,True,True
34.6521,0.0000,2.2000,-122.3739,0.03123,0.00000,1.00000,0.00000,True,True,True
34.6668,0.0000,2.2000,-122.4070,0.03310,0.00000,1.00000,0.00000,True,True,True
34.6790,0.0000,2.2000,-122.4346,0.02762,0.00000,1.00000,0.00000,True,True,True
34.6945,0.0000,2.2000,-122.4691,0.03444,0.00000,1.00000,0.00000,True,True,True
34.7083,0.0000,2.2000,-122.5008,0.03172,0.00000,1.00000,0.00000,True,True,True
34.7209,0.0000,2.2000,-122.5284,0.02763,0.00000,1.00000,0.00000,True,True,True
34.7354,0.0000,2.2000,-122.5612,0.03281,0.00000,1.00000,0.00000,True,True,True
34.7502,0.0000,2.2000,-122.5945,0.03332,0.00000,1.00000,0.00000,True,True,True
34.7622,0.0000,2.2000,-122.6219,0.02737,0.00000,1.00000,0.00000,True,True,True
34.7785,0.0000,2.2000,-122.6576,0.03568,0.00000,1.00000,0.00000,True,True,True
34.7921,0.0000,2.2000,-122.6885,0.03094,0.00000,1.00000,0.00000,True,True,True
34.8054,0.0000,2.2000,-122.7191,0.03057,0.00000,1.00000,0.00000,True,True,True
34.8194,0.0000,2.2000,-122.7501,0.03104,0.00000,1.00000,0.00000,True,True,True
34.8339,0.0000,2.2000,-122.7822,0.03214,0.00000,1.00000,0.00000,True,True,True
34.8472,0.0000,2.2000,-122.8133,0.03106,0.00000,1.00000,0.00000,True,True,True
34.8609,0.0000,2.2000,-122.8436,0.03027,0.00000,1.00000,0.00000,True,True,True
34.8749,0.0000,2.2000,-122.8757,0.03210,0.00000,1.00000,0.00000,True,True,True
34.8884,0.0000,2.2000,-122.9055,0.02985,0.00000,1.00000,0.00000,True,True,True
34.9040,0.0000,2.2000,-122.9408,0.03527,0.00000,1.00000,0.00000,True,True,True
34.9173,0.0000,2.2000,-122.9708,0.03003,0.00000,1.00000,0.00000,True,True,True
34.9320,0.0000,2.2000,-123.0022,0.03134,0.00000,1.00000,0.00000,True,True,True
34.9454,0.0000,2.2000,-123.0336,0.03146,0.00000,1.00000,0.00000,True,True,True
34.9612,0.0000,2.2000,-123.0688,0.03513,0.00000,1.00000,0.00000,True,True,True
34.9752,0.0000,2.2000,-123.1008,0.03206,0.00000,1.00000,0.00000,True,True,True
34.9888,0.0000,2.2000,-123.1313,0.03049,0.00000,1.00000,0.00000,True,True,True
35.0044,0.0000,2.2000,-123.1668,0.03544,0.00000,1.00000,0.00000,True,True,True
35.0177,0.0000,2.2000,-123.1966,0.02988,0.00000,1.00000,0.00000,True,True,True
35.0318,0.0000,2.2000,-123.2280,0.03130,0.00000,1.00000,0.00000,True,True,True
35.0451,0.0000,2.2000,-123.2587,0.03072,0.00000,1.00000,0.00000,True,True,True
35.0600,0.0000,2.2000,-123.2923,0.03361,0.00000,1.00000,0.00000,True,True,True
35.0730,0.0000,2.2000,-123.3215,0.02921,0.00000,1.00000,0.00000,True,True,True
35.0863,0.0000,2.2000,-123.3513,0.02979,0.00000,1.00000,0.00000,True,True,True
35.1006,0.0000,2.2000,-123.3835,0.03223,0.00000,1.00000,0.00000,True,True,True
35.1167,0.0000,2.2000,-123.4195,0.03598,0.00000,1.00000,0.00000,True,True,True
35.1283,0.0000,2.2000,-123.4457,0.02620,0.00000,1.00000,0.00000,True,True,True
35.1423,0.0000,2.2000,-123.4770,0.03128,0.00000,1.00000,0.00000,True,True,True
35.1564,0.0000,2.2000,-123.5085,0.03149,0.00000,1.00000,0.00000,True,True,True
35.1714,0.0000,2.2000,-123.5426,0.03413,0.00000,1.00000,0.00000,True,True,True
35.1845,0.0000,2.2000,-123.5718,0.02924,0.00000,1.00000,0.00000,True,True,True
35.2001,0.0000,2.2000,-123.6058,0.03394,0.00000,1.00000,0.00000,True,True,True
35.2117,0.0000,2.2000,-123.6303,0.02450,0.00000,1.00000,0.00000,True,True,True
35.2281,0.0000,2.2000,-123.6629,0.03259,0.00000,1.00000,0.00000,True,True,True
35.2416,0.0000,2.2000,-123.6899,0.02701,0.00000,1.00000,0.00000,True,True,True
35.2543,0.0000,2.2000,-123.7137,0.02384,0.00000,1.00000,0.00000,True,True,True
35.2692,0.0000,2.2000,-123.7400,0.02628,0.00000,1.00000,0.00000,True,True,True
35.2836,0.0000,2.2000,-123.7646,0.02464,0.00000,1.00000,0.00000,True,True,True
35.2961,0.0000,2.2000,-123.7854,0.02075,0.00000,1.00000,0.00000,True,True,True
35.3105,0.0000,2.2000,-123.8069,0.02155,0.00000,1.00000,0.00000,True,True,True
35.3230,0.0000,2.2000,-123.8269,0.01997,0.00000,1.00000,0.00000,True,True,True
35.3371,0.0000,2.2000,-123.8464,0.01952,0.00000,1.00000,0.00000,True,True,True
35.3515,0.0000,2.2000,-123.8660,0.01962,0.00000,1.00000,0.00000,True,True,True
35.3671,0.0000,2.2000,-123.8852,0.01916,0.00000,1.00000,0.00000,True,True,True
35.3811,0.0000,2.2000,-123.9020,0.01682,0.00000,1.00000,0.00000,True,True,True
35.3956,0.0000,2.2000,-123.9180,0.01598,0.00000,1.00000,0.00000,True,True,True
35.4084,0.0000,2.2000,-123.9313,0.01327,0.00000,1.00000,0.00000,True,True,True
35.4215,0.0000,2.2000,-123.9438,0.01250,0.00000,1.00000,0.00000,True,True,True
35.4359,0.0000,2.2000,-123.9563,0.01255,0.00000,1.00000,0.00000,True,True,True
35.4501,0.0000,2.2000,-123.9676,0.01127,0.00000,1.00000,0.00000,True,True,True
35.4610,0.0000,2.2000,-123.9757,0.00815,0.00000,1.00000,0.00000,True,True,True
35.4751,0.0000,2.2000,-123.9757,0.00000,0.00000,1.00000,0.00000,True,True,True
35.4868,0.0000,2.2000,-123.9765,0.00078,0.00000,1.00000,0.00000,True,True,True
35.5011,0.0000,2.2000,-123.9786,0.00205,0.00000,1.00000,0.00000,True,True,True
35.5150,0.0000,2.2000,-123.9816,0.00304,0.00000,1.00000,0.00000,True,True,True
35.5283,0.0000,2.2000,-123.9854,0.00383,0.00000,1.00000,0.00000,True,True,True
35.5420,0.0000,2.2000,-123.9904,0.00500,0.00000,1.00000,0.00000,True,True,True
35.5546,0.0000,2.2000,-123.9961,0.00564,0.00000,1.00000,0.00000,True,True,True
35.5687,0.0000,2.2000,-124.0033,0.00727,0.00000,1.00000,0.00000,True,True,True
35.5810,0.0000,2.2000,-124.0106,0.00720,0.00000,1.00000,0.00000,True,True,True
35.5944,0.0000,2.2000,-124.0191,0.00852,0.00000,1.00000,0.00000,True,True,True
35.6083,0.0000,2.2000,-124.0296,0.01053,0.00000,1.00000,0.00000,True,True,True
35.6196,0.0000,2.2000,-124.0385,0.00894,0.00000,1.00000,0.00000,True,True,True
35.6337,0.0000,2.2000,-124.0508,0.01225,0.00000,1.00000,0.00000,True,True,True
35.6463,0.0000,2.2000,-124.0628,0.01196,0.00000,1.00000,0.00000,True,True,True
35.6615,0.0000,2.2000,-124.0781,0.01537,0.00000,1.00000,0.00000,True,True,True
35.6753,0.0000,2.2000,-124.0931,0.01501,0.00000,1.00000,0.00000,True,True,True
35.6888,0.0000,2.2000,-124.1089,0.01579,0.00000,1.00000,0.00000,True,True,True
35.7020,0.0000,2.2000,-124.1257,0.01678,0.00000,1.00000,0.00000,True,True,True
35.7169,0.0000,2.2000,-124.1452,0.01951,0.00000,1.00000,0.00000,True,True,True
35.7306,0.0000,2.2000,-124.1647,0.01947,0.00000,1.00000,0.00000,True,True,True
35.7444,0.0000,2.2000,-124.1846,0.01990,0.00000,1.00000,0.00000,True,True,True
35.7584,0.0000,2.2000,-124.2070,0.02238,0.00000,1.00000,0.00000,True,True,True
35.7700,0.0000,2.2000,-124.2260,0.01904,0.00000,1.00000,0.00000,True,True,True
35.7850,0.0000,2.2000,-124.2508,0.02477,0.00000,1.00000,0.00000,True,True,True
35.7978,0.0000,2.2000,-124.2741,0.02337,0.00000,1.00000,0.00000,True,True,True
35.8114,0.0000,2.2000,-124.2992,0.02511,0.00000,1.00000,0.00000,True,True,True
35.8261,0.0000,2.2000,-124.3275,0.02824,0.00000,1.00000,0.00000,True,True,True
35.8399,0.0000,2.2000,-124.3549,0.02747,0.00000,1.00000,0.00000,True,True,True
35.8527,0.0000,2.2000,-124.3812,0.02628,0.00000,1.00000,0.00000,True,True,True
35.8666,0.0000,2.2000,-124.4107,0.02949,0.00000,1.00000,0.00000,True,True,True
35.8807,0.0000,2.2000,-124.4429,0.03217,0.00000,1.00000,0.00000,True,True,True
35.8938,0.0000,2.2000,-124.4728,0.02993,0.00000,1.00000,0.00000,True,True,True
35.9072,0.0000,2.2000,-124.5031,0.03026,0.00000,1.00000,0.00000,True,True,True
35.9204,0.0000,2.2000,-124.5329,0.02980,0.00000,1.00000,0.00000,True,True,True
35.9347,0.0000,2.2000,-124.5648,0.03194,0.00000,1.00000,0.00000,True,True,True
35.9487,0.0000,2.2000,-124.5963,0.03149,0.00000,1.00000,0.00000,True,True,True
35.9614,0.0000,2.2000,-124.6253,0.02898,0.00000,1.00000,0.00000,True,True,True
35.9764,0.0000,2.2000,-124.6582,0.03297,0.00000,1.00000,0.00000,True,True,True
35.9892,0.0000,2.2000,-124.6874,0.02921,0.00000,1.00000,0.00000,True,True,True
36.0012,0.0000,2.2000,-124.7149,0.02742,0.00000,1.00000,0.00000,True,True,True
36.0141,0.0000,2.2000,-124.7433,0.02840,0.00000,1.00000,0.00000,True,True,True
36.0275,0.0000,2.2000,-124.7737,0.03046,0.00000,1.00000,0.00000,True,True,True
36.0429,0.0000,2.2000,-124.8082,0.03447,0.00000,1.00000,0.00000,True,True,True
36.0542,0.0000,2.2000,-124.8340,0.02575,0.00000,1.00000,0.00000,True,True,True
36.0684,0.0000,2.2000,-124.8659,0.03195,0.00000,1.00000,0.00000,True,True,True
36.0849,0.0000,2.2000,-124.9021,0.03619,0.00000,1.00000,0.00000,True,True,True
36.0972,0.0000,2.2000,-124.9307,0.02856,0.00000,1.00000,0.00000,True,True,True
36.1102,0.0000,2.2000,-124.9600,0.02939,0.00000,1.00000,0.00000,True,True,True
36.1241,0.0000,2.2000,-124.9906,0.03058,0.00000,1.00000,0.00000,True,True,True
36.1391,0.0000,2.2000,-125.0241,0.03352,0.00000,1.00000,0.00000,True,True,True
36.1519,0.0000,2.2000,-125.0531,0.02896,0.00000,1.00000,0.00000,True,True,True
36.1654,0.0000,2.2000,-125.0839,0.03080,0.00000,1.00000,0.00000,True,True,True
36.1791,0.0000,2.2000,-125.1138,0.02990,0.00000,1.00000,0.00000,True,True,True
36.1937,0.0000,2.2000,-125.1458,0.03203,0.00000,1.00000,0.00000,True,True,True
36.2068,0.0000,2.2000,-125.1765,0.03062,0.00000,1.00000,0.00000,True,True,True
36.2198,0.0000,2.2000,-125.2065,0.03009,0.00000,1.00000,0.00000,True,True,True
36.2348,0.0000,2.2000,-125.2398,0.03324,0.00000,1.00000,0.00000,True,True,True
36.2495,0.0000,2.2000,-125.2726,0.03285,0.00000,1.00000,0.00000,True,True,True
36.2645,0.0000,2.2000,-125.3063,0.03369,0.00000,1.00000,0.00000,True,True,True
36.2786,0.0000,2.2000,-125.3375,0.03114,0.00000,1.00000,0.00000,True,True,True
36.2929,0.0000,2.2000,-125.3705,0.03298,0.00000,1.00000,0.00000,True,True,True
36.3050,0.0000,2.2000,-125.3978,0.02730,0.00000,1.00000,0.00000,True,True,True
36.3196,0.0000,2.2000,-125.4308,0.03309,0.00000,1.00000,0.00000,True,True,True
36.3321,0.0000,2.2000,-125.4588,0.02798,0.00000,1.00000,0.00000,True,True,True
36.3455,0.0000,2.2000,-125.4879,0.02912,0.00000,1.00000,0.00000,True,True,True
36.3594,0.0000,2.2000,-125.5204,0.03244,0.00000,1.00000,0.00000,True,True,True
36.3722,0.0000,2.2000,-125.5490,0.02857,0.00000,1.00000,0.00000,True,True,True
36.3869,0.0000,2.2000,-125.5824,0.03347,0.00000,1.00000,0.00000,True,True,True
36.4010,0.0000,2.2000,-125.6141,0.03171,0.00000,1.00000,0.00000,True,True,True
36.4137,0.0000,2.2000,-125.6414,0.02727,0.00000,1.00000,0.00000,True,True,True
36.4265,0.0000,2.2000,-125.6713,0.02992,0.00000,1.00000,0.00000,True,True,True
36.4407,0.0000,2.2000,-125.7025,0.03114,0.00000,1.00000,0.00000,True,True,True
36.4561,0.0000,2.2000,-125.7374,0.03494,0.00000,1.00000,0.00000,True,True,True
36.4681,0.0000,2.2000,-125.7651,0.02773,0.00000,1.00000,0.00000,True,True,True
36.4814,0.0000,2.2000,-125.7948,0.02964,0.00000,1.00000,0.00000,True,True,True
36.4945,0.0000,2.2000,-125.8242,0.02938,0.00000,1.00000,0.00000,True,True,True
36.5096,0.0000,2.2000,-125.8581,0.03395,0.00000,1.00000,0.00000,True,True,True
36.5208,0.0000,2.2000,-125.8837,0.02560,0.00000,1.00000,0.00000,True,True,True
36.5351,0.0000,2.2000,-125.9156,0.03188,0.00000,1.00000,0.00000,True,True,True
36.5492,0.0000,2.2000,-125.9474,0.03185,0.00000,1.00000,0.00000,True,True,True
36.5619,0.0000,2.2000,-125.9762,0.02876,0.00000,1.00000,0.00000,True,True,True
36.5762,0.0000,2.2000,-126.0080,0.03184,0.00000,1.00000,0.00000,True,True,True
36.5876,0.0000,2.2000,-126.0340,0.02593,0.00000,1.00000,0.00000,True,True,True
36.6009,0.0000,2.2000,-126.0641,0.03014,0.00000,1.00000,0.00000,True,True,True
36.6140,0.0000,2.2000,-126.0934,0.02934,0.00000,1.00000,0.00000,True,True,True
36.6268,0.0000,2.2000,-126.1221,0.02871,0.00000,1.00000,0.00000,True,True,True
36.6393,0.0000,2.2000,-126.1505,0.02837,0.00000,1.00000,0.00000,True,True,True
36.6534,0.0000,2.2000,-126.1824,0.03191,0.00000,1.00000,0.00000,True,True,True
36.6661,0.0000,2.2000,-126.2097,0.02731,0.00000,1.00000,0.00000,True,True,True
36.6782,0.0000,2.2000,-126.2381,0.02841,0.00000,1.00000,0.00000,True,True,True
36.6927,0.0000,2.2000,-126.2703,0.03217,0.00000,1.00000,0.00000,True,True,True
36.7049,0.0000,2.2000,-126.2982,0.02793,0.00000,1.00000,0.00000,True,True,True
36.7175,0.0000,2.2000,-126.3265,0.02827,0.00000,1.00000,0.00000,True,True,True
36.7296,0.0000,2.2000,-126.3534,0.02686,0.00000,1.00000,0.00000,True,True,True
36.7434,0.0000,2.2000,-126.3835,0.03017,0.00000,1.00000,0.00000,True,True,True
36.7558,0.0000,2.2000,-126.4127,0.02912,0.00000,1.00000,0.00000,True,True,True
36.7704,0.0000,2.2000,-126.4453,0.03266,0.00000,1.00000,0.00000,True,True,True
36.7846,0.0000,2.2000,-126.4768,0.03152,0.00000,1.00000,0.00000,True,True,True
36.7962,0.0000,2.2000,-126.5026,0.02579,0.00000,1.00000,0.00000,True,True,True
36.8107,0.0000,2.2000,-126.5344,0.03179,0.00000,1.00000,0.00000,True,True,True
36.8240,0.0000,2.2000,-126.5653,0.03092,0.00000,1.00000,0.00000,True,True,True
36.8372,0.0000,2.2000,-126.5958,0.03042,0.00000,1.00000,0.00000,True,True,True
36.8521,0.0000,2.2000,-126.6285,0.03273,0.00000,1.00000,0.00000,True,True,True
36.8680,0.0000,2.2000,-126.6644,0.03592,0.00000,1.00000,0.00000,True,True,True
36.8815,0.0000,2.2000,-126.6952,0.03082,0.00000,1.00000,0.00000,True,True,True
36.8955,0.0000,2.2000,-126.7252,0.02995,0.00000,1.00000,0.00000,True,True,True
36.9095,0.0000,2.2000,-126.7579,0.03273,0.00000,1.00000,0.00000,True,True,True
36.9213,0.0000,2.2000,-126.7849,0.02696,0.00000,1.00000,0.00000,True,True,True
36.9360,0.0000,2.2000,-126.8180,0.03309,0.00000,1.00000,0.00000,True,True,True
36.9496,0.0000,2.2000,-126.8480,0.03003,0.00000,1.00000,0.00000,True,True,True
36.9634,0.0000,2.2000,-126.8775,0.02955,0.00000,1.00000,0.00000,True,True,True
36.9759,0.0000,2.2000,-126.9077,0.03020,0.00000,1.00000,0.00000,True,True,True
36.9891,0.0000,2.2000,-126.9375,0.02973,0.00000,1.00000,0.00000,True,True,True
37.0041,0.0000,2.2000,-126.9708,0.03337,0.00000,1.00000,0.00000,True,True,True
37.0179,0.0000,2.2000,-127.0019,0.03101,0.00000,1.00000,0.00000,True,True,True
37.0293,0.0000,2.2000,-127.0278,0.02596,0.00000,1.00000,0.00000,True,True,True
37.0426,0.0000,2.2000,-127.0578,0.03001,0.00000,1.00000,0.00000,True,True,True
37.0563,0.0000,2.2000,-127.0881,0.03024,0.00000,1.00000,0.00000,True,True,True
37.0724,0.0000,2.2000,-127.1241,0.03603,0.00000,1.00000,0.00000,True,True,True
37.0847,0.0000,2.2000,-127.1526,0.02853,0.00000,1.00000,0.00000,True,True,True
37.0991,0.0000,2.2000,-127.1844,0.03181,0.00000,1.00000,0.00000,True,True,True
37.1122,0.0000,2.2000,-127.2147,0.03028,0.00000,1.00000,0.00000,True,True,True
37.1284,0.0000,2.2000,-127.2508,0.03609,0.00000,1.00000,0.00000,True,True,True
37.1429,0.0000,2.2000,-127.2832,0.03239,0.00000,1.00000,0.00000,True,True,True
37.1551,0.0000,2.2000,-127.3104,0.02718,0.00000,1.00000,0.00000,True,True,True
37.1698,0.0000,2.2000,-127.3438,0.03346,0.00000,1.00000,0.00000,True,True,True
37.1848,0.0000,2.2000,-127.3779,0.03401,0.00000,1.00000,0.00000,True,True,True
37.2012,0.0000,2.2000,-127.4141,0.03622,0.00000,1.00000,0.00000,True,True,True
37.2177,0.0000,2.2000,-127.4516,0.03755,0.00000,1.00000,0.00000,True,True,True
37.2300,0.0000,2.2000,-127.4789,0.02723,0.00000,1.00000,0.00000,True,True,True
37.2447,0.0000,2.2000,-127.5116,0.03275,0.00000,1.00000,0.00000,True,True,True
37.2593,0.0000,2.2000,-127.5454,0.03374,0.00000,1.00000,0.00000,True,True,True
37.2725,0.0000,2.2000,-127.5751,0.02979,0.00000,1.00000,0.00000,True,True,True
37.2870,0.0000,2.2000,-127.6078,0.03268,0.00000,1.00000,0.00000,True,True,True
37.3016,0.0000,2.2000,-127.6395,0.03163,0.00000,1.00000,0.00000,True,True,True
37.3149,0.0000,2.2000,-127.6697,0.03027,0.00000,1.00000,0.00000,True,True,True
37.3290,0.0000,2.2000,-127.7016,0.03188,0.00000,1.00000,0.00000,True,True,True
37.3426,0.0000,2.2000,-127.7329,0.03126,0.00000,1.00000,0.00000,True,True,True
37.3558,0.0000,2.2000,-127.7622,0.02932,0.00000,1.00000,0.00000,True,True,True
37.3711,0.0000,2.2000,-127.7969,0.03468,0.00000,1.00000,0.00000,True,True,True
37.3845,0.0000,2.2000,-127.8266,0.02973,0.00000,1.00000,0.00000,True,True,True
37.3984,0.0000,2.2000,-127.8575,0.03086,0.00000,1.00000,0.00000,True,True,True
37.4118,0.0000,2.2000,-127.8885,0.03101,0.00000,1.00000,0.00000,True,True,True
37.4262,0.0000,2.2000,-127.9207,0.03226,0.00000,1.00000,0.00000,True,True,True
37.4394,0.0000,2.2000,-127.9508,0.03004,0.00000,1.00000,0.00000,True,True,True
37.4519,0.0000,2.2000,-127.9790,0.02821,0.00000,1.00000,0.00000,True,True,True
37.4665,0.0000,2.2000,-128.0103,0.03130,0.00000,1.00000,0.00000,True,True,True
37.4793,0.0000,2.2000,-128.0406,0.03038,0.00000,1.00000,0.00000,True,True,True
37.4944,0.0000,2.2000,-128.0745,0.03387,0.00000,1.00000,0.00000,True,True,True
37.5067,0.0000,2.2000,-128.1019,0.02736,0.00000,1.00000,0.00000,True,True,True
37.5202,0.0000,2.2000,-128.1316,0.02974,0.00000,1.00000,0.00000,True,True,True
37.5346,0.0000,2.2000,-128.1646,0.03297,0.00000,1.00000,0.00000,True,True,True
37.5464,0.0000,2.2000,-128.1916,0.02699,0.00000,1.00000,0.00000,True,True,True
37.5613,0.0000,2.2000,-128.2247,0.03310,0.00000,1.00000,0.00000,True,True,True
37.5764,0.0000,2.2000,-128.2585,0.03384,0.00000,1.00000,0.00000,True,True,True
37.5877,0.0000,2.2000,-128.2843,0.02573,0.00000,1.00000,0.00000,True,True,True
37.6024,0.0000,2.2000,-128.3176,0.03333,0.00000,1.00000,0.00000,True,True,True
37.6177,0.0000,2.2000,-128.3517,0.03409,0.00000,1.00000,0.00000,True,True,True
37.6312,0.0000,2.2000,-128.3825,0.03081,0.00000,1.00000,0.00000,True,True,True
37.6441,0.0000,2.2000,-128.4113,0.02887,0.00000,1.00000,0.00000,True,True,True
37.6596,0.0000,2.2000,-128.4456,0.03421,0.00000,1.00000,0.00000,True,True,True
37.6761,0.0000,2.2000,-128.4834,0.03783,0.00000,1.00000,0.00000,True,True,True
37.6868,0.0000,2.2000,-128.5075,0.02412,0.00000,1.00000,0.00000,True,True,True
37.7016,0.0000,2.2000,-128.5394,0.03185,0.00000,1.00000,0.00000,True,True,True
37.7149,0.0000,2.2000,-128.5692,0.02983,0.00000,1.00000,0.00000,True,True,True
37.7285,0.0000,2.2000,-128.6010,0.03185,0.00000,1.00000,0.00000,True,True,True
37.7430,0.0000,2.2000,-128.6333,0.03229,0.00000,1.00000,0.00000,True,True,True
37.7550,0.0000,2.2000,-128.6602,0.02689,0.00000,1.00000,0.00000,True,True,True
37.7701,0.0000,2.2000,-128.6938,0.03365,0.00000,1.00000,0.00000,True,True,True
37.7841,0.0000,2.2000,-128.7265,0.03265,0.00000,1.00000,0.00000,True,True,True
37.7977,0.0000,2.2000,-128.7564,0.02994,0.00000,1.00000,0.00000,True,True,True
37.8125,0.0000,2.2000,-128.7897,0.03326,0.00000,1.00000,0.00000,True,True,True
37.8259,0.0000,2.2000,-128.8204,0.03069,0.00000,1.00000,0.00000,True,True,True
37.8380,0.0000,2.2000,-128.8476,0.02718,0.00000,1.00000,0.00000,True,True,True
37.8515,0.0000,2.2000,-128.8779,0.03033,0.00000,1.00000,0.00000,True,True,True
37.8661,0.0000,2.2000,-128.9101,0.03220,0.00000,1.00000,0.00000,True,True,True
37.8818,0.0000,2.2000,-128.9459,0.03577,0.00000,1.00000,0.00000,True,True,True
37.8945,0.0000,2.2000,-128.9747,0.02882,0.00000,1.00000,0.00000,True,True,True
37.9096,0.0000,2.2000,-129.0080,0.03333,0.00000,1.00000,0.00000,True,True,True
37.9223,0.0000,2.2000,-129.0373,0.02930,0.00000,1.00000,0.00000,True,True,True
37.9374,0.0000,2.2000,-129.0709,0.03358,0.00000,1.00000,0.00000,True,True,True
37.9509,0.0000,2.2000,-129.1015,0.03062,0.00000,1.00000,0.00000,True,True,True
37.9630,0.0000,2.2000,-129.1288,0.02725,0.00000,1.00000,0.00000,True,True,True
37.9764,0.0000,2.2000,-129.1591,0.03038,0.00000,1.00000,0.00000,True,True,True
37.9898,0.0000,2.2000,-129.1888,0.02962,0.00000,1.00000,0.00000,True,True,True
38.0052,0.0000,2.2000,-129.2239,0.03517,0.00000,1.00000,0.00000,True,True,True
38.0190,0.0000,2.2000,-129.2540,0.03008,0.00000,1.00000,0.00000,True,True,True
38.0319,0.0000,2.2000,-129.2840,0.02995,0.00000,1.00000,0.00000,True,True,True
38.0462,0.0000,2.2000,-129.3150,0.03101,0.00000,1.00000,0.00000,True,True,True
38.0595,0.0000,2.2000,-129.3459,0.03093,0.00000,1.00000,0.00000,True,True,True
38.0746,0.0000,2.2000,-129.3791,0.03317,0.00000,1.00000,0.00000,True,True,True
38.0892,0.0000,2.2000,-129.4122,0.03313,0.00000,1.00000,0.00000,True,True,True
38.1019,0.0000,2.2000,-129.4409,0.02869,0.00000,1.00000,0.00000,True,True,True
38.1152,0.0000,2.2000,-129.4711,0.03020,0.00000,1.00000,0.00000,True,True,True
38.1294,0.0000,2.2000,-129.5026,0.03151,0.00000,1.00000,0.00000,True,True,True
38.1440,0.0000,2.2000,-129.5352,0.03259,0.00000,1.00000,0.00000,True,True,True
38.1596,0.0000,2.2000,-129.5706,0.03545,0.00000,1.00000,0.00000,True,True,True
38.1731,0.0000,2.2000,-129.6002,0.02956,0.00000,1.00000,0.00000,True,True,True
38.1856,0.0000,2.2000,-129.6269,0.02670,0.00000,1.00000,0.00000,True,True,True
38.2010,0.0000,2.2000,-129.6580,0.03111,0.00000,1.00000,0.00000,True,True,True
38.2134,0.0000,2.2000,-129.6825,0.02454,0.00000,1.00000,0.00000,True,True,True
38.2286,0.0000,2.2000,-129.7107,0.02820,0.00000,1.00000,0.00000,True,True,True
38.2430,0.0000,2.2000,-129.7365,0.02571,0.00000,1.00000,0.00000,True,True,True
38.2547,0.0000,2.2000,-129.7571,0.02061,0.00000,1.00000,0.00000,True,True,True
38.2681,0.0000,2.2000,-129.7789,0.02188,0.00000,1.00000,0.00000,True,True,True
38.2814,0.0000,2.2000,-129.8003,0.02136,0.00000,1.00000,0.00000,True,True,True
38.2957,0.0000,2.2000,-129.8220,0.02173,0.00000,1.00000,0.00000,True,True,True
38.3096,0.0000,2.2000,-129.8415,0.01947,0.00000,1.00000,0.00000,True,True,True
38.3217,0.0000,2.2000,-129.8581,0.01662,0.00000,1.00000,0.00000,True,True,True
38.3348,0.0000,2.2000,-129.8751,0.01701,0.00000,1.00000,0.00000,True,True,True
38.3475,0.0000,2.2000,-129.8908,0.01570,0.00000,1.00000,0.00000,True,True,True
38.3621,0.0000,2.2000,-129.9076,0.01678,0.00000,1.00000,0.00000,True,True,True
38.3760,0.0000,2.2000,-129.9223,0.01463,0.00000,1.00000,0.00000,True,True,True
38.3893,0.0000,2.2000,-129.9355,0.01326,0.00000,1.00000,0.00000,True,True,True
38.4024,0.0000,2.2000,-129.9475,0.01202,0.00000,1.00000,0.00000,True,True,True
38.4151,0.0000,2.2000,-129.9584,0.01085,0.00000,1.00000,0.00000,True,True,True
38.4298,0.0000,2.2000,-129.9697,0.01134,0.00000,1.00000,0.00000,True,True,True
38.4449,0.0000,2.2000,-129.9798,0.01012,0.00000,1.00000,0.00000,True,True,True
38.4597,0.0000,2.2000,-129.9798,0.00000,0.00000,1.00000,0.00000,True,True,True
38.4724,0.0000,2.2000,-129.9808,0.00093,0.00000,1.00000,0.00000,True,True,True
38.4870,0.0000,2.2000,-129.9830,0.00220,0.00000,1.00000,0.00000,True,True,True
38.5012,0.0000,2.2000,-129.9862,0.00322,0.00000,1.00000,0.00000,True,True,True
38.5121,0.0000,2.2000,-129.9894,0.00323,0.00000,1.00000,0.00000,True,True,True
38.5262,0.0000,2.2000,-129.9945,0.00505,0.00000,1.00000,0.00000,True,True,True
38.5386,0.0000,2.2000,-130.0000,0.00551,0.00000,1.00000,0.00000,True,True,True
38.5535,0.0000,2.2000,-130.0077,0.00772,0.00000,1.00000,0.00000,True,True,True
38.5675,0.0000,2.2000,-130.0160,0.00832,0.00000,1.00000,0.00000,True,True,True
38.5786,0.0000,2.2000,-130.0233,0.00732,0.00000,1.00000,0.00000,True,True,True
38.5926,0.0000,2.2000,-130.0335,0.01012,0.00000,1.00000,0.00000,True,True,True
38.6065,0.0000,2.2000,-130.0448,0.01134,0.00000,1.00000,0.00000,True,True,True
38.6188,0.0000,2.2000,-130.0556,0.01082,0.00000,1.00000,0.00000,True,True,True
38.6316,0.0000,2.2000,-130.0677,0.01210,0.00000,1.00000,0.00000,True,True,True
38.6447,0.0000,2.2000,-130.0811,0.01337,0.00000,1.00000,0.00000,True,True,True
38.6593,0.0000,2.2000,-130.0971,0.01599,0.00000,1.00000,0.00000,True,True,True
38.6719,0.0000,2.2000,-130.1117,0.01466,0.00000,1.00000,0.00000,True,True,True
38.6852,0.0000,2.2000,-130.1278,0.01604,0.00000,1.00000,0.00000,True,True,True
38.7009,0.0000,2.2000,-130.1492,0.02138,0.00000,1.00000,0.00000,True,True,True
38.7135,0.0000,2.2000,-130.1668,0.01767,0.00000,1.00000,0.00000,True,True,True
38.7280,0.0000,2.2000,-130.1882,0.02135,0.00000,1.00000,0.00000,True,True,True
38.7429,0.0000,2.2000,-130.2111,0.02293,0.00000,1.00000,0.00000,True,True,True
38.7547,0.0000,2.2000,-130.2305,0.01939,0.00000,1.00000,0.00000,True,True,True
38.7691,0.0000,2.2000,-130.2542,0.02370,0.00000,1.00000,0.00000,True,True,True
38.7847,0.0000,2.2000,-130.2823,0.02812,0.00000,1.00000,0.00000,True,True,True
38.7977,0.0000,2.2000,-130.3073,0.02495,0.00000,1.00000,0.00000,True,True,True
38.8106,0.0000,2.2000,-130.3321,0.02481,0.00000,1.00000,0.00000,True,True,True
38.8264,0.0000,2.2000,-130.3632,0.03114,0.00000,1.00000,0.00000,True,True,True
38.8381,0.0000,2.2000,-130.3880,0.02483,0.00000,1.00000,0.00000,True,True,True
38.8533,0.0000,2.2000,-130.4213,0.03323,0.00000,1.00000,0.00000,True,True,True
38.8677,0.0000,2.2000,-130.4535,0.03224,0.00000,1.00000,0.00000,True,True,True
38.8795,0.0000,2.2000,-130.4803,0.02678,0.00000,1.00000,0.00000,True,True,True
38.8946,0.0000,2.2000,-130.5141,0.03384,0.00000,1.00000,0.00000,True,True,True
38.9096,0.0000,2.2000,-130.5472,0.03307,0.00000,1.00000,0.00000,True,True,True
38.9206,0.0000,2.2000,-130.5726,0.02544,0.00000,1.00000,0.00000,True,True,True
38.9347,0.0000,2.2000,-130.6034,0.03076,0.00000,1.00000,0.00000,True,True,True
38.9474,0.0000,2.2000,-130.6330,0.02962,0.00000,1.00000,0.00000,True,True,True
38.9624,0.0000,2.2000,-130.6666,0.03360,0.00000,1.00000,0.00000,True,True,True
38.9760,0.0000,2.2000,-130.6969,0.03032,0.00000,1.00000,0.00000,True,True,True
38.9887,0.0000,2.2000,-130.7259,0.02899,0.00000,1.00000,0.00000,True,True,True
39.0020,0.0000,2.2000,-130.7557,0.02977,0.00000,1.00000,0.00000,True,True,True
39.0179,0.0000,2.2000,-130.7908,0.03508,0.00000,1.00000,0.00000,True,True,True
39.0321,0.0000,2.2000,-130.8235,0.03270,0.00000,1.00000,0.00000,True,True,True
39.0444,0.0000,2.2000,-130.8512,0.02773,0.00000,1.00000,0.00000,True,True,True
39.0596,0.0000,2.2000,-130.8848,0.03362,0.00000,1.00000,0.00000,True,True,True
39.0720,0.0000,2.2000,-130.9134,0.02855,0.00000,1.00000,0.00000,True,True,True
39.0872,0.0000,2.2000,-130.9475,0.03416,0.00000,1.00000,0.00000,True,True,True
39.1013,0.0000,2.2000,-130.9784,0.03085,0.00000,1.00000,0.00000,True,True,True
39.1135,0.0000,2.2000,-131.0068,0.02837,0.00000,1.00000,0.00000,True,True,True
39.1282,0.0000,2.2000,-131.0390,0.03220,0.00000,1.00000,0.00000,True,True,True
39.1426,0.0000,2.2000,-131.0721,0.03313,0.00000,1.00000,0.00000,True,True,True
39.1544,0.0000,2.2000,-131.0986,0.02657,0.00000,1.00000,0.00000,True,True,True
39.1696,0.0000,2.2000,-131.1329,0.03421,0.00000,1.00000,0.00000,True,True,True
39.1853,0.0000,2.2000,-131.1680,0.03511,0.00000,1.00000,0.00000,True,True,True
39.2011,0.0000,2.2000,-131.2033,0.03529,0.00000,1.00000,0.00000,True,True,True
39.2158,0.0000,2.2000,-131.2360,0.03275,0.00000,1.00000,0.00000,True,True,True
39.2315,0.0000,2.2000,-131.2720,0.03595,0.00000,1.00000,0.00000,True,True,True
39.2448,0.0000,2.2000,-131.3021,0.03011,0.00000,1.00000,0.00000,True,True,True
39.2596,0.0000,2.2000,-131.3348,0.03276,0.00000,1.00000,0.00000,True,True,True
39.2717,0.0000,2.2000,-131.3627,0.02786,0.00000,1.00000,0.00000,True,True,True
39.2867,0.0000,2.2000,-131.3959,0.03325,0.00000,1.00000,0.00000,True,True,True
39.3009,0.0000,2.2000,-131.4283,0.03235,0.00000,1.00000,0.00000,True,True,True
39.3151,0.0000,2.2000,-131.4596,0.03130,0.00000,1.00000,0.00000,True,True,True
39.3286,0.0000,2.2000,-131.4906,0.03104,0.00000,1.00000,0.00000,True,True,True
39.3434,0.0000,2.2000,-131.5233,0.03270,0.00000,1.00000,0.00000,True,True,True
39.3563,0.0000,2.2000,-131.5530,0.02972,0.00000,1.00000,0.00000,True,True,True
39.3713,0.0000,2.2000,-131.5863,0.03325,0.00000,1.00000,0.00000,True,True,True
39.3845,0.0000,2.2000,-131.6163,0.02998,0.00000,1.00000,0.00000,True,True,True
39.3976,0.0000,2.2000,-131.6460,0.02972,0.00000,1.00000,0.00000,True,True,True
39.4119,0.0000,2.2000,-131.6773,0.03127,0.00000,1.00000,0.00000,True,True,True
39.4260,0.0000,2.2000,-131.7094,0.03214,0.00000,1.00000,0.00000,True,True,True
39.4384,0.0000,2.2000,-131.7376,0.02820,0.00000,1.00000,0.00000,True,True,True
39.4543,0.0000,2.2000,-131.7735,0.03589,0.00000,1.00000,0.00000,True,True,True
39.4685,0.0000,2.2000,-131.8051,0.03166,0.00000,1.00000,0.00000,True,True,True
39.4814,0.0000,2.2000,-131.8346,0.02945,0.00000,1.00000,0.00000,True,True,True
39.4966,0.0000,2.2000,-131.8681,0.03349,0.00000,1.00000,0.00000,True,True,True
39.5092,0.0000,2.2000,-131.8970,0.02888,0.00000,1.00000,0.00000,True,True,True
39.5218,0.0000,2.2000,-131.9251,0.02817,0.00000,1.00000,0.00000,True,True,True
39.5349,0.0000,2.2000,-131.9549,0.02975,0.00000,1.00000,0.00000,True,True,True
39.5481,0.0000,2.2000,-131.9846,0.02969,0.00000,1.00000,0.00000,True,True,True
39.5632,0.0000,2.2000,-132.0182,0.03358,0.00000,1.00000,0.00000,True,True,True
39.5759,0.0000,2.2000,-132.0468,0.02866,0.00000,1.00000,0.00000,True,True,True
39.5888,0.0000,2.2000,-132.0759,0.02908,0.00000,1.00000,0.00000,True,True,True
39.6019,0.0000,2.2000,-132.1056,0.02965,0.00000,1.00000,0.00000,True,True,True
39.6152,0.0000,2.2000,-132.1355,0.02994,0.00000,1.00000,0.00000,True,True,True
39.6302,0.0000,2.2000,-132.1692,0.03366,0.00000,1.00000,0.00000,True,True,True
39.6428,0.0000,2.2000,-132.1972,0.02802,0.00000,1.00000,0.00000,True,True,True
39.6555,0.0000,2.2000,-132.2263,0.02916,0.00000,1.00000,0.00000,True,True,True
39.6688,0.0000,2.2000,-132.2562,0.02988,0.00000,1.00000,0.00000,True,True,True
39.6844,0.0000,2.2000,-132.2912,0.03496,0.00000,1.00000,0.00000,True,True,True
39.6967,0.0000,2.2000,-132.3190,0.02780,0.00000,1.00000,0.00000,True,True,True
39.7098,0.0000,2.2000,-132.3483,0.02930,0.00000,1.00000,0.00000,True,True,True
39.7234,0.0000,2.2000,-132.3783,0.03006,0.00000,1.00000,0.00000,True,True,True
39.7381,0.0000,2.2000,-132.4122,0.03386,0.00000,1.00000,0.00000,True,True,True
39.7519,0.0000,2.2000,-132.4430,0.03085,0.00000,1.00000,0.00000,True,True,True
39.7655,0.0000,2.2000,-132.4733,0.03021,0.00000,1.00000,0.00000,True,True,True
39.7791,0.0000,2.2000,-132.5039,0.03061,0.00000,1.00000,0.00000,True,True,True
39.7956,0.0000,2.2000,-132.5410,0.03709,0.00000,1.00000,0.00000,True,True,True
39.8093,0.0000,2.2000,-132.5720,0.03102,0.00000,1.00000,0.00000,True,True,True
39.8218,0.0000,2.2000,-132.6000,0.02806,0.00000,1.00000,0.00000,True,True,True
39.8353,0.0000,2.2000,-132.6305,0.03046,0.00000,1.00000,0.00000,True,True,True
39.8514,0.0000,2.2000,-132.6657,0.03523,0.00000,1.00000,0.00000,True,True,True
39.8655,0.0000,2.2000,-132.6983,0.03261,0.00000,1.00000,0.00000,True,True,True
39.8797,0.0000,2.2000,-132.7296,0.03128,0.00000,1.00000,0.00000,True,True,True
39.8931,0.0000,2.2000,-132.7605,0.03091,0.00000,1.00000,0.00000,True,True,True
39.9082,0.0000,2.2000,-132.7928,0.03223,0.00000,1.00000,0.00000,True,True,True
39.9210,0.0000,2.2000,-132.8234,0.03069,0.00000,1.00000,0.00000,True,True,True
39.9367,0.0000,2.2000,-132.8580,0.03458,0.00000,1.00000,0.00000,True,True,True
39.9515,0.0000,2.2000,-132.8912,0.03316,0.00000,1.00000,0.00000,True,True,True
39.9652,0.0000,2.2000,-132.9206,0.02939,0.00000,1.00000,0.00000,True,True,True
39.9786,0.0000,2.2000,-132.9523,0.03177,0.00000,1.00000,0.00000,True,True,True
39.9927,0.0000,2.2000,-132.9845,0.03214,0.00000,1.00000,0.00000,True,True,True
40.0058,0.0000,2.2000,-133.0139,0.02948,0.00000,1.00000,0.00000,True,True,True
40.0212,0.0000,2.2000,-133.0485,0.03453,0.00000,1.00000,0.00000,True,True,True
40.0344,0.0000,2.2000,-133.0785,0.03003,0.00000,1.00000,0.00000,True,True,True
40.0494,0.0000,2.2000,-133.1097,0.03119,0.00000,1.00000,0.00000,True,True,True
40.0624,0.0000,2.2000,-133.1413,0.03160,0.00000,1.00000,0.00000,True,True,True
40.0763,0.0000,2.2000,-133.1723,0.03098,0.00000,1.00000,0.00000,True,True,True
40.0899,0.0000,2.2000,-133.2030,0.03073,0.00000,1.00000,0.00000,True,True,True
40.1034,0.0000,2.2000,-133.2339,0.03085,0.00000,1.00000,0.00000,True,True,True
40.1180,0.0000,2.2000,-133.2669,0.03304,0.00000,1.00000,0.00000,True,True,True
40.1344,0.0000,2.2000,-133.3033,0.03638,0.00000,1.00000,0.00000,True,True,True
40.1461,0.0000,2.2000,-133.3297,0.02644,0.00000,1.00000,0.00000,True,True,True
40.1607,0.0000,2.2000,-133.3616,0.03194,0.00000,1.00000,0.00000,True,True,True
40.1759,0.0000,2.2000,-133.3969,0.03529,0.00000,1.00000,0.00000,True,True,True
40.1874,0.0000,2.2000,-133.4227,0.02576,0.00000,1.00000,0.00000,True,True,True
40.2022,0.0000,2.2000,-133.4563,0.03363,0.00000,1.00000,0.00000,True,True,True
40.2158,0.0000,2.2000,-133.4862,0.02991,0.00000,1.00000,0.00000,True,True,True
40.2302,0.0000,2.2000,-133.5176,0.03133,0.00000,1.00000,0.00000,True,True,True
40.2440,0.0000,2.2000,-133.5495,0.03197,0.00000,1.00000,0.00000,True,True,True
40.2595,0.0000,2.2000,-133.5845,0.03502,0.00000,1.00000,0.00000,True,True,True
40.2711,0.0000,2.2000,-133.6107,0.02617,0.00000,1.00000,0.00000,True,True,True
40.2862,0.0000,2.2000,-133.6449,0.03418,0.00000,1.00000,0.00000,True,True,True
40.3010,0.0000,2.2000,-133.6782,0.03326,0.00000,1.00000,0.00000,True,True,True
40.3141,0.0000,2.2000,-133.7073,0.02917,0.00000,1.00000,0.00000,True,True,True
40.3282,0.0000,2.2000,-133.7383,0.03099,0.00000,1.00000,0.00000,True,True,True
40.3436,0.0000,2.2000,-133.7723,0.03398,0.00000,1.00000,0.00000,True,True,True
40.3559,0.0000,2.2000,-133.8015,0.02921,0.00000,1.00000,0.00000,True,True,True
40.3700,0.0000,2.2000,-133.8334,0.03189,0.00000,1.00000,0.00000,True,True,True
40.3849,0.0000,2.2000,-133.8665,0.03311,0.00000,1.00000,0.00000,True,True,True
40.4012,0.0000,2.2000,-133.9035,0.03697,0.00000,1.00000,0.00000,True,True,True
40.4155,0.0000,2.2000,-133.9353,0.03180,0.00000,1.00000,0.00000,True,True,True
40.4315,0.0000,2.2000,-133.9708,0.03555,0.00000,1.00000,0.00000,True,True,True
40.4449,0.0000,2.2000,-134.0018,0.03101,0.00000,1.00000,0.00000,True,True,True
40.4597,0.0000,2.2000,-134.0348,0.03296,0.00000,1.00000,0.00000,True,True,True
40.4732,0.0000,2.2000,-134.0656,0.03076,0.00000,1.00000,0.00000,True,True,True
40.4869,0.0000,2.2000,-134.0965,0.03088,0.00000,1.00000,0.00000,True,True,True
40.5021,0.0000,2.2000,-134.1306,0.03410,0.00000,1.00000,0.00000,True,True,True
40.5177,0.0000,2.2000,-134.1658,0.03520,0.00000,1.00000,0.00000,True,True,True
40.5312,0.0000,2.2000,-134.1964,0.03061,0.00000,1.00000,0.00000,True,True,True
40.5453,0.0000,2.2000,-134.2275,0.03113,0.00000,1.00000,0.00000,True,True,True
40.5602,0.0000,2.2000,-134.2598,0.03233,0.00000,1.00000,0.00000,True,True,True
40.5729,0.0000,2.2000,-134.2900,0.03017,0.00000,1.00000,0.00000,True,True,True
40.5862,0.0000,2.2000,-134.3199,0.02995,0.00000,1.00000,0.00000,True,True,True
40.6023,0.0000,2.2000,-134.3544,0.03441,0.00000,1.00000,0.00000,True,True,True
40.6179,0.0000,2.2000,-134.3907,0.03636,0.00000,1.00000,0.00000,True,True,True
40.6330,0.0000,2.2000,-134.4234,0.03267,0.00000,1.00000,0.00000,True,True,True
40.6460,0.0000,2.2000,-134.4543,0.03096,0.00000,1.00000,0.00000,True,True,True
40.6596,0.0000,2.2000,-134.4851,0.03078,0.00000,1.00000,0.00000,True,True,True
40.6739,0.0000,2.2000,-134.5167,0.03156,0.00000,1.00000,0.00000,True,True,True
40.6875,0.0000,2.2000,-134.5478,0.03116,0.00000,1.00000,0.00000,True,True,True
40.7037,0.0000,2.2000,-134.5835,0.03566,0.00000,1.00000,0.00000,True,True,True
40.7177,0.0000,2.2000,-134.6161,0.03259,0.00000,1.00000,0.00000,True,True,True
40.7320,0.0000,2.2000,-134.6477,0.03157,0.00000,1.00000,0.00000,True,True,True
40.7453,0.0000,2.2000,-134.6777,0.03001,0.00000,1.00000,0.00000,True,True,True
40.7596,0.0000,2.2000,-134.7095,0.03180,0.00000,1.00000,0.00000,True,True,True
40.7730,0.0000,2.2000,-134.7399,0.03040,0.00000,1.00000,0.00000,True,True,True
40.7883,0.0000,2.2000,-134.7746,0.03470,0.00000,1.00000,0.00000,True,True,True
40.8015,0.0000,2.2000,-134.8038,0.02925,0.00000,1.00000,0.00000,True,True,True
40.8157,0.0000,2.2000,-134.8360,0.03215,0.00000,1.00000,0.00000,True,True,True
40.8291,0.0000,2.2000,-134.8666,0.03062,0.00000,1.00000,0.00000,True,True,True
40.8450,0.0000,2.2000,-134.9025,0.03593,0.00000,1.00000,0.00000,True,True,True
40.8594,0.0000,2.2000,-134.9344,0.03189,0.00000,1.00000,0.00000,True,True,True
40.8715,0.0000,2.2000,-134.9620,0.02754,0.00000,1.00000,0.00000,True,True,True
40.8858,0.0000,2.2000,-134.9941,0.03218,0.00000,1.00000,0.00000,True,True,True
40.9013,0.0000,2.2000,-135.0282,0.03407,0.00000,1.00000,0.00000,True,True,True
40.9154,0.0000,2.2000,-135.0608,0.03258,0.00000,1.00000,0.00000,True,True,True
40.9300,0.0000,2.2000,-135.0921,0.03130,0.00000,1.00000,0.00000,True,True,True
40.9442,0.0000,2.2000,-135.1249,0.03279,0.00000,1.00000,0.00000,True,True,True
40.9595,0.0000,2.2000,-135.1596,0.03473,0.00000,1.00000,0.00000,True,True,True
40.9711,0.0000,2.2000,-135.1860,0.02643,0.00000,1.00000,0.00000,True,True,True
40.9846,0.0000,2.2000,-135.2164,0.03038,0.00000,1.00000,0.00000,True,True,True
41.0016,0.0000,2.2000,-135.2534,0.03696,0.00000,1.00000,0.00000,True,True,True
41.0151,0.0000,2.2000,-135.2850,0.03165,0.00000,1.00000,0.00000,True,True,True
41.0284,0.0000,2.2000,-135.3149,0.02985,0.00000,1.00000,0.00000,True,True,True
41.0426,0.0000,2.2000,-135.3469,0.03206,0.00000,1.00000,0.00000,True,True,True
41.0549,0.0000,2.2000,-135.3746,0.02763,0.00000,1.00000,0.00000,True,True,True
41.0700,0.0000,2.2000,-135.4081,0.03349,0.00000,1.00000,0.00000,True,True,True
41.0845,0.0000,2.2000,-135.4412,0.03311,0.00000,1.00000,0.00000,True,True,True
41.1014,0.0000,2.2000,-135.4785,0.03737,0.00000,1.00000,0.00000,True,True,True
41.1149,0.0000,2.2000,-135.5095,0.03098,0.00000,1.00000,0.00000,True,True,True
41.1288,0.0000,2.2000,-135.5405,0.03096,0.00000,1.00000,0.00000,True,True,True
41.1426,0.0000,2.2000,-135.5720,0.03151,0.00000,1.00000,0.00000,True,True,True
41.1566,0.0000,2.2000,-135.6019,0.02992,0.00000,1.00000,0.00000,True,True,True
41.1730,0.0000,2.2000,-135.6359,0.03403,0.00000,1.00000,0.00000,True,True,True
41.1855,0.0000,2.2000,-135.6621,0.02621,0.00000,1.00000,0.00000,True,True,True
41.2011,0.0000,2.2000,-135.6920,0.02991,0.00000,1.00000,0.00000,True,True,True
41.2133,0.0000,2.2000,-135.7152,0.02313,0.00000,1.00000,0.00000,True,True,True
41.2268,0.0000,2.2000,-135.7391,0.02391,0.00000,1.00000,0.00000,True,True,True
41.2413,0.0000,2.2000,-135.7628,0.02374,0.00000,1.00000,0.00000,True,True,True
41.2540,0.0000,2.2000,-135.7853,0.02246,0.00000,1.00000,0.00000,True,True,True
41.2695,0.0000,2.2000,-135.8094,0.02411,0.00000,1.00000,0.00000,True,True,True
41.2846,0.0000,2.2000,-135.8313,0.02194,0.00000,1.00000,0.00000,True,True,True
41.3011,0.0000,2.2000,-135.8547,0.02332,0.00000,1.00000,0.00000,True,True,True
41.3150,0.0000,2.2000,-135.8728,0.01813,0.00000,1.00000,0.00000,True,True,True
41.3284,0.0000,2.2000,-135.8895,0.01666,0.00000,1.00000,0.00000,True,True,True
41.3426,0.0000,2.2000,-135.9061,0.01669,0.00000,1.00000,0.00000,True,True,True
41.3548,0.0000,2.2000,-135.9196,0.01343,0.00000,1.00000,0.00000,True,True,True
41.3708,0.0000,2.2000,-135.9354,0.01581,0.00000,1.00000,0.00000,True,True,True
41.3845,0.0000,2.2000,-135.9483,0.01297,0.00000,1.00000,0.00000,True,True,True
41.3986,0.0000,2.2000,-135.9602,0.01189,0.00000,1.00000,0.00000,True,True,True
41.4125,0.0000,2.2000,-135.9714,0.01117,0.00000,1.00000,0.00000,True,True,True
41.4258,0.0000,2.2000,-135.9808,0.00941,0.00000,1.00000,0.00000,True,True,True
41.4391,0.0000,2.2000,-135.9808,0.00000,0.00000,1.00000,0.00000,True,True,True
41.4800,0.0000,2.2000,-135.9798,0.00102,0.00000,1.00000,0.00000,True,True,True
41.5009,0.0000,2.2000,-135.9746,0.00516,0.00000,1.00000,0.00000,True,True,True
41.5145,0.0000,2.2000,-135.9700,0.00468,0.00000,1.00000,0.00000,True,True,True
41.5285,0.0000,2.2000,-135.9637,0.00629,0.00000,1.00000,0.00000,True,True,True
41.5426,0.0000,2.2000,-135.9558,0.00790,0.00000,1.00000,0.00000,True,True,True
41.5553,0.0000,2.2000,-135.9474,0.00833,0.00000,1.00000,0.00000,True,True,True
41.5718,0.0000,2.2000,-135.9368,0.01068,0.00000,1.00000,0.00000,True,True,True
41.5848,0.0000,2.2000,-135.9285,0.00827,0.00000,1.00000,0.00000,True,True,True
41.5981,0.0000,2.2000,-135.9199,0.00858,0.00000,1.00000,0.00000,True,True,True
41.6119,0.0000,2.2000,-135.9110,0.00894,0.00000,1.00000,0.00000,True,True,True
41.6263,0.0000,2.2000,-135.9017,0.00929,0.00000,1.00000,0.00000,True,True,True
41.6397,0.0000,2.2000,-135.8931,0.00861,0.00000,1.00000,0.00000,True,True,True
41.6538,0.0000,2.2000,-135.8836,0.00943,0.00000,1.00000,0.00000,True,True,True
41.6678,0.0000,2.2000,-135.8747,0.00890,0.00000,1.00000,0.00000,True,True,True
41.6799,0.0000,2.2000,-135.8661,0.00859,0.00000,1.00000,0.00000,True,True,True
41.6934,0.0000,2.2000,-135.8543,0.01187,0.00000,1.00000,0.00000,True,True,True
41.7072,0.0000,2.2000,-135.8415,0.01274,0.00000,1.00000,0.00000,True,True,True
41.7205,0.0000,2.2000,-135.8274,0.01411,0.00000,1.00000,0.00000,True,True,True
41.7360,0.0000,2.2000,-135.8098,0.01758,0.00000,1.00000,0.00000,True,True,True
41.7511,0.0000,2.2000,-135.7903,0.01959,0.00000,1.00000,0.00000,True,True,True
41.7678,0.0000,2.2000,-135.7672,0.02310,0.00000,1.00000,0.00000,True,True,True
41.7796,0.0000,2.2000,-135.7498,0.01730,0.00000,1.00000,0.00000,True,True,True
41.7941,0.0000,2.2000,-135.7265,0.02339,0.00000,1.00000,0.00000,True,True,True
41.8095,0.0000,2.2000,-135.7004,0.02609,0.00000,1.00000,0.00000,True,True,True
41.8206,0.0000,2.2000,-135.6800,0.02039,0.00000,1.00000,0.00000,True,True,True
41.8351,0.0000,2.2000,-135.6525,0.02750,0.00000,1.00000,0.00000,True,True,True
41.8510,0.0000,2.2000,-135.6206,0.03192,0.00000,1.00000,0.00000,True,True,True
41.8628,0.0000,2.2000,-135.5960,0.02455,0.00000,1.00000,0.00000,True,True,True
41.8762,0.0000,2.2000,-135.5659,0.03011,0.00000,1.00000,0.00000,True,True,True
41.8892,0.0000,2.2000,-135.5356,0.03027,0.00000,1.00000,0.00000,True,True,True
41.9038,0.0000,2.2000,-135.5005,0.03508,0.00000,1.00000,0.00000,True,True,True
41.9178,0.0000,2.2000,-135.4657,0.03482,0.00000,1.00000,0.00000,True,True,True
41.9304,0.0000,2.2000,-135.4332,0.03255,0.00000,1.00000,0.00000,True,True,True
41.9441,0.0000,2.2000,-135.3959,0.03728,0.00000,1.00000,0.00000,True,True,True
41.9595,0.0000,2.2000,-135.3522,0.04373,0.00000,1.00000,0.00000,True,True,True
41.9718,0.0000,2.2000,-135.3159,0.03624,0.00000,1.00000,0.00000,True,True,True
41.9852,0.0000,2.2000,-135.2752,0.04073,0.00000,1.00000,0.00000,True,True,True
42.0011,0.0000,2.2000,-135.2257,0.04955,0.00000,1.00000,0.00000,True,True,True
42.0161,0.0000,2.2000,-135.1772,0.04845,0.00000,1.00000,0.00000,True,True,True
42.0314,0.0000,2.2000,-135.1249,0.05232,0.00000,1.00000,0.00000,True,True,True
42.0445,0.0000,2.2000,-135.0792,0.04572,0.00000,1.00000,0.00000,True,True,True
42.0594,0.0000,2.2000,-135.0260,0.05316,0.00000,1.00000,0.00000,True,True,True
42.0704,0.0000,2.2000,-134.9852,0.04086,0.00000,1.00000,0.00000,True,True,True
42.0850,0.0000,2.2000,-134.9304,0.05479,0.00000,1.00000,0.00000,True,True,True
42.0986,0.0000,2.2000,-134.8787,0.05170,0.00000,1.00000,0.00000,True,True,True
42.1128,0.0000,2.2000,-134.8219,0.05681,0.00000,1.00000,0.00000,True,True,True
42.1282,0.0000,2.2000,-134.7585,0.06339,0.00000,1.00000,0.00000,True,True,True
42.1427,0.0000,2.2000,-134.6972,0.06123,0.00000,1.00000,0.00000,True,True,True
42.1546,0.0000,2.2000,-134.6455,0.05173,0.00000,1.00000,0.00000,True,True,True
42.1684,0.0000,2.2000,-134.5862,0.05930,0.00000,1.00000,0.00000,True,True,True
42.1814,0.0000,2.2000,-134.5263,0.05994,0.00000,1.00000,0.00000,True,True,True
42.1980,0.0000,2.2000,-134.4501,0.07614,0.00000,1.00000,0.00000,True,True,True
42.2115,0.0000,2.2000,-134.3876,0.06255,0.00000,1.00000,0.00000,True,True,True
42.2260,0.0000,2.2000,-134.3164,0.07120,0.00000,1.00000,0.00000,True,True,True
42.2376,0.0000,2.2000,-134.2586,0.05782,0.00000,1.00000,0.00000,True,True,True
42.2534,0.0000,2.2000,-134.1803,0.07831,0.00000,1.00000,0.00000,True,True,True
42.2677,0.0000,2.2000,-134.1060,0.07430,0.00000,1.00000,0.00000,True,True,True
42.2792,0.0000,2.2000,-134.0464,0.05959,0.00000,1.00000,0.00000,True,True,True
42.2937,0.0000,2.2000,-133.9685,0.07785,0.00000,1.00000,0.00000,True,True,True
42.3095,0.0000,2.2000,-133.8839,0.08463,0.00000,1.00000,0.00000,True,True,True
42.3225,0.0000,2.2000,-133.8132,0.07076,0.00000,1.00000,0.00000,True,True,True
42.3346,0.0000,2.2000,-133.7470,0.06613,0.00000,1.00000,0.00000,True,True,True
42.3472,0.0000,2.2000,-133.6790,0.06804,0.00000,1.00000,0.00000,True,True,True
42.3620,0.0000,2.2000,-133.5990,0.07994,0.00000,1.00000,0.00000,True,True,True
42.3761,0.0000,2.2000,-133.5241,0.07495,0.00000,1.00000,0.00000,True,True,True
42.3879,0.0000,2.2000,-133.4595,0.06456,0.00000,1.00000,0.00000,True,True,True
42.4010,0.0000,2.2000,-133.3886,0.07097,0.00000,1.00000,0.00000,True,True,True
42.4150,0.0000,2.2000,-133.3145,0.07407,0.00000,1.00000,0.00000,True,True,True
42.4290,0.0000,2.2000,-133.2393,0.07523,0.00000,1.00000,0.00000,True,True,True
42.4435,0.0000,2.2000,-133.1601,0.07913,0.00000,1.00000,0.00000,True,True,True
42.4571,0.0000,2.2000,-133.0856,0.07454,0.00000,1.00000,0.00000,True,True,True
42.4708,0.0000,2.2000,-133.0116,0.07401,0.00000,1.00000,0.00000,True,True,True
42.4842,0.0000,2.2000,-132.9394,0.07216,0.00000,1.00000,0.00000,True,True,True
42.4966,0.0000,2.2000,-132.8719,0.06750,0.00000,1.00000,0.00000,True,True,True
42.5110,0.0000,2.2000,-132.7948,0.07716,0.00000,1.00000,0.00000,True,True,True
42.5235,0.0000,2.2000,-132.7275,0.06725,0.00000,1.00000,0.00000,True,True,True
42.5359,0.0000,2.2000,-132.6602,0.06734,0.00000,1.00000,0.00000,True,True,True
42.5488,0.0000,2.2000,-132.5904,0.06981,0.00000,1.00000,0.00000,True,True,True
42.5634,0.0000,2.2000,-132.5119,0.07849,0.00000,1.00000,0.00000,True,True,True
42.5759,0.0000,2.2000,-132.4449,0.06700,0.00000,1.00000,0.00000,True,True,True
42.5883,0.0000,2.2000,-132.3771,0.06775,0.00000,1.00000,0.00000,True,True,True
42.6008,0.0000,2.2000,-132.3095,0.06761,0.00000,1.00000,0.00000,True,True,True
42.6136,0.0000,2.2000,-132.2404,0.06915,0.00000,1.00000,0.00000,True,True,True
42.6281,0.0000,2.2000,-132.1625,0.07790,0.00000,1.00000,0.00000,True,True,True
42.6407,0.0000,2.2000,-132.0951,0.06734,0.00000,1.00000,0.00000,True,True,True
42.6529,0.0000,2.2000,-132.0279,0.06725,0.00000,1.00000,0.00000,True,True,True
42.6675,0.0000,2.2000,-131.9496,0.07828,0.00000,1.00000,0.00000,True,True,True
42.6805,0.0000,2.2000,-131.8790,0.07063,0.00000,1.00000,0.00000,True,True,True
42.6928,0.0000,2.2000,-131.8150,0.06403,0.00000,1.00000,0.00000,True,True,True
42.7054,0.0000,2.2000,-131.7488,0.06616,0.00000,1.00000,0.00000,True,True,True
42.7186,0.0000,2.2000,-131.6818,0.06696,0.00000,1.00000,0.00000,True,True,True
42.7319,0.0000,2.2000,-131.6143,0.06749,0.00000,1.00000,0.00000,True,True,True
42.7461,0.0000,2.2000,-131.5436,0.07072,0.00000,1.00000,0.00000,True,True,True
42.7591,0.0000,2.2000,-131.4810,0.06259,0.00000,1.00000,0.00000,True,True,True
42.7710,0.0000,2.2000,-131.4257,0.05533,0.00000,1.00000,0.00000,True,True,True
42.7843,0.0000,2.2000,-131.3635,0.06224,0.00000,1.00000,0.00000,True,True,True
42.7963,0.0000,2.2000,-131.3085,0.05498,0.00000,1.00000,0.00000,True,True,True
42.8099,0.0000,2.2000,-131.2482,0.06027,0.00000,1.00000,0.00000,True,True,True
42.8258,0.0000,2.2000,-131.1796,0.06865,0.00000,1.00000,0.00000,True,True,True
42.8385,0.0000,2.2000,-131.1254,0.05412,0.00000,1.00000,0.00000,True,True,True
42.8511,0.0000,2.2000,-131.0735,0.05199,0.00000,1.00000,0.00000,True,True,True
42.8638,0.0000,2.2000,-131.0224,0.05104,0.00000,1.00000,0.00000,True,True,True
42.8781,0.0000,2.2000,-130.9659,0.05653,0.00000,1.00000,0.00000,True,True,True
42.8905,0.0000,2.2000,-130.9188,0.04710,0.00000,1.00000,0.00000,True,True,True
42.9032,0.0000,2.2000,-130.8705,0.04832,0.00000,1.00000,0.00000,True,True,True
42.9177,0.0000,2.2000,-130.8185,0.05193,0.00000,1.00000,0.00000,True,True,True
42.9291,0.0000,2.2000,-130.7774,0.04114,0.00000,1.00000,0.00000,True,True,True
42.9437,0.0000,2.2000,-130.7271,0.05034,0.00000,1.00000,0.00000,True,True,True
42.9560,0.0000,2.2000,-130.6856,0.04147,0.00000,1.00000,0.00000,True,True,True
42.9695,0.0000,2.2000,-130.6427,0.04286,0.00000,1.00000,0.00000,True,True,True
42.9843,0.0000,2.2000,-130.5956,0.04712,0.00000,1.00000,0.00000,True,True,True
42.9951,0.0000,2.2000,-130.5621,0.03352,0.00000,1.00000,0.00000,True,True,True
43.0107,0.0000,2.2000,-130.5166,0.04549,0.00000,1.00000,0.00000,True,True,True
43.0259,0.0000,2.2000,-130.4736,0.04297,0.00000,1.00000,0.00000,True,True,True
43.0404,0.0000,2.2000,-130.4341,0.03954,0.00000,1.00000,0.00000,True,True,True
43.0533,0.0000,2.2000,-130.4000,0.03409,0.00000,1.00000,0.00000,True,True,True
43.0676,0.0000,2.2000,-130.3643,0.03572,0.00000,1.00000,0.00000,True,True,True
43.0843,0.0000,2.2000,-130.3243,0.03998,0.00000,1.00000,0.00000,True,True,True
43.0951,0.0000,2.2000,-130.2992,0.02513,0.00000,1.00000,0.00000,True,True,True
43.1085,0.0000,2.2000,-130.2698,0.02940,0.00000,1.00000,0.00000,True,True,True
43.1219,0.0000,2.2000,-130.2413,0.02847,0.00000,1.00000,0.00000,True,True,True
43.1384,0.0000,2.2000,-130.2090,0.03224,0.00000,1.00000,0.00000,True,True,True
43.1518,0.0000,2.2000,-130.1832,0.02589,0.00000,1.00000,0.00000,True,True,True
43.1653,0.0000,2.2000,-130.1591,0.02403,0.00000,1.00000,0.00000,True,True,True
43.1802,0.0000,2.2000,-130.1343,0.02478,0.00000,1.00000,0.00000,True,True,True
43.1936,0.0000,2.2000,-130.1132,0.02113,0.00000,1.00000,0.00000,True,True,True
43.2059,0.0000,2.2000,-130.0949,0.01828,0.00000,1.00000,0.00000,True,True,True
43.2192,0.0000,2.2000,-130.0766,0.01837,0.00000,1.00000,0.00000,True,True,True
43.2335,0.0000,2.2000,-130.0588,0.01773,0.00000,1.00000,0.00000,True,True,True
43.2481,0.0000,2.2000,-130.0413,0.01749,0.00000,1.00000,0.00000,True,True,True
43.2604,0.0000,2.2000,-130.0282,0.01314,0.00000,1.00000,0.00000,True,True,True
43.2735,0.0000,2.2000,-130.0155,0.01273,0.00000,1.00000,0.00000,True,True,True
43.2870,0.0000,2.2000,-130.0155,0.00000,0.00000,1.00000,0.00000,True,True,True
43.3002,0.0000,2.2000,-130.0142,0.00130,0.00000,1.00000,0.00000,True,True,True
43.3131,0.0000,2.2000,-130.0116,0.00261,0.00000,1.00000,0.00000,True,True,True
43.3275,0.0000,2.2000,-130.0072,0.00435,0.00000,1.00000,0.00000,True,True,True
43.3416,0.0000,2.2000,-130.0014,0.00583,0.00000,1.00000,0.00000,True,True,True
43.3557,0.0000,2.2000,-129.9941,0.00729,0.00000,1.00000,0.00000,True,True,True
43.3688,0.0000,2.2000,-129.9861,0.00803,0.00000,1.00000,0.00000,True,True,True
43.3821,0.0000,2.2000,-129.9767,0.00941,0.00000,1.00000,0.00000,True,True,True
43.3970,0.0000,2.2000,-129.9643,0.01234,0.00000,1.00000,0.00000,True,True,True
43.4102,0.0000,2.2000,-129.9521,0.01225,0.00000,1.00000,0.00000,True,True,True
43.4224,0.0000,2.2000,-129.9397,0.01234,0.00000,1.00000,0.00000,True,True,True
43.4358,0.0000,2.2000,-129.9247,0.01498,0.00000,1.00000,0.00000,True,True,True
43.4489,0.0000,2.2000,-129.9088,0.01590,0.00000,1.00000,0.00000,True,True,True
43.4642,0.0000,2.2000,-129.8885,0.02034,0.00000,1.00000,0.00000,True,True,True
43.4769,0.0000,2.2000,-129.8705,0.01804,0.00000,1.00000,0.00000,True,True,True
43.4896,0.0000,2.2000,-129.8513,0.01910,0.00000,1.00000,0.00000,True,True,True
43.5030,0.0000,2.2000,-129.8298,0.02159,0.00000,1.00000,0.00000,True,True,True
43.5161,0.0000,2.2000,-129.8070,0.02277,0.00000,1.00000,0.00000,True,True,True
43.5314,0.0000,2.2000,-129.7794,0.02754,0.00000,1.00000,0.00000,True,True,True
43.5438,0.0000,2.2000,-129.7554,0.02408,0.00000,1.00000,0.00000,True,True,True
43.5578,0.0000,2.2000,-129.7272,0.02812,0.00000,1.00000,0.00000,True,True,True
43.5724,0.0000,2.2000,-129.6965,0.03073,0.00000,1.00000,0.00000,True,True,True
43.5857,0.0000,2.2000,-129.6661,0.03040,0.00000,1.00000,0.00000,True,True,True
43.6001,0.0000,2.2000,-129.6331,0.03305,0.00000,1.00000,0.00000,True,True,True
43.6150,0.0000,2.2000,-129.5954,0.03772,0.00000,1.00000,0.00000,True,True,True
43.6277,0.0000,2.2000,-129.5625,0.03284,0.00000,1.00000,0.00000,True,True,True
43.6418,0.0000,2.2000,-129.5255,0.03699,0.00000,1.00000,0.00000,True,True,True
43.6549,0.0000,2.2000,-129.4889,0.03659,0.00000,1.00000,0.00000,True,True,True
43.6713,0.0000,2.2000,-129.4428,0.04613,0.00000,1.00000,0.00000,True,True,True
43.6852,0.0000,2.2000,-129.4000,0.04277,0.00000,1.00000,0.00000,True,True,True
43.6967,0.0000,2.2000,-129.3650,0.03506,0.00000,1.00000,0.00000,True,True,True
43.7103,0.0000,2.2000,-129.3218,0.04321,0.00000,1.00000,0.00000,True,True,True
43.7236,0.0000,2.2000,-129.2782,0.04361,0.00000,1.00000,0.00000,True,True,True
43.7392,0.0000,2.2000,-129.2253,0.05283,0.00000,1.00000,0.00000,True,True,True
43.7518,0.0000,2.2000,-129.1812,0.04417,0.00000,1.00000,0.00000,True,True,True
43.7657,0.0000,2.2000,-129.1325,0.04868,0.00000,1.00000,0.00000,True,True,True
43.7801,0.0000,2.2000,-129.0791,0.05336,0.00000,1.00000,0.00000,True,True,True
43.7942,0.0000,2.2000,-129.0264,0.05269,0.00000,1.00000,0.00000,True,True,True
43.8075,0.0000,2.2000,-128.9729,0.05356,0.00000,1.00000,0.00000,True,True,True
43.8227,0.0000,2.2000,-128.9116,0.06126,0.00000,1.00000,0.00000,True,True,True
43.8353,0.0000,2.2000,-128.8602,0.05144,0.00000,1.00000,0.00000,True,True,True
43.8483,0.0000,2.2000,-128.8050,0.05515,0.00000,1.00000,0.00000,True,True,True
43.8617,0.0000,2.2000,-128.7474,0.05762,0.00000,1.00000,0.00000,True,True,True
43.8749,0.0000,2.2000,-128.6891,0.05830,0.00000,1.00000,0.00000,True,True,True
43.8902,0.0000,2.2000,-128.6204,0.06871,0.00000,1.00000,0.00000,True,True,True
43.9029,0.0000,2.2000,-128.5623,0.05811,0.00000,1.00000,0.00000,True,True,True
43.9168,0.0000,2.2000,-128.4993,0.06296,0.00000,1.00000,0.00000,True,True,True
43.9310,0.0000,2.2000,-128.4298,0.06952,0.00000,1.00000,0.00000,True,True,True
43.9451,0.0000,2.2000,-128.3591,0.07074,0.00000,1.00000,0.00000,True,True,True
43.9606,0.0000,2.2000,-128.2801,0.07901,0.00000,1.00000,0.00000,True,True,True
43.9728,0.0000,2.2000,-128.2164,0.06361,0.00000,1.00000,0.00000,True,True,True
43.9881,0.0000,2.2000,-128.1365,0.07996,0.00000,1.00000,0.00000,True,True,True
44.0025,0.0000,2.2000,-128.0620,0.07451,0.00000,1.00000,0.00000,True,True,True
44.0152,0.0000,2.2000,-127.9914,0.07061,0.00000,1.00000,0.00000,True,True,True
44.0285,0.0000,2.2000,-127.9193,0.07212,0.00000,1.00000,0.00000,True,True,True
44.0441,0.0000,2.2000,-127.8369,0.08234,0.00000,1.00000,0.00000,True,True,True
44.0577,0.0000,2.2000,-127.7621,0.07477,0.00000,1.00000,0.00000,True,True,True
44.0702,0.0000,2.2000,-127.6938,0.06831,0.00000,1.00000,0.00000,True,True,True
44.0856,0.0000,2.2000,-127.6112,0.08266,0.00000,1.00000,0.00000,True,True,True
44.0978,0.0000,2.2000,-127.5449,0.06632,0.00000,1.00000,0.00000,True,True,True
44.1147,0.0000,2.2000,-127.4551,0.08972,0.00000,1.00000,0.00000,True,True,True
44.1331,0.0000,2.2000,-127.3570,0.09818,0.00000,1.00000,0.00000,True,True,True
44.1439,0.0000,2.2000,-127.2955,0.06142,0.00000,1.00000,0.00000,True,True,True
44.1572,0.0000,2.2000,-127.2233,0.07220,0.00000,1.00000,0.00000,True,True,True
44.1724,0.0000,2.2000,-127.1429,0.08041,0.00000,1.00000,0.00000,True,True,True
44.1857,0.0000,2.2000,-127.0714,0.07153,0.00000,1.00000,0.00000,True,True,True
44.1997,0.0000,2.2000,-126.9963,0.07514,0.00000,1.00000,0.00000,True,True,True
44.2134,0.0000,2.2000,-126.9215,0.07476,0.00000,1.00000,0.00000,True,True,True
44.2273,0.0000,2.2000,-126.8466,0.07491,0.00000,1.00000,0.00000,True,True,True
44.2409,0.0000,2.2000,-126.7738,0.07281,0.00000,1.00000,0.00000,True,True,True
44.2559,0.0000,2.2000,-126.6912,0.08258,0.00000,1.00000,0.00000,True,True,True
44.2687,0.0000,2.2000,-126.6224,0.06882,0.00000,1.00000,0.00000,True,True,True
44.2811,0.0000,2.2000,-126.5543,0.06808,0.00000,1.00000,0.00000,True,True,True
44.2953,0.0000,2.2000,-126.4816,0.07267,0.00000,1.00000,0.00000,True,True,True
44.3106,0.0000,2.2000,-126.3966,0.08505,0.00000,1.00000,0.00000,True,True,True
44.3215,0.0000,2.2000,-126.3361,0.06046,0.00000,1.00000,0.00000,True,True,True
44.3361,0.0000,2.2000,-126.2583,0.07784,0.00000,1.00000,0.00000,True,True,True
44.3519,0.0000,2.2000,-126.1721,0.08614,0.00000,1.00000,0.00000,True,True,True
44.3653,0.0000,2.2000,-126.1008,0.07137,0.00000,1.00000,0.00000,True,True,True
44.3782,0.0000,2.2000,-126.0302,0.07054,0.00000,1.00000,0.00000,True,True,True
44.3915,0.0000,2.2000,-125.9590,0.07121,0.00000,1.00000,0.00000,True,True,True
44.4063,0.0000,2.2000,-125.8786,0.08044,0.00000,1.00000,0.00000,True,True,True
44.4185,0.0000,2.2000,-125.8138,0.06477,0.00000,1.00000,0.00000,True,True,True
44.4314,0.0000,2.2000,-125.7469,0.06695,0.00000,1.00000,0.00000,True,True,True
44.4442,0.0000,2.2000,-125.6805,0.06638,0.00000,1.00000,0.00000,True,True,True
44.4570,0.0000,2.2000,-125.6162,0.06431,0.00000,1.00000,0.00000,True,True,True
44.4716,0.0000,2.2000,-125.5447,0.07145,0.00000,1.00000,0.00000,True,True,True
44.4853,0.0000,2.2000,-125.4784,0.06630,0.00000,1.00000,0.00000,True,True,True
44.4966,0.0000,2.2000,-125.4255,0.05296,0.00000,1.00000,0.00000,True,True,True
44.5102,0.0000,2.2000,-125.3621,0.06343,0.00000,1.00000,0.00000,True,True,True
44.5223,0.0000,2.2000,-125.3067,0.05531,0.00000,1.00000,0.00000,True,True,True
44.5367,0.0000,2.2000,-125.2429,0.06380,0.00000,1.00000,0.00000,True,True,True
44.5508,0.0000,2.2000,-125.1847,0.05827,0.00000,1.00000,0.00000,True,True,True
44.5645,0.0000,2.2000,-125.1255,0.05914,0.00000,1.00000,0.00000,True,True,True
44.5789,0.0000,2.2000,-125.0666,0.05896,0.00000,1.00000,0.00000,True,True,True
44.5937,0.0000,2.2000,-125.0057,0.06089,0.00000,1.00000,0.00000,True,True,True
44.6076,0.0000,2.2000,-124.9518,0.05386,0.00000,1.00000,0.00000,True,True,True
44.6213,0.0000,2.2000,-124.9010,0.05082,0.00000,1.00000,0.00000,True,True,True
44.6357,0.0000,2.2000,-124.8475,0.05350,0.00000,1.00000,0.00000,True,True,True
44.6490,0.0000,2.2000,-124.7995,0.04803,0.00000,1.00000,0.00000,True,True,True
44.6639,0.0000,2.2000,-124.7462,0.05327,0.00000,1.00000,0.00000,True,True,True
44.6773,0.0000,2.2000,-124.7024,0.04382,0.00000,1.00000,0.00000,True,True,True
44.6900,0.0000,2.2000,-124.6593,0.04305,0.00000,1.00000,0.00000,True,True,True
44.7044,0.0000,2.2000,-124.6150,0.04437,0.00000,1.00000,0.00000,True,True,True
44.7193,0.0000,2.2000,-124.5688,0.04616,0.00000,1.00000,0.00000,True,True,True
44.7341,0.0000,2.2000,-124.5262,0.04260,0.00000,1.00000,0.00000,True,True,True
44.7485,0.0000,2.2000,-124.4836,0.04264,0.00000,1.00000,0.00000,True,True,True
44.7611,0.0000,2.2000,-124.4485,0.03501,0.00000,1.00000,0.00000,True,True,True
44.7753,0.0000,2.2000,-124.4121,0.03646,0.00000,1.00000,0.00000,True,True,True
44.7904,0.0000,2.2000,-124.3725,0.03956,0.00000,1.00000,0.00000,True,True,True
44.8060,0.0000,2.2000,-124.3353,0.03726,0.00000,1.00000,0.00000,True,True,True
44.8187,0.0000,2.2000,-124.3055,0.02973,0.00000,1.00000,0.00000,True,True,True
44.8302,0.0000,2.2000,-124.2795,0.02598,0.00000,1.00000,0.00000,True,True,True
44.8441,0.0000,2.2000,-124.2508,0.02876,0.00000,1.00000,0.00000,True,True,True
44.8588,0.0000,2.2000,-124.2219,0.02889,0.00000,1.00000,0.00000,True,True,True
44.8732,0.0000,2.2000,-124.1933,0.02861,0.00000,1.00000,0.00000,True,True,True
44.8867,0.0000,2.2000,-124.1691,0.02415,0.00000,1.00000,0.00000,True,True,True
44.9024,0.0000,2.2000,-124.1426,0.02657,0.00000,1.00000,0.00000,True,True,True
44.9143,0.0000,2.2000,-124.1227,0.01982,0.00000,1.00000,0.00000,True,True,True
44.9303,0.0000,2.2000,-124.0993,0.02345,0.00000,1.00000,0.00000,True,True,True
44.9440,0.0000,2.2000,-124.0807,0.01863,0.00000,1.00000,0.00000,True,True,True
44.9565,0.0000,2.2000,-124.0640,0.01666,0.00000,1.00000,0.00000,True,True,True
44.9711,0.0000,2.2000,-124.0472,0.01681,0.00000,1.00000,0.00000,True,True,True
44.9857,0.0000,2.2000,-124.0314,0.01575,0.00000,1.00000,0.00000,True,True,True
44.9993,0.0000,2.2000,-124.0184,0.01306,0.00000,1.00000,0.00000,True,True,True
45.0144,0.0000,2.2000,-124.0184,0.00000,0.00000,1.00000,0.00000,True,True,True
45.0278,0.0000,2.2000,-124.0170,0.00135,0.00000,1.00000,0.00000,True,True,True
45.0416,0.0000,2.2000,-124.0144,0.00268,0.00000,1.00000,0.00000,True,True,True
45.0544,0.0000,2.2000,-124.0103,0.00405,0.00000,1.00000,0.00000,True,True,True
45.0688,0.0000,2.2000,-124.0044,0.00587,0.00000,1.00000,0.00000,True,True,True
45.0817,0.0000,2.2000,-123.9979,0.00648,0.00000,1.00000,0.00000,True,True,True
45.0968,0.0000,2.2000,-123.9886,0.00938,0.00000,1.00000,0.00000,True,True,True
45.1104,0.0000,2.2000,-123.9788,0.00976,0.00000,1.00000,0.00000,True,True,True
45.1235,0.0000,2.2000,-123.9686,0.01022,0.00000,1.00000,0.00000,True,True,True
45.1384,0.0000,2.2000,-123.9540,0.01456,0.00000,1.00000,0.00000,True,True,True
45.1522,0.0000,2.2000,-123.9401,0.01392,0.00000,1.00000,0.00000,True,True,True
45.1665,0.0000,2.2000,-123.9239,0.01620,0.00000,1.00000,0.00000,True,True,True
45.1815,0.0000,2.2000,-123.9048,0.01908,0.00000,1.00000,0.00000,True,True,True
45.1943,0.0000,2.2000,-123.8879,0.01688,0.00000,1.00000,0.00000,True,True,True
45.2071,0.0000,2.2000,-123.8688,0.01914,0.00000,1.00000,0.00000,True,True,True
45.2213,0.0000,2.2000,-123.8478,0.02098,0.00000,1.00000,0.00000,True,True,True
45.2352,0.0000,2.2000,-123.8236,0.02419,0.00000,1.00000,0.00000,True,True,True
45.2501,0.0000,2.2000,-123.7979,0.02573,0.00000,1.00000,0.00000,True,True,True
45.2626,0.0000,2.2000,-123.7743,0.02359,0.00000,1.00000,0.00000,True,True,True
45.2774,0.0000,2.2000,-123.7456,0.02872,0.00000,1.00000,0.00000,True,True,True
45.2895,0.0000,2.2000,-123.7199,0.02567,0.00000,1.00000,0.00000,True,True,True
45.3043,0.0000,2.2000,-123.6880,0.03189,0.00000,1.00000,0.00000,True,True,True
45.3167,0.0000,2.2000,-123.6596,0.02843,0.00000,1.00000,0.00000,True,True,True
45.3293,0.0000,2.2000,-123.6295,0.03004,0.00000,1.00000,0.00000,True,True,True
45.3440,0.0000,2.2000,-123.5942,0.03533,0.00000,1.00000,0.00000,True,True,True
45.3606,0.0000,2.2000,-123.5507,0.04354,0.00000,1.00000,0.00000,True,True,True
45.3720,0.0000,2.2000,-123.5206,0.03007,0.00000,1.00000,0.00000,True,True,True
45.3853,0.0000,2.2000,-123.4827,0.03785,0.00000,1.00000,0.00000,True,True,True
45.3980,0.0000,2.2000,-123.4460,0.03680,0.00000,1.00000,0.00000,True,True,True
45.4131,0.0000,2.2000,-123.4015,0.04442,0.00000,1.00000,0.00000,True,True,True
45.4273,0.0000,2.2000,-123.3580,0.04349,0.00000,1.00000,0.00000,True,True,True
45.4402,0.0000,2.2000,-123.3174,0.04062,0.00000,1.00000,0.00000,True,True,True
45.4544,0.0000,2.2000,-123.2715,0.04593,0.00000,1.00000,0.00000,True,True,True
45.4689,0.0000,2.2000,-123.2194,0.05208,0.00000,1.00000,0.00000,True,True,True
45.4823,0.0000,2.2000,-123.1729,0.04648,0.00000,1.00000,0.00000,True,True,True
45.4942,0.0000,2.2000,-123.1296,0.04333,0.00000,1.00000,0.00000,True,True,True
45.5071,0.0000,2.2000,-123.0825,0.04716,0.00000,1.00000,0.00000,True,True,True
45.5210,0.0000,2.2000,-123.0305,0.05199,0.00000,1.00000,0.00000,True,True,True
45.5357,0.0000,2.2000,-122.9726,0.05789,0.00000,1.00000,0.00000,True,True,True
45.5480,0.0000,2.2000,-122.9221,0.05052,0.00000,1.00000,0.00000,True,True,True
45.5629,0.0000,2.2000,-122.8613,0.06076,0.00000,1.00000,0.00000,True,True,True
45.5773,0.0000,2.2000,-122.8015,0.05976,0.00000,1.00000,0.00000,True,True,True
45.5900,0.0000,2.2000,-122.7470,0.05455,0.00000,1.00000,0.00000,True,True,True
45.6040,0.0000,2.2000,-122.6853,0.06168,0.00000,1.00000,0.00000,True,True,True
45.6185,0.0000,2.2000,-122.6172,0.06815,0.00000,1.00000,0.00000,True,True,True
45.6309,0.0000,2.2000,-122.5598,0.05733,0.00000,1.00000,0.00000,True,True,True
45.6435,0.0000,2.2000,-122.5005,0.05933,0.00000,1.00000,0.00000,True,True,True
45.6556,0.0000,2.2000,-122.4421,0.05841,0.00000,1.00000,0.00000,True,True,True
45.6685,0.0000,2.2000,-122.3788,0.06332,0.00000,1.00000,0.00000,True,True,True
45.6818,0.0000,2.2000,-122.3124,0.06640,0.00000,1.00000,0.00000,True,True,True
45.6958,0.0000,2.2000,-122.2408,0.07159,0.00000,1.00000,0.00000,True,True,True
45.7079,0.0000,2.2000,-122.1787,0.06205,0.00000,1.00000,0.00000,True,True,True
45.7206,0.0000,2.2000,-122.1110,0.06773,0.00000,1.00000,0.00000,True,True,True
45.7354,0.0000,2.2000,-122.0315,0.07945,0.00000,1.00000,0.00000,True,True,True
45.7480,0.0000,2.2000,-121.9635,0.06805,0.00000,1.00000,0.00000,True,True,True
45.7602,0.0000,2.2000,-121.8967,0.06678,0.00000,1.00000,0.00000,True,True,True
45.7728,0.0000,2.2000,-121.8299,0.06683,0.00000,1.00000,0.00000,True,True,True
45.7853,0.0000,2.2000,-121.7613,0.06863,0.00000,1.00000,0.00000,True,True,True
45.7981,0.0000,2.2000,-121.6916,0.06965,0.00000,1.00000,0.00000,True,True,True
45.8122,0.0000,2.2000,-121.6160,0.07556,0.00000,1.00000,0.00000,True,True,True
45.8244,0.0000,2.2000,-121.5500,0.06605,0.00000,1.00000,0.00000,True,True,True
45.8370,0.0000,2.2000,-121.4820,0.06802,0.00000,1.00000,0.00000,True,True,True
45.8501,0.0000,2.2000,-121.4123,0.06969,0.00000,1.00000,0.00000,True,True,True
45.8643,0.0000,2.2000,-121.3348,0.07745,0.00000,1.00000,0.00000,True,True,True
45.8770,0.0000,2.2000,-121.2664,0.06845,0.00000,1.00000,0.00000,True,True,True
45.8889,0.0000,2.2000,-121.2017,0.06471,0.00000,1.00000,0.00000,True,True,True
45.9018,0.0000,2.2000,-121.1320,0.06973,0.00000,1.00000,0.00000,True,True,True
45.9147,0.0000,2.2000,-121.0629,0.06903,0.00000,1.00000,0.00000,True,True,True
45.9292,0.0000,2.2000,-120.9843,0.07858,0.00000,1.00000,0.00000,True,True,True
45.9419,0.0000,2.2000,-120.9169,0.06742,0.00000,1.00000,0.00000,True,True,True
45.9546,0.0000,2.2000,-120.8470,0.06995,0.00000,1.00000,0.00000,True,True,True
45.9692,0.0000,2.2000,-120.7709,0.07603,0.00000,1.00000,0.00000,True,True,True
45.9809,0.0000,2.2000,-120.7051,0.06583,0.00000,1.00000,0.00000,True,True,True
45.9953,0.0000,2.2000,-120.6270,0.07808,0.00000,1.00000,0.00000,True,True,True
46.0103,0.0000,2.2000,-120.5465,0.08057,0.00000,1.00000,0.00000,True,True,True
46.0242,0.0000,2.2000,-120.4735,0.07301,0.00000,1.00000,0.00000,True,True,True
46.0363,0.0000,2.2000,-120.4059,0.06753,0.00000,1.00000,0.00000,True,True,True
46.0501,0.0000,2.2000,-120.3334,0.07250,0.00000,1.00000,0.00000,True,True,True
46.0629,0.0000,2.2000,-120.2621,0.07132,0.00000,1.00000,0.00000,True,True,True
46.0778,0.0000,2.2000,-120.1822,0.07993,0.00000,1.00000,0.00000,True,True,True
46.0938,0.0000,2.2000,-120.0965,0.08572,0.00000,1.00000,0.00000,True,True,True
46.1055,0.0000,2.2000,-120.0328,0.06364,0.00000,1.00000,0.00000,True,True,True
46.1205,0.0000,2.2000,-119.9525,0.08035,0.00000,1.00000,0.00000,True,True,True
46.1335,0.0000,2.2000,-119.8832,0.06924,0.00001,0.99999,0.00000,True,True,True
46.1465,0.0000,2.2000,-119.8139,0.06933,0.00002,0.99998,0.00000,True,True,True
46.1592,0.0000,2.2000,-119.7457,0.06822,0.00005,0.99995,0.00000,True,True,True
46.1721,0.0000,2.2000,-119.6798,0.06587,0.00007,0.99993,0.00000,True,True,True
46.1871,0.0000,2.2000,-119.6051,0.07471,0.00011,0.99989,0.00000,True,True,True
46.1984,0.0000,2.2000,-119.5485,0.05658,0.00014,0.99986,0.00000,True,True,True
46.2133,0.0000,2.2000,-119.4765,0.07199,0.00019,0.99981,0.00000,True,True,True
46.2263,0.0000,2.2000,-119.4152,0.06135,0.00024,0.99976,0.00000,True,True,True
46.2413,0.0000,2.2000,-119.3459,0.06924,0.00030,0.99970,0.00000,True,True,True
46.2539,0.0000,2.2000,-119.2894,0.05654,0.00036,0.99964,0.00000,True,True,True
46.2671,0.0000,2.2000,-119.2312,0.05820,0.00042,0.99958,0.00000,True,True,True
46.2803,0.0000,2.2000,-119.1746,0.05660,0.00048,0.99952,0.00000,True,True,True
46.2934,0.0000,2.2000,-119.1185,0.05608,0.00055,0.99945,0.00000,True,True,True
46.3064,0.0000,2.2000,-119.0649,0.05357,0.00061,0.99939,0.00000,True,True,True
46.3205,0.0000,2.2000,-119.0081,0.05679,0.00069,0.99931,0.00000,True,True,True
46.3343,0.0000,2.2000,-118.9547,0.05346,0.00077,0.99923,0.00000,True,True,True
46.3466,0.0000,2.2000,-118.9071,0.04756,0.00084,0.99916,0.00000,True,True,True
46.3594,0.0000,2.2000,-118.8595,0.04765,0.00091,0.99909,0.00000,True,True,True
46.3739,0.0000,2.2000,-118.8071,0.05235,0.00100,0.99900,0.00000,True,True,True
46.3873,0.0000,2.2000,-118.7610,0.04606,0.00108,0.99892,0.00000,True,True,True
46.4002,0.0000,2.2000,-118.7162,0.04485,0.00115,0.99885,0.00000,True,True,True
46.4135,0.0000,2.2000,-118.6722,0.04400,0.00123,0.99877,0.00000,True,True,True
46.4292,0.0000,2.2000,-118.6231,0.04906,0.00133,0.99867,0.00000,True,True,True
46.4415,0.0000,2.2000,-118.5836,0.03951,0.00140,0.99860,0.00000,True,True,True
46.4543,0.0000,2.2000,-118.5448,0.03886,0.00148,0.99852,0.00000,True,True,True
46.4708,0.0000,2.2000,-118.4980,0.04675,0.00158,0.99842,0.00000,True,True,True
46.4834,0.0000,2.2000,-118.4631,0.03487,0.00165,0.99835,0.00000,True,True,True
46.4968,0.0000,2.2000,-118.4260,0.03717,0.00173,0.99827,0.00000,True,True,True
46.5124,0.0000,2.2000,-118.3861,0.03983,0.00182,0.99818,0.00000,True,True,True
46.5241,0.0000,2.2000,-118.3563,0.02982,0.00189,0.99811,0.00000,True,True,True
46.5395,0.0000,2.2000,-118.3205,0.03577,0.00197,0.99803,0.00000,True,True,True
46.5538,0.0000,2.2000,-118.2874,0.03313,0.00205,0.99795,0.00000,True,True,True
46.5708,0.0000,2.2000,-118.2514,0.03606,0.00213,0.99787,0.00000,True,True,True
46.5829,0.0000,2.2000,-118.2267,0.02470,0.00219,0.99781,0.00000,True,True,True
46.5970,0.0000,2.2000,-118.1992,0.02746,0.00226,0.99774,0.00000,True,True,True
46.6125,0.0000,2.2000,-118.1709,0.02827,0.00233,0.99767,0.00000,True,True,True
46.6250,0.0000,2.2000,-118.1488,0.02216,0.00239,0.99761,0.00000,True,True,True
46.6390,0.0000,2.2000,-118.1262,0.02258,0.00245,0.99755,0.00000,True,True,True
46.6537,0.0000,2.2000,-118.1036,0.02262,0.00250,0.99750,0.00000,True,True,True
46.6708,0.0000,2.2000,-118.0802,0.02340,0.00257,0.99743,0.00000,True,True,True
46.6829,0.0000,2.2000,-118.0641,0.01609,0.00261,0.99739,0.00000,True,True,True
46.6971,0.0000,2.2000,-118.0474,0.01673,0.00265,0.99735,0.00000,True,True,True
46.7124,0.0000,2.2000,-118.0309,0.01649,0.00270,0.99730,0.00000,True,True,True
46.7257,0.0000,2.2000,-118.0178,0.01305,0.00273,0.99727,0.00000,True,True,True
46.7412,0.0000,2.2000,-118.0178,0.00000,0.00273,0.99727,0.00000,True,True,True
46.7539,0.0000,2.2000,-118.0166,0.00120,0.00274,0.99726,0.00000,True,True,True
46.7675,0.0000,2.2000,-118.0140,0.00258,0.00274,0.99726,0.00000,True,True,True
46.7809,0.0000,2.2000,-118.0099,0.00411,0.00275,0.99725,0.00000,True,True,True
46.7954,0.0000,2.2000,-118.0040,0.00596,0.00277,0.99723,0.00000,True,True,True
46.8075,0.0000,2.2000,-117.9979,0.00608,0.00279,0.99721,0.00000,True,True,True
46.8231,0.0000,2.2000,-117.9884,0.00950,0.00281,0.99719,0.00000,True,True,True
46.8371,0.0000,2.2000,-117.9783,0.01008,0.00284,0.99716,0.00000,True,True,True
46.8496,0.0000,2.2000,-117.9683,0.01003,0.00287,0.99713,0.00000,True,True,True
46.8630,0.0000,2.2000,-117.9557,0.01255,0.00291,0.99709,0.00000,True,True,True
46.8772,0.0000,2.2000,-117.9416,0.01417,0.00295,0.99705,0.00000,True,True,True
46.8907,0.0000,2.2000,-117.9263,0.01527,0.00299,0.99701,0.00000,True,True,True
46.9061,0.0000,2.2000,-117.9072,0.01908,0.00304,0.99696,0.00000,True,True,True
46.9208,0.0000,2.2000,-117.8878,0.01937,0.00310,0.99690,0.00000,True,True,True
46.9339,0.0000,2.2000,-117.8686,0.01922,0.00316,0.99684,0.00000,True,True,True
46.9473,0.0000,2.2000,-117.8476,0.02106,0.00322,0.99678,0.00000,True,True,True
46.9625,0.0000,2.2000,-117.8230,0.02460,0.00329,0.99671,0.00000,True,True,True
46.9751,0.0000,2.2000,-117.8003,0.02262,0.00336,0.99664,0.00000,True,True,True
46.9883,0.0000,2.2000,-117.7758,0.02454,0.00343,0.99657,0.00000,True,True,True
47.0041,0.0000,2.2000,-117.7453,0.03049,0.00353,0.99647,0.00000,True,True,True
47.0176,0.0000,2.2000,-117.7165,0.02879,0.00362,0.99638,0.00000,True,True,True
47.0313,0.0000,2.2000,-117.6876,0.02893,0.00371,0.99629,0.00000,True,True,True
47.0455,0.0000,2.2000,-117.6547,0.03291,0.00381,0.99619,0.00000,True,True,True
47.0570,0.0000,2.2000,-117.6269,0.02780,0.00390,0.99610,0.00000,True,True,True
47.0721,0.0000,2.2000,-117.5900,0.03687,0.00402,0.99598,0.00000,True,True,True
47.0875,0.0000,2.2000,-117.5509,0.03915,0.00415,0.99585,0.00000,True,True,True
47.0990,0.0000,2.2000,-117.5187,0.03219,0.00426,0.99574,0.00000,True,True,True
47.1122,0.0000,2.2000,-117.4821,0.03661,0.00439,0.99561,0.00000,True,True,True
47.1255,0.0000,2.2000,-117.4436,0.03843,0.00452,0.99548,0.00000,True,True,True
47.1405,0.0000,2.2000,-117.3991,0.04456,0.00468,0.99532,0.00000,True,True,True
47.1537,0.0000,2.2000,-117.3581,0.04101,0.00482,0.99518,0.00000,True,True,True
47.1669,0.0000,2.2000,-117.3168,0.04129,0.00497,0.99503,0.00000,True,True,True
47.1809,0.0000,2.2000,-117.2701,0.04664,0.00514,0.99486,0.00000,True,True,True
47.1955,0.0000,2.2000,-117.2203,0.04984,0.00533,0.99467,0.00000,True,True,True
47.2081,0.0000,2.2000,-117.1755,0.04481,0.00550,0.99450,0.00000,True,True,True
47.2230,0.0000,2.2000,-117.1224,0.05306,0.00571,0.99429,0.00000,True,True,True
47.2371,0.0000,2.2000,-117.0698,0.05263,0.00591,0.99409,0.00000,True,True,True
47.2495,0.0000,2.2000,-117.0231,0.04667,0.00610,0.99390,0.00000,True,True,True
47.2632,0.0000,2.2000,-116.9691,0.05404,0.00632,0.99368,0.00000,True,True,True
47.2790,0.0000,2.2000,-116.9059,0.06322,0.00658,0.99342,0.00000,True,True,True
47.2924,0.0000,2.2000,-116.8501,0.05579,0.00682,0.99318,0.00000,True,True,True
47.3060,0.0000,2.2000,-116.7935,0.05653,0.00706,0.99294,0.00000,True,True,True
47.3208,0.0000,2.2000,-116.7292,0.06435,0.00734,0.99266,0.00000,True,True,True
47.3337,0.0000,2.2000,-116.6702,0.05898,0.00760,0.99240,0.00000,True,True,True
47.3471,0.0000,2.2000,-116.6091,0.06115,0.00788,0.99212,0.00000,True,True,True
47.3621,0.0000,2.2000,-116.5396,0.06947,0.00820,0.99180,0.00000,True,True,True
47.3738,0.0000,2.2000,-116.4838,0.05576,0.00846,0.99154,0.00000,True,True,True
47.3889,0.0000,2.2000,-116.4113,0.07257,0.00881,0.99119,0.00000,True,True,True
47.4017,0.0000,2.2000,-116.3485,0.06276,0.00911,0.99089,0.00000,True,True,True
47.4149,0.0000,2.2000,-116.2807,0.06783,0.00945,0.99055,0.00000,True,True,True
47.4287,0.0000,2.2000,-116.2096,0.07110,0.00981,0.99020,0.00000,True,True,True
47.4414,0.0000,2.2000,-116.1426,0.06698,0.01015,0.98985,0.00000,True,True,True
47.4568,0.0000,2.2000,-116.0605,0.08215,0.01057,0.98943,0.00000,True,True,True
47.4710,0.0000,2.2000,-115.9829,0.07758,0.01099,0.98901,0.00000,True,True,True
47.4873,0.0000,2.2000,-115.8969,0.08599,0.01145,0.98855,0.00000,True,True,True
47.4983,0.0000,2.2000,-115.8359,0.06102,0.01179,0.98821,0.00000,True,True,True
47.5125,0.0000,2.2000,-115.7618,0.07408,0.01220,0.98780,0.00000,True,True,True
47.5257,0.0000,2.2000,-115.6887,0.07314,0.01261,0.98739,0.00000,True,True,True
47.5390,0.0000,2.2000,-115.6160,0.07269,0.01303,0.98697,0.00000,True,True,True
47.5541,0.0000,2.2000,-115.5363,0.07965,0.01350,0.98650,0.00000,True,True,True
47.5707,0.0000,2.2000,-115.4464,0.08994,0.01404,0.98596,0.00000,True,True,True
47.5821,0.0000,2.2000,-115.3835,0.06285,0.01442,0.98558,0.00000,True,True,True
47.5953,0.0000,2.2000,-115.3122,0.07128,0.01485,0.98515,0.00000,True,True,True
47.6088,0.0000,2.2000,-115.2404,0.07182,0.01530,0.98470,0.00000,True,True,True
47.6236,0.0000,2.2000,-115.1599,0.08048,0.01581,0.98419,0.00000,True,True,True
47.6372,0.0000,2.2000,-115.0870,0.07293,0.01628,0.98372,0.00000,True,True,True
47.6501,0.0000,2.2000,-115.0166,0.07038,0.01673,0.98327,0.00000,True,True,True
47.6639,0.0000,2.2000,-114.9436,0.07301,0.01721,0.98279,0.00000,True,True,True
47.6788,0.0000,2.2000,-114.8614,0.08224,0.01776,0.98224,0.00000,True,True,True
47.6912,0.0000,2.2000,-114.7956,0.06573,0.01821,0.98179,0.00000,True,True,True
47.7063,0.0000,2.2000,-114.7139,0.08177,0.01877,0.98123,0.00000,True,True,True
47.7207,0.0000,2.2000,-114.6369,0.07693,0.01930,0.98070,0.00000,True,True,True
47.7329,0.0000,2.2000,-114.5698,0.06713,0.01977,0.98023,0.00000,True,True,True
47.7460,0.0000,2.2000,-114.4981,0.07169,0.02028,0.97972,0.00000,True,True,True
47.7599,0.0000,2.2000,-114.4251,0.07299,0.02081,0.97919,0.00000,True,True,True
47.7745,0.0000,2.2000,-114.3452,0.07996,0.02139,0.97861,0.00000,True,True,True
47.7872,0.0000,2.2000,-114.2767,0.06844,0.02189,0.97811,0.00000,True,True,True
47.8008,0.0000,2.2000,-114.2037,0.07302,0.02244,0.97756,0.00000,True,True,True
47.8142,0.0000,2.2000,-114.1303,0.07343,0.02299,0.97701,0.00000,True,True,True
47.8287,0.0000,2.2000,-114.0521,0.07816,0.02359,0.97641,0.00000,True,True,True
47.8406,0.0000,2.2000,-113.9872,0.06491,0.02409,0.97591,0.00000,True,True,True
47.8545,0.0000,2.2000,-113.9128,0.07436,0.02467,0.97533,0.00000,True,True,True
47.8683,0.0000,2.2000,-113.8386,0.07428,0.02525,0.97475,0.00000,True,True,True
47.8810,0.0000,2.2000,-113.7712,0.06738,0.02579,0.97421,0.00000,True,True,True
47.8954,0.0000,2.2000,-113.6980,0.07321,0.02638,0.97362,0.00000,True,True,True
47.9067,0.0000,2.2000,-113.6402,0.05782,0.02685,0.97315,0.00000,True,True,True
47.9206,0.0000,2.2000,-113.5714,0.06880,0.02741,0.97259,0.00000,True,True,True
47.9342,0.0000,2.2000,-113.5052,0.06610,0.02796,0.97204,0.00000,True,True,True
47.9471,0.0000,2.2000,-113.4441,0.06115,0.02847,0.97153,0.00000,True,True,True
47.9622,0.0000,2.2000,-113.3742,0.06993,0.02905,0.97095,0.00000,True,True,True
47.9744,0.0000,2.2000,-113.3173,0.05684,0.02954,0.97046,0.00000,True,True,True
47.9870,0.0000,2.2000,-113.2615,0.05581,0.03001,0.96999,0.00000,True,True,True
47.9991,0.0000,2.2000,-113.2080,0.05350,0.03047,0.96953,0.00000,True,True,True
48.0119,0.0000,2.2000,-113.1535,0.05453,0.03095,0.96905,0.00000,True,True,True
48.0247,0.0000,2.2000,-113.1001,0.05338,0.03141,0.96859,0.00000,True,True,True
48.0394,0.0000,2.2000,-113.0401,0.05997,0.03194,0.96806,0.00000,True,True,True
48.0538,0.0000,2.2000,-112.9836,0.05654,0.03244,0.96756,0.00000,True,True,True
48.0652,0.0000,2.2000,-112.9397,0.04391,0.03283,0.96717,0.00000,True,True,True
48.0786,0.0000,2.2000,-112.8879,0.05177,0.03330,0.96670,0.00000,True,True,True
48.0911,0.0000,2.2000,-112.8423,0.04565,0.03371,0.96629,0.00000,True,True,True
48.1059,0.0000,2.2000,-112.7893,0.05292,0.03419,0.96581,0.00000,True,True,True
48.1187,0.0000,2.2000,-112.7455,0.04389,0.03459,0.96541,0.00000,True,True,True
48.1313,0.0000,2.2000,-112.7018,0.04363,0.03499,0.96501,0.00000,True,True,True
48.1453,0.0000,2.2000,-112.6560,0.04586,0.03541,0.96459,0.00000,True,True,True
48.1574,0.0000,2.2000,-112.6171,0.03883,0.03577,0.96423,0.00000,True,True,True
48.1720,0.0000,2.2000,-112.5726,0.04452,0.03619,0.96381,0.00000,True,True,True
48.1845,0.0000,2.2000,-112.5350,0.03762,0.03654,0.96346,0.00000,True,True,True
48.1982,0.0000,2.2000,-112.4968,0.03816,0.03690,0.96310,0.00000,True,True,True
48.2122,0.0000,2.2000,-112.4572,0.03961,0.03727,0.96273,0.00000,True,True,True
48.2242,0.0000,2.2000,-112.4244,0.03284,0.03758,0.96242,0.00000,True,True,True
48.2388,0.0000,2.2000,-112.3871,0.03728,0.03794,0.96206,0.00000,True,True,True
48.2525,0.0000,2.2000,-112.3539,0.03323,0.03826,0.96174,0.00000,True,True,True
48.2648,0.0000,2.2000,-112.3238,0.03011,0.03855,0.96145,0.00000,True,True,True
48.2787,0.0000,2.2000,-112.2920,0.03173,0.03885,0.96115,0.00000,True,True,True
48.2918,0.0000,2.2000,-112.2634,0.02869,0.03913,0.96087,0.00000,True,True,True
48.3073,0.0000,2.2000,-112.2317,0.03166,0.03944,0.96056,0.00000,True,True,True
48.3210,0.0000,2.2000,-112.2050,0.02668,0.03970,0.96030,0.00000,True,True,True
48.3346,0.0000,2.2000,-112.1792,0.02583,0.03995,0.96005,0.00000,True,True,True
48.3506,0.0000,2.2000,-112.1516,0.02763,0.04022,0.95978,0.00000,True,True,True
48.3653,0.0000,2.2000,-112.1277,0.02386,0.04045,0.95955,0.00000,True,True,True
48.3788,0.0000,2.2000,-112.1067,0.02102,0.04066,0.95934,0.00000,True,True,True
48.3935,0.0000,2.2000,-112.0869,0.01978,0.04085,0.95915,0.00000,True,True,True
48.4079,0.0000,2.2000,-112.0673,0.01961,0.04105,0.95895,0.00000,True,True,True
48.4204,0.0000,2.2000,-112.0518,0.01547,0.04120,0.95880,0.00000,True,True,True
48.4334,0.0000,2.2000,-112.0372,0.01463,0.04135,0.95865,0.00000,True,True,True
48.4470,0.0000,2.2000,-112.0236,0.01354,0.04148,0.95852,0.00000,True,True,True
48.4603,0.0000,2.2000,-112.0236,0.00000,0.04148,0.95852,0.00000,True,True,True
51.5282,0.0000,2.2000,-166.0004,0.00038,0.00000,1.00000,0.00000,True,True,True
51.5419,0.0000,2.2000,-166.0020,0.00166,0.00000,1.00000,0.00000,True,True,True
51.5543,0.0000,2.2000,-166.0044,0.00233,0.00000,1.00000,0.00000,True,True,True
51.5659,0.0000,2.2000,-166.0073,0.00294,0.00000,1.00000,0.00000,True,True,True
51.5792,0.0000,2.2000,-166.0117,0.00436,0.00000,1.00000,0.00000,True,True,True
51.5909,0.0000,2.2000,-166.0162,0.00455,0.00000,1.00000,0.00000,True,True,True
51.6055,0.0000,2.2000,-166.0231,0.00685,0.00000,1.00000,0.00000,True,True,True
51.6190,0.0000,2.2000,-166.0304,0.00734,0.00000,1.00000,0.00000,True,True,True
51.6313,0.0000,2.2000,-166.0380,0.00760,0.00000,1.00000,0.00000,True,True,True
51.6441,0.0000,2.2000,-166.0466,0.00858,0.00000,1.00000,0.00000,True,True,True
51.6559,0.0000,2.2000,-166.0556,0.00897,0.00000,1.00000,0.00000,True,True,True
51.6710,0.0000,2.2000,-166.0680,0.01244,0.00000,1.00000,0.00000,True,True,True
51.6812,0.0000,2.2000,-166.0772,0.00917,0.00000,1.00000,0.00000,True,True,True
51.6938,0.0000,2.2000,-166.0890,0.01180,0.00000,1.00000,0.00000,True,True,True
51.7075,0.0000,2.2000,-166.1032,0.01425,0.00000,1.00000,0.00000,True,True,True
51.7187,0.0000,2.2000,-166.1156,0.01237,0.00000,1.00000,0.00000,True,True,True
51.7306,0.0000,2.2000,-166.1293,0.01375,0.00000,1.00000,0.00000,True,True,True
51.7426,0.0000,2.2000,-166.1440,0.01465,0.00000,1.00000,0.00000,True,True,True
51.7578,0.0000,2.2000,-166.1636,0.01962,0.00000,1.00000,0.00000,True,True,True
51.7692,0.0000,2.2000,-166.1797,0.01607,0.00000,1.00000,0.00000,True,True,True
51.7834,0.0000,2.2000,-166.1995,0.01984,0.00000,1.00000,0.00000,True,True,True
51.7958,0.0000,2.2000,-166.2191,0.01955,0.00000,1.00000,0.00000,True,True,True
51.8115,0.0000,2.2000,-166.2436,0.02455,0.00000,1.00000,0.00000,True,True,True
51.8265,0.0000,2.2000,-166.2688,0.02516,0.00000,1.00000,0.00000,True,True,True
51.8373,0.0000,2.2000,-166.2885,0.01976,0.00000,1.00000,0.00000,True,True,True
51.8510,0.0000,2.2000,-166.3122,0.02368,0.00000,1.00000,0.00000,True,True,True
51.8634,0.0000,2.2000,-166.3369,0.02470,0.00000,1.00000,0.00000,True,True,True
51.8779,0.0000,2.2000,-166.3654,0.02850,0.00000,1.00000,0.00000,True,True,True
51.8897,0.0000,2.2000,-166.3889,0.02347,0.00000,1.00000,0.00000,True,True,True
51.9026,0.0000,2.2000,-166.4162,0.02727,0.00000,1.00000,0.00000,True,True,True
51.9157,0.0000,2.2000,-166.4451,0.02898,0.00000,1.00000,0.00000,True,True,True
51.9307,0.0000,2.2000,-166.4779,0.03278,0.00000,1.00000,0.00000,True,True,True
51.9430,0.0000,2.2000,-166.5048,0.02686,0.00000,1.00000,0.00000,True,True,True
51.9575,0.0000,2.2000,-166.5390,0.03418,0.00000,1.00000,0.00000,True,True,True
51.9689,0.0000,2.2000,-166.5650,0.02603,0.00000,1.00000,0.00000,True,True,True
51.9841,0.0000,2.2000,-166.5980,0.03300,0.00000,1.00000,0.00000,True,True,True
51.9962,0.0000,2.2000,-166.6262,0.02821,0.00000,1.00000,0.00000,True,True,True
52.0085,0.0000,2.2000,-166.6541,0.02794,0.00000,1.00000,0.00000,True,True,True
52.0245,0.0000,2.2000,-166.6893,0.03519,0.00000,1.00000,0.00000,True,True,True
52.0380,0.0000,2.2000,-166.7189,0.02953,0.00000,1.00000,0.00000,True,True,True
52.0509,0.0000,2.2000,-166.7482,0.02930,0.00000,1.00000,0.00000,True,True,True
52.0657,0.0000,2.2000,-166.7827,0.03458,0.00000,1.00000,0.00000,True,True,True
52.0768,0.0000,2.2000,-166.8078,0.02507,0.00000,1.00000,0.00000,True,True,True
52.0910,0.0000,2.2000,-166.8396,0.03183,0.00000,1.00000,0.00000,True,True,True
52.1063,0.0000,2.2000,-166.8722,0.03256,0.00000,1.00000,0.00000,True,True,True
52.1183,0.0000,2.2000,-166.9001,0.02795,0.00000,1.00000,0.00000,True,True,True
52.1330,0.0000,2.2000,-166.9341,0.03395,0.00000,1.00000,0.00000,True,True,True
52.1448,0.0000,2.2000,-166.9599,0.02577,0.00000,1.00000,0.00000,True,True,True
52.1597,0.0000,2.2000,-166.9939,0.03404,0.00000,1.00000,0.00000,True,True,True
52.1723,0.0000,2.2000,-167.0215,0.02757,0.00000,1.00000,0.00000,True,True,True
52.1847,0.0000,2.2000,-167.0502,0.02867,0.00000,1.00000,0.00000,True,True,True
52.1994,0.0000,2.2000,-167.0827,0.03255,0.00000,1.00000,0.00000,True,True,True
52.2128,0.0000,2.2000,-167.1126,0.02994,0.00000,1.00000,0.00000,True,True,True
52.2242,0.0000,2.2000,-167.1391,0.02650,0.00000,1.00000,0.00000,True,True,True
52.2365,0.0000,2.2000,-167.1670,0.02783,0.00000,1.00000,0.00000,True,True,True
52.2491,0.0000,2.2000,-167.1952,0.02818,0.00000,1.00000,0.00000,True,True,True
52.2612,0.0000,2.2000,-167.2226,0.02744,0.00000,1.00000,0.00000,True,True,True
52.2750,0.0000,2.2000,-167.2536,0.03104,0.00000,1.00000,0.00000,True,True,True
52.2889,0.0000,2.2000,-167.2839,0.03030,0.00000,1.00000,0.00000,True,True,True
52.3011,0.0000,2.2000,-167.3121,0.02817,0.00000,1.00000,0.00000,True,True,True
52.3142,0.0000,2.2000,-167.3403,0.02815,0.00000,1.00000,0.00000,True,True,True
52.3272,0.0000,2.2000,-167.3708,0.03056,0.00000,1.00000,0.00000,True,True,True
52.3393,0.0000,2.2000,-167.3965,0.02563,0.00000,1.00000,0.00000,True,True,True
52.3513,0.0000,2.2000,-167.4240,0.02757,0.00000,1.00000,0.00000,True,True,True
52.3634,0.0000,2.2000,-167.4524,0.02834,0.00000,1.00000,0.00000,True,True,True
52.3765,0.0000,2.2000,-167.4812,0.02884,0.00000,1.00000,0.00000,True,True,True
52.3911,0.0000,2.2000,-167.5146,0.03337,0.00000,1.00000,0.00000,True,True,True
52.4041,0.0000,2.2000,-167.5437,0.02913,0.00000,1.00000,0.00000,True,True,True
52.4184,0.0000,2.2000,-167.5748,0.03113,0.00000,1.00000,0.00000,True,True,True
52.4325,0.0000,2.2000,-167.6077,0.03290,0.00000,1.00000,0.00000,True,True,True
52.4436,0.0000,2.2000,-167.6329,0.02518,0.00000,1.00000,0.00000,True,True,True
52.4573,0.0000,2.2000,-167.6639,0.03096,0.00000,1.00000,0.00000,True,True,True
52.4712,0.0000,2.2000,-167.6942,0.03029,0.00000,1.00000,0.00000,True,True,True
52.4849,0.0000,2.2000,-167.7257,0.03159,0.00000,1.00000,0.00000,True,True,True
52.4974,0.0000,2.2000,-167.7540,0.02823,0.00000,1.00000,0.00000,True,True,True
52.5097,0.0000,2.2000,-167.7817,0.02774,0.00000,1.00000,0.00000,True,True,True
52.5231,0.0000,2.2000,-167.8114,0.02971,0.00000,1.00000,0.00000,True,True,True
52.5364,0.0000,2.2000,-167.8404,0.02898,0.00000,1.00000,0.00000,True,True,True
52.5486,0.0000,2.2000,-167.8690,0.02866,0.00000,1.00000,0.00000,True,True,True
52.5631,0.0000,2.2000,-167.9012,0.03218,0.00000,1.00000,0.00000,True,True,True
52.5750,0.0000,2.2000,-167.9287,0.02748,0.00000,1.00000,0.00000,True,True,True
52.5876,0.0000,2.2000,-167.9569,0.02815,0.00000,1.00000,0.00000,True,True,True
52.6007,0.0000,2.2000,-167.9859,0.02904,0.00000,1.00000,0.00000,True,True,True
52.6130,0.0000,2.2000,-168.0141,0.02818,0.00000,1.00000,0.00000,True,True,True
52.6253,0.0000,2.2000,-168.0417,0.02766,0.00000,1.00000,0.00000,True,True,True
52.6376,0.0000,2.2000,-168.0695,0.02777,0.00000,1.00000,0.00000,True,True,True
52.6508,0.0000,2.2000,-168.0990,0.02951,0.00000,1.00000,0.00000,True,True,True
52.6628,0.0000,2.2000,-168.1262,0.02718,0.00000,1.00000,0.00000,True,True,True
52.6751,0.0000,2.2000,-168.1539,0.02768,0.00000,1.00000,0.00000,True,True,True
52.6887,0.0000,2.2000,-168.1845,0.03062,0.00000,1.00000,0.00000,True,True,True
52.7006,0.0000,2.2000,-168.2108,0.02628,0.00000,1.00000,0.00000,True,True,True
52.7128,0.0000,2.2000,-168.2386,0.02780,0.00000,1.00000,0.00000,True,True,True
52.7249,0.0000,2.2000,-168.2660,0.02742,0.00000,1.00000,0.00000,True,True,True
52.7396,0.0000,2.2000,-168.2986,0.03259,0.00000,1.00000,0.00000,True,True,True
52.7515,0.0000,2.2000,-168.3257,0.02711,0.00000,1.00000,0.00000,True,True,True
52.7636,0.0000,2.2000,-168.3530,0.02731,0.00000,1.00000,0.00000,True,True,True
52.7759,0.0000,2.2000,-168.3806,0.02759,0.00000,1.00000,0.00000,True,True,True
52.7908,0.0000,2.2000,-168.4142,0.03357,0.00000,1.00000,0.00000,True,True,True
52.8032,0.0000,2.2000,-168.4399,0.02573,0.00000,1.00000,0.00000,True,True,True
52.8149,0.0000,2.2000,-168.4677,0.02777,0.00000,1.00000,0.00000,True,True,True
52.8269,0.0000,2.2000,-168.4953,0.02762,0.00000,1.00000,0.00000,True,True,True
52.8416,0.0000,2.2000,-168.5282,0.03291,0.00000,1.00000,0.00000,True,True,True
52.8538,0.0000,2.2000,-168.5558,0.02762,0.00000,1.00000,0.00000,True,True,True
52.8664,0.0000,2.2000,-168.5832,0.02740,0.00000,1.00000,0.00000,True,True,True
52.8781,0.0000,2.2000,-168.6106,0.02733,0.00000,1.00000,0.00000,True,True,True
52.8931,0.0000,2.2000,-168.6435,0.03290,0.00000,1.00000,0.00000,True,True,True
52.9050,0.0000,2.2000,-168.6701,0.02666,0.00000,1.00000,0.00000,True,True,True
52.9174,0.0000,2.2000,-168.6985,0.02843,0.00000,1.00000,0.00000,True,True,True
52.9305,0.0000,2.2000,-168.7279,0.02934,0.00000,1.00000,0.00000,True,True,True
52.9464,0.0000,2.2000,-168.7634,0.03552,0.00000,1.00000,0.00000,True,True,True
52.9596,0.0000,2.2000,-168.7926,0.02917,0.00000,1.00000,0.00000,True,True,True
52.9740,0.0000,2.2000,-168.8253,0.03276,0.00000,1.00000,0.00000,True,True,True
52.9859,0.0000,2.2000,-168.8529,0.02751,0.00000,1.00000,0.00000,True,True,True
52.9995,0.0000,2.2000,-168.8818,0.02898,0.00000,1.00000,0.00000,True,True,True
53.0130,0.0000,2.2000,-168.9133,0.03151,0.00000,1.00000,0.00000,True,True,True
53.0264,0.0000,2.2000,-168.9432,0.02988,0.00000,1.00000,0.00000,True,True,True
53.0387,0.0000,2.2000,-168.9718,0.02853,0.00000,1.00000,0.00000,True,True,True
53.0524,0.0000,2.2000,-169.0026,0.03087,0.00000,1.00000,0.00000,True,True,True
53.0648,0.0000,2.2000,-169.0303,0.02763,0.00000,1.00000,0.00000,True,True,True
53.0786,0.0000,2.2000,-169.0611,0.03082,0.00000,1.00000,0.00000,True,True,True
53.0908,0.0000,2.2000,-169.0886,0.02748,0.00000,1.00000,0.00000,True,True,True
53.1050,0.0000,2.2000,-169.1207,0.03214,0.00000,1.00000,0.00000,True,True,True
53.1172,0.0000,2.2000,-169.1477,0.02704,0.00000,1.00000,0.00000,True,True,True
53.1311,0.0000,2.2000,-169.1785,0.03076,0.00000,1.00000,0.00000,True,True,True
53.1432,0.0000,2.2000,-169.2070,0.02853,0.00000,1.00000,0.00000,True,True,True
53.1580,0.0000,2.2000,-169.2393,0.03232,0.00000,1.00000,0.00000,True,True,True
53.1718,0.0000,2.2000,-169.2708,0.03140,0.00000,1.00000,0.00000,True,True,True
53.1853,0.0000,2.2000,-169.3007,0.02991,0.00000,1.00000,0.00000,True,True,True
53.1982,0.0000,2.2000,-169.3309,0.03020,0.00000,1.00000,0.00000,True,True,True
53.2114,0.0000,2.2000,-169.3603,0.02948,0.00000,1.00000,0.00000,True,True,True
53.2232,0.0000,2.2000,-169.3871,0.02673,0.00000,1.00000,0.00000,True,True,True
53.2360,0.0000,2.2000,-169.4145,0.02745,0.00000,1.00000,0.00000,True,True,True
53.2483,0.0000,2.2000,-169.4435,0.02898,0.00000,1.00000,0.00000,True,True,True
53.2605,0.0000,2.2000,-169.4709,0.02739,0.00000,1.00000,0.00000,True,True,True
53.2746,0.0000,2.2000,-169.5026,0.03174,0.00000,1.00000,0.00000,True,True,True
53.2872,0.0000,2.2000,-169.5310,0.02834,0.00000,1.00000,0.00000,True,True,True
53.3004,0.0000,2.2000,-169.5594,0.02846,0.00000,1.00000,0.00000,True,True,True
53.3128,0.0000,2.2000,-169.5886,0.02917,0.00000,1.00000,0.00000,True,True,True
53.3255,0.0000,2.2000,-169.6166,0.02802,0.00000,1.00000,0.00000,True,True,True
53.3402,0.0000,2.2000,-169.6500,0.03339,0.00000,1.00000,0.00000,True,True,True
53.3506,0.0000,2.2000,-169.6737,0.02374,0.00000,1.00000,0.00000,True,True,True
53.3650,0.0000,2.2000,-169.7058,0.03209,0.00000,1.00000,0.00000,True,True,True
53.3782,0.0000,2.2000,-169.7347,0.02887,0.00000,1.00000,0.00000,True,True,True
53.3919,0.0000,2.2000,-169.7653,0.03061,0.00000,1.00000,0.00000,True,True,True
53.4049,0.0000,2.2000,-169.7951,0.02975,0.00000,1.00000,0.00000,True,True,True
53.4192,0.0000,2.2000,-169.8277,0.03264,0.00000,1.00000,0.00000,True,True,True
53.4316,0.0000,2.2000,-169.8559,0.02818,0.00000,1.00000,0.00000,True,True,True
53.4432,0.0000,2.2000,-169.8818,0.02592,0.00000,1.00000,0.00000,True,True,True
53.4571,0.0000,2.2000,-169.9131,0.03127,0.00000,1.00000,0.00000,True,True,True
53.4671,0.0000,2.2000,-169.9359,0.02287,0.00000,1.00000,0.00000,True,True,True
53.4818,0.0000,2.2000,-169.9688,0.03282,0.00000,1.00000,0.00000,True,True,True
53.4933,0.0000,2.2000,-169.9946,0.02579,0.00000,1.00000,0.00000,True,True,True
53.5072,0.0000,2.2000,-170.0248,0.03027,0.00000,1.00000,0.00000,True,True,True
53.5196,0.0000,2.2000,-170.0536,0.02879,0.00000,1.00000,0.00000,True,True,True
53.5346,0.0000,2.2000,-170.0868,0.03317,0.00000,1.00000,0.00000,True,True,True
53.5486,0.0000,2.2000,-170.1186,0.03185,0.00000,1.00000,0.00000,True,True,True
53.5606,0.0000,2.2000,-170.1454,0.02676,0.00000,1.00000,0.00000,True,True,True
53.5741,0.0000,2.2000,-170.1750,0.02956,0.00000,1.00000,0.00000,True,True,True
53.5860,0.0000,2.2000,-170.2036,0.02859,0.00000,1.00000,0.00000,True,True,True
53.6006,0.0000,2.2000,-170.2359,0.03236,0.00000,1.00000,0.00000,True,True,True
53.6152,0.0000,2.2000,-170.2684,0.03246,0.00000,1.00000,0.00000,True,True,True
53.6269,0.0000,2.2000,-170.2936,0.02521,0.00000,1.00000,0.00000,True,True,True
53.6399,0.0000,2.2000,-170.3247,0.03111,0.00000,1.00000,0.00000,True,True,True
53.6513,0.0000,2.2000,-170.3504,0.02574,0.00000,1.00000,0.00000,True,True,True
53.6675,0.0000,2.2000,-170.3857,0.03526,0.00000,1.00000,0.00000,True,True,True
53.6817,0.0000,2.2000,-170.4187,0.03300,0.00000,1.00000,0.00000,True,True,True
53.6931,0.0000,2.2000,-170.4444,0.02574,0.00000,1.00000,0.00000,True,True,True
53.7090,0.0000,2.2000,-170.4792,0.03479,0.00000,1.00000,0.00000,True,True,True
53.7211,0.0000,2.2000,-170.5067,0.02747,0.00000,1.00000,0.00000,True,True,True
53.7341,0.0000,2.2000,-170.5360,0.02934,0.00000,1.00000,0.00000,True,True,True
53.7483,0.0000,2.2000,-170.5685,0.03242,0.00000,1.00000,0.00000,True,True,True
53.7593,0.0000,2.2000,-170.5934,0.02492,0.00000,1.00000,0.00000,True,True,True
53.7740,0.0000,2.2000,-170.6264,0.03302,0.00000,1.00000,0.00000,True,True,True
53.7863,0.0000,2.2000,-170.6541,0.02766,0.00000,1.00000,0.00000,True,True,True
53.7988,0.0000,2.2000,-170.6822,0.02812,0.00000,1.00000,0.00000,True,True,True
53.8113,0.0000,2.2000,-170.7104,0.02821,0.00000,1.00000,0.00000,True,True,True
53.8253,0.0000,2.2000,-170.7418,0.03136,0.00000,1.00000,0.00000,True,True,True
53.8372,0.0000,2.2000,-170.7686,0.02684,0.00000,1.00000,0.00000,True,True,True
53.8497,0.0000,2.2000,-170.7968,0.02823,0.00000,1.00000,0.00000,True,True,True
53.8622,0.0000,2.2000,-170.8247,0.02785,0.00000,1.00000,0.00000,True,True,True
53.8760,0.0000,2.2000,-170.8560,0.03131,0.00000,1.00000,0.00000,True,True,True
53.8877,0.0000,2.2000,-170.8819,0.02596,0.00000,1.00000,0.00000,True,True,True
53.8999,0.0000,2.2000,-170.9098,0.02782,0.00000,1.00000,0.00000,True,True,True
53.9129,0.0000,2.2000,-170.9384,0.02864,0.00000,1.00000,0.00000,True,True,True
53.9270,0.0000,2.2000,-170.9705,0.03214,0.00000,1.00000,0.00000,True,True,True
53.9400,0.0000,2.2000,-170.9996,0.02907,0.00000,1.00000,0.00000,True,True,True
53.9513,0.0000,2.2000,-171.0254,0.02583,0.00000,1.00000,0.00000,True,True,True
53.9650,0.0000,2.2000,-171.0561,0.03064,0.00000,1.00000,0.00000,True,True,True
53.9761,0.0000,2.2000,-171.0813,0.02518,0.00000,1.00000,0.00000,True,True,True
53.9907,0.0000,2.2000,-171.1140,0.03270,0.00000,1.00000,0.00000,True,True,True
54.0022,0.0000,2.2000,-171.1396,0.02565,0.00000,1.00000,0.00000,True,True,True
54.0148,0.0000,2.2000,-171.1683,0.02866,0.00000,1.00000,0.00000,True,True,True
54.0271,0.0000,2.2000,-171.1956,0.02737,0.00000,1.00000,0.00000,True,True,True
54.0416,0.0000,2.2000,-171.2285,0.03288,0.00000,1.00000,0.00000,True,True,True
54.0554,0.0000,2.2000,-171.2581,0.02954,0.00000,1.00000,0.00000,True,True,True
54.0675,0.0000,2.2000,-171.2865,0.02849,0.00000,1.00000,0.00000,True,True,True
54.0818,0.0000,2.2000,-171.3190,0.03246,0.00000,1.00000,0.00000,True,True,True
54.0945,0.0000,2.2000,-171.3475,0.02846,0.00000,1.00000,0.00000,True,True,True
54.1070,0.0000,2.2000,-171.3757,0.02820,0.00000,1.00000,0.00000,True,True,True
54.1195,0.0000,2.2000,-171.4037,0.02809,0.00000,1.00000,0.00000,True,True,True
54.1340,0.0000,2.2000,-171.4363,0.03258,0.00000,1.00000,0.00000,True,True,True
54.1467,0.0000,2.2000,-171.4637,0.02737,0.00000,1.00000,0.00000,True,True,True
54.1590,0.0000,2.2000,-171.4921,0.02841,0.00000,1.00000,0.00000,True,True,True
54.1715,0.0000,2.2000,-171.5206,0.02844,0.00000,1.00000,0.00000,True,True,True
54.1841,0.0000,2.2000,-171.5491,0.02855,0.00000,1.00000,0.00000,True,True,True
54.1986,0.0000,2.2000,-171.5813,0.03220,0.00000,1.00000,0.00000,True,True,True
54.2110,0.0000,2.2000,-171.6084,0.02715,0.00000,1.00000,0.00000,True,True,True
54.2240,0.0000,2.2000,-171.6351,0.02664,0.00000,1.00000,0.00000,True,True,True
54.2364,0.0000,2.2000,-171.6607,0.02562,0.00000,1.00000,0.00000,True,True,True
54.2505,0.0000,2.2000,-171.6882,0.02748,0.00000,1.00000,0.00000,True,True,True
54.2623,0.0000,2.2000,-171.7104,0.02217,0.00000,1.00000,0.00000,True,True,True
54.2751,0.0000,2.2000,-171.7333,0.02296,0.00000,1.00000,0.00000,True,True,True
54.2877,0.0000,2.2000,-171.7554,0.02211,0.00000,1.00000,0.00000,True,True,True
54.3018,0.0000,2.2000,-171.7791,0.02362,0.00000,1.00000,0.00000,True,True,True
54.3149,0.0000,2.2000,-171.7999,0.02080,0.00000,1.00000,0.00000,True,True,True
54.3260,0.0000,2.2000,-171.8167,0.01683,0.00000,1.00000,0.00000,True,True,True
54.3400,0.0000,2.2000,-171.8372,0.02048,0.00000,1.00000,0.00000,True,True,True
54.3509,0.0000,2.2000,-171.8526,0.01549,0.00000,1.00000,0.00000,True,True,True
54.3657,0.0000,2.2000,-171.8719,0.01923,0.00000,1.00000,0.00000,True,True,True
54.3779,0.0000,2.2000,-171.8873,0.01543,0.00000,1.00000,0.00000,True,True,True
54.3905,0.0000,2.2000,-171.9021,0.01480,0.00000,1.00000,0.00000,True,True,True
54.4029,0.0000,2.2000,-171.9160,0.01392,0.00000,1.00000,0.00000,True,True,True
54.4171,0.0000,2.2000,-171.9306,0.01460,0.00000,1.00000,0.00000,True,True,True
54.4301,0.0000,2.2000,-171.9429,0.01224,0.00000,1.00000,0.00000,True,True,True
54.4421,0.0000,2.2000,-171.9540,0.01112,0.00000,1.00000,0.00000,True,True,True
54.4547,0.0000,2.2000,-171.9643,0.01036,0.00000,1.00000,0.00000,True,True,True
54.4672,0.0000,2.2000,-171.9741,0.00978,0.00000,1.00000,0.00000,True,True,True
54.4815,0.0000,2.2000,-171.9847,0.01054,0.00000,1.00000,0.00000,True,True,True
54.4936,0.0000,2.2000,-171.9847,0.00000,0.00000,1.00000,0.00000,True,True,True
54.5066,0.0000,2.2000,-171.9856,0.00092,0.00000,1.00000,0.00000,True,True,True
54.5184,0.0000,2.2000,-171.9872,0.00162,0.00000,1.00000,0.00000,True,True,True
54.5329,0.0000,2.2000,-171.9903,0.00310,0.00000,1.00000,0.00000,True,True,True
54.5451,0.0000,2.2000,-171.9937,0.00345,0.00000,1.00000,0.00000,True,True,True
54.5576,0.0000,2.2000,-171.9981,0.00439,0.00000,1.00000,0.00000,True,True,True
54.5706,0.0000,2.2000,-172.0035,0.00533,0.00000,1.00000,0.00000,True,True,True
54.5841,0.0000,2.2000,-172.0103,0.00685,0.00000,1.00000,0.00000,True,True,True
54.5958,0.0000,2.2000,-172.0169,0.00658,0.00000,1.00000,0.00000,True,True,True
54.6079,0.0000,2.2000,-172.0245,0.00761,0.00000,1.00000,0.00000,True,True,True
54.6203,0.0000,2.2000,-172.0331,0.00861,0.00000,1.00000,0.00000,True,True,True
54.6343,0.0000,2.2000,-172.0440,0.01088,0.00000,1.00000,0.00000,True,True,True
54.6461,0.0000,2.2000,-172.0539,0.00987,0.00000,1.00000,0.00000,True,True,True
54.6584,0.0000,2.2000,-172.0650,0.01117,0.00000,1.00000,0.00000,True,True,True
54.6711,0.0000,2.2000,-172.0773,0.01228,0.00000,1.00000,0.00000,True,True,True
54.6846,0.0000,2.2000,-172.0916,0.01428,0.00000,1.00000,0.00000,True,True,True
54.6962,0.0000,2.2000,-172.1046,0.01297,0.00000,1.00000,0.00000,True,True,True
54.7084,0.0000,2.2000,-172.1189,0.01437,0.00000,1.00000,0.00000,True,True,True
54.7209,0.0000,2.2000,-172.1344,0.01546,0.00000,1.00000,0.00000,True,True,True
54.7349,0.0000,2.2000,-172.1530,0.01863,0.00000,1.00000,0.00000,True,True,True
54.7484,0.0000,2.2000,-172.1716,0.01860,0.00000,1.00000,0.00000,True,True,True
54.7589,0.0000,2.2000,-172.1872,0.01558,0.00000,1.00000,0.00000,True,True,True
54.7736,0.0000,2.2000,-172.2094,0.02216,0.00000,1.00000,0.00000,True,True,True
54.7861,0.0000,2.2000,-172.2298,0.02045,0.00000,1.00000,0.00000,True,True,True
54.7982,0.0000,2.2000,-172.2502,0.02034,0.00000,1.00000,0.00000,True,True,True
54.8100,0.0000,2.2000,-172.2707,0.02054,0.00000,1.00000,0.00000,True,True,True
54.8232,0.0000,2.2000,-172.2946,0.02386,0.00000,1.00000,0.00000,True,True,True
54.8346,0.0000,2.2000,-172.3161,0.02159,0.00000,1.00000,0.00000,True,True,True
54.8491,0.0000,2.2000,-172.3443,0.02812,0.00000,1.00000,0.00000,True,True,True
54.8615,0.0000,2.2000,-172.3695,0.02521,0.00000,1.00000,0.00000,True,True,True
54.8740,0.0000,2.2000,-172.3956,0.02615,0.00000,1.00000,0.00000,True,True,True
54.8865,0.0000,2.2000,-172.4225,0.02684,0.00000,1.00000,0.00000,True,True,True
54.9006,0.0000,2.2000,-172.4540,0.03156,0.00000,1.00000,0.00000,True,True,True
54.9125,0.0000,2.2000,-172.4805,0.02652,0.00000,1.00000,0.00000,True,True,True
54.9251,0.0000,2.2000,-172.5088,0.02821,0.00000,1.00000,0.00000,True,True,True
54.9395,0.0000,2.2000,-172.5412,0.03242,0.00000,1.00000,0.00000,True,True,True
54.9498,0.0000,2.2000,-172.5649,0.02370,0.00000,1.00000,0.00000,True,True,True
54.9626,0.0000,2.2000,-172.5928,0.02792,0.00000,1.00000,0.00000,True,True,True
54.9749,0.0000,2.2000,-172.6213,0.02846,0.00000,1.00000,0.00000,True,True,True
54.9893,0.0000,2.2000,-172.6535,0.03224,0.00000,1.00000,0.00000,True,True,True
55.0015,0.0000,2.2000,-172.6810,0.02753,0.00000,1.00000,0.00000,True,True,True
55.0144,0.0000,2.2000,-172.7102,0.02916,0.00000,1.00000,0.00000,True,True,True
55.0272,0.0000,2.2000,-172.7386,0.02841,0.00000,1.00000,0.00000,True,True,True
55.0406,0.0000,2.2000,-172.7673,0.02873,0.00000,1.00000,0.00000,True,True,True
55.0528,0.0000,2.2000,-172.7966,0.02925,0.00000,1.00000,0.00000,True,True,True
55.0653,0.0000,2.2000,-172.8247,0.02814,0.00000,1.00000,0.00000,True,True,True
55.0777,0.0000,2.2000,-172.8525,0.02782,0.00000,1.00000,0.00000,True,True,True
55.0902,0.0000,2.2000,-172.8806,0.02805,0.00000,1.00000,0.00000,True,True,True
55.1030,0.0000,2.2000,-172.9095,0.02892,0.00000,1.00000,0.00000,True,True,True
55.1155,0.0000,2.2000,-172.9377,0.02817,0.00000,1.00000,0.00000,True,True,True
55.1281,0.0000,2.2000,-172.9658,0.02811,0.00000,1.00000,0.00000,True,True,True
55.1405,0.0000,2.2000,-172.9940,0.02818,0.00000,1.00000,0.00000,True,True,True
55.1528,0.0000,2.2000,-173.0216,0.02768,0.00000,1.00000,0.00000,True,True,True
55.1652,0.0000,2.2000,-173.0495,0.02786,0.00000,1.00000,0.00000,True,True,True
55.1776,0.0000,2.2000,-173.0773,0.02780,0.00000,1.00000,0.00000,True,True,True
55.1913,0.0000,2.2000,-173.1083,0.03098,0.00000,1.00000,0.00000,True,True,True
55.2037,0.0000,2.2000,-173.1357,0.02745,0.00000,1.00000,0.00000,True,True,True
55.2159,0.0000,2.2000,-173.1634,0.02771,0.00000,1.00000,0.00000,True,True,True
55.2282,0.0000,2.2000,-173.1913,0.02785,0.00000,1.00000,0.00000,True,True,True
55.2419,0.0000,2.2000,-173.2219,0.03065,0.00000,1.00000,0.00000,True,True,True
55.2560,0.0000,2.2000,-173.2537,0.03172,0.00000,1.00000,0.00000,True,True,True
55.2672,0.0000,2.2000,-173.2790,0.02531,0.00000,1.00000,0.00000,True,True,True
55.2813,0.0000,2.2000,-173.3101,0.03110,0.00000,1.00000,0.00000,True,True,True
55.2920,0.0000,2.2000,-173.3346,0.02449,0.00000,1.00000,0.00000,True,True,True
55.3062,0.0000,2.2000,-173.3663,0.03172,0.00000,1.00000,0.00000,True,True,True
55.3181,0.0000,2.2000,-173.3935,0.02718,0.00000,1.00000,0.00000,True,True,True
55.3309,0.0000,2.2000,-173.4223,0.02881,0.00000,1.00000,0.00000,True,True,True
55.3428,0.0000,2.2000,-173.4490,0.02672,0.00000,1.00000,0.00000,True,True,True
55.3571,0.0000,2.2000,-173.4812,0.03224,0.00000,1.00000,0.00000,True,True,True
55.3702,0.0000,2.2000,-173.5106,0.02937,0.00000,1.00000,0.00000,True,True,True
55.3823,0.0000,2.2000,-173.5378,0.02724,0.00000,1.00000,0.00000,True,True,True
55.3944,0.0000,2.2000,-173.5653,0.02742,0.00000,1.00000,0.00000,True,True,True
55.4075,0.0000,2.2000,-173.5947,0.02940,0.00000,1.00000,0.00000,True,True,True
55.4195,0.0000,2.2000,-173.6217,0.02699,0.00000,1.00000,0.00000,True,True,True
55.4331,0.0000,2.2000,-173.6521,0.03047,0.00000,1.00000,0.00000,True,True,True
55.4450,0.0000,2.2000,-173.6790,0.02687,0.00000,1.00000,0.00000,True,True,True
55.4588,0.0000,2.2000,-173.7100,0.03098,0.00000,1.00000,0.00000,True,True,True
55.4701,0.0000,2.2000,-173.7355,0.02557,0.00000,1.00000,0.00000,True,True,True
55.4825,0.0000,2.2000,-173.7629,0.02731,0.00000,1.00000,0.00000,True,True,True
55.4958,0.0000,2.2000,-173.7933,0.03046,0.00000,1.00000,0.00000,True,True,True
55.5078,0.0000,2.2000,-173.8201,0.02673,0.00000,1.00000,0.00000,True,True,True
55.5198,0.0000,2.2000,-173.8472,0.02716,0.00000,1.00000,0.00000,True,True,True
55.5320,0.0000,2.2000,-173.8747,0.02753,0.00000,1.00000,0.00000,True,True,True
55.5444,0.0000,2.2000,-173.9025,0.02779,0.00000,1.00000,0.00000,True,True,True
55.5570,0.0000,2.2000,-173.9309,0.02835,0.00000,1.00000,0.00000,True,True,True
55.5692,0.0000,2.2000,-173.9581,0.02725,0.00000,1.00000,0.00000,True,True,True
55.5816,0.0000,2.2000,-173.9860,0.02791,0.00000,1.00000,0.00000,True,True,True
55.5940,0.0000,2.2000,-174.0140,0.02797,0.00000,1.00000,0.00000,True,True,True
55.6063,0.0000,2.2000,-174.0418,0.02780,0.00000,1.00000,0.00000,True,True,True
55.6184,0.0000,2.2000,-174.0691,0.02727,0.00000,1.00000,0.00000,True,True,True
55.6306,0.0000,2.2000,-174.0965,0.02739,0.00000,1.00000,0.00000,True,True,True
55.6429,0.0000,2.2000,-174.1241,0.02765,0.00000,1.00000,0.00000,True,True,True
55.6552,0.0000,2.2000,-174.1517,0.02756,0.00000,1.00000,0.00000,True,True,True
55.6673,0.0000,2.2000,-174.1791,0.02745,0.00000,1.00000,0.00000,True,True,True
55.6808,0.0000,2.2000,-174.2095,0.03038,0.00000,1.00000,0.00000,True,True,True
55.6932,0.0000,2.2000,-174.2374,0.02794,0.00000,1.00000,0.00000,True,True,True
55.7047,0.0000,2.2000,-174.2633,0.02589,0.00000,1.00000,0.00000,True,True,True
55.7171,0.0000,2.2000,-174.2907,0.02736,0.00000,1.00000,0.00000,True,True,True
55.7290,0.0000,2.2000,-174.3180,0.02731,0.00000,1.00000,0.00000,True,True,True
55.7437,0.0000,2.2000,-174.3510,0.03299,0.00000,1.00000,0.00000,True,True,True
55.7549,0.0000,2.2000,-174.3762,0.02524,0.00000,1.00000,0.00000,True,True,True
55.7675,0.0000,2.2000,-174.4041,0.02782,0.00000,1.00000,0.00000,True,True,True
55.7796,0.0000,2.2000,-174.4319,0.02786,0.00000,1.00000,0.00000,True,True,True
55.7940,0.0000,2.2000,-174.4643,0.03235,0.00000,1.00000,0.00000,True,True,True
55.8056,0.0000,2.2000,-174.4901,0.02586,0.00000,1.00000,0.00000,True,True,True
55.8178,0.0000,2.2000,-174.5176,0.02747,0.00000,1.00000,0.00000,True,True,True
55.8301,0.0000,2.2000,-174.5454,0.02777,0.00000,1.00000,0.00000,True,True,True
55.8446,0.0000,2.2000,-174.5779,0.03252,0.00000,1.00000,0.00000,True,True,True
55.8569,0.0000,2.2000,-174.6058,0.02791,0.00000,1.00000,0.00000,True,True,True
55.8709,0.0000,2.2000,-174.6369,0.03107,0.00000,1.00000,0.00000,True,True,True
55.8865,0.0000,2.2000,-174.6720,0.03513,0.00000,1.00000,0.00000,True,True,True
55.8995,0.0000,2.2000,-174.7016,0.02962,0.00000,1.00000,0.00000,True,True,True
55.9135,0.0000,2.2000,-174.7327,0.03111,0.00000,1.00000,0.00000,True,True,True
55.9263,0.0000,2.2000,-174.7613,0.02863,0.00000,1.00000,0.00000,True,True,True
55.9403,0.0000,2.2000,-174.7929,0.03157,0.00000,1.00000,0.00000,True,True,True
55.9530,0.0000,2.2000,-174.8219,0.02895,0.00000,1.00000,0.00000,True,True,True
55.9642,0.0000,2.2000,-174.8471,0.02524,0.00000,1.00000,0.00000,True,True,True
55.9780,0.0000,2.2000,-174.8781,0.03099,0.00000,1.00000,0.00000,True,True,True
55.9892,0.0000,2.2000,-174.9035,0.02547,0.00000,1.00000,0.00000,True,True,True
56.0030,0.0000,2.2000,-174.9344,0.03084,0.00000,1.00000,0.00000,True,True,True
56.0165,0.0000,2.2000,-174.9645,0.03008,0.00000,1.00000,0.00000,True,True,True
56.0290,0.0000,2.2000,-174.9923,0.02786,0.00000,1.00000,0.00000,True,True,True
56.0410,0.0000,2.2000,-175.0201,0.02773,0.00000,1.00000,0.00000,True,True,True
56.0556,0.0000,2.2000,-175.0527,0.03264,0.00000,1.00000,0.00000,True,True,True
56.0671,0.0000,2.2000,-175.0787,0.02599,0.00000,1.00000,0.00000,True,True,True
56.0795,0.0000,2.2000,-175.1059,0.02724,0.00000,1.00000,0.00000,True,True,True
56.0915,0.0000,2.2000,-175.1337,0.02776,0.00000,1.00000,0.00000,True,True,True
56.1061,0.0000,2.2000,-175.1665,0.03282,0.00000,1.00000,0.00000,True,True,True
56.1180,0.0000,2.2000,-175.1929,0.02638,0.00000,1.00000,0.00000,True,True,True
56.1305,0.0000,2.2000,-175.2208,0.02791,0.00000,1.00000,0.00000,True,True,True
56.1431,0.0000,2.2000,-175.2496,0.02878,0.00000,1.00000,0.00000,True,True,True
56.1582,0.0000,2.2000,-175.2834,0.03386,0.00000,1.00000,0.00000,True,True,True
56.1707,0.0000,2.2000,-175.3114,0.02797,0.00000,1.00000,0.00000,True,True,True
56.1832,0.0000,2.2000,-175.3399,0.02847,0.00000,1.00000,0.00000,True,True,True
56.1990,0.0000,2.2000,-175.3751,0.03523,0.00000,1.00000,0.00000,True,True,True
56.2099,0.0000,2.2000,-175.3998,0.02469,0.00000,1.00000,0.00000,True,True,True
56.2244,0.0000,2.2000,-175.4319,0.03215,0.00000,1.00000,0.00000,True,True,True
56.2354,0.0000,2.2000,-175.4571,0.02519,0.00000,1.00000,0.00000,True,True,True
56.2491,0.0000,2.2000,-175.4875,0.03041,0.00000,1.00000,0.00000,True,True,True
56.2618,0.0000,2.2000,-175.5164,0.02887,0.00000,1.00000,0.00000,True,True,True
56.2741,0.0000,2.2000,-175.5445,0.02811,0.00000,1.00000,0.00000,True,True,True
56.2866,0.0000,2.2000,-175.5725,0.02800,0.00000,1.00000,0.00000,True,True,True
56.3009,0.0000,2.2000,-175.6041,0.03159,0.00000,1.00000,0.00000,True,True,True
56.3128,0.0000,2.2000,-175.6311,0.02699,0.00000,1.00000,0.00000,True,True,True
56.3250,0.0000,2.2000,-175.6590,0.02795,0.00000,1.00000,0.00000,True,True,True
56.3378,0.0000,2.2000,-175.6875,0.02849,0.00000,1.00000,0.00000,True,True,True
56.3520,0.0000,2.2000,-175.7194,0.03189,0.00000,1.00000,0.00000,True,True,True
56.3656,0.0000,2.2000,-175.7502,0.03075,0.00000,1.00000,0.00000,True,True,True
56.3765,0.0000,2.2000,-175.7747,0.02449,0.00000,1.00000,0.00000,True,True,True
56.3907,0.0000,2.2000,-175.8066,0.03195,0.00000,1.00000,0.00000,True,True,True
56.4016,0.0000,2.2000,-175.8312,0.02457,0.00000,1.00000,0.00000,True,True,True
56.4155,0.0000,2.2000,-175.8624,0.03125,0.00000,1.00000,0.00000,True,True,True
56.4280,0.0000,2.2000,-175.8904,0.02795,0.00000,1.00000,0.00000,True,True,True
56.4419,0.0000,2.2000,-175.9219,0.03149,0.00000,1.00000,0.00000,True,True,True
56.4546,0.0000,2.2000,-175.9502,0.02831,0.00000,1.00000,0.00000,True,True,True
56.4688,0.0000,2.2000,-175.9821,0.03197,0.00000,1.00000,0.00000,True,True,True
56.4822,0.0000,2.2000,-176.0125,0.03033,0.00000,1.00000,0.00000,True,True,True
56.4933,0.0000,2.2000,-176.0372,0.02477,0.00000,1.00000,0.00000,True,True,True
56.5074,0.0000,2.2000,-176.0689,0.03166,0.00000,1.00000,0.00000,True,True,True
56.5207,0.0000,2.2000,-176.0982,0.02930,0.00000,1.00000,0.00000,True,True,True
56.5322,0.0000,2.2000,-176.1251,0.02692,0.00000,1.00000,0.00000,True,True,True
56.5454,0.0000,2.2000,-176.1542,0.02907,0.00000,1.00000,0.00000,True,True,True
56.5580,0.0000,2.2000,-176.1833,0.02911,0.00000,1.00000,0.00000,True,True,True
56.5706,0.0000,2.2000,-176.2115,0.02824,0.00000,1.00000,0.00000,True,True,True
56.5851,0.0000,2.2000,-176.2437,0.03220,0.00000,1.00000,0.00000,True,True,True
56.5989,0.0000,2.2000,-176.2751,0.03133,0.00000,1.00000,0.00000,True,True,True
56.6099,0.0000,2.2000,-176.3000,0.02489,0.00000,1.00000,0.00000,True,True,True
56.6239,0.0000,2.2000,-176.3314,0.03140,0.00000,1.00000,0.00000,True,True,True
56.6370,0.0000,2.2000,-176.3608,0.02945,0.00000,1.00000,0.00000,True,True,True
56.6489,0.0000,2.2000,-176.3875,0.02673,0.00000,1.00000,0.00000,True,True,True
56.6613,0.0000,2.2000,-176.4156,0.02806,0.00000,1.00000,0.00000,True,True,True
56.6738,0.0000,2.2000,-176.4438,0.02823,0.00000,1.00000,0.00000,True,True,True
56.6864,0.0000,2.2000,-176.4720,0.02812,0.00000,1.00000,0.00000,True,True,True
56.7003,0.0000,2.2000,-176.5033,0.03139,0.00000,1.00000,0.00000,True,True,True
56.7125,0.0000,2.2000,-176.5305,0.02718,0.00000,1.00000,0.00000,True,True,True
56.7249,0.0000,2.2000,-176.5582,0.02766,0.00000,1.00000,0.00000,True,True,True
56.7373,0.0000,2.2000,-176.5865,0.02835,0.00000,1.00000,0.00000,True,True,True
56.7505,0.0000,2.2000,-176.6160,0.02948,0.00000,1.00000,0.00000,True,True,True
56.7656,0.0000,2.2000,-176.6500,0.03403,0.00000,1.00000,0.00000,True,True,True
56.7781,0.0000,2.2000,-176.6785,0.02844,0.00000,1.00000,0.00000,True,True,True
56.7911,0.0000,2.2000,-176.7077,0.02921,0.00000,1.00000,0.00000,True,True,True
56.8036,0.0000,2.2000,-176.7357,0.02798,0.00000,1.00000,0.00000,True,True,True
56.8177,0.0000,2.2000,-176.7673,0.03160,0.00000,1.00000,0.00000,True,True,True
56.8309,0.0000,2.2000,-176.7960,0.02876,0.00000,1.00000,0.00000,True,True,True
56.8429,0.0000,2.2000,-176.8237,0.02771,0.00000,1.00000,0.00000,True,True,True
56.8551,0.0000,2.2000,-176.8516,0.02785,0.00000,1.00000,0.00000,True,True,True
56.8671,0.0000,2.2000,-176.8787,0.02710,0.00000,1.00000,0.00000,True,True,True
56.8822,0.0000,2.2000,-176.9127,0.03400,0.00000,1.00000,0.00000,True,True,True
56.8929,0.0000,2.2000,-176.9362,0.02354,0.00000,1.00000,0.00000,True,True,True
56.9052,0.0000,2.2000,-176.9638,0.02759,0.00000,1.00000,0.00000,True,True,True
56.9171,0.0000,2.2000,-176.9911,0.02727,0.00000,1.00000,0.00000,True,True,True
56.9332,0.0000,2.2000,-177.0258,0.03467,0.00000,1.00000,0.00000,True,True,True
56.9448,0.0000,2.2000,-177.0531,0.02731,0.00000,1.00000,0.00000,True,True,True
56.9570,0.0000,2.2000,-177.0804,0.02734,0.00000,1.00000,0.00000,True,True,True
56.9690,0.0000,2.2000,-177.1079,0.02745,0.00000,1.00000,0.00000,True,True,True
56.9838,0.0000,2.2000,-177.1411,0.03320,0.00000,1.00000,0.00000,True,True,True
56.9955,0.0000,2.2000,-177.1671,0.02600,0.00000,1.00000,0.00000,True,True,True
57.0075,0.0000,2.2000,-177.1942,0.02711,0.00000,1.00000,0.00000,True,True,True
57.0195,0.0000,2.2000,-177.2216,0.02742,0.00000,1.00000,0.00000,True,True,True
57.0343,0.0000,2.2000,-177.2548,0.03317,0.00000,1.00000,0.00000,True,True,True
57.0460,0.0000,2.2000,-177.2811,0.02629,0.00000,1.00000,0.00000,True,True,True
57.0580,0.0000,2.2000,-177.3080,0.02695,0.00000,1.00000,0.00000,True,True,True
57.0703,0.0000,2.2000,-177.3358,0.02779,0.00000,1.00000,0.00000,True,True,True
57.0849,0.0000,2.2000,-177.3688,0.03296,0.00000,1.00000,0.00000,True,True,True
57.0968,0.0000,2.2000,-177.3954,0.02664,0.00000,1.00000,0.00000,True,True,True
57.1089,0.0000,2.2000,-177.4224,0.02701,0.00000,1.00000,0.00000,True,True,True
57.1208,0.0000,2.2000,-177.4494,0.02696,0.00000,1.00000,0.00000,True,True,True
57.1338,0.0000,2.2000,-177.4785,0.02913,0.00000,1.00000,0.00000,True,True,True
57.1458,0.0000,2.2000,-177.5056,0.02710,0.00000,1.00000,0.00000,True,True,True
57.1582,0.0000,2.2000,-177.5334,0.02779,0.00000,1.00000,0.00000,True,True,True
57.1721,0.0000,2.2000,-177.5645,0.03110,0.00000,1.00000,0.00000,True,True,True
57.1859,0.0000,2.2000,-177.5948,0.03032,0.00000,1.00000,0.00000,True,True,True
57.1959,0.0000,2.2000,-177.6167,0.02190,0.00000,1.00000,0.00000,True,True,True
57.2085,0.0000,2.2000,-177.6427,0.02597,0.00000,1.00000,0.00000,True,True,True
57.2226,0.0000,2.2000,-177.6711,0.02838,0.00000,1.00000,0.00000,True,True,True
57.2358,0.0000,2.2000,-177.6962,0.02518,0.00000,1.00000,0.00000,True,True,True
57.2488,0.0000,2.2000,-177.7194,0.02315,0.00000,1.00000,0.00000,True,True,True
57.2612,0.0000,2.2000,-177.7426,0.02322,0.00000,1.00000,0.00000,True,True,True
57.2740,0.0000,2.2000,-177.7645,0.02193,0.00000,1.00000,0.00000,True,True,True
57.2885,0.0000,2.2000,-177.7881,0.02359,0.00000,1.00000,0.00000,True,True,True
57.3009,0.0000,2.2000,-177.8073,0.01920,0.00000,1.00000,0.00000,True,True,True
57.3128,0.0000,2.2000,-177.8255,0.01823,0.00000,1.00000,0.00000,True,True,True
57.3252,0.0000,2.2000,-177.8435,0.01796,0.00000,1.00000,0.00000,True,True,True
57.3374,0.0000,2.2000,-177.8603,0.01680,0.00000,1.00000,0.00000,True,True,True
57.3530,0.0000,2.2000,-177.8800,0.01965,0.00000,1.00000,0.00000,True,True,True
57.3650,0.0000,2.2000,-177.8953,0.01534,0.00000,1.00000,0.00000,True,True,True
57.3777,0.0000,2.2000,-177.9101,0.01480,0.00000,1.00000,0.00000,True,True,True
57.3902,0.0000,2.2000,-177.9239,0.01384,0.00000,1.00000,0.00000,True,True,True
57.4047,0.0000,2.2000,-177.9390,0.01511,0.00000,1.00000,0.00000,True,True,True
57.4161,0.0000,2.2000,-177.9505,0.01151,0.00000,1.00000,0.00000,True,True,True
57.4288,0.0000,2.2000,-177.9623,0.01175,0.00000,1.00000,0.00000,True,True,True
57.4409,0.0000,2.2000,-177.9735,0.01125,0.00000,1.00000,0.00000,True,True,True
57.4554,0.0000,2.2000,-177.9863,0.01277,0.00000,1.00000,0.00000,True,True,True
57.4667,0.0000,2.2000,-177.9863,0.00000,0.00000,1.00000,0.00000,True,True,True
57.4794,0.0000,2.2000,-177.9872,0.00085,0.00000,1.00000,0.00000,True,True,True
57.4916,0.0000,2.2000,-177.9889,0.00169,0.00000,1.00000,0.00000,True,True,True
57.5059,0.0000,2.2000,-177.9920,0.00310,0.00000,1.00000,0.00000,True,True,True
57.5177,0.0000,2.2000,-177.9953,0.00330,0.00000,1.00000,0.00000,True,True,True
57.5301,0.0000,2.2000,-177.9995,0.00429,0.00000,1.00000,0.00000,True,True,True
57.5434,0.0000,2.2000,-178.0052,0.00568,0.00000,1.00000,0.00000,True,True,True
57.5564,0.0000,2.2000,-178.0117,0.00644,0.00000,1.00000,0.00000,True,True,True
57.5683,0.0000,2.2000,-178.0183,0.00665,0.00000,1.00000,0.00000,True,True,True
57.5803,0.0000,2.2000,-178.0258,0.00745,0.00000,1.00000,0.00000,True,True,True
57.5934,0.0000,2.2000,-178.0349,0.00911,0.00000,1.00000,0.00000,True,True,True
57.6052,0.0000,2.2000,-178.0438,0.00897,0.00000,1.00000,0.00000,True,True,True
57.6191,0.0000,2.2000,-178.0555,0.01167,0.00000,1.00000,0.00000,True,True,True
57.6310,0.0000,2.2000,-178.0663,0.01079,0.00000,1.00000,0.00000,True,True,True
57.6434,0.0000,2.2000,-178.0783,0.01199,0.00000,1.00000,0.00000,True,True,True
57.6558,0.0000,2.2000,-178.0912,0.01291,0.00000,1.00000,0.00000,True,True,True
57.6703,0.0000,2.2000,-178.1072,0.01604,0.00000,1.00000,0.00000,True,True,True
57.6821,0.0000,2.2000,-178.1214,0.01418,0.00000,1.00000,0.00000,True,True,True
57.6944,0.0000,2.2000,-178.1368,0.01543,0.00000,1.00000,0.00000,True,True,True
57.7068,0.0000,2.2000,-178.1533,0.01643,0.00000,1.00000,0.00000,True,True,True
57.7216,0.0000,2.2000,-178.1737,0.02040,0.00000,1.00000,0.00000,True,True,True
57.7331,0.0000,2.2000,-178.1908,0.01709,0.00000,1.00000,0.00000,True,True,True
57.7455,0.0000,2.2000,-178.2097,0.01894,0.00000,1.00000,0.00000,True,True,True
57.7578,0.0000,2.2000,-178.2297,0.01996,0.00000,1.00000,0.00000,True,True,True
57.7722,0.0000,2.2000,-178.2538,0.02417,0.00000,1.00000,0.00000,True,True,True
57.7840,0.0000,2.2000,-178.2743,0.02049,0.00000,1.00000,0.00000,True,True,True
57.7964,0.0000,2.2000,-178.2970,0.02264,0.00000,1.00000,0.00000,True,True,True
57.8087,0.0000,2.2000,-178.3200,0.02306,0.00000,1.00000,0.00000,True,True,True
57.8233,0.0000,2.2000,-178.3487,0.02872,0.00000,1.00000,0.00000,True,True,True
57.8345,0.0000,2.2000,-178.3714,0.02263,0.00000,1.00000,0.00000,True,True,True
57.8472,0.0000,2.2000,-178.3974,0.02603,0.00000,1.00000,0.00000,True,True,True
57.8604,0.0000,2.2000,-178.4266,0.02917,0.00000,1.00000,0.00000,True,True,True
57.8736,0.0000,2.2000,-178.4560,0.02942,0.00000,1.00000,0.00000,True,True,True
57.8854,0.0000,2.2000,-178.4825,0.02654,0.00000,1.00000,0.00000,True,True,True
57.8975,0.0000,2.2000,-178.5097,0.02715,0.00000,1.00000,0.00000,True,True,True
57.9104,0.0000,2.2000,-178.5388,0.02910,0.00000,1.00000,0.00000,True,True,True
57.9224,0.0000,2.2000,-178.5658,0.02705,0.00000,1.00000,0.00000,True,True,True
57.9366,0.0000,2.2000,-178.5976,0.03178,0.00000,1.00000,0.00000,True,True,True
57.9487,0.0000,2.2000,-178.6247,0.02711,0.00000,1.00000,0.00000,True,True,True
57.9608,0.0000,2.2000,-178.6522,0.02751,0.00000,1.00000,0.00000,True,True,True
57.9734,0.0000,2.2000,-178.6806,0.02840,0.00000,1.00000,0.00000,True,True,True
57.9875,0.0000,2.2000,-178.7122,0.03154,0.00000,1.00000,0.00000,True,True,True
58.0004,0.0000,2.2000,-178.7407,0.02856,0.00000,1.00000,0.00000,True,True,True
58.0124,0.0000,2.2000,-178.7684,0.02771,0.00000,1.00000,0.00000,True,True,True
58.0253,0.0000,2.2000,-178.7970,0.02855,0.00000,1.00000,0.00000,True,True,True
58.0390,0.0000,2.2000,-178.8281,0.03107,0.00000,1.00000,0.00000,True,True,True
58.0521,0.0000,2.2000,-178.8577,0.02960,0.00000,1.00000,0.00000,True,True,True
58.0633,0.0000,2.2000,-178.8825,0.02487,0.00000,1.00000,0.00000,True,True,True
58.0772,0.0000,2.2000,-178.9140,0.03143,0.00000,1.00000,0.00000,True,True,True
58.0882,0.0000,2.2000,-178.9388,0.02484,0.00000,1.00000,0.00000,True,True,True
58.1021,0.0000,2.2000,-178.9702,0.03137,0.00000,1.00000,0.00000,True,True,True
58.1150,0.0000,2.2000,-178.9993,0.02910,0.00000,1.00000,0.00000,True,True,True
58.1283,0.0000,2.2000,-179.0284,0.02910,0.00000,1.00000,0.00000,True,True,True
58.1411,0.0000,2.2000,-179.0578,0.02940,0.00000,1.00000,0.00000,True,True,True
58.1551,0.0000,2.2000,-179.0896,0.03178,0.00000,1.00000,0.00000,True,True,True
58.1688,0.0000,2.2000,-179.1203,0.03072,0.00000,1.00000,0.00000,True,True,True
58.1795,0.0000,2.2000,-179.1441,0.02383,0.00000,1.00000,0.00000,True,True,True
58.1918,0.0000,2.2000,-179.1721,0.02803,0.00000,1.00000,0.00000,True,True,True
58.2060,0.0000,2.2000,-179.2039,0.03180,0.00000,1.00000,0.00000,True,True,True
58.2187,0.0000,2.2000,-179.2326,0.02864,0.00000,1.00000,0.00000,True,True,True
58.2301,0.0000,2.2000,-179.2583,0.02573,0.00000,1.00000,0.00000,True,True,True
58.2437,0.0000,2.2000,-179.2888,0.03044,0.00000,1.00000,0.00000,True,True,True
58.2566,0.0000,2.2000,-179.3179,0.02910,0.00000,1.00000,0.00000,True,True,True
58.2688,0.0000,2.2000,-179.3450,0.02718,0.00000,1.00000,0.00000,True,True,True
58.2812,0.0000,2.2000,-179.3730,0.02792,0.00000,1.00000,0.00000,True,True,True
58.2948,0.0000,2.2000,-179.4030,0.03004,0.00000,1.00000,0.00000,True,True,True
58.3071,0.0000,2.2000,-179.4315,0.02846,0.00000,1.00000,0.00000,True,True,True
58.3209,0.0000,2.2000,-179.4624,0.03090,0.00000,1.00000,0.00000,True,True,True
58.3328,0.0000,2.2000,-179.4892,0.02684,0.00000,1.00000,0.00000,True,True,True
58.3454,0.0000,2.2000,-179.5172,0.02800,0.00000,1.00000,0.00000,True,True,True
58.3579,0.0000,2.2000,-179.5457,0.02853,0.00000,1.00000,0.00000,True,True,True
58.3706,0.0000,2.2000,-179.5742,0.02852,0.00000,1.00000,0.00000,True,True,True
58.3854,0.0000,2.2000,-179.6076,0.03337,0.00000,1.00000,0.00000,True,True,True
58.3963,0.0000,2.2000,-179.6317,0.02408,0.00000,1.00000,0.00000,True,True,True
58.4104,0.0000,2.2000,-179.6638,0.03207,0.00000,1.00000,0.00000,True,True,True
58.4212,0.0000,2.2000,-179.6882,0.02438,0.00000,1.00000,0.00000,True,True,True
58.4354,0.0000,2.2000,-179.7202,0.03203,0.00000,1.00000,0.00000,True,True,True
58.4482,0.0000,2.2000,-179.7489,0.02869,0.00000,1.00000,0.00000,True,True,True
58.4605,0.0000,2.2000,-179.7767,0.02785,0.00000,1.00000,0.00000,True,True,True
58.4731,0.0000,2.2000,-179.8046,0.02789,0.00000,1.00000,0.00000,True,True,True
58.4874,0.0000,2.2000,-179.8372,0.03262,0.00000,1.00000,0.00000,True,True,True
58.4988,0.0000,2.2000,-179.8629,0.02563,0.00000,1.00000,0.00000,True,True,True
58.5115,0.0000,2.2000,-179.8911,0.02823,0.00000,1.00000,0.00000,True,True,True
58.5240,0.0000,2.2000,-179.9193,0.02824,0.00000,1.00000,0.00000,True,True,True
58.5383,0.0000,2.2000,-179.9516,0.03230,0.00000,1.00000,0.00000,True,True,True
58.5504,0.0000,2.2000,-179.9785,0.02684,0.00000,1.00000,0.00000,True,True,True
58.5633,0.0000,2.2000,-180.0079,0.02942,0.00000,1.00000,0.00000,True,True,True
58.5753,0.0000,2.2000,-180.0350,0.02711,0.00000,1.00000,0.00000,True,True,True
58.5898,0.0000,2.2001,-180.0675,0.03244,0.00000,1.00000,0.00000,True,True,True
58.6021,0.0000,2.2001,-180.0952,0.02777,0.00000,1.00000,0.00000,True,True,True
58.6161,0.0000,2.2002,-180.1268,0.03154,0.00000,1.00000,0.00000,True,True,True
58.6301,0.0000,2.2002,-180.1579,0.03108,0.00000,1.00000,0.00000,True,True,True
58.6410,0.0000,2.2002,-180.1820,0.02419,0.00000,1.00000,0.00000,True,True,True
58.6550,0.0000,2.2003,-180.2141,0.03206,0.00000,1.00000,0.00000,True,True,True
58.6659,0.0000,2.2003,-180.2388,0.02472,0.00000,1.00000,0.00000,True,True,True
58.6799,0.0000,2.2004,-180.2704,0.03154,0.00000,1.00000,0.00000,True,True,True
58.6921,0.0000,2.2004,-180.2974,0.02705,0.00000,1.00000,0.00000,True,True,True
58.7049,0.0000,2.2004,-180.3266,0.02919,0.00000,1.00000,0.00000,True,True,True
58.7169,0.0000,2.2005,-180.3534,0.02678,0.00000,1.00000,0.00000,True,True,True
58.7306,0.0000,2.2005,-180.3843,0.03096,0.00000,1.00000,0.00000,True,True,True
58.7429,0.0000,2.2006,-180.4119,0.02753,0.00000,1.00000,0.00000,True,True,True
58.7552,0.0000,2.2006,-180.4398,0.02795,0.00000,1.00000,0.00000,True,True,True
58.7679,0.0000,2.2006,-180.4682,0.02837,0.00000,1.00000,0.00000,True,True,True
58.7819,0.0000,2.2007,-180.4996,0.03146,0.00000,1.00000,0.00000,True,True,True
58.7938,0.0000,2.2008,-180.5266,0.02692,0.00000,1.00000,0.00000,True,True,True
58.8065,0.0000,2.2009,-180.5551,0.02852,0.00000,1.00000,0.00000,True,True,True
58.8192,0.0000,2.2010,-180.5836,0.02856,0.00000,1.00000,0.00000,True,True,True
58.8329,0.0000,2.2011,-180.6146,0.03095,0.00000,1.00000,0.00000,True,True,True
58.8466,0.0000,2.2013,-180.6454,0.03078,0.00000,1.00000,0.00000,True,True,True
58.8574,0.0000,2.2014,-180.6696,0.02419,0.00000,1.00000,0.00000,True,True,True
58.8716,0.0000,2.2015,-180.7017,0.03210,0.00000,1.00000,0.00000,True,True,True
58.8842,0.0000,2.2016,-180.7299,0.02821,0.00000,1.00000,0.00000,True,True,True
58.8966,0.0000,2.2017,-180.7578,0.02791,0.00000,1.00000,0.00000,True,True,True
58.9085,0.0000,2.2018,-180.7845,0.02667,0.00000,1.00000,0.00000,True,True,True
58.9216,0.0000,2.2019,-180.8141,0.02968,0.00000,1.00000,0.00000,True,True,True
58.9336,0.0000,2.2021,-180.8410,0.02689,0.00000,1.00000,0.00000,True,True,True
58.9477,0.0000,2.2022,-180.8727,0.03172,0.00000,1.00000,0.00000,True,True,True
58.9597,0.0000,2.2023,-180.8999,0.02713,0.00000,1.00000,0.00000,True,True,True
58.9722,0.0000,2.2024,-180.9280,0.02812,0.00000,1.00000,0.00000,True,True,True
58.9847,0.0000,2.2025,-180.9560,0.02800,0.00000,1.00000,0.00000,True,True,True
58.9985,0.0000,2.2026,-180.9872,0.03120,0.00000,1.00000,0.00000,True,True,True
59.0105,0.0000,2.2028,-181.0141,0.02690,0.00000,1.00000,0.00000,True,True,True
59.0228,0.0000,2.2030,-181.0419,0.02776,0.00000,1.00000,0.00000,True,True,True
59.0353,0.0000,2.2032,-181.0700,0.02818,0.00000,1.00000,0.00000,True,True,True
59.0493,0.0000,2.2034,-181.1015,0.03151,0.00000,1.00000,0.00000,True,True,True
59.0612,0.0000,2.2036,-181.1281,0.02660,0.00000,1.00000,0.00000,True,True,True
59.0745,0.0000,2.2037,-181.1576,0.02948,0.00000,1.00000,0.00000,True,True,True
59.0884,0.0000,2.2040,-181.1893,0.03171,0.00000,1.00000,0.00000,True,True,True
59.1013,0.0000,2.2042,-181.2183,0.02899,0.00000,1.00000,0.00000,True,True,True
59.1134,0.0000,2.2043,-181.2453,0.02696,0.00000,1.00000,0.00000,True,True,True
59.1256,0.0000,2.2045,-181.2731,0.02779,0.00000,1.00000,0.00000,True,True,True
59.1383,0.0000,2.2047,-181.3017,0.02861,0.00000,1.00000,0.00000,True,True,True
59.1505,0.0000,2.2049,-181.3292,0.02751,0.00000,1.00000,0.00000,True,True,True
59.1637,0.0000,2.2051,-181.3587,0.02956,0.00000,1.00000,0.00000,True,True,True
59.1770,0.0000,2.2053,-181.3888,0.03001,0.00000,1.00000,0.00000,True,True,True
59.1897,0.0000,2.2055,-181.4172,0.02840,0.00000,1.00000,0.00000,True,True,True
59.2021,0.0000,2.2057,-181.4451,0.02794,0.00000,1.00000,0.00000,True,True,True
59.2161,0.0000,2.2059,-181.4768,0.03174,0.00000,1.00000,0.00000,True,True,True
59.2305,0.0000,2.2061,-181.5082,0.03140,0.00000,1.00000,0.00000,True,True,True
59.2415,0.0000,2.2064,-181.5338,0.02551,0.00000,1.00000,0.00000,True,True,True
59.2550,0.0000,2.2066,-181.5642,0.03044,0.00000,1.00000,0.00000,True,True,True
59.2665,0.0000,2.2069,-181.5900,0.02582,0.00000,1.00000,0.00000,True,True,True
59.2800,0.0000,2.2072,-181.6203,0.03026,0.00000,1.00000,0.00000,True,True,True
59.2937,0.0000,2.2075,-181.6509,0.03063,0.00000,1.00000,0.00000,True,True,True
59.3061,0.0000,2.2077,-181.6791,0.02820,0.00000,1.00000,0.00000,True,True,True
59.3187,0.0000,2.2080,-181.7075,0.02838,0.00000,1.00000,0.00000,True,True,True
59.3327,0.0000,2.2083,-181.7390,0.03148,0.00000,1.00000,0.00000,True,True,True
59.3450,0.0000,2.2085,-181.7659,0.02698,0.00000,1.00000,0.00000,True,True,True
59.3573,0.0000,2.2088,-181.7944,0.02843,0.00000,1.00000,0.00000,True,True,True
59.3719,0.0000,2.2091,-181.8269,0.03253,0.00000,1.00000,0.00000,True,True,True
59.3843,0.0000,2.2094,-181.8551,0.02825,0.00000,1.00000,0.00000,True,True,True
59.3966,0.0000,2.2096,-181.8828,0.02770,0.00000,1.00000,0.00000,True,True,True
59.4090,0.0000,2.2099,-181.9107,0.02788,0.00000,1.00000,0.00000,True,True,True
59.4217,0.0000,2.2101,-181.9392,0.02850,0.00000,1.00000,0.00000,True,True,True
59.4344,0.0000,2.2104,-181.9678,0.02857,0.00000,1.00000,0.00000,True,True,True
59.4486,0.0000,2.2107,-181.9998,0.03198,0.00000,1.00000,0.00000,True,True,True
59.4613,0.0000,2.2110,-182.0276,0.02785,0.00000,1.00000,0.00000,True,True,True
59.4740,0.0000,2.2114,-182.0565,0.02892,0.00000,1.00000,0.00000,True,True,True
59.4883,0.0000,2.2118,-182.0891,0.03256,0.00000,1.00000,0.00000,True,True,True
59.5007,0.0000,2.2121,-182.1171,0.02806,0.00000,1.00000,0.00000,True,True,True
59.5134,0.0000,2.2125,-182.1455,0.02837,0.00000,1.00000,0.00000,True,True,True
59.5256,0.0000,2.2128,-182.1728,0.02728,0.00000,1.00000,0.00000,True,True,True
59.5382,0.0000,2.2131,-182.2014,0.02864,0.00000,1.00000,0.00000,True,True,True
59.5507,0.0000,2.2135,-182.2295,0.02805,0.00000,1.00000,0.00000,True,True,True
59.5649,0.0000,2.2138,-182.2612,0.03177,0.00000,1.00000,0.00000,True,True,True
59.5783,0.0000,2.2142,-182.2897,0.02851,0.00000,1.00000,0.00000,True,True,True
59.5905,0.0000,2.2145,-182.3190,0.02928,0.00000,1.00000,0.00000,True,True,True
59.6050,0.0000,2.2149,-182.3516,0.03258,0.00000,1.00000,0.00000,True,True,True
59.6175,0.0000,2.2153,-182.3799,0.02825,0.00000,1.00000,0.00000,True,True,True
59.6299,0.0000,2.2156,-182.4077,0.02785,0.00000,1.00000,0.00000,True,True,True
59.6426,0.0000,2.2159,-182.4357,0.02796,0.00000,1.00000,0.00000,True,True,True
59.6550,0.0000,2.2163,-182.4641,0.02849,0.00000,1.00000,0.00000,True,True,True
59.6678,0.0000,2.2166,-182.4930,0.02881,0.00000,1.00000,0.00000,True,True,True
59.6821,0.0000,2.2171,-182.5251,0.03218,0.00000,1.00000,0.00000,True,True,True
59.6946,0.0000,2.2175,-182.5526,0.02750,0.00000,1.00000,0.00000,True,True,True
59.7074,0.0000,2.2179,-182.5821,0.02945,0.00000,1.00000,0.00000,True,True,True
59.7219,0.0000,2.2184,-182.6144,0.03237,0.00000,1.00000,0.00000,True,True,True
59.7349,0.0000,2.2188,-182.6439,0.02945,0.00000,1.00000,0.00000,True,True,True
59.7470,0.0000,2.2192,-182.6710,0.02715,0.00000,1.00000,0.00000,True,True,True
59.7600,0.0000,2.2196,-182.7003,0.02922,0.00000,1.00000,0.00000,True,True,True
59.7735,0.0000,2.2200,-182.7306,0.03038,0.00000,1.00000,0.00000,True,True,True
59.7883,0.0000,2.2205,-182.7639,0.03324,0.00000,1.00000,0.00000,True,True,True
59.8006,0.0000,2.2209,-182.7917,0.02787,0.00000,1.00000,0.00000,True,True,True
59.8132,0.0000,2.2214,-182.8201,0.02837,0.00000,1.00000,0.00000,True,True,True
59.8253,0.0000,2.2217,-182.8471,0.02703,0.00000,1.00000,0.00000,True,True,True
59.8383,0.0000,2.2222,-182.8766,0.02944,0.00000,1.00000,0.00000,True,True,True
59.8513,0.0000,2.2226,-182.9057,0.02919,0.00000,1.00000,0.00000,True,True,True
59.8656,0.0000,2.2231,-182.9380,0.03228,0.00000,1.00000,0.00000,True,True,True
59.8780,0.0000,2.2235,-182.9658,0.02779,0.00000,1.00000,0.00000,True,True,True
59.8906,0.0000,2.2239,-182.9940,0.02822,0.00000,1.00000,0.00000,True,True,True
59.9049,0.0000,2.2244,-183.0264,0.03237,0.00000,1.00000,0.00000,True,True,True
59.9163,0.0000,2.2249,-183.0521,0.02568,0.00000,1.00000,0.00000,True,True,True
59.9305,0.0000,2.2254,-183.0839,0.03183,0.00000,1.00000,0.00000,True,True,True
59.9431,0.0000,2.2259,-183.1119,0.02799,0.00000,1.00000,0.00000,True,True,True
59.9559,0.0000,2.2264,-183.1409,0.02904,0.00000,1.00000,0.00000,True,True,True
59.9686,0.0000,2.2269,-183.1694,0.02851,0.00000,1.00000,0.00000,True,True,True
59.9827,0.0000,2.2274,-183.2014,0.03203,0.00000,1.00000,0.00000,True,True,True
59.9966,0.0000,2.2280,-183.2326,0.03118,0.00000,1.00000,0.00000,True,True,True
60.0077,0.0000,2.2284,-183.2573,0.02469,0.00000,1.00000,0.00000,True,True,True
60.0215,0.0000,2.2289,-183.2888,0.03147,0.00000,1.00000,0.00000,True,True,True
60.0333,0.0000,2.2294,-183.3152,0.02643,0.00000,1.00000,0.00000,True,True,True
60.0478,0.0000,2.2299,-183.3478,0.03264,0.00000,1.00000,0.00000,True,True,True
60.0606,0.0000,2.2304,-183.3764,0.02852,0.00000,1.00000,0.00000,True,True,True
60.0734,0.0000,2.2309,-183.4053,0.02895,0.00000,1.00000,0.00000,True,True,True
60.0863,0.0000,2.2314,-183.4344,0.02915,0.00000,1.00000,0.00000,True,True,True
60.1007,0.0000,2.2320,-183.4669,0.03243,0.00000,1.00000,0.00000,True,True,True
60.1133,0.0000,2.2324,-183.4951,0.02819,0.00000,1.00000,0.00000,True,True,True
60.1256,0.0000,2.2330,-183.5228,0.02779,0.00000,1.00000,0.00000,True,True,True
60.1386,0.0000,2.2336,-183.5520,0.02913,0.00000,1.00000,0.00000,True,True,True
60.1513,0.0000,2.2341,-183.5805,0.02849,0.00000,1.00000,0.00000,True,True,True
60.1659,0.0000,2.2347,-183.6119,0.03141,0.00000,1.00000,0.00000,True,True,True
60.1799,0.0000,2.2353,-183.6409,0.02909,0.00000,1.00000,0.00000,True,True,True
60.1911,0.0000,2.2358,-183.6636,0.02269,0.00000,1.00000,0.00000,True,True,True
60.2049,0.0000,2.2363,-183.6904,0.02672,0.00000,1.00000,0.00000,True,True,True
60.2172,0.0000,2.2367,-183.7135,0.02314,0.00000,1.00000,0.00000,True,True,True
60.2316,0.0000,2.2372,-183.7392,0.02573,0.00000,1.00000,0.00000,True,True,True
60.2440,0.0000,2.2377,-183.7607,0.02150,0.00000,1.00000,0.00000,True,True,True
60.2571,0.0000,2.2381,-183.7822,0.02146,0.00000,1.00000,0.00000,True,True,True
60.2716,0.0000,2.2385,-183.8052,0.02300,0.00000,1.00000,0.00000,True,True,True
60.2829,0.0000,2.2389,-183.8223,0.01712,0.00000,1.00000,0.00000,True,True,True
60.2967,0.0000,2.2393,-183.8421,0.01984,0.00000,1.00000,0.00000,True,True,True
60.3106,0.0000,2.2396,-183.8610,0.01885,0.00000,1.00000,0.00000,True,True,True
60.3234,0.0000,2.2400,-183.8775,0.01653,0.00000,1.00000,0.00000,True,True,True
60.3382,0.0000,2.2403,-183.8955,0.01798,0.00000,1.00000,0.00000,True,True,True
60.3510,0.0000,2.2406,-183.9099,0.01442,0.00000,1.00000,0.00000,True,True,True
60.3633,0.0000,2.2409,-183.9231,0.01323,0.00000,1.00000,0.00000,True,True,True
60.3756,0.0000,2.2411,-183.9355,0.01235,0.00000,1.00000,0.00000,True,True,True
60.3890,0.0000,2.2413,-183.9479,0.01245,0.00000,1.00000,0.00000,True,True,True
60.4019,0.0000,2.2416,-183.9594,0.01148,0.00000,1.00000,0.00000,True,True,True
60.4165,0.0000,2.2418,-183.9714,0.01198,0.00000,1.00000,0.00000,True,True,True
60.4299,0.0000,2.2420,-183.9819,0.01053,0.00000,1.00000,0.00000,True,True,True
60.4420,0.0000,2.2420,-183.9819,0.00000,0.00000,1.00000,0.00000,True,True,True
60.4551,0.0000,2.2420,-183.9828,0.00095,0.00000,1.00000,0.00000,True,True,True
60.4697,0.0000,2.2421,-183.9851,0.00224,0.00000,1.00000,0.00000,True,True,True
60.4822,0.0000,2.2421,-183.9878,0.00276,0.00000,1.00000,0.00000,True,True,True
60.4966,0.0000,2.2422,-183.9922,0.00433,0.00000,1.00000,0.00000,True,True,True
60.5092,0.0000,2.2423,-183.9968,0.00467,0.00000,1.00000,0.00000,True,True,True
60.5239,0.0000,2.2424,-184.0035,0.00662,0.00000,1.00000,0.00000,True,True,True
60.5382,0.0000,2.2426,-184.0111,0.00765,0.00000,1.00000,0.00000,True,True,True
60.5504,0.0000,2.2428,-184.0183,0.00722,0.00000,1.00000,0.00000,True,True,True
60.5640,0.0000,2.2430,-184.0274,0.00911,0.00000,1.00000,0.00000,True,True,True
60.5776,0.0000,2.2432,-184.0377,0.01026,0.00000,1.00000,0.00000,True,True,True
60.5925,0.0000,2.2435,-184.0499,0.01224,0.00000,1.00000,0.00000,True,True,True
60.6052,0.0000,2.2437,-184.0614,0.01149,0.00000,1.00000,0.00000,True,True,True
60.6194,0.0000,2.2440,-184.0747,0.01331,0.00000,1.00000,0.00000,True,True,True
60.6327,0.0000,2.2443,-184.0891,0.01439,0.00000,1.00000,0.00000,True,True,True
60.6469,0.0000,2.2447,-184.1049,0.01577,0.00000,1.00000,0.00000,True,True,True
60.6633,0.0000,2.2452,-184.1252,0.02031,0.00000,1.00000,0.00000,True,True,True
60.6754,0.0000,2.2455,-184.1408,0.01561,0.00000,1.00000,0.00000,True,True,True
60.6892,0.0000,2.2459,-184.1595,0.01868,0.00000,1.00000,0.00000,True,True,True
60.7059,0.0000,2.2465,-184.1839,0.02447,0.00000,1.00000,0.00000,True,True,True
60.7190,0.0000,2.2469,-184.2039,0.01996,0.00000,1.00000,0.00000,True,True,True
60.7384,0.0000,2.2476,-184.2354,0.03152,0.00000,1.00000,0.00000,True,True,True
60.7513,0.0000,2.2481,-184.2575,0.02215,0.00000,1.00000,0.00000,True,True,True
60.7676,0.0000,2.2487,-184.2866,0.02909,0.00000,1.00000,0.00000,True,True,True
60.7812,0.0000,2.2493,-184.3121,0.02544,0.00000,1.00000,0.00000,True,True,True
60.7955,0.0000,2.2499,-184.3399,0.02781,0.00000,1.00000,0.00000,True,True,True
60.8109,0.0000,2.2506,-184.3712,0.03130,0.00000,1.00000,0.00000,True,True,True
60.8240,0.0000,2.2512,-184.3987,0.02750,0.00000,1.00000,0.00000,True,True,True
60.8391,0.0000,2.2520,-184.4317,0.03310,0.00000,1.00000,0.00000,True,True,True
60.8558,0.0000,2.2528,-184.4694,0.03767,0.00000,1.00000,0.00000,True,True,True
60.8680,0.0000,2.2534,-184.4967,0.02727,0.00000,1.00000,0.00000,True,True,True
60.8824,0.0000,2.2542,-184.5290,0.03236,0.00000,1.00000,0.00000,True,True,True
60.8975,0.0000,2.2550,-184.5630,0.03401,0.00000,1.00000,0.00000,True,True,True
60.9114,0.0000,2.2558,-184.5944,0.03135,0.00000,1.00000,0.00000,True,True,True
60.9241,0.0000,2.2565,-184.6226,0.02827,0.00000,1.00000,0.00000,True,True,True
60.9392,0.0000,2.2573,-184.6568,0.03422,0.00000,1.00000,0.00000,True,True,True
60.9506,0.0000,2.2580,-184.6825,0.02570,0.00000,1.00000,0.00000,True,True,True
60.9657,0.0000,2.2588,-184.7165,0.03402,0.00000,1.00000,0.00000,True,True,True
60.9790,0.0000,2.2596,-184.7461,0.02961,0.00000,1.00000,0.00000,True,True,True
60.9924,0.0000,2.2603,-184.7760,0.02986,0.00000,1.00000,0.00000,True,True,True
61.0059,0.0000,2.2611,-184.8067,0.03077,0.00000,1.00000,0.00000,True,True,True
61.0195,0.0000,2.2618,-184.8375,0.03076,0.00000,1.00000,0.00000,True,True,True
61.0341,0.0000,2.2626,-184.8702,0.03274,0.00000,1.00000,0.00000,True,True,True
61.0474,0.0000,2.2634,-184.9003,0.03007,0.00000,1.00000,0.00000,True,True,True
61.0604,0.0000,2.2641,-184.9291,0.02885,0.00000,1.00000,0.00000,True,True,True
61.0744,0.0000,2.2648,-184.9603,0.03118,0.00000,1.00000,0.00000,True,True,True
61.0891,0.0000,2.2657,-184.9941,0.03378,0.00000,1.00000,0.00000,True,True,True
61.1023,0.0000,2.2665,-185.0235,0.02944,0.00000,1.00000,0.00000,True,True,True
61.1150,0.0000,2.2672,-185.0520,0.02853,0.00000,1.00000,0.00000,True,True,True
61.1245,0.0000,2.2678,-185.0733,0.02131,0.00000,1.00000,0.00000,True,True,True
61.1344,0.0000,2.2684,-185.0958,0.02247,0.00000,1.00000,0.00000,True,True,True
61.1446,0.0000,2.2691,-185.1190,0.02319,0.00000,1.00000,0.00000,True,True,True
61.1532,0.0000,2.2696,-185.1382,0.01928,0.00000,1.00000,0.00000,True,True,True
61.1626,0.0000,2.2702,-185.1591,0.02091,0.00000,1.00000,0.00000,True,True,True
61.1727,0.0000,2.2708,-185.1821,0.02296,0.00000,1.00000,0.00000,True,True,True
61.1818,0.0000,2.2713,-185.2023,0.02021,0.00000,1.00000,0.00000,True,True,True
61.1909,0.0000,2.2719,-185.2232,0.02091,0.00000,1.00000,0.00000,True,True,True
61.2008,0.0000,2.2725,-185.2451,0.02193,0.00000,1.00000,0.00000,True,True,True
61.2105,0.0000,2.2731,-185.2666,0.02154,0.00000,1.00000,0.00000,True,True,True
61.2203,0.0000,2.2737,-185.2891,0.02245,0.00000,1.00000,0.00000,True,True,True
61.2297,0.0000,2.2743,-185.3104,0.02135,0.00000,1.00000,0.00000,True,True,True
61.2401,0.0000,2.2749,-185.3335,0.02303,0.00000,1.00000,0.00000,True,True,True
61.2492,0.0000,2.2755,-185.3539,0.02047,0.00000,1.00000,0.00000,True,True,True
61.2584,0.0000,2.2760,-185.3749,0.02097,0.00000,1.00000,0.00000,True,True,True
61.2684,0.0000,2.2766,-185.3973,0.02244,0.00000,1.00000,0.00000,True,True,True
61.2778,0.0000,2.2772,-185.4184,0.02113,0.00000,1.00000,0.00000,True,True,True
61.2884,0.0000,2.2778,-185.4411,0.02267,0.00000,1.00000,0.00000,True,True,True
61.2979,0.0000,2.2784,-185.4633,0.02224,0.00000,1.00000,0.00000,True,True,True
61.3084,0.0000,2.2791,-185.4871,0.02378,0.00000,1.00000,0.00000,True,True,True
61.3169,0.0000,2.2796,-185.5064,0.01928,0.00000,1.00000,0.00000,True,True,True
61.3265,0.0000,2.2803,-185.5279,0.02154,0.00000,1.00000,0.00000,True,True,True
61.3365,0.0000,2.2809,-185.5505,0.02261,0.00000,1.00000,0.00000,True,True,True
61.3459,0.0000,2.2815,-185.5717,0.02117,0.00000,1.00000,0.00000,True,True,True
61.3558,0.0000,2.2822,-185.5934,0.02172,0.00000,1.00000,0.00000,True,True,True
61.3654,0.0000,2.2828,-185.6151,0.02172,0.00000,1.00000,0.00000,True,True,True
61.3762,0.0000,2.2836,-185.6395,0.02446,0.00000,1.00000,0.00000,True,True,True
61.3847,0.0000,2.2841,-185.6589,0.01940,0.00000,1.00000,0.00000,True,True,True
61.3952,0.0000,2.2848,-185.6812,0.02226,0.00000,1.00000,0.00000,True,True,True
61.4062,0.0000,2.2856,-185.7068,0.02568,0.00000,1.00000,0.00000,True,True,True
61.4177,0.0000,2.2863,-185.7327,0.02584,0.00000,1.00000,0.00000,True,True,True
61.4319,0.0000,2.2873,-185.7650,0.03235,0.00000,1.00000,0.00000,True,True,True
61.4422,0.0000,2.2880,-185.7883,0.02330,0.00000,1.00000,0.00000,True,True,True
61.4516,0.0000,2.2886,-185.8090,0.02070,0.00000,1.00000,0.00000,True,True,True
61.4603,0.0000,2.2892,-185.8289,0.01992,0.00000,1.00000,0.00000,True,True,True
61.4696,0.0000,2.2898,-185.8499,0.02099,0.00000,1.00000,0.00000,True,True,True
61.4794,0.0000,2.2904,-185.8716,0.02169,0.00000,1.00000,0.00000,True,True,True
61.4895,0.0000,2.2911,-185.8946,0.02307,0.00000,1.00000,0.00000,True,True,True
61.4985,0.0000,2.2917,-185.9147,0.02014,0.00000,1.00000,0.00000,True,True,True
61.5080,0.0000,2.2924,-185.9360,0.02125,0.00000,1.00000,0.00000,True,True,True
61.5178,0.0000,2.2930,-185.9583,0.02230,0.00000,1.00000,0.00000,True,True,True
61.5277,0.0000,2.2937,-185.9803,0.02203,0.00000,1.00000,0.00000,True,True,True
61.5365,0.0000,2.2942,-186.0000,0.01966,0.00000,1.00000,0.00000,True,True,True
61.5458,0.0000,2.2949,-186.0207,0.02075,0.00000,1.00000,0.00000,True,True,True
61.5562,0.0000,2.2957,-186.0445,0.02386,0.00000,1.00000,0.00000,True,True,True
61.5645,0.0000,2.2963,-186.0632,0.01870,0.00000,1.00000,0.00000,True,True,True
61.5734,0.0000,2.2969,-186.0834,0.02015,0.00000,1.00000,0.00000,True,True,True
61.5830,0.0000,2.2976,-186.1048,0.02148,0.00000,1.00000,0.00000,True,True,True
61.5923,0.0000,2.2983,-186.1258,0.02096,0.00000,1.00000,0.00000,True,True,True
61.6020,0.0000,2.2990,-186.1477,0.02194,0.00000,1.00000,0.00000,True,True,True
61.6112,0.0000,2.2996,-186.1683,0.02055,0.00000,1.00000,0.00000,True,True,True
61.6207,0.0000,2.3003,-186.1893,0.02110,0.00000,1.00000,0.00000,True,True,True
61.6298,0.0000,2.3010,-186.2099,0.02053,0.00000,1.00000,0.00000,True,True,True
61.6400,0.0000,2.3017,-186.2329,0.02305,0.00000,1.00000,0.00000,True,True,True
61.6486,0.0000,2.3023,-186.2524,0.01950,0.00000,1.00000,0.00000,True,True,True
61.6577,0.0000,2.3030,-186.2728,0.02040,0.00000,1.00000,0.00000,True,True,True
61.6674,0.0000,2.3037,-186.2946,0.02188,0.00000,1.00000,0.00000,True,True,True
61.6767,0.0000,2.3044,-186.3156,0.02093,0.00000,1.00000,0.00000,True,True,True
61.6863,0.0000,2.3051,-186.3372,0.02163,0.00000,1.00000,0.00000,True,True,True
61.6958,0.0000,2.3058,-186.3585,0.02136,0.00000,1.00000,0.00000,True,True,True
61.7067,0.0000,2.3065,-186.3830,0.02449,0.00000,1.00000,0.00000,True,True,True
61.7154,0.0000,2.3072,-186.4027,0.01971,0.00000,1.00000,0.00000,True,True,True
61.7248,0.0000,2.3079,-186.4238,0.02111,0.00000,1.00000,0.00000,True,True,True
61.7348,0.0000,2.3086,-186.4464,0.02259,0.00000,1.00000,0.00000,True,True,True
61.7448,0.0000,2.3093,-186.4686,0.02217,0.00000,1.00000,0.00000,True,True,True
61.7534,0.0000,2.3099,-186.4881,0.01960,0.00000,1.00000,0.00000,True,True,True
61.7630,0.0000,2.3106,-186.5095,0.02139,0.00000,1.00000,0.00000,True,True,True
61.7733,0.0000,2.3114,-186.5328,0.02333,0.00000,1.00000,0.00000,True,True,True
61.7825,0.0000,2.3121,-186.5535,0.02064,0.00000,1.00000,0.00000,True,True,True
61.7920,0.0000,2.3129,-186.5749,0.02142,0.00000,1.00000,0.00000,True,True,True
61.8020,0.0000,2.3137,-186.5973,0.02243,0.00000,1.00000,0.00000,True,True,True
61.8116,0.0000,2.3144,-186.6187,0.02147,0.00000,1.00000,0.00000,True,True,True
61.8233,0.0000,2.3153,-186.6452,0.02644,0.00000,1.00000,0.00000,True,True,True
61.8319,0.0000,2.3160,-186.6645,0.01934,0.00000,1.00000,0.00000,True,True,True
61.8414,0.0000,2.3167,-186.6861,0.02157,0.00000,1.00000,0.00000,True,True,True
61.8514,0.0000,2.3175,-186.7085,0.02246,0.00000,1.00000,0.00000,True,True,True
61.8616,0.0000,2.3183,-186.7313,0.02284,0.00000,1.00000,0.00000,True,True,True
61.8704,0.0000,2.3190,-186.7514,0.02011,0.00000,1.00000,0.00000,True,True,True
61.8804,0.0000,2.3197,-186.7733,0.02183,0.00000,1.00000,0.00000,True,True,True
61.8904,0.0000,2.3205,-186.7963,0.02305,0.00000,1.00000,0.00000,True,True,True
61.9000,0.0000,2.3213,-186.8178,0.02148,0.00000,1.00000,0.00000,True,True,True
61.9099,0.0000,2.3220,-186.8401,0.02240,0.00000,1.00000,0.00000,True,True,True
61.9201,0.0000,2.3228,-186.8629,0.02278,0.00000,1.00000,0.00000,True,True,True
61.9296,0.0000,2.3236,-186.8845,0.02159,0.00000,1.00000,0.00000,True,True,True
61.9405,0.0000,2.3244,-186.9090,0.02449,0.00000,1.00000,0.00000,True,True,True
61.9497,0.0000,2.3251,-186.9295,0.02058,0.00000,1.00000,0.00000,True,True,True
61.9595,0.0000,2.3259,-186.9514,0.02192,0.00000,1.00000,0.00000,True,True,True
61.9699,0.0000,2.3267,-186.9748,0.02333,0.00000,1.00000,0.00000,True,True,True
61.9816,0.0000,2.3275,-186.9997,0.02498,0.00000,1.00000,0.00000,True,True,True
61.9909,0.0000,2.3284,-187.0223,0.02261,0.00000,1.00000,0.00000,True,True,True
62.0011,0.0000,2.3292,-187.0449,0.02263,0.00000,1.00000,0.00000,True,True,True
62.0109,0.0000,2.3300,-187.0671,0.02222,0.00000,1.00000,0.00000,True,True,True
62.0210,0.0000,2.3309,-187.0898,0.02272,0.00000,1.00000,0.00000,True,True,True
62.0311,0.0000,2.3317,-187.1119,0.02211,0.00000,1.00000,0.00000,True,True,True
62.0411,0.0000,2.3325,-187.1351,0.02316,0.00000,1.00000,0.00000,True,True,True
62.0510,0.0000,2.3334,-187.1573,0.02226,0.00000,1.00000,0.00000,True,True,True
62.0608,0.0000,2.3342,-187.1794,0.02209,0.00000,1.00000,0.00000,True,True,True
62.0711,0.0000,2.3350,-187.2025,0.02315,0.00000,1.00000,0.00000,True,True,True
62.0817,0.0000,2.3359,-187.2259,0.02333,0.00000,1.00000,0.00000,True,True,True
62.0918,0.0000,2.3367,-187.2490,0.02313,0.00000,1.00000,0.00000,True,True,True
62.1016,0.0000,2.3376,-187.2711,0.02214,0.00000,1.00000,0.00000,True,True,True
62.1115,0.0000,2.3384,-187.2934,0.02228,0.00000,1.00000,0.00000,True,True,True
62.1233,0.0000,2.3393,-187.3176,0.02428,0.00000,1.00000,0.00000,True,True,True
62.1327,0.0000,2.3401,-187.3406,0.02303,0.00000,1.00000,0.00000,True,True,True
62.1427,0.0000,2.3410,-187.3635,0.02286,0.00000,1.00000,0.00000,True,True,True
62.1530,0.0000,2.3418,-187.3866,0.02313,0.00000,1.00000,0.00000,True,True,True
62.1630,0.0000,2.3426,-187.4092,0.02266,0.00000,1.00000,0.00000,True,True,True
62.1736,0.0000,2.3435,-187.4329,0.02364,0.00000,1.00000,0.00000,True,True,True
62.1843,0.0000,2.3444,-187.4568,0.02391,0.00000,1.00000,0.00000,True,True,True
62.1945,0.0000,2.3453,-187.4799,0.02321,0.00000,1.00000,0.00000,True,True,True
62.2045,0.0000,2.3461,-187.5025,0.02254,0.00000,1.00000,0.00000,True,True,True
62.2142,0.0000,2.3470,-187.5244,0.02199,0.00000,1.00000,0.00000,True,True,True
62.2249,0.0000,2.3479,-187.5477,0.02330,0.00000,1.00000,0.00000,True,True,True
62.2349,0.0000,2.3488,-187.5705,0.02277,0.00000,1.00000,0.00000,True,True,True
62.2450,0.0000,2.3497,-187.5935,0.02307,0.00000,1.00000,0.00000,True,True,True
62.2553,0.0000,2.3506,-187.6167,0.02313,0.00000,1.00000,0.00000,True,True,True
62.2653,0.0000,2.3515,-187.6391,0.02245,0.00000,1.00000,0.00000,True,True,True
62.2757,0.0000,2.3524,-187.6625,0.02346,0.00000,1.00000,0.00000,True,True,True
62.2878,0.0000,2.3534,-187.6897,0.02724,0.00000,1.00000,0.00000,True,True,True
62.2964,0.0000,2.3542,-187.7089,0.01915,0.00000,1.00000,0.00000,True,True,True
62.3063,0.0000,2.3551,-187.7313,0.02248,0.00000,1.00000,0.00000,True,True,True
62.3168,0.0000,2.3560,-187.7550,0.02365,0.00000,1.00000,0.00000,True,True,True
62.3267,0.0000,2.3569,-187.7773,0.02234,0.00000,1.00000,0.00000,True,True,True
62.3381,0.0000,2.3579,-187.8029,0.02559,0.00000,1.00000,0.00000,True,True,True
62.3479,0.0000,2.3588,-187.8248,0.02199,0.00000,1.00000,0.00000,True,True,True
62.3579,0.0000,2.3596,-187.8475,0.02265,0.00000,1.00000,0.00000,True,True,True
62.3687,0.0000,2.3606,-187.8716,0.02411,0.00000,1.00000,0.00000,True,True,True
62.3791,0.0000,2.3615,-187.8946,0.02309,0.00000,1.00000,0.00000,True,True,True
62.3892,0.0000,2.3624,-187.9176,0.02303,0.00000,1.00000,0.00000,True,True,True
62.3996,0.0000,2.3633,-187.9412,0.02353,0.00000,1.00000,0.00000,True,True,True
62.4098,0.0000,2.3642,-187.9637,0.02251,0.00000,1.00000,0.00000,True,True,True
62.4200,0.0000,2.3651,-187.9869,0.02330,0.00000,1.00000,0.00000,True,True,True
62.4300,0.0000,2.3660,-188.0095,0.02262,0.00000,1.00000,0.00000,True,True,True
62.4404,0.0000,2.3670,-188.0326,0.02311,0.00000,1.00000,0.00000,True,True,True
62.4510,0.0000,2.3680,-188.0566,0.02399,0.00000,1.00000,0.00000,True,True,True
62.4612,0.0000,2.3689,-188.0794,0.02286,0.00000,1.00000,0.00000,True,True,True
62.4736,0.0000,2.3701,-188.1074,0.02802,0.00000,1.00000,0.00000,True,True,True
62.4825,0.0000,2.3709,-188.1273,0.01984,0.00000,1.00000,0.00000,True,True,True
62.4925,0.0000,2.3719,-188.1498,0.02259,0.00000,1.00000,0.00000,True,True,True
62.5030,0.0000,2.3729,-188.1736,0.02381,0.00000,1.00000,0.00000,True,True,True
62.5141,0.0000,2.3739,-188.1982,0.02465,0.00000,1.00000,0.00000,True,True,True
62.5242,0.0000,2.3748,-188.2213,0.02306,0.00000,1.00000,0.00000,True,True,True
62.5350,0.0000,2.3758,-188.2455,0.02422,0.00000,1.00000,0.00000,True,True,True
62.5451,0.0000,2.3768,-188.2682,0.02272,0.00000,1.00000,0.00000,True,True,True
62.5575,0.0000,2.3779,-188.2960,0.02784,0.00000,1.00000,0.00000,True,True,True
62.5664,0.0000,2.3788,-188.3161,0.02013,0.00000,1.00000,0.00000,True,True,True
62.5768,0.0000,2.3798,-188.3395,0.02341,0.00000,1.00000,0.00000,True,True,True
62.5873,0.0000,2.3807,-188.3630,0.02350,0.00000,1.00000,0.00000,True,True,True
62.5978,0.0000,2.3817,-188.3861,0.02314,0.00000,1.00000,0.00000,True,True,True
62.6080,0.0000,2.3827,-188.4095,0.02346,0.00000,1.00000,0.00000,True,True,True
62.6188,0.0000,2.3837,-188.4339,0.02440,0.00000,1.00000,0.00000,True,True,True
62.6291,0.0000,2.3847,-188.4571,0.02317,0.00000,1.00000,0.00000,True,True,True
62.6412,0.0000,2.3858,-188.4841,0.02709,0.00000,1.00000,0.00000,True,True,True
62.6506,0.0000,2.3867,-188.5055,0.02134,0.00000,1.00000,0.00000,True,True,True
62.6609,0.0000,2.3877,-188.5285,0.02303,0.00000,1.00000,0.00000,True,True,True
62.6717,0.0000,2.3888,-188.5529,0.02441,0.00000,1.00000,0.00000,True,True,True
62.6822,0.0000,2.3898,-188.5762,0.02340,0.00000,1.00000,0.00000,True,True,True
62.6925,0.0000,2.3908,-188.5996,0.02335,0.00000,1.00000,0.00000,True,True,True
62.7033,0.0000,2.3919,-188.6239,0.02435,0.00000,1.00000,0.00000,True,True,True
62.7136,0.0000,2.3929,-188.6468,0.02293,0.00000,1.00000,0.00000,True,True,True
62.7257,0.0000,2.3941,-188.6742,0.02748,0.00000,1.00000,0.00000,True,True,True
62.7351,0.0000,2.3950,-188.6953,0.02108,0.00000,1.00000,0.00000,True,True,True
62.7457,0.0000,2.3961,-188.7189,0.02358,0.00000,1.00000,0.00000,True,True,True
62.7562,0.0000,2.3971,-188.7429,0.02403,0.00000,1.00000,0.00000,True,True,True
62.7669,0.0000,2.3981,-188.7658,0.02300,0.00000,1.00000,0.00000,True,True,True
62.7770,0.0000,2.3992,-188.7895,0.02370,0.00000,1.00000,0.00000,True,True,True
62.7877,0.0000,2.4002,-188.8136,0.02406,0.00000,1.00000,0.00000,True,True,True
62.7979,0.0000,2.4012,-188.8362,0.02267,0.00000,1.00000,0.00000,True,True,True
62.8101,0.0000,2.4024,-188.8639,0.02771,0.00000,1.00000,0.00000,True,True,True
62.8185,0.0000,2.4033,-188.8827,0.01885,0.00000,1.00000,0.00000,True,True,True
62.8287,0.0000,2.4043,-188.9057,0.02302,0.00000,1.00000,0.00000,True,True,True
62.8394,0.0000,2.4053,-188.9295,0.02386,0.00000,1.00000,0.00000,True,True,True
62.8497,0.0000,2.4063,-188.9526,0.02305,0.00000,1.00000,0.00000,True,True,True
62.8601,0.0000,2.4074,-188.9763,0.02372,0.00000,1.00000,0.00000,True,True,True
62.8705,0.0000,2.4084,-188.9998,0.02355,0.00000,1.00000,0.00000,True,True,True
62.8808,0.0000,2.4095,-189.0228,0.02308,0.00000,1.00000,0.00000,True,True,True
62.8917,0.0000,2.4106,-189.0468,0.02403,0.00000,1.00000,0.00000,True,True,True
62.9019,0.0000,2.4116,-189.0700,0.02319,0.00000,1.00000,0.00000,True,True,True
62.9118,0.0000,2.4127,-189.0926,0.02265,0.00000,1.00000,0.00000,True,True,True
62.9222,0.0000,2.4138,-189.1158,0.02322,0.00000,1.00000,0.00000,True,True,True
62.9326,0.0000,2.4148,-189.1392,0.02336,0.00000,1.00000,0.00000,True,True,True
62.9437,0.0000,2.4160,-189.1642,0.02511,0.00000,1.00000,0.00000,True,True,True
62.9538,0.0000,2.4171,-189.1869,0.02271,0.00000,1.00000,0.00000,True,True,True
62.9641,0.0000,2.4181,-189.2101,0.02317,0.00000,1.00000,0.00000,True,True,True
62.9768,0.0000,2.4194,-189.2385,0.02841,0.00000,1.00000,0.00000,True,True,True
62.9855,0.0000,2.4203,-189.2577,0.01922,0.00000,1.00000,0.00000,True,True,True
62.9957,0.0000,2.4214,-189.2812,0.02355,0.00000,1.00000,0.00000,True,True,True
63.0065,0.0000,2.4225,-189.3054,0.02427,0.00000,1.00000,0.00000,True,True,True
63.0169,0.0000,2.4236,-189.3285,0.02307,0.00000,1.00000,0.00000,True,True,True
63.0272,0.0000,2.4247,-189.3518,0.02336,0.00000,1.00000,0.00000,True,True,True
63.0379,0.0000,2.4258,-189.3758,0.02403,0.00000,1.00000,0.00000,True,True,True
63.0482,0.0000,2.4269,-189.3991,0.02331,0.00000,1.00000,0.00000,True,True,True
63.0604,0.0000,2.4281,-189.4264,0.02736,0.00000,1.00000,0.00000,True,True,True
63.0696,0.0000,2.4291,-189.4471,0.02074,0.00000,1.00000,0.00000,True,True,True
63.0799,0.0000,2.4302,-189.4702,0.02311,0.00000,1.00000,0.00000,True,True,True
63.0904,0.0000,2.4312,-189.4940,0.02378,0.00000,1.00000,0.00000,True,True,True
63.1008,0.0000,2.4324,-189.5171,0.02313,0.00000,1.00000,0.00000,True,True,True
63.1108,0.0000,2.4335,-189.5398,0.02278,0.00000,1.00000,0.00000,True,True,True
63.1214,0.0000,2.4346,-189.5635,0.02371,0.00000,1.00000,0.00000,True,True,True
63.1315,0.0000,2.4357,-189.5860,0.02246,0.00000,1.00000,0.00000,True,True,True
63.1421,0.0000,2.4368,-189.6087,0.02276,0.00000,1.00000,0.00000,True,True,True
63.1526,0.0000,2.4378,-189.6301,0.02145,0.00000,1.00000,0.00000,True,True,True
63.1627,0.0000,2.4389,-189.6512,0.02110,0.00000,1.00000,0.00000,True,True,True
63.1731,0.0000,2.4399,-189.6724,0.02120,0.00000,1.00000,0.00000,True,True,True
63.1836,0.0000,2.4409,-189.6925,0.02015,0.00000,1.00000,0.00000,True,True,True
63.1958,0.0000,2.4420,-189.7155,0.02307,0.00000,1.00000,0.00000,True,True,True
63.2049,0.0000,2.4428,-189.7322,0.01667,0.00000,1.00000,0.00000,True,True,True
63.2151,0.0000,2.4437,-189.7502,0.01804,0.00000,1.00000,0.00000,True,True,True
63.2257,0.0000,2.4445,-189.7684,0.01818,0.00000,1.00000,0.00000,True,True,True
63.2362,0.0000,2.4454,-189.7855,0.01713,0.00000,1.00000,0.00000,True,True,True
63.2464,0.0000,2.4462,-189.8021,0.01664,0.00000,1.00000,0.00000,True,True,True
63.2576,0.0000,2.4470,-189.8194,0.01737,0.00000,1.00000,0.00000,True,True,True
63.2675,0.0000,2.4477,-189.8342,0.01474,0.00000,1.00000,0.00000,True,True,True
63.2779,0.0000,2.4485,-189.8490,0.01488,0.00000,1.00000,0.00000,True,True,True
63.2883,0.0000,2.4492,-189.8634,0.01441,0.00000,1.00000,0.00000,True,True,True
63.2993,0.0000,2.4499,-189.8779,0.01453,0.00000,1.00000,0.00000,True,True,True
63.3098,0.0000,2.4505,-189.8915,0.01357,0.00000,1.00000,0.00000,True,True,True
63.3215,0.0000,2.4512,-189.9057,0.01428,0.00000,1.00000,0.00000,True,True,True
63.3314,0.0000,2.4518,-189.9173,0.01156,0.00000,1.00000,0.00000,True,True,True
63.3417,0.0000,2.4523,-189.9290,0.01175,0.00000,1.00000,0.00000,True,True,True
63.3528,0.0000,2.4529,-189.9410,0.01198,0.00000,1.00000,0.00000,True,True,True
63.3633,0.0000,2.4535,-189.9519,0.01095,0.00000,1.00000,0.00000,True,True,True
63.3735,0.0000,2.4540,-189.9625,0.01057,0.00000,1.00000,0.00000,True,True,True
63.3845,0.0000,2.4545,-189.9733,0.01080,0.00000,1.00000,0.00000,True,True,True
63.3948,0.0000,2.4550,-189.9832,0.00996,0.00000,1.00000,0.00000,True,True,True
63.4066,0.0000,2.4550,-189.9832,0.00000,0.00000,1.00000,0.00000,True,True,True
63.4380,0.0000,2.4549,-189.9827,0.00052,0.00000,1.00000,0.00000,True,True,True
63.4480,0.0000,2.4549,-189.9814,0.00134,0.00000,1.00000,0.00000,True,True,True
63.4586,0.0000,2.4548,-189.9790,0.00231,0.00000,1.00000,0.00000,True,True,True
63.4688,0.0000,2.4546,-189.9761,0.00298,0.00000,1.00000,0.00000,True,True,True
63.4791,0.0000,2.4544,-189.9723,0.00380,0.00000,1.00000,0.00000,True,True,True
63.4915,0.0000,2.4542,-189.9665,0.00574,0.00000,1.00000,0.00000,True,True,True
63.5007,0.0000,2.4539,-189.9617,0.00483,0.00000,1.00000,0.00000,True,True,True
63.5109,0.0000,2.4536,-189.9555,0.00623,0.00000,1.00000,0.00000,True,True,True
63.5216,0.0000,2.4533,-189.9485,0.00697,0.00000,1.00000,0.00000,True,True,True
63.5323,0.0000,2.4530,-189.9417,0.00686,0.00000,1.00000,0.00000,True,True,True
63.5427,0.0000,2.4526,-189.9349,0.00675,0.00000,1.00000,0.00000,True,True,True
63.5535,0.0000,2.4523,-189.9279,0.00706,0.00000,1.00000,0.00000,True,True,True
63.5640,0.0000,2.4520,-189.9211,0.00677,0.00000,1.00000,0.00000,True,True,True
63.5758,0.0000,2.4516,-189.9134,0.00770,0.00000,1.00000,0.00000,True,True,True
63.5858,0.0000,2.4513,-189.9070,0.00642,0.00000,1.00000,0.00000,True,True,True
63.5959,0.0000,2.4510,-189.9004,0.00660,0.00000,1.00000,0.00000,True,True,True
63.6068,0.0000,2.4506,-189.8934,0.00701,0.00000,1.00000,0.00000,True,True,True
63.6177,0.0000,2.4503,-189.8864,0.00701,0.00000,1.00000,0.00000,True,True,True
63.6279,0.0000,2.4500,-189.8798,0.00668,0.00000,1.00000,0.00000,True,True,True
63.6388,0.0000,2.4496,-189.8718,0.00801,0.00000,1.00000,0.00000,True,True,True
63.6491,0.0000,2.4492,-189.8634,0.00834,0.00000,1.00000,0.00000,True,True,True
63.6611,0.0000,2.4486,-189.8527,0.01071,0.00000,1.00000,0.00000,True,True,True
63.6708,0.0000,2.4482,-189.8434,0.00938,0.00000,1.00000,0.00000,True,True,True
63.6812,0.0000,2.4477,-189.8324,0.01098,0.00000,1.00000,0.00000,True,True,True
63.6920,0.0000,2.4471,-189.8202,0.01221,0.00000,1.00000,0.00000,True,True,True
63.7027,0.0000,2.4465,-189.8077,0.01256,0.00000,1.00000,0.00000,True,True,True
63.7128,0.0000,2.4458,-189.7944,0.01326,0.00000,1.00000,0.00000,True,True,True
63.7239,0.0000,2.4451,-189.7792,0.01523,0.00000,1.00000,0.00000,True,True,True
63.7340,0.0000,2.4444,-189.7646,0.01459,0.00000,1.00000,0.00000,True,True,True
63.7460,0.0000,2.4435,-189.7463,0.01839,0.00000,1.00000,0.00000,True,True,True
63.7556,0.0000,2.4427,-189.7308,0.01548,0.00000,1.00000,0.00000,True,True,True
63.7657,0.0000,2.4419,-189.7139,0.01696,0.00000,1.00000,0.00000,True,True,True
63.7762,0.0000,2.4410,-189.6953,0.01861,0.00000,1.00000,0.00000,True,True,True
63.7867,0.0000,2.4401,-189.6762,0.01908,0.00000,1.00000,0.00000,True,True,True
63.7973,0.0000,2.4391,-189.6556,0.02061,0.00000,1.00000,0.00000,True,True,True
63.8080,0.0000,2.4381,-189.6351,0.02061,0.00000,1.00000,0.00000,True,True,True
63.8208,0.0000,2.4368,-189.6094,0.02568,0.00000,1.00000,0.00000,True,True,True
63.8285,0.0000,2.4359,-189.5909,0.01848,0.00000,1.00000,0.00000,True,True,True
63.8390,0.0000,2.4348,-189.5675,0.02351,0.00000,1.00000,0.00000,True,True,True
63.8505,0.0000,2.4335,-189.5410,0.02649,0.00000,1.00000,0.00000,True,True,True
63.8616,0.0000,2.4322,-189.5144,0.02667,0.00000,1.00000,0.00000,True,True,True
63.8709,0.0000,2.4312,-189.4919,0.02246,0.00000,1.00000,0.00000,True,True,True
63.8813,0.0000,2.4299,-189.4650,0.02698,0.00000,1.00000,0.00000,True,True,True
63.8920,0.0000,2.4286,-189.4367,0.02827,0.00000,1.00000,0.00000,True,True,True
63.9027,0.0000,2.4273,-189.4084,0.02835,0.00000,1.00000,0.00000,True,True,True
63.9130,0.0000,2.4259,-189.3791,0.02937,0.00000,1.00000,0.00000,True,True,True
63.9239,0.0000,2.4245,-189.3481,0.03105,0.00000,1.00000,0.00000,True,True,True
63.9349,0.0000,2.4230,-189.3155,0.03263,0.00000,1.00000,0.00000,True,True,True
63.9461,0.0000,2.4214,-189.2816,0.03385,0.00000,1.00000,0.00000,True,True,True
63.9553,0.0000,2.4201,-189.2534,0.02824,0.00000,1.00000,0.00000,True,True,True
63.9658,0.0000,2.4186,-189.2196,0.03383,0.00000,1.00000,0.00000,True,True,True
63.9766,0.0000,2.4169,-189.1842,0.03550,0.00000,1.00000,0.00000,True,True,True
63.9872,0.0000,2.4153,-189.1496,0.03461,0.00000,1.00000,0.00000,True,True,True
63.9976,0.0000,2.4137,-189.1135,0.03611,0.00000,1.00000,0.00000,True,True,True
64.0085,0.0000,2.4119,-189.0755,0.03802,0.00000,1.00000,0.00000,True,True,True
64.0189,0.0000,2.4102,-189.0382,0.03742,0.00000,1.00000,0.00000,True,True,True
64.0308,0.0000,2.4082,-188.9949,0.04327,0.00000,1.00000,0.00000,True,True,True
64.0405,0.0000,2.4066,-188.9581,0.03682,0.00000,1.00000,0.00000,True,True,True
64.0509,0.0000,2.4048,-188.9184,0.03976,0.00000,1.00000,0.00000,True,True,True
64.0620,0.0000,2.4029,-188.8756,0.04290,0.00000,1.00000,0.00000,True,True,True
64.0725,0.0000,2.4011,-188.8337,0.04190,0.00000,1.00000,0.00000,True,True,True
64.0829,0.0000,2.3992,-188.7912,0.04257,0.00000,1.00000,0.00000,True,True,True
64.0941,0.0000,2.3972,-188.7449,0.04631,0.00000,1.00000,0.00000,True,True,True
64.1042,0.0000,2.3953,-188.7027,0.04226,0.00000,1.00000,0.00000,True,True,True
64.1146,0.0000,2.3934,-188.6578,0.04492,0.00000,1.00000,0.00000,True,True,True
64.1251,0.0000,2.3914,-188.6120,0.04590,0.00000,1.00000,0.00000,True,True,True
64.1358,0.0000,2.3892,-188.5640,0.04805,0.00000,1.00000,0.00000,True,True,True
64.1468,0.0000,2.3871,-188.5143,0.04967,0.00000,1.00000,0.00000,True,True,True
64.1581,0.0000,2.3848,-188.4618,0.05263,0.00000,1.00000,0.00000,True,True,True
64.1671,0.0000,2.3831,-188.4197,0.04210,0.00000,1.00000,0.00000,True,True,True
64.1776,0.0000,2.3810,-188.3695,0.05023,0.00000,1.00000,0.00000,True,True,True
64.1884,0.0000,2.3788,-188.3171,0.05244,0.00000,1.00000,0.00000,True,True,True
64.1990,0.0000,2.3767,-188.2657,0.05150,0.00000,1.00000,0.00000,True,True,True
64.2094,0.0000,2.3745,-188.2128,0.05290,0.00000,1.00000,0.00000,True,True,True
64.2203,0.0000,2.3722,-188.1576,0.05527,0.00000,1.00000,0.00000,True,True,True
64.2306,0.0000,2.3700,-188.1040,0.05360,0.00000,1.00000,0.00000,True,True,True
64.2427,0.0000,2.3674,-188.0418,0.06231,0.00000,1.00000,0.00000,True,True,True
64.2526,0.0000,2.3652,-187.9885,0.05333,0.00000,1.00000,0.00000,True,True,True
64.2628,0.0000,2.3630,-187.9330,0.05554,0.00000,1.00000,0.00000,True,True,True
64.2742,0.0000,2.3606,-187.8727,0.06029,0.00000,1.00000,0.00000,True,True,True
64.2860,0.0000,2.3583,-187.8127,0.06012,0.00000,1.00000,0.00000,True,True,True
64.2960,0.0000,2.3560,-187.7539,0.05885,0.00000,1.00000,0.00000,True,True,True
64.3078,0.0000,2.3535,-187.6923,0.06165,0.00000,1.00000,0.00000,True,True,True
64.3185,0.0000,2.3512,-187.6336,0.05875,0.00000,1.00000,0.00000,True,True,True
64.3290,0.0000,2.3490,-187.5765,0.05710,0.00000,1.00000,0.00000,True,True,True
64.3396,0.0000,2.3467,-187.5184,0.05810,0.00000,1.00000,0.00000,True,True,True
64.3500,0.0000,2.3446,-187.4627,0.05576,0.00000,1.00000,0.00000,True,True,True
64.3620,0.0000,2.3423,-187.3986,0.06419,0.00000,1.00000,0.00000,True,True,True
64.3715,0.0000,2.3403,-187.3462,0.05237,0.00000,1.00000,0.00000,True,True,True
64.3819,0.0000,2.3382,-187.2900,0.05630,0.00000,1.00000,0.00000,True,True,True
64.3926,0.0000,2.3361,-187.2323,0.05773,0.00000,1.00000,0.00000,True,True,True
64.4033,0.0000,2.3340,-187.1761,0.05627,0.00000,1.00000,0.00000,True,True,True
64.4135,0.0000,2.3320,-187.1197,0.05643,0.00000,1.00000,0.00000,True,True,True
64.4244,0.0000,2.3298,-187.0614,0.05833,0.00000,1.00000,0.00000,True,True,True
64.4347,0.0000,2.3277,-187.0051,0.05628,0.00000,1.00000,0.00000,True,True,True
64.4468,0.0000,2.3255,-186.9406,0.06458,0.00000,1.00000,0.00000,True,True,True
64.4564,0.0000,2.3237,-186.8884,0.05223,0.00000,1.00000,0.00000,True,True,True
64.4669,0.0000,2.3217,-186.8318,0.05660,0.00000,1.00000,0.00000,True,True,True
64.4778,0.0000,2.3197,-186.7730,0.05886,0.00000,1.00000,0.00000,True,True,True
64.4897,0.0000,2.3175,-186.7089,0.06414,0.00000,1.00000,0.00000,True,True,True
64.4991,0.0000,2.3157,-186.6580,0.05089,0.00000,1.00000,0.00000,True,True,True
64.5095,0.0000,2.3138,-186.6016,0.05651,0.00000,1.00000,0.00000,True,True,True
64.5206,0.0000,2.3118,-186.5433,0.05829,0.00000,1.00000,0.00000,True,True,True
64.5309,0.0000,2.3099,-186.4873,0.05606,0.00000,1.00000,0.00000,True,True,True
64.5414,0.0000,2.3080,-186.4296,0.05772,0.00000,1.00000,0.00000,True,True,True
64.5521,0.0000,2.3062,-186.3717,0.05786,0.00000,1.00000,0.00000,True,True,True
64.5624,0.0000,2.3044,-186.3161,0.05565,0.00000,1.00000,0.00000,True,True,True
64.5743,0.0000,2.3023,-186.2521,0.06409,0.00000,1.00000,0.00000,True,True,True
64.5841,0.0000,2.3007,-186.1994,0.05267,0.00000,1.00000,0.00000,True,True,True
64.5951,0.0000,2.2987,-186.1398,0.05965,0.00000,1.00000,0.00000,True,True,True
64.6050,0.0000,2.2970,-186.0860,0.05380,0.00000,1.00000,0.00000,True,True,True
64.6155,0.0000,2.2952,-186.0301,0.05594,0.00000,1.00000,0.00000,True,True,True
64.6259,0.0000,2.2935,-185.9734,0.05677,0.00000,1.00000,0.00000,True,True,True
64.6368,0.0000,2.2917,-185.9146,0.05880,0.00000,1.00000,0.00000,True,True,True
64.6473,0.0000,2.2901,-185.8589,0.05576,0.00000,1.00000,0.00000,True,True,True
64.6590,0.0000,2.2882,-185.7967,0.06221,0.00000,1.00000,0.00000,True,True,True
64.6690,0.0000,2.2867,-185.7448,0.05190,0.00000,1.00000,0.00000,True,True,True
64.6794,0.0000,2.2851,-185.6917,0.05312,0.00000,1.00000,0.00000,True,True,True
64.6905,0.0000,2.2835,-185.6364,0.05529,0.00000,1.00000,0.00000,True,True,True
64.7014,0.0000,2.2819,-185.5821,0.05439,0.00000,1.00000,0.00000,True,True,True
64.7117,0.0000,2.2803,-185.5311,0.05105,0.00000,1.00000,0.00000,True,True,True
64.7226,0.0000,2.2789,-185.4792,0.05184,0.00000,1.00000,0.00000,True,True,True
64.7338,0.0000,2.2774,-185.4270,0.05220,0.00000,1.00000,0.00000,True,True,True
64.7448,0.0000,2.2760,-185.3748,0.05223,0.00000,1.00000,0.00000,True,True,True
64.7549,0.0000,2.2748,-185.3287,0.04611,0.00000,1.00000,0.00000,True,True,True
64.7653,0.0000,2.2735,-185.2822,0.04659,0.00000,1.00000,0.00000,True,True,True
64.7758,0.0000,2.2722,-185.2360,0.04614,0.00000,1.00000,0.00000,True,True,True
64.7864,0.0000,2.2710,-185.1916,0.04450,0.00000,1.00000,0.00000,True,True,True
64.7966,0.0000,2.2698,-185.1467,0.04491,0.00000,1.00000,0.00000,True,True,True
64.8076,0.0000,2.2686,-185.1009,0.04575,0.00000,1.00000,0.00000,True,True,True
64.8180,0.0000,2.2674,-185.0586,0.04239,0.00000,1.00000,0.00000,True,True,True
64.8297,0.0000,2.2661,-185.0117,0.04685,0.00000,1.00000,0.00000,True,True,True
64.8395,0.0000,2.2652,-184.9733,0.03842,0.00000,1.00000,0.00000,True,True,True
64.8503,0.0000,2.2642,-184.9323,0.04100,0.00000,1.00000,0.00000,True,True,True
64.8728,0.0000,2.2621,-184.8478,0.08454,0.00000,1.00000,0.00000,True,True,True
64.8868,0.0000,2.2608,-184.7971,0.05072,0.00000,1.00000,0.00000,True,True,True
64.9098,0.0000,2.2588,-184.7173,0.07989,0.00000,1.00000,0.00000,True,True,True
64.9249,0.0000,2.2576,-184.6665,0.05078,0.00000,1.00000,0.00000,True,True,True
64.9405,0.0000,2.2564,-184.6183,0.04825,0.00000,1.00000,0.00000,True,True,True
64.9558,0.0000,2.2552,-184.5691,0.04916,0.00000,1.00000,0.00000,True,True,True
64.9722,0.0000,2.2540,-184.5195,0.04967,0.00000,1.00000,0.00000,True,True,True
64.9841,0.0000,2.2531,-184.4851,0.03440,0.00000,1.00000,0.00000,True,True,True
64.9981,0.0000,2.2523,-184.4457,0.03935,0.00000,1.00000,0.00000,True,True,True
65.0139,0.0000,2.2513,-184.4033,0.04240,0.00000,1.00000,0.00000,True,True,True
65.0306,0.0000,2.2504,-184.3608,0.04251,0.00000,1.00000,0.00000,True,True,True
65.0424,0.0000,2.2497,-184.3316,0.02920,0.00000,1.00000,0.00000,True,True,True
65.0565,0.0000,2.2490,-184.2982,0.03346,0.00000,1.00000,0.00000,True,True,True
65.0723,0.0000,2.2482,-184.2629,0.03529,0.00000,1.00000,0.00000,True,True,True
65.0861,0.0000,2.2476,-184.2333,0.02967,0.00000,1.00000,0.00000,True,True,True
65.0996,0.0000,2.2469,-184.2058,0.02749,0.00000,1.00000,0.00000,True,True,True
65.1140,0.0000,2.2463,-184.1781,0.02767,0.00000,1.00000,0.00000,True,True,True
65.1275,0.0000,2.2458,-184.1532,0.02488,0.00000,1.00000,0.00000,True,True,True
65.1432,0.0000,2.2452,-184.1264,0.02683,0.00000,1.00000,0.00000,True,True,True
65.1567,0.0000,2.2447,-184.1047,0.02175,0.00000,1.00000,0.00000,True,True,True
65.1723,0.0000,2.2442,-184.0814,0.02326,0.00000,1.00000,0.00000,True,True,True
65.1845,0.0000,2.2438,-184.0642,0.01723,0.00000,1.00000,0.00000,True,True,True
65.1998,0.0000,2.2434,-184.0445,0.01972,0.00000,1.00000,0.00000,True,True,True
65.2140,0.0000,2.2430,-184.0278,0.01673,0.00000,1.00000,0.00000,True,True,True
65.2273,0.0000,2.2427,-184.0135,0.01427,0.00000,1.00000,0.00000,True,True,True
65.2414,0.0000,2.2427,-184.0135,0.00000,0.00000,1.00000,0.00000,True,True,True
65.2555,0.0000,2.2426,-184.0120,0.00153,0.00000,1.00000,0.00000,True,True,True
65.2694,0.0000,2.2426,-184.0091,0.00290,0.00000,1.00000,0.00000,True,True,True
65.2848,0.0000,2.2425,-184.0040,0.00505,0.00000,1.00000,0.00000,True,True,True
65.2983,0.0000,2.2423,-183.9983,0.00572,0.00000,1.00000,0.00000,True,True,True
65.3143,0.0000,2.2422,-183.9897,0.00858,0.00000,1.00000,0.00000,True,True,True
65.3277,0.0000,2.2420,-183.9808,0.00888,0.00000,1.00000,0.00000,True,True,True
65.3435,0.0000,2.2418,-183.9687,0.01215,0.00000,1.00000,0.00000,True,True,True
65.3571,0.0000,2.2415,-183.9571,0.01163,0.00000,1.00000,0.00000,True,True,True
65.3722,0.0000,2.2412,-183.9421,0.01499,0.00000,1.00000,0.00000,True,True,True
65.3853,0.0000,2.2410,-183.9279,0.01421,0.00000,1.00000,0.00000,True,True,True
65.4011,0.0000,2.2406,-183.9090,0.01888,0.00000,1.00000,0.00000,True,True,True
65.4147,0.0000,2.2402,-183.8915,0.01746,0.00000,1.00000,0.00000,True,True,True
65.4288,0.0000,2.2398,-183.8719,0.01967,0.00000,1.00000,0.00000,True,True,True
65.4428,0.0000,2.2394,-183.8507,0.02120,0.00000,1.00000,0.00000,True,True,True
65.4593,0.0000,2.2389,-183.8240,0.02666,0.00000,1.00000,0.00000,True,True,True
65.4743,0.0000,2.2384,-183.7973,0.02675,0.00000,1.00000,0.00000,True,True,True
65.4889,0.0000,2.2378,-183.7702,0.02712,0.00000,1.00000,0.00000,True,True,True
65.5056,0.0000,2.2372,-183.7371,0.03306,0.00000,1.00000,0.00000,True,True,True
65.5174,0.0000,2.2367,-183.7127,0.02440,0.00000,1.00000,0.00000,True,True,True
65.5314,0.0000,2.2361,-183.6826,0.03010,0.00000,1.00000,0.00000,True,True,True
65.5472,0.0000,2.2354,-183.6460,0.03664,0.00000,1.00000,0.00000,True,True,True
65.5609,0.0000,2.2348,-183.6132,0.03281,0.00000,1.00000,0.00000,True,True,True
65.5740,0.0000,2.2341,-183.5806,0.03257,0.00000,1.00000,0.00000,True,True,True
65.5889,0.0000,2.2334,-183.5417,0.03887,0.00000,1.00000,0.00000,True,True,True
65.6020,0.0000,2.2327,-183.5063,0.03541,0.00000,1.00000,0.00000,True,True,True
65.6176,0.0000,2.2319,-183.4622,0.04417,0.00000,1.00000,0.00000,True,True,True
65.6308,0.0000,2.2312,-183.4240,0.03820,0.00000,1.00000,0.00000,True,True,True
65.6447,0.0000,2.2305,-183.3818,0.04221,0.00000,1.00000,0.00000,True,True,True
65.6587,0.0000,2.2298,-183.3386,0.04322,0.00000,1.00000,0.00000,True,True,True
65.6726,0.0000,2.2290,-183.2936,0.04494,0.00000,1.00000,0.00000,True,True,True
65.6862,0.0000,2.2282,-183.2478,0.04584,0.00000,1.00000,0.00000,True,True,True
65.7014,0.0000,2.2273,-183.1953,0.05248,0.00000,1.00000,0.00000,True,True,True
65.7140,0.0000,2.2265,-183.1505,0.04482,0.00000,1.00000,0.00000,True,True,True
65.7277,0.0000,2.2257,-183.1006,0.04990,0.00000,1.00000,0.00000,True,True,True
65.7417,0.0000,2.2248,-183.0487,0.05190,0.00000,1.00000,0.00000,True,True,True
65.7558,0.0000,2.2239,-182.9947,0.05401,0.00000,1.00000,0.00000,True,True,True
65.7690,0.0000,2.2231,-182.9415,0.05320,0.00000,1.00000,0.00000,True,True,True
65.7840,0.0000,2.2222,-182.8804,0.06116,0.00000,1.00000,0.00000,True,True,True
65.7973,0.0000,2.2214,-182.8254,0.05497,0.00000,1.00000,0.00000,True,True,True
65.8117,0.0000,2.2205,-182.7639,0.06147,0.00000,1.00000,0.00000,True,True,True
65.8254,0.0000,2.2197,-182.7041,0.05981,0.00000,1.00000,0.00000,True,True,True
65.8392,0.0000,2.2188,-182.6422,0.06199,0.00000,1.00000,0.00000,True,True,True
65.8529,0.0000,2.2178,-182.5786,0.06356,0.00000,1.00000,0.00000,True,True,True
65.8683,0.0000,2.2168,-182.5065,0.07215,0.00000,1.00000,0.00000,True,True,True
65.8811,0.0000,2.2160,-182.4448,0.06165,0.00000,1.00000,0.00000,True,True,True
65.8948,0.0000,2.2152,-182.3783,0.06658,0.00000,1.00000,0.00000,True,True,True
65.9085,0.0000,2.2144,-182.3099,0.06839,0.00000,1.00000,0.00000,True,True,True
65.9226,0.0000,2.2136,-182.2387,0.07114,0.00000,1.00000,0.00000,True,True,True
65.9362,0.0000,2.2127,-182.1670,0.07172,0.00000,1.00000,0.00000,True,True,True
65.9516,0.0000,2.2117,-182.0848,0.08224,0.00000,1.00000,0.00000,True,True,True
65.9643,0.0000,2.2109,-182.0155,0.06933,0.00000,1.00000,0.00000,True,True,True
65.9779,0.0000,2.2102,-181.9429,0.07257,0.00000,1.00000,0.00000,True,True,True
65.9917,0.0000,2.2095,-181.8684,0.07447,0.00000,1.00000,0.00000,True,True,True
66.0057,0.0000,2.2088,-181.7930,0.07547,0.00000,1.00000,0.00000,True,True,True
66.0189,0.0000,2.2081,-181.7207,0.07222,0.00000,1.00000,0.00000,True,True,True
66.0340,0.0000,2.2073,-181.6393,0.08145,0.00000,1.00000,0.00000,True,True,True
66.0473,0.0000,2.2067,-181.5680,0.07129,0.00000,1.00000,0.00000,True,True,True
66.0606,0.0000,2.2060,-181.4953,0.07270,0.00000,1.00000,0.00000,True,True,True
66.0745,0.0000,2.2055,-181.4211,0.07425,0.00000,1.00000,0.00000,True,True,True
66.0888,0.0000,2.2050,-181.3429,0.07811,0.00000,1.00000,0.00000,True,True,True
66.1035,0.0000,2.2045,-181.2642,0.07877,0.00000,1.00000,0.00000,True,True,True
66.1163,0.0000,2.2040,-181.1949,0.06925,0.00000,1.00000,0.00000,True,True,True
66.1305,0.0000,2.2035,-181.1179,0.07701,0.00000,1.00000,0.00000,True,True,True
66.1434,0.0000,2.2030,-181.0481,0.06978,0.00000,1.00000,0.00000,True,True,True
66.1587,0.0000,2.2026,-180.9660,0.08209,0.00000,1.00000,0.00000,True,True,True
66.1724,0.0000,2.2023,-180.8928,0.07321,0.00000,1.00000,0.00000,True,True,True
66.1851,0.0000,2.2020,-180.8235,0.06934,0.00000,1.00000,0.00000,True,True,True
66.1989,0.0000,2.2017,-180.7486,0.07495,0.00000,1.00000,0.00000,True,True,True
66.2139,0.0000,2.2014,-180.6680,0.08057,0.00000,1.00000,0.00000,True,True,True
66.2278,0.0000,2.2010,-180.5926,0.07542,0.00000,1.00000,0.00000,True,True,True
66.2407,0.0000,2.2008,-180.5228,0.06972,0.00000,1.00000,0.00000,True,True,True
66.2556,0.0000,2.2006,-180.4425,0.08034,0.00000,1.00000,0.00000,True,True,True
66.2683,0.0000,2.2005,-180.3741,0.06839,0.00000,1.00000,0.00000,True,True,True
66.2834,0.0000,2.2004,-180.2927,0.08138,0.00000,1.00000,0.00000,True,True,True
66.2973,0.0000,2.2003,-180.2180,0.07475,0.00000,1.00000,0.00000,True,True,True
66.3101,0.0000,2.2002,-180.1483,0.06966,0.00000,1.00000,0.00000,True,True,True
66.3249,0.0000,2.2001,-180.0687,0.07962,0.00000,1.00000,0.00000,True,True,True
66.3390,0.0000,2.2000,-179.9924,0.07629,0.00000,1.00000,0.00000,True,True,True
66.3530,0.0000,2.2000,-179.9164,0.07603,0.00000,1.00000,0.00000,True,True,True
66.3689,0.0000,2.2000,-179.8311,0.08525,0.00000,1.00000,0.00000,True,True,True
66.3822,0.0000,2.2000,-179.7616,0.06955,0.00000,1.00000,0.00000,True,True,True
66.3972,0.0000,2.2000,-179.6839,0.07770,0.00000,1.00000,0.00000,True,True,True
66.4100,0.0000,2.2000,-179.6193,0.06458,0.00000,1.00000,0.00000,True,True,True
66.4254,0.0000,2.2000,-179.5435,0.07576,0.00000,1.00000,0.00000,True,True,True
66.4389,0.0000,2.2000,-179.4782,0.06534,0.00000,1.00000,0.00000,True,True,True
66.4528,0.0000,2.2000,-179.4133,0.06491,0.00000,1.00000,0.00000,True,True,True
66.4665,0.0000,2.2000,-179.3488,0.06450,0.00000,1.00000,0.00000,True,True,True
66.4806,0.0000,2.2000,-179.2851,0.06371,0.00000,1.00000,0.00000,True,True,True
66.4941,0.0000,2.2000,-179.2250,0.06010,0.00000,1.00000,0.00000,True,True,True
66.5096,0.0000,2.2000,-179.1582,0.06674,0.00000,1.00000,0.00000,True,True,True
66.5229,0.0000,2.2000,-179.1034,0.05487,0.00000,1.00000,0.00000,True,True,True
66.5364,0.0000,2.2000,-179.0469,0.05652,0.00000,1.00000,0.00000,True,True,True
66.5505,0.0000,2.2000,-178.9909,0.05594,0.00000,1.00000,0.00000,True,True,True
66.5645,0.0000,2.2000,-178.9370,0.05388,0.00000,1.00000,0.00000,True,True,True
66.5783,0.0000,2.2000,-178.8833,0.05371,0.00000,1.00000,0.00000,True,True,True
66.5933,0.0000,2.2000,-178.8280,0.05533,0.00000,1.00000,0.00000,True,True,True
66.6065,0.0000,2.2000,-178.7815,0.04652,0.00000,1.00000,0.00000,True,True,True
66.6222,0.0000,2.2000,-178.7264,0.05510,0.00000,1.00000,0.00000,True,True,True
66.6342,0.0000,2.2000,-178.6859,0.04050,0.00000,1.00000,0.00000,True,True,True
66.6499,0.0000,2.2000,-178.6349,0.05099,0.00000,1.00000,0.00000,True,True,True
66.6640,0.0000,2.2000,-178.5908,0.04408,0.00000,1.00000,0.00000,True,True,True
66.6806,0.0000,2.2000,-178.5401,0.05074,0.00000,1.00000,0.00000,True,True,True
66.6928,0.0000,2.2000,-178.5042,0.03586,0.00000,1.00000,0.00000,True,True,True
66.7067,0.0000,2.2000,-178.4648,0.03937,0.00000,1.00000,0.00000,True,True,True
66.7222,0.0000,2.2000,-178.4227,0.04211,0.00000,1.00000,0.00000,True,True,True
66.7365,0.0000,2.2000,-178.3857,0.03708,0.00000,1.00000,0.00000,True,True,True
66.7496,0.0000,2.2000,-178.3529,0.03279,0.00000,1.00000,0.00000,True,True,True
66.7640,0.0000,2.2000,-178.3182,0.03468,0.00000,1.00000,0.00000,True,True,True
66.7774,0.0000,2.2000,-178.2871,0.03105,0.00000,1.00000,0.00000,True,True,True
66.7929,0.0000,2.2000,-178.2533,0.03386,0.00000,1.00000,0.00000,True,True,True
66.8066,0.0000,2.2000,-178.2254,0.02785,0.00000,1.00000,0.00000,True,True,True
66.8227,0.0000,2.2000,-178.1938,0.03159,0.00000,1.00000,0.00000,True,True,True
66.8358,0.0000,2.2000,-178.1693,0.02454,0.00000,1.00000,0.00000,True,True,True
66.8519,0.0000,2.2000,-178.1411,0.02820,0.00000,1.00000,0.00000,True,True,True
66.8664,0.0000,2.2000,-178.1176,0.02353,0.00000,1.00000,0.00000,True,True,True
66.8815,0.0000,2.2000,-178.0945,0.02306,0.00000,1.00000,0.00000,True,True,True
66.8978,0.0000,2.2000,-178.0716,0.02289,0.00000,1.00000,0.00000,True,True,True
66.9112,0.0000,2.2000,-178.0543,0.01730,0.00000,1.00000,0.00000,True,True,True
66.9276,0.0000,2.2000,-178.0348,0.01953,0.00000,1.00000,0.00000,True,True,True
66.9414,0.0000,2.2000,-178.0202,0.01459,0.00000,1.00000,0.00000,True,True,True
66.9563,0.0000,2.2000,-178.0202,0.00000,0.00000,1.00000,0.00000,True,True,True
66.9727,0.0000,2.2000,-178.0182,0.00201,0.00000,1.00000,0.00000,True,True,True
66.9845,0.0000,2.2000,-178.0156,0.00258,0.00000,1.00000,0.00000,True,True,True
66.9988,0.0000,2.2000,-178.0111,0.00455,0.00000,1.00000,0.00000,True,True,True
67.0146,0.0000,2.2000,-178.0043,0.00681,0.00000,1.00000,0.00000,True,True,True
67.0268,0.0000,2.2000,-177.9977,0.00658,0.00000,1.00000,0.00000,True,True,True
67.0430,0.0000,2.2000,-177.9872,0.01045,0.00000,1.00000,0.00000,True,True,True
67.0559,0.0000,2.2000,-177.9776,0.00966,0.00000,1.00000,0.00000,True,True,True
67.0709,0.0000,2.2000,-177.9653,0.01230,0.00000,1.00000,0.00000,True,True,True
67.0844,0.0000,2.2000,-177.9517,0.01358,0.00000,1.00000,0.00000,True,True,True
67.1000,0.0000,2.2000,-177.9350,0.01671,0.00000,1.00000,0.00000,True,True,True
67.1140,0.0000,2.2000,-177.9183,0.01671,0.00000,1.00000,0.00000,True,True,True
67.1266,0.0000,2.2000,-177.9022,0.01608,0.00000,1.00000,0.00000,True,True,True
67.1405,0.0000,2.2000,-177.8829,0.01930,0.00000,1.00000,0.00000,True,True,True
67.1558,0.0000,2.2000,-177.8602,0.02264,0.00000,1.00000,0.00000,True,True,True
67.1694,0.0000,2.2000,-177.8383,0.02199,0.00000,1.00000,0.00000,True,True,True
67.1819,0.0000,2.2000,-177.8171,0.02113,0.00000,1.00000,0.00000,True,True,True
67.1974,0.0000,2.2000,-177.7892,0.02791,0.00000,1.00000,0.00000,True,True,True
67.2090,0.0000,2.2000,-177.7670,0.02217,0.00000,1.00000,0.00000,True,True,True
67.2251,0.0000,2.2000,-177.7346,0.03246,0.00000,1.00000,0.00000,True,True,True
67.2393,0.0000,2.2000,-177.7051,0.02945,0.00000,1.00000,0.00000,True,True,True
67.2534,0.0000,2.2000,-177.6738,0.03133,0.00000,1.00000,0.00000,True,True,True
67.2689,0.0000,2.2000,-177.6371,0.03671,0.00000,1.00000,0.00000,True,True,True
67.2823,0.0000,2.2000,-177.6048,0.03232,0.00000,1.00000,0.00000,True,True,True
67.2977,0.0000,2.2000,-177.5649,0.03984,0.00000,1.00000,0.00000,True,True,True
67.3102,0.0000,2.2000,-177.5314,0.03349,0.00000,1.00000,0.00000,True,True,True
67.3250,0.0000,2.2000,-177.4928,0.03867,0.00000,1.00000,0.00000,True,True,True
67.3390,0.0000,2.2000,-177.4504,0.04242,0.00000,1.00000,0.00000,True,True,True
67.3518,0.0000,2.2000,-177.4122,0.03818,0.00000,1.00000,0.00000,True,True,True
67.3682,0.0000,2.2000,-177.3628,0.04936,0.00000,1.00000,0.00000,True,True,True
67.3819,0.0000,2.2000,-177.3184,0.04443,0.00000,1.00000,0.00000,True,True,True
67.3958,0.0000,2.2000,-177.2730,0.04538,0.00000,1.00000,0.00000,True,True,True
67.4107,0.0000,2.2000,-177.2222,0.05080,0.00000,1.00000,0.00000,True,True,True
67.4259,0.0000,2.2000,-177.1682,0.05402,0.00000,1.00000,0.00000,True,True,True
67.4394,0.0000,2.2000,-177.1198,0.04840,0.00000,1.00000,0.00000,True,True,True
67.4536,0.0000,2.2000,-177.0668,0.05296,0.00000,1.00000,0.00000,True,True,True
67.4673,0.0000,2.2000,-177.0142,0.05266,0.00000,1.00000,0.00000,True,True,True
67.4836,0.0000,2.2000,-176.9503,0.06383,0.00000,1.00000,0.00000,True,True,True
67.4979,0.0000,2.2000,-176.8909,0.05948,0.00000,1.00000,0.00000,True,True,True
67.5131,0.0000,2.2000,-176.8308,0.06003,0.00000,1.00000,0.00000,True,True,True
67.5266,0.0000,2.2000,-176.7697,0.06113,0.00000,1.00000,0.00000,True,True,True
67.5410,0.0000,2.2000,-176.7085,0.06120,0.00000,1.00000,0.00000,True,True,True
67.5560,0.0000,2.2000,-176.6396,0.06886,0.00000,1.00000,0.00000,True,True,True
67.5726,0.0000,2.2000,-176.5631,0.07654,0.00000,1.00000,0.00000,True,True,True
67.5839,0.0000,2.2000,-176.5090,0.05408,0.00000,1.00000,0.00000,True,True,True
67.5974,0.0000,2.2000,-176.4440,0.06500,0.00000,1.00000,0.00000,True,True,True
67.6107,0.0000,2.2000,-176.3797,0.06438,0.00000,1.00000,0.00000,True,True,True
67.6267,0.0000,2.2000,-176.2996,0.08003,0.00000,1.00000,0.00000,True,True,True
67.6396,0.0000,2.2000,-176.2325,0.06709,0.00000,1.00000,0.00000,True,True,True
67.6534,0.0000,2.2000,-176.1622,0.07031,0.00000,1.00000,0.00000,True,True,True
67.6673,0.0000,2.2000,-176.0873,0.07495,0.00000,1.00000,0.00000,True,True,True
67.6811,0.0000,2.2000,-176.0128,0.07449,0.00000,1.00000,0.00000,True,True,True
67.6950,0.0000,2.2000,-175.9367,0.07608,0.00000,1.00000,0.00000,True,True,True
67.7085,0.0000,2.2000,-175.8639,0.07275,0.00000,1.00000,0.00000,True,True,True
67.7241,0.0000,2.2000,-175.7797,0.08427,0.00000,1.00000,0.00000,True,True,True
67.7395,0.0000,2.2000,-175.6964,0.08324,0.00000,1.00000,0.00000,True,True,True
67.7538,0.0000,2.2000,-175.6209,0.07555,0.00000,1.00000,0.00000,True,True,True
67.7680,0.0000,2.2000,-175.5422,0.07869,0.00000,1.00000,0.00000,True,True,True
67.7844,0.0000,2.2000,-175.4558,0.08638,0.00000,1.00000,0.00000,True,True,True
67.7980,0.0000,2.2000,-175.3803,0.07555,0.00000,1.00000,0.00000,True,True,True
67.8119,0.0000,2.2000,-175.3067,0.07355,0.00000,1.00000,0.00000,True,True,True
67.8258,0.0000,2.2000,-175.2316,0.07512,0.00000,1.00000,0.00000,True,True,True
67.8395,0.0000,2.2000,-175.1584,0.07317,0.00000,1.00000,0.00000,True,True,True
67.8528,0.0000,2.2000,-175.0842,0.07428,0.00000,1.00000,0.00000,True,True,True
67.8669,0.0000,2.2000,-175.0084,0.07571,0.00000,1.00000,0.00000,True,True,True
67.8806,0.0000,2.2000,-174.9338,0.07460,0.00000,1.00000,0.00000,True,True,True
67.8948,0.0000,2.2000,-174.8566,0.07719,0.00000,1.00000,0.00000,True,True,True
67.9073,0.0000,2.2000,-174.7899,0.06677,0.00000,1.00000,0.00000,True,True,True
67.9215,0.0000,2.2000,-174.7184,0.07146,0.00000,1.00000,0.00000,True,True,True
67.9344,0.0000,2.2000,-174.6429,0.07550,0.00000,1.00000,0.00000,True,True,True
67.9498,0.0000,2.2000,-174.5607,0.08226,0.00000,1.00000,0.00000,True,True,True
67.9642,0.0000,2.2000,-174.4833,0.07733,0.00000,1.00000,0.00000,True,True,True
67.9761,0.0000,2.2000,-174.4178,0.06548,0.00000,1.00000,0.00000,True,True,True
67.9898,0.0000,2.2000,-174.3448,0.07309,0.00000,1.00000,0.00000,True,True,True
68.0060,0.0000,2.2000,-174.2581,0.08667,0.00000,1.00000,0.00000,True,True,True
68.0184,0.0000,2.2000,-174.1898,0.06825,0.00000,1.00000,0.00000,True,True,True
68.0333,0.0000,2.2000,-174.1096,0.08020,0.00000,1.00000,0.00000,True,True,True
68.0476,0.0000,2.2000,-174.0336,0.07608,0.00000,1.00000,0.00000,True,True,True
68.0599,0.0000,2.2000,-173.9671,0.06644,0.00000,1.00000,0.00000,True,True,True
68.0737,0.0000,2.2000,-173.8922,0.07487,0.00000,1.00000,0.00000,True,True,True
68.0890,0.0000,2.2000,-173.8099,0.08235,0.00000,1.00000,0.00000,True,True,True
68.1003,0.0000,2.2000,-173.7501,0.05980,0.00000,1.00000,0.00000,True,True,True
68.1155,0.0000,2.2000,-173.6718,0.07828,0.00000,1.00000,0.00000,True,True,True
68.1307,0.0000,2.2000,-173.5965,0.07529,0.00000,1.00000,0.00000,True,True,True
68.1416,0.0000,2.2000,-173.5423,0.05425,0.00000,1.00000,0.00000,True,True,True
68.1556,0.0000,2.2000,-173.4745,0.06779,0.00000,1.00000,0.00000,True,True,True
68.1672,0.0000,2.2000,-173.4192,0.05528,0.00000,1.00000,0.00000,True,True,True
68.1816,0.0000,2.2000,-173.3526,0.06664,0.00000,1.00000,0.00000,True,True,True
68.1939,0.0000,2.2000,-173.2969,0.05566,0.00000,1.00000,0.00000,True,True,True
68.2072,0.0000,2.2000,-173.2392,0.05768,0.00000,1.00000,0.00000,True,True,True
68.2201,0.0000,2.2000,-173.1824,0.05687,0.00000,1.00000,0.00000,True,True,True
68.2328,0.0000,2.2000,-173.1283,0.05405,0.00000,1.00000,0.00000,True,True,True
68.2473,0.0000,2.2000,-173.0679,0.06041,0.00000,1.00000,0.00000,True,True,True
68.2599,0.0000,2.2000,-173.0168,0.05115,0.00000,1.00000,0.00000,True,True,True
68.2724,0.0000,2.2000,-172.9680,0.04871,0.00000,1.00000,0.00000,True,True,True
68.2859,0.0000,2.2000,-172.9168,0.05125,0.00000,1.00000,0.00000,True,True,True
68.2988,0.0000,2.2000,-172.8674,0.04942,0.00000,1.00000,0.00000,True,True,True
68.3142,0.0000,2.2000,-172.8118,0.05559,0.00000,1.00000,0.00000,True,True,True
68.3273,0.0000,2.2000,-172.7641,0.04764,0.00000,1.00000,0.00000,True,True,True
68.3400,0.0000,2.2000,-172.7213,0.04288,0.00000,1.00000,0.00000,True,True,True
68.3527,0.0000,2.2000,-172.6785,0.04272,0.00000,1.00000,0.00000,True,True,True
68.3659,0.0000,2.2000,-172.6354,0.04312,0.00000,1.00000,0.00000,True,True,True
68.3806,0.0000,2.2000,-172.5889,0.04648,0.00000,1.00000,0.00000,True,True,True
68.3940,0.0000,2.2000,-172.5482,0.04074,0.00000,1.00000,0.00000,True,True,True
68.4059,0.0000,2.2000,-172.5129,0.03534,0.00000,1.00000,0.00000,True,True,True
68.4184,0.0000,2.2000,-172.4773,0.03552,0.00000,1.00000,0.00000,True,True,True
68.4311,0.0000,2.2000,-172.4420,0.03537,0.00000,1.00000,0.00000,True,True,True
68.4448,0.0000,2.2000,-172.4057,0.03632,0.00000,1.00000,0.00000,True,True,True
68.4575,0.0000,2.2000,-172.3730,0.03262,0.00000,1.00000,0.00000,True,True,True
68.4725,0.0000,2.2000,-172.3366,0.03639,0.00000,1.00000,0.00000,True,True,True
68.4853,0.0000,2.2000,-172.3064,0.03029,0.00000,1.00000,0.00000,True,True,True
68.4972,0.0000,2.2000,-172.2791,0.02725,0.00000,1.00000,0.00000,True,True,True
68.5096,0.0000,2.2000,-172.2520,0.02705,0.00000,1.00000,0.00000,True,True,True
68.5227,0.0000,2.2000,-172.2251,0.02692,0.00000,1.00000,0.00000,True,True,True
68.5353,0.0000,2.2000,-172.1998,0.02538,0.00000,1.00000,0.00000,True,True,True
68.5496,0.0000,2.2000,-172.1730,0.02675,0.00000,1.00000,0.00000,True,True,True
68.5617,0.0000,2.2000,-172.1515,0.02155,0.00000,1.00000,0.00000,True,True,True
68.5747,0.0000,2.2000,-172.1298,0.02164,0.00000,1.00000,0.00000,True,True,True
68.5890,0.0000,2.2000,-172.1070,0.02283,0.00000,1.00000,0.00000,True,True,True
68.6021,0.0000,2.2000,-172.0874,0.01961,0.00000,1.00000,0.00000,True,True,True
68.6141,0.0000,2.2000,-172.0708,0.01659,0.00000,1.00000,0.00000,True,True,True
68.6267,0.0000,2.2000,-172.0544,0.01637,0.00000,1.00000,0.00000,True,True,True
68.6394,0.0000,2.2000,-172.0391,0.01530,0.00000,1.00000,0.00000,True,True,True
68.6522,0.0000,2.2000,-172.0250,0.01416,0.00000,1.00000,0.00000,True,True,True
68.6667,0.0000,2.2000,-172.0250,0.00000,0.00000,1.00000,0.00000,True,True,True
68.6808,0.0000,2.2000,-172.0235,0.00150,0.00000,1.00000,0.00000,True,True,True
68.6914,0.0000,2.2000,-172.0215,0.00197,0.00000,1.00000,0.00000,True,True,True
68.7056,0.0000,2.2000,-172.0174,0.00412,0.00000,1.00000,0.00000,True,True,True
68.7185,0.0000,2.2000,-172.0123,0.00504,0.00000,1.00000,0.00000,True,True,True
68.7305,0.0000,2.2000,-172.0066,0.00574,0.00000,1.00000,0.00000,True,True,True
68.7435,0.0000,2.2000,-171.9991,0.00746,0.00000,1.00000,0.00000,True,True,True
68.7564,0.0000,2.2000,-171.9904,0.00871,0.00000,1.00000,0.00000,True,True,True
68.7696,0.0000,2.2000,-171.9805,0.00996,0.00000,1.00000,0.00000,True,True,True
68.7841,0.0000,2.2000,-171.9675,0.01299,0.00000,1.00000,0.00000,True,True,True
68.7973,0.0000,2.2000,-171.9547,0.01279,0.00000,1.00000,0.00000,True,True,True
68.8084,0.0000,2.2000,-171.9428,0.01192,0.00000,1.00000,0.00000,True,True,True
68.8223,0.0000,2.2000,-171.9267,0.01610,0.00000,1.00000,0.00000,True,True,True
68.8334,0.0000,2.2000,-171.9128,0.01392,0.00000,1.00000,0.00000,True,True,True
68.8472,0.0000,2.2000,-171.8940,0.01875,0.00000,1.00000,0.00000,True,True,True
68.8610,0.0000,2.2000,-171.8740,0.01997,0.00000,1.00000,0.00000,True,True,True
68.8727,0.0000,2.2000,-171.8560,0.01808,0.00000,1.00000,0.00000,True,True,True
68.8850,0.0000,2.2000,-171.8358,0.02013,0.00000,1.00000,0.00000,True,True,True
68.8977,0.0000,2.2000,-171.8139,0.02196,0.00000,1.00000,0.00000,True,True,True
68.9113,0.0000,2.2000,-171.7889,0.02495,0.00000,1.00000,0.00000,True,True,True
68.9237,0.0000,2.2000,-171.7650,0.02394,0.00000,1.00000,0.00000,True,True,True
68.9362,0.0000,2.2000,-171.7397,0.02524,0.00000,1.00000,0.00000,True,True,True
68.9500,0.0000,2.2000,-171.7104,0.02934,0.00000,1.00000,0.00000,True,True,True
68.9619,0.0000,2.2000,-171.6841,0.02626,0.00000,1.00000,0.00000,True,True,True
68.9742,0.0000,2.2000,-171.6560,0.02811,0.00000,1.00000,0.00000,True,True,True
68.9875,0.0000,2.2000,-171.6239,0.03215,0.00000,1.00000,0.00000,True,True,True
69.0003,0.0000,2.2000,-171.5918,0.03210,0.00000,1.00000,0.00000,True,True,True
69.0125,0.0000,2.2000,-171.5601,0.03165,0.00000,1.00000,0.00000,True,True,True
69.0246,0.0000,2.2000,-171.5280,0.03215,0.00000,1.00000,0.00000,True,True,True
69.0378,0.0000,2.2000,-171.4919,0.03606,0.00000,1.00000,0.00000,True,True,True
69.0495,0.0000,2.2000,-171.4575,0.03439,0.00000,1.00000,0.00000,True,True,True
69.0640,0.0000,2.2000,-171.4146,0.04292,0.00000,1.00000,0.00000,True,True,True
69.0762,0.0000,2.2000,-171.3772,0.03740,0.00000,1.00000,0.00000,True,True,True
69.0886,0.0000,2.2000,-171.3375,0.03970,0.00000,1.00000,0.00000,True,True,True
69.1011,0.0000,2.2000,-171.2969,0.04057,0.00000,1.00000,0.00000,True,True,True
69.1150,0.0000,2.2000,-171.2499,0.04704,0.00000,1.00000,0.00000,True,True,True
69.1269,0.0000,2.2000,-171.2092,0.04074,0.00000,1.00000,0.00000,True,True,True
69.1394,0.0000,2.2000,-171.1651,0.04404,0.00000,1.00000,0.00000,True,True,True
69.1516,0.0000,2.2000,-171.1201,0.04497,0.00000,1.00000,0.00000,True,True,True
69.1659,0.0000,2.2000,-171.0669,0.05327,0.00000,1.00000,0.00000,True,True,True
69.1792,0.0000,2.2000,-171.0159,0.05101,0.00000,1.00000,0.00000,True,True,True
69.1897,0.0000,2.2000,-170.9744,0.04149,0.00000,1.00000,0.00000,True,True,True
69.2025,0.0000,2.2000,-170.9241,0.05023,0.00000,1.00000,0.00000,True,True,True
69.2145,0.0000,2.2000,-170.8736,0.05051,0.00000,1.00000,0.00000,True,True,True
69.2291,0.0000,2.2000,-170.8121,0.06157,0.00000,1.00000,0.00000,True,True,True
69.2404,0.0000,2.2000,-170.7635,0.04858,0.00000,1.00000,0.00000,True,True,True
69.2544,0.0000,2.2000,-170.7030,0.06049,0.00000,1.00000,0.00000,True,True,True
69.2652,0.0000,2.2000,-170.6537,0.04926,0.00000,1.00000,0.00000,True,True,True
69.2791,0.0000,2.2000,-170.5894,0.06435,0.00000,1.00000,0.00000,True,True,True
69.2896,0.0000,2.2000,-170.5408,0.04863,0.00000,1.00000,0.00000,True,True,True
69.3044,0.0000,2.2000,-170.4702,0.07056,0.00000,1.00000,0.00000,True,True,True
69.3146,0.0000,2.2000,-170.4203,0.04996,0.00000,1.00000,0.00000,True,True,True
69.3265,0.0000,2.2000,-170.3629,0.05737,0.00000,1.00000,0.00000,True,True,True
69.3386,0.0000,2.2000,-170.3019,0.06097,0.00000,1.00000,0.00000,True,True,True
69.3505,0.0000,2.2000,-170.2399,0.06204,0.00000,1.00000,0.00000,True,True,True
69.3641,0.0000,2.2000,-170.1689,0.07098,0.00000,1.00000,0.00000,True,True,True
69.3755,0.0000,2.2000,-170.1078,0.06111,0.00000,1.00000,0.00000,True,True,True
69.3875,0.0000,2.2000,-170.0442,0.06357,0.00000,1.00000,0.00000,True,True,True
69.3993,0.0000,2.2000,-169.9792,0.06496,0.00000,1.00000,0.00000,True,True,True
69.4141,0.0000,2.2000,-169.8988,0.08047,0.00000,1.00000,0.00000,True,True,True
69.4249,0.0000,2.2000,-169.8407,0.05803,0.00000,1.00000,0.00000,True,True,True
69.4371,0.0000,2.2000,-169.7756,0.06511,0.00000,1.00000,0.00000,True,True,True
69.4490,0.0000,2.2000,-169.7105,0.06512,0.00000,1.00000,0.00000,True,True,True
69.4644,0.0000,2.2000,-169.6284,0.08206,0.00000,1.00000,0.00000,True,True,True
69.4745,0.0000,2.2000,-169.5729,0.05553,0.00000,1.00000,0.00000,True,True,True
69.4865,0.0000,2.2000,-169.5084,0.06456,0.00000,1.00000,0.00000,True,True,True
69.4987,0.0000,2.2000,-169.4432,0.06516,0.00000,1.00000,0.00000,True,True,True
69.5104,0.0000,2.2000,-169.3796,0.06361,0.00000,1.00000,0.00000,True,True,True
69.5226,0.0000,2.2000,-169.3139,0.06569,0.00000,1.00000,0.00000,True,True,True
69.5342,0.0000,2.2000,-169.2508,0.06311,0.00000,1.00000,0.00000,True,True,True
69.5482,0.0000,2.2000,-169.1759,0.07486,0.00000,1.00000,0.00000,True,True,True
69.5601,0.0000,2.2000,-169.1115,0.06441,0.00000,1.00000,0.00000,True,True,True
69.5725,0.0000,2.2000,-169.0439,0.06760,0.00000,1.00000,0.00000,True,True,True
69.5839,0.0000,2.2000,-168.9826,0.06134,0.00000,1.00000,0.00000,True,True,True
69.5976,0.0000,2.2000,-168.9088,0.07382,0.00000,1.00000,0.00000,True,True,True
69.6096,0.0000,2.2000,-168.8438,0.06502,0.00000,1.00000,0.00000,True,True,True
69.6226,0.0000,2.2000,-168.7736,0.07016,0.00000,1.00000,0.00000,True,True,True
69.6333,0.0000,2.2000,-168.7155,0.05807,0.00000,1.00000,0.00000,True,True,True
69.6481,0.0000,2.2000,-168.6355,0.07997,0.00000,1.00000,0.00000,True,True,True
69.6606,0.0000,2.2000,-168.5689,0.06667,0.00000,1.00000,0.00000,True,True,True
69.6729,0.0000,2.2000,-168.5015,0.06738,0.00000,1.00000,0.00000,True,True,True
69.6852,0.0000,2.2000,-168.4351,0.06636,0.00000,1.00000,0.00000,True,True,True
69.6991,0.0000,2.2000,-168.3599,0.07521,0.00000,1.00000,0.00000,True,True,True
69.7110,0.0000,2.2000,-168.2958,0.06413,0.00000,1.00000,0.00000,True,True,True
69.7235,0.0000,2.2000,-168.2286,0.06723,0.00000,1.00000,0.00000,True,True,True
69.7359,0.0000,2.2000,-168.1612,0.06737,0.00000,1.00000,0.00000,True,True,True
69.7501,0.0000,2.2000,-168.0849,0.07625,0.00000,1.00000,0.00000,True,True,True
69.7619,0.0000,2.2000,-168.0215,0.06346,0.00000,1.00000,0.00000,True,True,True
69.7744,0.0000,2.2000,-167.9537,0.06783,0.00000,1.00000,0.00000,True,True,True
69.7870,0.0000,2.2000,-167.8866,0.06706,0.00000,1.00000,0.00000,True,True,True
69.8012,0.0000,2.2000,-167.8100,0.07658,0.00000,1.00000,0.00000,True,True,True
69.8143,0.0000,2.2000,-167.7421,0.06787,0.00000,1.00000,0.00000,True,True,True
69.8263,0.0000,2.2000,-167.6798,0.06233,0.00000,1.00000,0.00000,True,True,True
69.8391,0.0000,2.2000,-167.6153,0.06451,0.00000,1.00000,0.00000,True,True,True
69.8513,0.0000,2.2000,-167.5566,0.05870,0.00000,1.00000,0.00000,True,True,True
69.8653,0.0000,2.2000,-167.4881,0.06847,0.00000,1.00000,0.00000,True,True,True
69.8770,0.0000,2.2000,-167.4319,0.05618,0.00000,1.00000,0.00000,True,True,True
69.8894,0.0000,2.2000,-167.3752,0.05673,0.00000,1.00000,0.00000,True,True,True
69.9009,0.0000,2.2000,-167.3215,0.05368,0.00000,1.00000,0.00000,True,True,True
69.9150,0.0000,2.2000,-167.2583,0.06320,0.00000,1.00000,0.00000,True,True,True
69.9273,0.0000,2.2000,-167.2053,0.05307,0.00000,1.00000,0.00000,True,True,True
69.9392,0.0000,2.2000,-167.1537,0.05161,0.00000,1.00000,0.00000,True,True,True
69.9511,0.0000,2.2000,-167.1037,0.04999,0.00000,1.00000,0.00000,True,True,True
69.9651,0.0000,2.2000,-167.0463,0.05733,0.00000,1.00000,0.00000,True,True,True
69.9770,0.0000,2.2000,-166.9987,0.04762,0.00000,1.00000,0.00000,True,True,True
69.9894,0.0000,2.2000,-166.9510,0.04773,0.00000,1.00000,0.00000,True,True,True
70.0015,0.0000,2.2000,-166.9044,0.04663,0.00000,1.00000,0.00000,True,True,True
70.0164,0.0000,2.2000,-166.8491,0.05528,0.00000,1.00000,0.00000,True,True,True
70.0290,0.0000,2.2000,-166.8039,0.04515,0.00000,1.00000,0.00000,True,True,True
70.0417,0.0000,2.2000,-166.7591,0.04482,0.00000,1.00000,0.00000,True,True,True
70.0563,0.0000,2.2000,-166.7091,0.05005,0.00000,1.00000,0.00000,True,True,True
70.0689,0.0000,2.2000,-166.6674,0.04166,0.00000,1.00000,0.00000,True,True,True
70.0815,0.0000,2.2000,-166.6267,0.04070,0.00000,1.00000,0.00000,True,True,True
70.0943,0.0000,2.2000,-166.5869,0.03983,0.00000,1.00000,0.00000,True,True,True
70.1087,0.0000,2.2000,-166.5435,0.04337,0.00000,1.00000,0.00000,True,True,True
70.1206,0.0000,2.2000,-166.5089,0.03467,0.00000,1.00000,0.00000,True,True,True
70.1331,0.0000,2.2000,-166.4732,0.03566,0.00000,1.00000,0.00000,True,True,True
70.1476,0.0000,2.2000,-166.4340,0.03923,0.00000,1.00000,0.00000,True,True,True
70.1600,0.0000,2.2000,-166.4012,0.03276,0.00000,1.00000,0.00000,True,True,True
70.1727,0.0000,2.2000,-166.3695,0.03166,0.00000,1.00000,0.00000,True,True,True
70.1844,0.0000,2.2000,-166.3408,0.02878,0.00000,1.00000,0.00000,True,True,True
70.1975,0.0000,2.2000,-166.3097,0.03102,0.00000,1.00000,0.00000,True,True,True
70.2094,0.0000,2.2000,-166.2827,0.02707,0.00000,1.00000,0.00000,True,True,True
70.2242,0.0000,2.2000,-166.2514,0.03123,0.00000,1.00000,0.00000,True,True,True
70.2370,0.0000,2.2000,-166.2253,0.02611,0.00000,1.00000,0.00000,True,True,True
70.2495,0.0000,2.2000,-166.2005,0.02487,0.00000,1.00000,0.00000,True,True,True
70.2622,0.0000,2.2000,-166.1767,0.02379,0.00000,1.00000,0.00000,True,True,True
70.2761,0.0000,2.2000,-166.1520,0.02464,0.00000,1.00000,0.00000,True,True,True
70.2892,0.0000,2.2000,-166.1305,0.02155,0.00000,1.00000,0.00000,True,True,True
70.3001,0.0000,2.2000,-166.1134,0.01706,0.00000,1.00000,0.00000,True,True,True
70.3142,0.0000,2.2000,-166.0925,0.02090,0.00000,1.00000,0.00000,True,True,True
70.3248,0.0000,2.2000,-166.0776,0.01489,0.00000,1.00000,0.00000,True,True,True
70.3391,0.0000,2.2000,-166.0593,0.01834,0.00000,1.00000,0.00000,True,True,True
70.3505,0.0000,2.2000,-166.0455,0.01373,0.00000,1.00000,0.00000,True,True,True
70.3632,0.0000,2.2000,-166.0317,0.01385,0.00000,1.00000,0.00000,True,True,True
70.3753,0.0000,2.2000,-166.0193,0.01239,0.00000,1.00000,0.00000,True,True,True
70.3898,0.0000,2.2000,-166.0193,0.00000,0.00000,1.00000,0.00000,True,True,True
73.4523,0.0000,3.9931,-208.0004,0.00038,0.00000,0.81241,0.18759,True,True,True
73.4614,0.0000,3.9932,-208.0013,0.00094,0.00000,0.81239,0.18761,True,True,True
73.4701,0.0000,3.9933,-208.0026,0.00128,0.00000,0.81237,0.18763,True,True,True
73.4801,0.0000,3.9936,-208.0045,0.00198,0.00000,0.81233,0.18767,True,True,True
73.4893,0.0000,3.9938,-208.0069,0.00235,0.00000,0.81229,0.18771,True,True,True
73.4986,0.0000,3.9942,-208.0097,0.00281,0.00000,0.81223,0.18777,True,True,True
73.5089,0.0000,3.9946,-208.0134,0.00373,0.00000,0.81217,0.18783,True,True,True
73.5176,0.0000,3.9950,-208.0169,0.00352,0.00000,0.81210,0.18790,True,True,True
73.5271,0.0000,3.9955,-208.0211,0.00426,0.00000,0.81202,0.18798,True,True,True
73.5371,0.0000,3.9961,-208.0263,0.00525,0.00000,0.81193,0.18807,True,True,True
73.5463,0.0000,3.9967,-208.0315,0.00518,0.00000,0.81183,0.18817,True,True,True
73.5552,0.0000,3.9974,-208.0369,0.00548,0.00000,0.81173,0.18827,True,True,True
73.5647,0.0000,3.9981,-208.0430,0.00610,0.00000,0.81162,0.18838,True,True,True
73.5739,0.0000,3.9989,-208.0497,0.00678,0.00000,0.81149,0.18851,True,True,True
73.5842,0.0000,3.9998,-208.0576,0.00793,0.00000,0.81135,0.18865,True,True,True
73.5930,0.0000,4.0006,-208.0646,0.00707,0.00000,0.81122,0.18878,True,True,True
73.6023,0.0000,4.0015,-208.0726,0.00808,0.00000,0.81107,0.18893,True,True,True
73.6123,0.0000,4.0026,-208.0820,0.00942,0.00000,0.81090,0.18910,True,True,True
73.6214,0.0000,4.0037,-208.0909,0.00897,0.00000,0.81073,0.18927,True,True,True
73.6304,0.0000,4.0047,-208.1000,0.00917,0.00000,0.81056,0.18944,True,True,True
73.6395,0.0000,4.0059,-208.1097,0.00979,0.00000,0.81038,0.18962,True,True,True
73.6488,0.0000,4.0071,-208.1201,0.01049,0.00000,0.81019,0.18981,True,True,True
73.6588,0.0000,4.0085,-208.1319,0.01183,0.00000,0.80997,0.19003,True,True,True
73.6674,0.0000,4.0097,-208.1424,0.01057,0.00000,0.80978,0.19022,True,True,True
73.6767,0.0000,4.0110,-208.1539,0.01163,0.00000,0.80956,0.19044,True,True,True
73.6859,0.0000,4.0125,-208.1660,0.01214,0.00000,0.80934,0.19066,True,True,True
73.6959,0.0000,4.0141,-208.1801,0.01421,0.00000,0.80907,0.19093,True,True,True
73.7048,0.0000,4.0156,-208.1928,0.01280,0.00000,0.80884,0.19116,True,True,True
73.7138,0.0000,4.0171,-208.2060,0.01329,0.00000,0.80859,0.19141,True,True,True
73.7231,0.0000,4.0188,-208.2198,0.01387,0.00000,0.80834,0.19166,True,True,True
73.7321,0.0000,4.0205,-208.2345,0.01481,0.00000,0.80806,0.19194,True,True,True
73.7421,0.0000,4.0224,-208.2509,0.01648,0.00000,0.80776,0.19224,True,True,True
73.7506,0.0000,4.0240,-208.2651,0.01429,0.00000,0.80749,0.19251,True,True,True
73.7599,0.0000,4.0259,-208.2810,0.01605,0.00000,0.80719,0.19281,True,True,True
73.7692,0.0000,4.0279,-208.2977,0.01678,0.00000,0.80688,0.19312,True,True,True
73.7794,0.0000,4.0300,-208.3163,0.01879,0.00000,0.80654,0.19347,True,True,True
73.7885,0.0000,4.0320,-208.3332,0.01699,0.00000,0.80622,0.19378,True,True,True
73.7974,0.0000,4.0340,-208.3505,0.01741,0.00000,0.80590,0.19410,True,True,True
73.8067,0.0000,4.0362,-208.3687,0.01834,0.00000,0.80556,0.19444,True,True,True
73.8159,0.0000,4.0384,-208.3877,0.01910,0.00000,0.80520,0.19480,True,True,True
73.8258,0.0000,4.0408,-208.4084,0.02089,0.00000,0.80481,0.19519,True,True,True
73.8344,0.0000,4.0430,-208.4266,0.01833,0.00000,0.80447,0.19553,True,True,True
73.8436,0.0000,4.0453,-208.4464,0.01993,0.00000,0.80410,0.19590,True,True,True
73.8529,0.0000,4.0477,-208.4671,0.02086,0.00000,0.80371,0.19629,True,True,True
73.8630,0.0000,4.0504,-208.4901,0.02314,0.00000,0.80328,0.19672,True,True,True
73.8719,0.0000,4.0527,-208.5102,0.02017,0.00000,0.80290,0.19710,True,True,True
73.8810,0.0000,4.0551,-208.5300,0.01998,0.00000,0.80253,0.19747,True,True,True
73.8902,0.0000,4.0576,-208.5510,0.02111,0.00000,0.80213,0.19787,True,True,True
73.8996,0.0000,4.0600,-208.5719,0.02108,0.00000,0.80174,0.19826,True,True,True
73.9097,0.0000,4.0627,-208.5945,0.02279,0.00000,0.80131,0.19869,True,True,True
73.9183,0.0000,4.0650,-208.6138,0.01942,0.00000,0.80095,0.19905,True,True,True
73.9274,0.0000,4.0674,-208.6342,0.02051,0.00000,0.80057,0.19943,True,True,True
73.9380,0.0000,4.0702,-208.6577,0.02372,0.00000,0.80012,0.19988,True,True,True
73.9470,0.0000,4.0726,-208.6777,0.02014,0.00000,0.79974,0.20026,True,True,True
73.9560,0.0000,4.0750,-208.6979,0.02025,0.00000,0.79936,0.20064,True,True,True
73.9653,0.0000,4.0774,-208.7186,0.02088,0.00000,0.79897,0.20103,True,True,True
73.9746,0.0000,4.0799,-208.7396,0.02113,0.00000,0.79857,0.20143,True,True,True
73.9849,0.0000,4.0826,-208.7623,0.02293,0.00000,0.79814,0.20186,True,True,True
73.9935,0.0000,4.0849,-208.7817,0.01945,0.00000,0.79778,0.20222,True,True,True
74.0031,0.0000,4.0874,-208.8027,0.02123,0.00000,0.79738,0.20262,True,True,True
74.0131,0.0000,4.0901,-208.8255,0.02294,0.00000,0.79694,0.20306,True,True,True
74.0223,0.0000,4.0925,-208.8461,0.02071,0.00000,0.79655,0.20345,True,True,True
74.0313,0.0000,4.0949,-208.8661,0.02014,0.00000,0.79617,0.20383,True,True,True
74.0408,0.0000,4.0974,-208.8872,0.02125,0.00000,0.79577,0.20423,True,True,True
74.0501,0.0000,4.0999,-208.9082,0.02110,0.00000,0.79537,0.20463,True,True,True
74.0603,0.0000,4.1026,-208.9309,0.02291,0.00000,0.79494,0.20506,True,True,True
74.0690,0.0000,4.1049,-208.9504,0.01965,0.00000,0.79457,0.20543,True,True,True
74.0813,0.0000,4.1081,-208.9776,0.02738,0.00000,0.79405,0.20595,True,True,True
74.0962,0.0000,4.1121,-209.0113,0.03393,0.00000,0.79340,0.20660,True,True,True
74.1063,0.0000,4.1147,-209.0332,0.02204,0.00000,0.79299,0.20701,True,True,True
74.1164,0.0000,4.1175,-209.0563,0.02324,0.00000,0.79255,0.20745,True,True,True
74.1255,0.0000,4.1199,-209.0765,0.02038,0.00000,0.79216,0.20784,True,True,True
74.1346,0.0000,4.1224,-209.0969,0.02056,0.00000,0.79177,0.20823,True,True,True
74.1439,0.0000,4.1249,-209.1179,0.02110,0.00000,0.79137,0.20863,True,True,True
74.1535,0.0000,4.1274,-209.1392,0.02145,0.00000,0.79096,0.20904,True,True,True
74.1630,0.0000,4.1300,-209.1603,0.02132,0.00000,0.79055,0.20945,True,True,True
74.1728,0.0000,4.1325,-209.1816,0.02147,0.00000,0.79014,0.20986,True,True,True
74.1830,0.0000,4.1353,-209.2051,0.02365,0.00000,0.78969,0.21031,True,True,True
74.1922,0.0000,4.1378,-209.2256,0.02062,0.00000,0.78930,0.21070,True,True,True
74.2012,0.0000,4.1402,-209.2457,0.02019,0.00000,0.78891,0.21109,True,True,True
74.2105,0.0000,4.1427,-209.2665,0.02099,0.00000,0.78851,0.21149,True,True,True
74.2202,0.0000,4.1453,-209.2881,0.02173,0.00000,0.78810,0.21190,True,True,True
74.2305,0.0000,4.1480,-209.3113,0.02336,0.00000,0.78765,0.21235,True,True,True
74.2392,0.0000,4.1504,-209.3306,0.01944,0.00000,0.78728,0.21272,True,True,True
74.2488,0.0000,4.1529,-209.3517,0.02124,0.00000,0.78687,0.21313,True,True,True
74.2589,0.0000,4.1556,-209.3746,0.02307,0.00000,0.78643,0.21357,True,True,True
74.2678,0.0000,4.1580,-209.3945,0.02009,0.00000,0.78604,0.21396,True,True,True
74.2769,0.0000,4.1604,-209.4148,0.02042,0.00000,0.78565,0.21435,True,True,True
74.2860,0.0000,4.1629,-209.4352,0.02059,0.00000,0.78525,0.21475,True,True,True
74.2953,0.0000,4.1654,-209.4560,0.02092,0.00000,0.78485,0.21515,True,True,True
74.3054,0.0000,4.1681,-209.4785,0.02262,0.00000,0.78442,0.21558,True,True,True
74.3138,0.0000,4.1703,-209.4973,0.01899,0.00000,0.78405,0.21595,True,True,True
74.3234,0.0000,4.1728,-209.5181,0.02090,0.00000,0.78365,0.21635,True,True,True
74.3327,0.0000,4.1754,-209.5391,0.02117,0.00000,0.78324,0.21676,True,True,True
74.3427,0.0000,4.1781,-209.5618,0.02290,0.00000,0.78280,0.21720,True,True,True
74.3517,0.0000,4.1806,-209.5819,0.02024,0.00000,0.78241,0.21759,True,True,True
74.3606,0.0000,4.1830,-209.6018,0.02003,0.00000,0.78202,0.21798,True,True,True
74.3700,0.0000,4.1855,-209.6225,0.02086,0.00000,0.78162,0.21838,True,True,True
74.3791,0.0000,4.1880,-209.6431,0.02077,0.00000,0.78122,0.21878,True,True,True
74.3892,0.0000,4.1907,-209.6657,0.02278,0.00000,0.78078,0.21922,True,True,True
74.3977,0.0000,4.1930,-209.6848,0.01917,0.00000,0.78041,0.21959,True,True,True
74.4071,0.0000,4.1955,-209.7052,0.02057,0.00000,0.78001,0.21999,True,True,True
74.4164,0.0000,4.1981,-209.7262,0.02115,0.00000,0.77960,0.22040,True,True,True
74.4265,0.0000,4.2008,-209.7489,0.02290,0.00000,0.77916,0.22084,True,True,True
74.4355,0.0000,4.2032,-209.7687,0.01997,0.00000,0.77877,0.22123,True,True,True
74.4442,0.0000,4.2056,-209.7885,0.01992,0.00000,0.77838,0.22162,True,True,True
74.4535,0.0000,4.2081,-209.8092,0.02081,0.00000,0.77798,0.22202,True,True,True
74.4628,0.0000,4.2107,-209.8300,0.02103,0.00000,0.77757,0.22243,True,True,True
74.4731,0.0000,4.2134,-209.8531,0.02321,0.00000,0.77712,0.22288,True,True,True
74.4815,0.0000,4.2157,-209.8718,0.01891,0.00000,0.77675,0.22325,True,True,True
74.4907,0.0000,4.2182,-209.8923,0.02061,0.00000,0.77635,0.22365,True,True,True
74.5003,0.0000,4.2208,-209.9135,0.02133,0.00000,0.77594,0.22406,True,True,True
74.5103,0.0000,4.2235,-209.9362,0.02287,0.00000,0.77549,0.22451,True,True,True
74.5194,0.0000,4.2260,-209.9563,0.02023,0.00000,0.77510,0.22490,True,True,True
74.5281,0.0000,4.2283,-209.9760,0.01989,0.00000,0.77471,0.22529,True,True,True
74.5372,0.0000,4.2308,-209.9962,0.02038,0.00000,0.77431,0.22569,True,True,True
74.5465,0.0000,4.2333,-210.0171,0.02103,0.00000,0.77390,0.22610,True,True,True
74.5567,0.0000,4.2361,-210.0397,0.02275,0.00000,0.77346,0.22654,True,True,True
74.5652,0.0000,4.2385,-210.0588,0.01928,0.00000,0.77308,0.22692,True,True,True
74.5743,0.0000,4.2410,-210.0792,0.02052,0.00000,0.77268,0.22732,True,True,True
74.5837,0.0000,4.2435,-210.0997,0.02068,0.00000,0.77227,0.22773,True,True,True
74.5939,0.0000,4.2463,-210.1227,0.02311,0.00000,0.77182,0.22818,True,True,True
74.6026,0.0000,4.2487,-210.1423,0.01975,0.00000,0.77143,0.22857,True,True,True
74.6115,0.0000,4.2511,-210.1622,0.02011,0.00000,0.77104,0.22896,True,True,True
74.6208,0.0000,4.2537,-210.1829,0.02078,0.00000,0.77063,0.22937,True,True,True
74.6301,0.0000,4.2562,-210.2037,0.02097,0.00000,0.77022,0.22978,True,True,True
74.6403,0.0000,4.2590,-210.2264,0.02287,0.00000,0.76977,0.23023,True,True,True
74.6487,0.0000,4.2613,-210.2453,0.01906,0.00000,0.76940,0.23060,True,True,True
74.6581,0.0000,4.2639,-210.2661,0.02097,0.00000,0.76899,0.23101,True,True,True
74.6673,0.0000,4.2664,-210.2867,0.02077,0.00000,0.76858,0.23142,True,True,True
74.6775,0.0000,4.2692,-210.3096,0.02304,0.00000,0.76812,0.23188,True,True,True
74.6864,0.0000,4.2716,-210.3294,0.01992,0.00000,0.76773,0.23227,True,True,True
74.6954,0.0000,4.2740,-210.3492,0.01995,0.00000,0.76734,0.23266,True,True,True
74.7044,0.0000,4.2765,-210.3696,0.02058,0.00000,0.76693,0.23307,True,True,True
74.7138,0.0000,4.2791,-210.3905,0.02108,0.00000,0.76652,0.23348,True,True,True
74.7237,0.0000,4.2818,-210.4128,0.02244,0.00000,0.76607,0.23393,True,True,True
74.7321,0.0000,4.2841,-210.4315,0.01880,0.00000,0.76570,0.23430,True,True,True
74.7413,0.0000,4.2866,-210.4518,0.02052,0.00000,0.76530,0.23470,True,True,True
74.7508,0.0000,4.2892,-210.4728,0.02112,0.00000,0.76488,0.23512,True,True,True
74.7609,0.0000,4.2920,-210.4957,0.02307,0.00000,0.76442,0.23558,True,True,True
74.7696,0.0000,4.2944,-210.5153,0.01973,0.00000,0.76403,0.23597,True,True,True
74.7786,0.0000,4.2969,-210.5353,0.02019,0.00000,0.76363,0.23637,True,True,True
74.7879,0.0000,4.2994,-210.5558,0.02066,0.00000,0.76323,0.23677,True,True,True
74.7971,0.0000,4.3020,-210.5767,0.02106,0.00000,0.76281,0.23719,True,True,True
74.8072,0.0000,4.3048,-210.5993,0.02269,0.00000,0.76236,0.23764,True,True,True
74.8156,0.0000,4.3071,-210.6179,0.01879,0.00000,0.76199,0.23801,True,True,True
74.8247,0.0000,4.3096,-210.6382,0.02045,0.00000,0.76158,0.23842,True,True,True
74.8342,0.0000,4.3122,-210.6592,0.02119,0.00000,0.76116,0.23884,True,True,True
74.8443,0.0000,4.3151,-210.6821,0.02305,0.00000,0.76070,0.23930,True,True,True
74.8534,0.0000,4.3176,-210.7023,0.02033,0.00000,0.76030,0.23970,True,True,True
74.8625,0.0000,4.3200,-210.7220,0.01987,0.00000,0.75990,0.24010,True,True,True
74.8713,0.0000,4.3225,-210.7424,0.02054,0.00000,0.75949,0.24051,True,True,True
74.8806,0.0000,4.3251,-210.7630,0.02082,0.00000,0.75908,0.24092,True,True,True
74.8906,0.0000,4.3279,-210.7854,0.02256,0.00000,0.75863,0.24137,True,True,True
74.8991,0.0000,4.3302,-210.8044,0.01910,0.00000,0.75825,0.24175,True,True,True
74.9082,0.0000,4.3328,-210.8249,0.02066,0.00000,0.75784,0.24216,True,True,True
74.9177,0.0000,4.3354,-210.8460,0.02128,0.00000,0.75741,0.24259,True,True,True
74.9279,0.0000,4.3382,-210.8687,0.02289,0.00000,0.75695,0.24305,True,True,True
74.9369,0.0000,4.3407,-210.8889,0.02033,0.00000,0.75655,0.24345,True,True,True
74.9458,0.0000,4.3431,-210.9086,0.01983,0.00000,0.75615,0.24385,True,True,True
74.9548,0.0000,4.3457,-210.9290,0.02054,0.00000,0.75574,0.24426,True,True,True
74.9643,0.0000,4.3483,-210.9500,0.02116,0.00000,0.75532,0.24468,True,True,True
74.9744,0.0000,4.3511,-210.9724,0.02266,0.00000,0.75486,0.24514,True,True,True
74.9829,0.0000,4.3534,-210.9914,0.01908,0.00000,0.75448,0.24552,True,True,True
74.9921,0.0000,4.3559,-211.0118,0.02057,0.00000,0.75407,0.24593,True,True,True
75.0016,0.0000,4.3585,-211.0326,0.02094,0.00000,0.75365,0.24635,True,True,True
75.0115,0.0000,4.3614,-211.0555,0.02307,0.00000,0.75319,0.24681,True,True,True
75.0207,0.0000,4.3640,-211.0758,0.02050,0.00000,0.75278,0.24722,True,True,True
75.0295,0.0000,4.3664,-211.0956,0.01998,0.00000,0.75238,0.24762,True,True,True
75.0387,0.0000,4.3690,-211.1162,0.02073,0.00000,0.75196,0.24804,True,True,True
75.0482,0.0000,4.3716,-211.1372,0.02114,0.00000,0.75153,0.24847,True,True,True
75.0582,0.0000,4.3745,-211.1598,0.02276,0.00000,0.75108,0.24892,True,True,True
75.0667,0.0000,4.3768,-211.1787,0.01908,0.00000,0.75069,0.24931,True,True,True
75.0758,0.0000,4.3794,-211.1991,0.02054,0.00000,0.75028,0.24972,True,True,True
75.0855,0.0000,4.3820,-211.2198,0.02093,0.00000,0.74986,0.25014,True,True,True
75.0954,0.0000,4.3849,-211.2428,0.02314,0.00000,0.74939,0.25061,True,True,True
75.1048,0.0000,4.3874,-211.2634,0.02073,0.00000,0.74897,0.25103,True,True,True
75.1135,0.0000,4.3899,-211.2831,0.01987,0.00000,0.74857,0.25143,True,True,True
75.1229,0.0000,4.3925,-211.3039,0.02099,0.00000,0.74815,0.25185,True,True,True
75.1321,0.0000,4.3951,-211.3245,0.02074,0.00000,0.74773,0.25227,True,True,True
75.1423,0.0000,4.3980,-211.3475,0.02316,0.00000,0.74726,0.25274,True,True,True
75.1512,0.0000,4.4004,-211.3667,0.01936,0.00000,0.74687,0.25313,True,True,True
75.1601,0.0000,4.4029,-211.3872,0.02065,0.00000,0.74645,0.25355,True,True,True
75.1705,0.0000,4.4058,-211.4103,0.02327,0.00000,0.74598,0.25402,True,True,True
75.1794,0.0000,4.4083,-211.4301,0.01998,0.00000,0.74558,0.25442,True,True,True
75.1881,0.0000,4.4108,-211.4498,0.01981,0.00000,0.74518,0.25482,True,True,True
75.1974,0.0000,4.4133,-211.4701,0.02051,0.00000,0.74476,0.25524,True,True,True
75.2066,0.0000,4.4159,-211.4910,0.02104,0.00000,0.74434,0.25566,True,True,True
75.2166,0.0000,4.4187,-211.5133,0.02252,0.00000,0.74388,0.25612,True,True,True
75.2251,0.0000,4.4211,-211.5323,0.01909,0.00000,0.74349,0.25651,True,True,True
75.2344,0.0000,4.4237,-211.5527,0.02064,0.00000,0.74307,0.25693,True,True,True
75.2436,0.0000,4.4264,-211.5736,0.02104,0.00000,0.74265,0.25735,True,True,True
75.2539,0.0000,4.4293,-211.5965,0.02309,0.00000,0.74218,0.25782,True,True,True
75.2632,0.0000,4.4319,-211.6170,0.02064,0.00000,0.74176,0.25824,True,True,True
75.2719,0.0000,4.4343,-211.6367,0.01984,0.00000,0.74136,0.25864,True,True,True
75.2812,0.0000,4.4369,-211.6573,0.02075,0.00000,0.74093,0.25907,True,True,True
75.2904,0.0000,4.4396,-211.6780,0.02095,0.00000,0.74051,0.25949,True,True,True
75.3005,0.0000,4.4424,-211.7006,0.02275,0.00000,0.74004,0.25996,True,True,True
75.3092,0.0000,4.4449,-211.7200,0.01958,0.00000,0.73965,0.26035,True,True,True
75.3184,0.0000,4.4475,-211.7404,0.02058,0.00000,0.73923,0.26077,True,True,True
75.3288,0.0000,4.4504,-211.7639,0.02361,0.00000,0.73874,0.26126,True,True,True
75.3376,0.0000,4.4529,-211.7833,0.01958,0.00000,0.73835,0.26165,True,True,True
75.3463,0.0000,4.4554,-211.8029,0.01981,0.00000,0.73794,0.26206,True,True,True
75.3556,0.0000,4.4580,-211.8236,0.02081,0.00000,0.73752,0.26248,True,True,True
75.3651,0.0000,4.4607,-211.8448,0.02136,0.00000,0.73708,0.26292,True,True,True
75.3751,0.0000,4.4635,-211.8671,0.02244,0.00000,0.73662,0.26338,True,True,True
75.3835,0.0000,4.4659,-211.8860,0.01910,0.00000,0.73623,0.26377,True,True,True
75.3928,0.0000,4.4685,-211.9065,0.02069,0.00000,0.73581,0.26419,True,True,True
75.4024,0.0000,4.4711,-211.9276,0.02121,0.00000,0.73537,0.26463,True,True,True
75.4125,0.0000,4.4740,-211.9504,0.02304,0.00000,0.73490,0.26510,True,True,True
75.4214,0.0000,4.4765,-211.9703,0.02003,0.00000,0.73449,0.26551,True,True,True
75.4301,0.0000,4.4790,-211.9899,0.01978,0.00000,0.73409,0.26591,True,True,True
75.4394,0.0000,4.4817,-212.0107,0.02093,0.00000,0.73366,0.26634,True,True,True
75.4487,0.0000,4.4843,-212.0315,0.02100,0.00000,0.73323,0.26677,True,True,True
75.4586,0.0000,4.4871,-212.0536,0.02231,0.00000,0.73277,0.26723,True,True,True
75.4681,0.0000,4.4896,-212.0726,0.01917,0.00000,0.73237,0.26763,True,True,True
75.4768,0.0000,4.4922,-212.0932,0.02069,0.00000,0.73195,0.26805,True,True,True
75.4863,0.0000,4.4949,-212.1143,0.02135,0.00000,0.73151,0.26849,True,True,True
75.4965,0.0000,4.4979,-212.1379,0.02375,0.00000,0.73102,0.26898,True,True,True
75.5054,0.0000,4.5004,-212.1576,0.01983,0.00000,0.73061,0.26939,True,True,True
75.5144,0.0000,4.5030,-212.1780,0.02058,0.00000,0.73019,0.26981,True,True,True
75.5237,0.0000,4.5057,-212.1987,0.02092,0.00000,0.72976,0.27024,True,True,True
75.5331,0.0000,4.5084,-212.2199,0.02129,0.00000,0.72932,0.27068,True,True,True
75.5437,0.0000,4.5114,-212.2434,0.02374,0.00000,0.72883,0.27117,True,True,True
75.5525,0.0000,4.5139,-212.2627,0.01947,0.00000,0.72843,0.27157,True,True,True
75.5619,0.0000,4.5165,-212.2834,0.02084,0.00000,0.72800,0.27200,True,True,True
75.5718,0.0000,4.5194,-212.3061,0.02284,0.00000,0.72753,0.27247,True,True,True
75.5809,0.0000,4.5220,-212.3265,0.02057,0.00000,0.72711,0.27289,True,True,True
75.5900,0.0000,4.5246,-212.3467,0.02038,0.00000,0.72668,0.27332,True,True,True
75.5993,0.0000,4.5272,-212.3675,0.02098,0.00000,0.72625,0.27375,True,True,True
75.6088,0.0000,4.5299,-212.3886,0.02132,0.00000,0.72581,0.27419,True,True,True
75.6193,0.0000,4.5329,-212.4122,0.02370,0.00000,0.72532,0.27468,True,True,True
75.6282,0.0000,4.5354,-212.4315,0.01955,0.00000,0.72492,0.27508,True,True,True
75.6377,0.0000,4.5381,-212.4527,0.02132,0.00000,0.72447,0.27553,True,True,True
75.6480,0.0000,4.5411,-212.4763,0.02378,0.00000,0.72398,0.27602,True,True,True
75.6569,0.0000,4.5437,-212.4962,0.02007,0.00000,0.72357,0.27643,True,True,True
75.6659,0.0000,4.5462,-212.5160,0.01994,0.00000,0.72315,0.27685,True,True,True
75.6751,0.0000,4.5489,-212.5368,0.02102,0.00000,0.72272,0.27728,True,True,True
75.6847,0.0000,4.5517,-212.5581,0.02148,0.00000,0.72227,0.27773,True,True,True
75.6951,0.0000,4.5546,-212.5811,0.02315,0.00000,0.72179,0.27821,True,True,True
75.7037,0.0000,4.5571,-212.6005,0.01960,0.00000,0.72138,0.27862,True,True,True
75.7133,0.0000,4.5598,-212.6216,0.02120,0.00000,0.72094,0.27906,True,True,True
75.7233,0.0000,4.5628,-212.6441,0.02274,0.00000,0.72047,0.27953,True,True,True
75.7328,0.0000,4.5655,-212.6652,0.02129,0.00000,0.72003,0.27997,True,True,True
75.7417,0.0000,4.5681,-212.6853,0.02025,0.00000,0.71961,0.28039,True,True,True
75.7511,0.0000,4.5708,-212.7063,0.02115,0.00000,0.71917,0.28083,True,True,True
75.7605,0.0000,4.5735,-212.7273,0.02123,0.00000,0.71873,0.28127,True,True,True
75.7712,0.0000,4.5765,-212.7507,0.02354,0.00000,0.71824,0.28176,True,True,True
75.7799,0.0000,4.5790,-212.7704,0.01988,0.00000,0.71782,0.28218,True,True,True
75.7893,0.0000,4.5817,-212.7914,0.02112,0.00000,0.71738,0.28262,True,True,True
75.7999,0.0000,4.5848,-212.8151,0.02399,0.00000,0.71688,0.28312,True,True,True
75.8087,0.0000,4.5873,-212.8346,0.01963,0.00000,0.71647,0.28353,True,True,True
75.8178,0.0000,4.5900,-212.8550,0.02060,0.00000,0.71604,0.28396,True,True,True
75.8272,0.0000,4.5927,-212.8760,0.02109,0.00000,0.71560,0.28440,True,True,True
75.8369,0.0000,4.5954,-212.8973,0.02148,0.00000,0.71515,0.28485,True,True,True
75.8470,0.0000,4.5984,-212.9201,0.02306,0.00000,0.71467,0.28533,True,True,True
75.8558,0.0000,4.6009,-212.9398,0.01982,0.00000,0.71426,0.28574,True,True,True
75.8672,0.0000,4.6041,-212.9648,0.02525,0.00000,0.71373,0.28627,True,True,True
75.8752,0.0000,4.6065,-212.9832,0.01852,0.00000,0.71334,0.28666,True,True,True
75.8851,0.0000,4.6093,-213.0049,0.02191,0.00000,0.71288,0.28712,True,True,True
75.8939,0.0000,4.6119,-213.0249,0.02017,0.00000,0.71246,0.28754,True,True,True
75.9034,0.0000,4.6146,-213.0459,0.02111,0.00000,0.71202,0.28798,True,True,True
75.9130,0.0000,4.6174,-213.0672,0.02154,0.00000,0.71157,0.28843,True,True,True
75.9226,0.0000,4.6202,-213.0890,0.02191,0.00000,0.71111,0.28889,True,True,True
75.9321,0.0000,4.6230,-213.1100,0.02117,0.00000,0.71066,0.28934,True,True,True
75.9422,0.0000,4.6259,-213.1327,0.02291,0.00000,0.71018,0.28982,True,True,True
75.9516,0.0000,4.6286,-213.1533,0.02082,0.00000,0.70975,0.29025,True,True,True
75.9606,0.0000,4.6313,-213.1736,0.02042,0.00000,0.70932,0.29068,True,True,True
75.9700,0.0000,4.6340,-213.1945,0.02111,0.00000,0.70887,0.29113,True,True,True
75.9793,0.0000,4.6367,-213.2154,0.02111,0.00000,0.70843,0.29157,True,True,True
75.9898,0.0000,4.6397,-213.2385,0.02324,0.00000,0.70794,0.29206,True,True,True
75.9983,0.0000,4.6422,-213.2579,0.01956,0.00000,0.70753,0.29247,True,True,True
76.0079,0.0000,4.6450,-213.2788,0.02107,0.00000,0.70709,0.29291,True,True,True
76.0180,0.0000,4.6480,-213.3018,0.02325,0.00000,0.70660,0.29340,True,True,True
76.0273,0.0000,4.6506,-213.3223,0.02062,0.00000,0.70616,0.29384,True,True,True
76.0361,0.0000,4.6532,-213.3422,0.02011,0.00000,0.70574,0.29426,True,True,True
76.0456,0.0000,4.6559,-213.3631,0.02108,0.00000,0.70530,0.29470,True,True,True
76.0549,0.0000,4.6587,-213.3841,0.02117,0.00000,0.70485,0.29515,True,True,True
76.0654,0.0000,4.6617,-213.4075,0.02354,0.00000,0.70435,0.29565,True,True,True
76.0742,0.0000,4.6643,-213.4271,0.01983,0.00000,0.70394,0.29607,True,True,True
76.0835,0.0000,4.6670,-213.4478,0.02087,0.00000,0.70349,0.29651,True,True,True
76.0936,0.0000,4.6699,-213.4705,0.02284,0.00000,0.70301,0.29699,True,True,True
76.1031,0.0000,4.6726,-213.4914,0.02110,0.00000,0.70257,0.29743,True,True,True
76.1121,0.0000,4.6753,-213.5116,0.02039,0.00000,0.70214,0.29786,True,True,True
76.1214,0.0000,4.6780,-213.5323,0.02090,0.00000,0.70169,0.29831,True,True,True
76.1307,0.0000,4.6808,-213.5533,0.02115,0.00000,0.70125,0.29875,True,True,True
76.1410,0.0000,4.6837,-213.5760,0.02290,0.00000,0.70076,0.29924,True,True,True
76.1495,0.0000,4.6862,-213.5947,0.01887,0.00000,0.70036,0.29964,True,True,True
76.1590,0.0000,4.6888,-213.6147,0.02022,0.00000,0.69994,0.30006,True,True,True
76.1690,0.0000,4.6916,-213.6359,0.02130,0.00000,0.69948,0.30052,True,True,True
76.1785,0.0000,4.6941,-213.6548,0.01905,0.00000,0.69908,0.30092,True,True,True
76.1875,0.0000,4.6965,-213.6729,0.01831,0.00000,0.69869,0.30131,True,True,True
76.1967,0.0000,4.6988,-213.6907,0.01794,0.00000,0.69831,0.30169,True,True,True
76.2061,0.0000,4.7012,-213.7086,0.01801,0.00000,0.69793,0.30207,True,True,True
76.2163,0.0000,4.7036,-213.7272,0.01876,0.00000,0.69753,0.30247,True,True,True
76.2249,0.0000,4.7056,-213.7424,0.01541,0.00000,0.69721,0.30279,True,True,True
76.2343,0.0000,4.7077,-213.7586,0.01633,0.00000,0.69686,0.30314,True,True,True
76.2445,0.0000,4.7100,-213.7757,0.01718,0.00000,0.69650,0.30350,True,True,True
76.2540,0.0000,4.7120,-213.7909,0.01534,0.00000,0.69617,0.30383,True,True,True
76.2628,0.0000,4.7138,-213.8048,0.01408,0.00000,0.69587,0.30413,True,True,True
76.2719,0.0000,4.7156,-213.8187,0.01404,0.00000,0.69557,0.30443,True,True,True
76.2812,0.0000,4.7174,-213.8325,0.01390,0.00000,0.69528,0.30472,True,True,True
76.2917,0.0000,4.7194,-213.8473,0.01494,0.00000,0.69496,0.30504,True,True,True
76.3004,0.0000,4.7210,-213.8593,0.01211,0.00000,0.69470,0.30530,True,True,True
76.3101,0.0000,4.7226,-213.8719,0.01264,0.00000,0.69443,0.30557,True,True,True
76.3200,0.0000,4.7243,-213.8847,0.01297,0.00000,0.69416,0.30584,True,True,True
76.3294,0.0000,4.7258,-213.8961,0.01143,0.00000,0.69391,0.30609,True,True,True
76.3383,0.0000,4.7272,-213.9068,0.01077,0.00000,0.69368,0.30632,True,True,True
76.3480,0.0000,4.7286,-213.9177,0.01103,0.00000,0.69345,0.30655,True,True,True
76.3572,0.0000,4.7300,-213.9278,0.01023,0.00000,0.69323,0.30677,True,True,True
76.3676,0.0000,4.7314,-213.9386,0.01080,0.00000,0.69300,0.30700,True,True,True
76.3762,0.0000,4.7325,-213.9473,0.00879,0.00000,0.69281,0.30719,True,True,True
76.3857,0.0000,4.7337,-213.9565,0.00926,0.00000,0.69262,0.30738,True,True,True
76.3958,0.0000,4.7350,-213.9659,0.00951,0.00000,0.69241,0.30759,True,True,True
76.4056,0.0000,4.7361,-213.9745,0.00873,0.00000,0.69223,0.30777,True,True,True
76.4144,0.0000,4.7371,-213.9822,0.00776,0.00000,0.69206,0.30794,True,True,True
76.4240,0.0000,4.7371,-213.9822,0.00000,0.00000,0.69206,0.30794,True,True,True
76.4335,0.0000,4.7372,-213.9827,0.00049,0.00000,0.69205,0.30795,True,True,True
76.4432,0.0000,4.7373,-213.9837,0.00100,0.00000,0.69203,0.30797,True,True,True
76.4527,0.0000,4.7375,-213.9852,0.00148,0.00000,0.69200,0.30800,True,True,True
76.4627,0.0000,4.7378,-213.9873,0.00214,0.00000,0.69195,0.30805,True,True,True
76.4724,0.0000,4.7381,-213.9898,0.00251,0.00000,0.69190,0.30810,True,True,True
76.4813,0.0000,4.7385,-213.9926,0.00285,0.00000,0.69184,0.30816,True,True,True
76.4907,0.0000,4.7389,-213.9960,0.00343,0.00000,0.69177,0.30823,True,True,True
76.5002,0.0000,4.7394,-214.0000,0.00399,0.00000,0.69168,0.30832,True,True,True
76.5127,0.0000,4.7402,-214.0060,0.00606,0.00000,0.69155,0.30845,True,True,True
76.5209,0.0000,4.7408,-214.0103,0.00442,0.00000,0.69146,0.30854,True,True,True
76.5299,0.0000,4.7415,-214.0155,0.00517,0.00000,0.69135,0.30865,True,True,True
76.5400,0.0000,4.7424,-214.0219,0.00646,0.00000,0.69121,0.30879,True,True,True
76.5491,0.0000,4.7432,-214.0281,0.00625,0.00000,0.69108,0.30892,True,True,True
76.5586,0.0000,4.7441,-214.0349,0.00693,0.00000,0.69093,0.30907,True,True,True
76.5681,0.0000,4.7451,-214.0425,0.00759,0.00000,0.69077,0.30923,True,True,True
76.5779,0.0000,4.7462,-214.0506,0.00820,0.00000,0.69059,0.30941,True,True,True
76.5879,0.0000,4.7474,-214.0597,0.00916,0.00000,0.69040,0.30960,True,True,True
76.5979,0.0000,4.7486,-214.0690,0.00945,0.00000,0.69020,0.30980,True,True,True
76.6068,0.0000,4.7498,-214.0780,0.00904,0.00000,0.69000,0.31000,True,True,True
76.6166,0.0000,4.7511,-214.0881,0.01017,0.00000,0.68979,0.31021,True,True,True
76.6260,0.0000,4.7525,-214.0986,0.01061,0.00000,0.68956,0.31044,True,True,True
76.6361,0.0000,4.7540,-214.1098,0.01133,0.00000,0.68932,0.31068,True,True,True
76.6457,0.0000,4.7556,-214.1215,0.01173,0.00000,0.68907,0.31093,True,True,True
76.6556,0.0000,4.7573,-214.1344,0.01302,0.00000,0.68879,0.31121,True,True,True
76.6653,0.0000,4.7589,-214.1469,0.01259,0.00000,0.68852,0.31148,True,True,True
76.6742,0.0000,4.7606,-214.1592,0.01248,0.00000,0.68825,0.31175,True,True,True
76.6838,0.0000,4.7623,-214.1724,0.01333,0.00000,0.68797,0.31203,True,True,True
76.6931,0.0000,4.7642,-214.1864,0.01413,0.00000,0.68767,0.31233,True,True,True
76.7042,0.0000,4.7663,-214.2021,0.01582,0.00000,0.68733,0.31267,True,True,True
76.7128,0.0000,4.7682,-214.2171,0.01505,0.00000,0.68701,0.31299,True,True,True
76.7239,0.0000,4.7706,-214.2351,0.01824,0.00000,0.68662,0.31338,True,True,True
76.7324,0.0000,4.7725,-214.2495,0.01450,0.00000,0.68631,0.31369,True,True,True
76.7417,0.0000,4.7746,-214.2654,0.01598,0.00000,0.68596,0.31404,True,True,True
76.7510,0.0000,4.7768,-214.2819,0.01673,0.00000,0.68561,0.31439,True,True,True
76.7605,0.0000,4.7792,-214.2995,0.01776,0.00000,0.68523,0.31477,True,True,True
76.7713,0.0000,4.7818,-214.3195,0.02015,0.00000,0.68479,0.31521,True,True,True
76.7803,0.0000,4.7841,-214.3369,0.01750,0.00000,0.68442,0.31558,True,True,True
76.7900,0.0000,4.7866,-214.3558,0.01906,0.00000,0.68401,0.31599,True,True,True
76.7997,0.0000,4.7894,-214.3764,0.02081,0.00000,0.68356,0.31644,True,True,True
76.8095,0.0000,4.7921,-214.3969,0.02072,0.00000,0.68312,0.31688,True,True,True
76.8187,0.0000,4.7947,-214.4165,0.01976,0.00000,0.68270,0.31730,True,True,True
76.8279,0.0000,4.7974,-214.4371,0.02075,0.00000,0.68225,0.31775,True,True,True
76.8375,0.0000,4.8002,-214.4586,0.02166,0.00000,0.68178,0.31822,True,True,True
76.8497,0.0000,4.8038,-214.4856,0.02732,0.00000,0.68120,0.31880,True,True,True
76.8580,0.0000,4.8063,-214.5043,0.01879,0.00000,0.68079,0.31921,True,True,True
76.8674,0.0000,4.8091,-214.5252,0.02109,0.00000,0.68034,0.31966,True,True,True
76.8777,0.0000,4.8122,-214.5480,0.02308,0.00000,0.67984,0.32016,True,True,True
76.8868,0.0000,4.8148,-214.5681,0.02020,0.00000,0.67941,0.32059,True,True,True
76.8960,0.0000,4.8176,-214.5885,0.02061,0.00000,0.67897,0.32103,True,True,True
76.9052,0.0000,4.8204,-214.6095,0.02118,0.00000,0.67851,0.32149,True,True,True
76.9150,0.0000,4.8233,-214.6310,0.02174,0.00000,0.67804,0.32196,True,True,True
76.9250,0.0000,4.8263,-214.6536,0.02280,0.00000,0.67755,0.32245,True,True,True
76.9344,0.0000,4.8291,-214.6746,0.02117,0.00000,0.67710,0.32290,True,True,True
76.9444,0.0000,4.8320,-214.6961,0.02171,0.00000,0.67663,0.32337,True,True,True
76.9537,0.0000,4.8348,-214.7171,0.02115,0.00000,0.67617,0.32383,True,True,True
76.9634,0.0000,4.8377,-214.7391,0.02218,0.00000,0.67569,0.32431,True,True,True
76.9742,0.0000,4.8407,-214.7616,0.02274,0.00000,0.67520,0.32480,True,True,True
76.9836,0.0000,4.8437,-214.7842,0.02275,0.00000,0.67471,0.32529,True,True,True
76.9940,0.0000,4.8467,-214.8062,0.02225,0.00000,0.67423,0.32577,True,True,True
77.0035,0.0000,4.8496,-214.8283,0.02223,0.00000,0.67375,0.32625,True,True,True
77.0129,0.0000,4.8524,-214.8491,0.02103,0.00000,0.67330,0.32670,True,True,True
77.0224,0.0000,4.8553,-214.8707,0.02178,0.00000,0.67283,0.32717,True,True,True
77.0330,0.0000,4.8582,-214.8925,0.02203,0.00000,0.67235,0.32765,True,True,True
77.0421,0.0000,4.8612,-214.9149,0.02254,0.00000,0.67186,0.32814,True,True,True
77.0528,0.0000,4.8644,-214.9385,0.02385,0.00000,0.67135,0.32865,True,True,True
77.0618,0.0000,4.8670,-214.9584,0.02011,0.00000,0.67091,0.32909,True,True,True
77.0715,0.0000,4.8699,-214.9800,0.02180,0.00000,0.67044,0.32956,True,True,True
77.0822,0.0000,4.8729,-215.0022,0.02240,0.00000,0.66996,0.33004,True,True,True
77.0927,0.0000,4.8761,-215.0257,0.02368,0.00000,0.66944,0.33056,True,True,True
77.1020,0.0000,4.8791,-215.0479,0.02239,0.00000,0.66896,0.33104,True,True,True
77.1126,0.0000,4.8822,-215.0715,0.02379,0.00000,0.66844,0.33156,True,True,True
77.1218,0.0000,4.8851,-215.0924,0.02109,0.00000,0.66798,0.33202,True,True,True
77.1311,0.0000,4.8879,-215.1133,0.02111,0.00000,0.66753,0.33247,True,True,True
77.1411,0.0000,4.8908,-215.1348,0.02166,0.00000,0.66706,0.33294,True,True,True
77.1507,0.0000,4.8937,-215.1568,0.02228,0.00000,0.66657,0.33343,True,True,True
77.1614,0.0000,4.8968,-215.1795,0.02290,0.00000,0.66608,0.33392,True,True,True
77.1713,0.0000,4.8999,-215.2028,0.02346,0.00000,0.66557,0.33443,True,True,True
77.1811,0.0000,4.9028,-215.2240,0.02143,0.00000,0.66510,0.33490,True,True,True
77.1916,0.0000,4.9060,-215.2475,0.02363,0.00000,0.66459,0.33541,True,True,True
77.2011,0.0000,4.9089,-215.2690,0.02169,0.00000,0.66412,0.33588,True,True,True
77.2117,0.0000,4.9119,-215.2917,0.02297,0.00000,0.66362,0.33638,True,True,True
77.2226,0.0000,4.9152,-215.3162,0.02468,0.00000,0.66308,0.33692,True,True,True
77.2337,0.0000,4.9184,-215.3395,0.02353,0.00000,0.66257,0.33743,True,True,True
77.2424,0.0000,4.9213,-215.3612,0.02188,0.00000,0.66209,0.33791,True,True,True
77.2518,0.0000,4.9241,-215.3820,0.02106,0.00000,0.66163,0.33837,True,True,True
77.2628,0.0000,4.9274,-215.4065,0.02470,0.00000,0.66110,0.33890,True,True,True
77.2718,0.0000,4.9302,-215.4270,0.02069,0.00000,0.66065,0.33935,True,True,True
77.2819,0.0000,4.9331,-215.4488,0.02200,0.00000,0.66017,0.33983,True,True,True
77.2914,0.0000,4.9361,-215.4708,0.02219,0.00000,0.65968,0.34032,True,True,True
77.3012,0.0000,4.9390,-215.4921,0.02149,0.00000,0.65921,0.34079,True,True,True
77.3109,0.0000,4.9419,-215.5138,0.02191,0.00000,0.65874,0.34126,True,True,True
77.3213,0.0000,4.9450,-215.5366,0.02299,0.00000,0.65823,0.34177,True,True,True
77.3307,0.0000,4.9479,-215.5581,0.02167,0.00000,0.65776,0.34224,True,True,True
77.3398,0.0000,4.9507,-215.5787,0.02077,0.00000,0.65731,0.34269,True,True,True
77.3494,0.0000,4.9536,-215.5997,0.02119,0.00000,0.65685,0.34315,True,True,True
77.3589,0.0000,4.9565,-215.6211,0.02167,0.00000,0.65637,0.34363,True,True,True
77.3688,0.0000,4.9594,-215.6428,0.02182,0.00000,0.65590,0.34410,True,True,True
77.3785,0.0000,4.9624,-215.6644,0.02179,0.00000,0.65542,0.34458,True,True,True
77.3885,0.0000,4.9654,-215.6870,0.02281,0.00000,0.65492,0.34508,True,True,True
77.3984,0.0000,4.9684,-215.7089,0.02213,0.00000,0.65444,0.34556,True,True,True
77.4075,0.0000,4.9712,-215.7295,0.02077,0.00000,0.65398,0.34602,True,True,True
77.4180,0.0000,4.9743,-215.7522,0.02296,0.00000,0.65348,0.34652,True,True,True
77.4276,0.0000,4.9773,-215.7745,0.02245,0.00000,0.65299,0.34701,True,True,True
77.4387,0.0000,4.9804,-215.7970,0.02278,0.00000,0.65249,0.34751,True,True,True
77.4479,0.0000,4.9834,-215.8193,0.02244,0.00000,0.65200,0.34800,True,True,True
77.4586,0.0000,4.9867,-215.8432,0.02418,0.00000,0.65147,0.34853,True,True,True
77.4683,0.0000,4.9895,-215.8640,0.02102,0.00000,0.65101,0.34899,True,True,True
77.4778,0.0000,4.9925,-215.8856,0.02179,0.00000,0.65053,0.34947,True,True,True
77.4887,0.0000,4.9956,-215.9087,0.02328,0.00000,0.65002,0.34998,True,True,True
77.4990,0.0000,4.9989,-215.9330,0.02448,0.00000,0.64948,0.35052,True,True,True
77.5085,0.0000,5.0018,-215.9546,0.02181,0.00000,0.64901,0.35099,True,True,True
77.5177,0.0000,5.0046,-215.9752,0.02077,0.00000,0.64855,0.35145,True,True,True
77.5282,0.0000,5.0077,-215.9981,0.02313,0.00000,0.64804,0.35196,True,True,True
77.5377,0.0000,5.0107,-216.0194,0.02148,0.00000,0.64757,0.35243,True,True,True
77.5477,0.0000,5.0137,-216.0413,0.02218,0.00000,0.64708,0.35292,True,True,True
77.5576,0.0000,5.0168,-216.0641,0.02296,0.00000,0.64658,0.35342,True,True,True
77.5675,0.0000,5.0198,-216.0862,0.02230,0.00000,0.64609,0.35391,True,True,True
77.5767,0.0000,5.0226,-216.1065,0.02047,0.00000,0.64564,0.35436,True,True,True
77.5870,0.0000,5.0257,-216.1288,0.02256,0.00000,0.64514,0.35486,True,True,True
77.5965,0.0000,5.0287,-216.1507,0.02213,0.00000,0.64466,0.35534,True,True,True
77.6059,0.0000,5.0315,-216.1717,0.02116,0.00000,0.64419,0.35581,True,True,True
77.6162,0.0000,5.0347,-216.1947,0.02316,0.00000,0.64368,0.35632,True,True,True
77.6259,0.0000,5.0376,-216.2161,0.02164,0.00000,0.64321,0.35679,True,True,True
77.6347,0.0000,5.0403,-216.2360,0.02008,0.00000,0.64276,0.35724,True,True,True
77.6443,0.0000,5.0432,-216.2570,0.02122,0.00000,0.64230,0.35770,True,True,True
77.6538,0.0000,5.0462,-216.2784,0.02159,0.00000,0.64182,0.35818,True,True,True
77.6638,0.0000,5.0491,-216.3001,0.02192,0.00000,0.64134,0.35866,True,True,True
77.6732,0.0000,5.0521,-216.3217,0.02178,0.00000,0.64086,0.35914,True,True,True
77.6834,0.0000,5.0552,-216.3445,0.02298,0.00000,0.64035,0.35965,True,True,True
77.6930,0.0000,5.0581,-216.3655,0.02121,0.00000,0.63988,0.36012,True,True,True
77.7025,0.0000,5.0610,-216.3870,0.02176,0.00000,0.63940,0.36060,True,True,True
77.7117,0.0000,5.0639,-216.4078,0.02093,0.00000,0.63894,0.36106,True,True,True
77.7213,0.0000,5.0668,-216.4290,0.02141,0.00000,0.63847,0.36153,True,True,True
77.7309,0.0000,5.0697,-216.4505,0.02176,0.00000,0.63799,0.36201,True,True,True
77.7405,0.0000,5.0726,-216.4717,0.02135,0.00000,0.63752,0.36248,True,True,True
77.7513,0.0000,5.0759,-216.4956,0.02413,0.00000,0.63699,0.36301,True,True,True
77.7602,0.0000,5.0787,-216.5158,0.02035,0.00000,0.63654,0.36346,True,True,True
77.7700,0.0000,5.0816,-216.5371,0.02155,0.00000,0.63606,0.36394,True,True,True
77.7800,0.0000,5.0846,-216.5584,0.02149,0.00000,0.63559,0.36441,True,True,True
77.7901,0.0000,5.0878,-216.5816,0.02348,0.00000,0.63507,0.36493,True,True,True
77.7998,0.0000,5.0908,-216.6034,0.02192,0.00000,0.63458,0.36542,True,True,True
77.8097,0.0000,5.0939,-216.6262,0.02301,0.00000,0.63407,0.36593,True,True,True
77.8200,0.0000,5.0971,-216.6487,0.02280,0.00000,0.63357,0.36643,True,True,True
77.8288,0.0000,5.0998,-216.6685,0.01996,0.00000,0.63313,0.36687,True,True,True
77.8388,0.0000,5.1028,-216.6906,0.02234,0.00000,0.63263,0.36737,True,True,True
77.8481,0.0000,5.1058,-216.7117,0.02127,0.00000,0.63216,0.36784,True,True,True
77.8594,0.0000,5.1090,-216.7350,0.02354,0.00000,0.63164,0.36836,True,True,True
77.8688,0.0000,5.1121,-216.7576,0.02274,0.00000,0.63114,0.36886,True,True,True
77.8792,0.0000,5.1153,-216.7808,0.02344,0.00000,0.63062,0.36938,True,True,True
77.8883,0.0000,5.1181,-216.8011,0.02050,0.00000,0.63017,0.36983,True,True,True
77.8978,0.0000,5.1210,-216.8220,0.02109,0.00000,0.62970,0.37030,True,True,True
77.9092,0.0000,5.1243,-216.8457,0.02395,0.00000,0.62917,0.37083,True,True,True
77.9187,0.0000,5.1275,-216.8689,0.02346,0.00000,0.62865,0.37135,True,True,True
77.9281,0.0000,5.1303,-216.8896,0.02084,0.00000,0.62819,0.37182,True,True,True
77.9376,0.0000,5.1333,-216.9109,0.02155,0.00000,0.62771,0.37229,True,True,True
77.9480,0.0000,5.1363,-216.9332,0.02244,0.00000,0.62721,0.37279,True,True,True
77.9576,0.0000,5.1394,-216.9552,0.02221,0.00000,0.62672,0.37328,True,True,True
77.9679,0.0000,5.1424,-216.9768,0.02187,0.00000,0.62623,0.37377,True,True,True
77.9773,0.0000,5.1455,-216.9995,0.02283,0.00000,0.62572,0.37428,True,True,True
77.9875,0.0000,5.1486,-217.0220,0.02282,0.00000,0.62522,0.37478,True,True,True
77.9975,0.0000,5.1517,-217.0440,0.02218,0.00000,0.62472,0.37528,True,True,True
78.0072,0.0000,5.1547,-217.0656,0.02180,0.00000,0.62424,0.37576,True,True,True
78.0166,0.0000,5.1577,-217.0871,0.02166,0.00000,0.62376,0.37624,True,True,True
78.0263,0.0000,5.1606,-217.1082,0.02131,0.00000,0.62329,0.37671,True,True,True
78.0369,0.0000,5.1639,-217.1319,0.02393,0.00000,0.62275,0.37725,True,True,True
78.0462,0.0000,5.1668,-217.1529,0.02124,0.00000,0.62228,0.37772,True,True,True
78.0552,0.0000,5.1697,-217.1732,0.02046,0.00000,0.62183,0.37817,True,True,True
78.0659,0.0000,5.1727,-217.1949,0.02192,0.00000,0.62134,0.37866,True,True,True
78.0750,0.0000,5.1757,-217.2169,0.02222,0.00000,0.62084,0.37916,True,True,True
78.0846,0.0000,5.1788,-217.2385,0.02181,0.00000,0.62036,0.37964,True,True,True
78.0952,0.0000,5.1820,-217.2619,0.02360,0.00000,0.61983,0.38017,True,True,True
78.1047,0.0000,5.1850,-217.2831,0.02138,0.00000,0.61936,0.38064,True,True,True
78.1140,0.0000,5.1879,-217.3039,0.02109,0.00000,0.61889,0.38111,True,True,True
78.1235,0.0000,5.1908,-217.3250,0.02131,0.00000,0.61841,0.38159,True,True,True
78.1329,0.0000,5.1938,-217.3464,0.02152,0.00000,0.61793,0.38207,True,True,True
78.1426,0.0000,5.1967,-217.3675,0.02131,0.00000,0.61746,0.38254,True,True,True
78.1532,0.0000,5.1999,-217.3906,0.02332,0.00000,0.61694,0.38306,True,True,True
78.1631,0.0000,5.2030,-217.4131,0.02274,0.00000,0.61643,0.38357,True,True,True
78.1730,0.0000,5.2062,-217.4354,0.02254,0.00000,0.61593,0.38407,True,True,True
78.1823,0.0000,5.2090,-217.4559,0.02072,0.00000,0.61547,0.38453,True,True,True
78.1916,0.0000,5.2119,-217.4766,0.02083,0.00000,0.61500,0.38500,True,True,True
78.2013,0.0000,5.2149,-217.4986,0.02226,0.00000,0.61451,0.38549,True,True,True
78.2110,0.0000,5.2179,-217.5199,0.02145,0.00000,0.61403,0.38597,True,True,True
78.2214,0.0000,5.2212,-217.5431,0.02350,0.00000,0.61350,0.38650,True,True,True
78.2311,0.0000,5.2242,-217.5648,0.02189,0.00000,0.61301,0.38699,True,True,True
78.2406,0.0000,5.2272,-217.5860,0.02140,0.00000,0.61254,0.38746,True,True,True
78.2501,0.0000,5.2302,-217.6072,0.02145,0.00000,0.61206,0.38794,True,True,True
78.2599,0.0000,5.2332,-217.6288,0.02179,0.00000,0.61157,0.38843,True,True,True
78.2694,0.0000,5.2362,-217.6502,0.02159,0.00000,0.61109,0.38891,True,True,True
78.2796,0.0000,5.2394,-217.6730,0.02305,0.00000,0.61057,0.38943,True,True,True
78.2892,0.0000,5.2424,-217.6945,0.02169,0.00000,0.61009,0.38991,True,True,True
78.2985,0.0000,5.2453,-217.7150,0.02074,0.00000,0.60962,0.39038,True,True,True
78.3078,0.0000,5.2482,-217.7359,0.02111,0.00000,0.60915,0.39085,True,True,True
78.3171,0.0000,5.2511,-217.7566,0.02089,0.00000,0.60869,0.39132,True,True,True
78.3270,0.0000,5.2541,-217.7783,0.02185,0.00000,0.60820,0.39180,True,True,True
78.3364,0.0000,5.2571,-217.7995,0.02148,0.00000,0.60772,0.39228,True,True,True
78.3468,0.0000,5.2603,-217.8223,0.02299,0.00000,0.60720,0.39280,True,True,True
78.3564,0.0000,5.2633,-217.8439,0.02176,0.00000,0.60671,0.39329,True,True,True
78.3658,0.0000,5.2662,-217.8642,0.02057,0.00000,0.60625,0.39375,True,True,True
78.3747,0.0000,5.2691,-217.8851,0.02105,0.00000,0.60578,0.39422,True,True,True
78.3843,0.0000,5.2721,-217.9061,0.02123,0.00000,0.60531,0.39469,True,True,True
78.3937,0.0000,5.2750,-217.9274,0.02151,0.00000,0.60483,0.39517,True,True,True
78.4045,0.0000,5.2782,-217.9497,0.02256,0.00000,0.60432,0.39568,True,True,True
78.4141,0.0000,5.2813,-217.9723,0.02276,0.00000,0.60381,0.39619,True,True,True
78.4229,0.0000,5.2841,-217.9923,0.02026,0.00000,0.60336,0.39664,True,True,True
78.4319,0.0000,5.2869,-218.0123,0.02016,0.00000,0.60290,0.39710,True,True,True
78.4420,0.0000,5.2901,-218.0346,0.02254,0.00000,0.60240,0.39760,True,True,True
78.4515,0.0000,5.2931,-218.0561,0.02168,0.00000,0.60191,0.39809,True,True,True
78.4611,0.0000,5.2961,-218.0774,0.02148,0.00000,0.60143,0.39857,True,True,True
78.4704,0.0000,5.2991,-218.0981,0.02099,0.00000,0.60096,0.39904,True,True,True
78.4805,0.0000,5.3022,-218.1207,0.02278,0.00000,0.60045,0.39955,True,True,True
78.4894,0.0000,5.3050,-218.1405,0.01997,0.00000,0.60000,0.40000,True,True,True
78.4981,0.0000,5.3078,-218.1601,0.01979,0.00000,0.59956,0.40044,True,True,True
78.5073,0.0000,5.3107,-218.1805,0.02063,0.00000,0.59909,0.40091,True,True,True
78.5165,0.0000,5.3136,-218.2011,0.02083,0.00000,0.59863,0.40137,True,True,True
78.5264,0.0000,5.3167,-218.2232,0.02228,0.00000,0.59813,0.40187,True,True,True
78.5348,0.0000,5.3194,-218.2420,0.01900,0.00000,0.59770,0.40230,True,True,True
78.5441,0.0000,5.3223,-218.2625,0.02066,0.00000,0.59724,0.40276,True,True,True
78.5536,0.0000,5.3252,-218.2831,0.02085,0.00000,0.59677,0.40323,True,True,True
78.5638,0.0000,5.3285,-218.3064,0.02353,0.00000,0.59624,0.40376,True,True,True
78.5726,0.0000,5.3312,-218.3261,0.01986,0.00000,0.59579,0.40421,True,True,True
78.5814,0.0000,5.3340,-218.3457,0.01983,0.00000,0.59535,0.40465,True,True,True
78.5906,0.0000,5.3369,-218.3663,0.02083,0.00000,0.59488,0.40512,True,True,True
78.6000,0.0000,5.3398,-218.3870,0.02083,0.00000,0.59441,0.40559,True,True,True
78.6105,0.0000,5.3430,-218.4097,0.02299,0.00000,0.59389,0.40611,True,True,True
78.6194,0.0000,5.3460,-218.4303,0.02079,0.00000,0.59342,0.40658,True,True,True
78.6285,0.0000,5.3488,-218.4506,0.02046,0.00000,0.59296,0.40704,True,True,True
78.6390,0.0000,5.3520,-218.4734,0.02305,0.00000,0.59245,0.40755,True,True,True
78.6480,0.0000,5.3549,-218.4938,0.02054,0.00000,0.59198,0.40802,True,True,True
78.6567,0.0000,5.3577,-218.5135,0.01993,0.00000,0.59154,0.40847,True,True,True
78.6658,0.0000,5.3605,-218.5334,0.02013,0.00000,0.59108,0.40892,True,True,True
78.6750,0.0000,5.3635,-218.5542,0.02099,0.00000,0.59061,0.40939,True,True,True
78.6859,0.0000,5.3668,-218.5777,0.02378,0.00000,0.59007,0.40993,True,True,True
78.6946,0.0000,5.3697,-218.5978,0.02027,0.00000,0.58962,0.41038,True,True,True
78.7041,0.0000,5.3725,-218.6178,0.02022,0.00000,0.58916,0.41084,True,True,True
78.7138,0.0000,5.3757,-218.6404,0.02284,0.00000,0.58865,0.41135,True,True,True
78.7234,0.0000,5.3788,-218.6616,0.02138,0.00000,0.58817,0.41183,True,True,True
78.7322,0.0000,5.3816,-218.6815,0.02013,0.00000,0.58771,0.41229,True,True,True
78.7414,0.0000,5.3845,-218.7020,0.02067,0.00000,0.58725,0.41275,True,True,True
78.7507,0.0000,5.3875,-218.7229,0.02113,0.00000,0.58677,0.41323,True,True,True
78.7608,0.0000,5.3906,-218.7451,0.02241,0.00000,0.58627,0.41373,True,True,True
78.7696,0.0000,5.3934,-218.7648,0.01990,0.00000,0.58582,0.41418,True,True,True
78.7786,0.0000,5.3962,-218.7846,0.01997,0.00000,0.58537,0.41463,True,True,True
78.7888,0.0000,5.3995,-218.8077,0.02336,0.00000,0.58484,0.41516,True,True,True
78.7975,0.0000,5.4023,-218.8271,0.01956,0.00000,0.58440,0.41560,True,True,True
78.8064,0.0000,5.4051,-218.8469,0.01999,0.00000,0.58395,0.41605,True,True,True
78.8157,0.0000,5.4080,-218.8675,0.02087,0.00000,0.58348,0.41652,True,True,True
78.8249,0.0000,5.4109,-218.8882,0.02084,0.00000,0.58301,0.41699,True,True,True
78.8349,0.0000,5.4141,-218.9101,0.02221,0.00000,0.58251,0.41749,True,True,True
78.8437,0.0000,5.4168,-218.9295,0.01954,0.00000,0.58206,0.41794,True,True,True
78.8525,0.0000,5.4197,-218.9497,0.02037,0.00000,0.58161,0.41840,True,True,True
78.8618,0.0000,5.4226,-218.9702,0.02074,0.00000,0.58114,0.41886,True,True,True
78.8721,0.0000,5.4259,-218.9933,0.02333,0.00000,0.58061,0.41939,True,True,True
78.8816,0.0000,5.4289,-219.0144,0.02133,0.00000,0.58013,0.41987,True,True,True
78.8908,0.0000,5.4318,-219.0347,0.02052,0.00000,0.57966,0.42034,True,True,True
78.9001,0.0000,5.4348,-219.0555,0.02099,0.00000,0.57919,0.42081,True,True,True
78.9094,0.0000,5.4378,-219.0763,0.02099,0.00000,0.57872,0.42128,True,True,True
78.9195,0.0000,5.4409,-219.0985,0.02246,0.00000,0.57821,0.42179,True,True,True
78.9282,0.0000,5.4437,-219.1180,0.01971,0.00000,0.57776,0.42224,True,True,True
78.9374,0.0000,5.4466,-219.1381,0.02028,0.00000,0.57731,0.42270,True,True,True
78.9473,0.0000,5.4499,-219.1609,0.02300,0.00000,0.57679,0.42321,True,True,True
78.9566,0.0000,5.4527,-219.1811,0.02039,0.00000,0.57632,0.42368,True,True,True
78.9658,0.0000,5.4557,-219.2017,0.02082,0.00000,0.57585,0.42415,True,True,True
78.9748,0.0000,5.4586,-219.2220,0.02049,0.00000,0.57539,0.42461,True,True,True
78.9841,0.0000,5.4615,-219.2425,0.02078,0.00000,0.57492,0.42508,True,True,True
78.9940,0.0000,5.4648,-219.2650,0.02267,0.00000,0.57441,0.42559,True,True,True
79.0031,0.0000,5.4676,-219.2847,0.01988,0.00000,0.57396,0.42604,True,True,True
79.0123,0.0000,5.4705,-219.3049,0.02044,0.00000,0.57350,0.42650,True,True,True
79.0223,0.0000,5.4737,-219.3278,0.02311,0.00000,0.57297,0.42703,True,True,True
79.0319,0.0000,5.4768,-219.3488,0.02129,0.00000,0.57249,0.42751,True,True,True
79.0406,0.0000,5.4796,-219.3686,0.01995,0.00000,0.57204,0.42796,True,True,True
79.0502,0.0000,5.4825,-219.3890,0.02059,0.00000,0.57157,0.42843,True,True,True
79.0592,0.0000,5.4855,-219.4099,0.02118,0.00000,0.57109,0.42891,True,True,True
79.0691,0.0000,5.4886,-219.4319,0.02223,0.00000,0.57059,0.42941,True,True,True
79.0776,0.0000,5.4914,-219.4511,0.01936,0.00000,0.57015,0.42985,True,True,True
79.0871,0.0000,5.4944,-219.4719,0.02101,0.00000,0.56968,0.43032,True,True,True
79.0972,0.0000,5.4976,-219.4948,0.02307,0.00000,0.56915,0.43085,True,True,True
79.1065,0.0000,5.5006,-219.5152,0.02069,0.00000,0.56869,0.43131,True,True,True
79.1151,0.0000,5.5033,-219.5345,0.01947,0.00000,0.56824,0.43176,True,True,True
79.1244,0.0000,5.5063,-219.5552,0.02089,0.00000,0.56777,0.43223,True,True,True
79.1338,0.0000,5.5093,-219.5761,0.02117,0.00000,0.56729,0.43271,True,True,True
79.1439,0.0000,5.5125,-219.5982,0.02228,0.00000,0.56679,0.43321,True,True,True
79.1527,0.0000,5.5152,-219.6168,0.01882,0.00000,0.56636,0.43364,True,True,True
79.1619,0.0000,5.5179,-219.6359,0.01932,0.00000,0.56592,0.43408,True,True,True
79.1712,0.0000,5.5207,-219.6553,0.01962,0.00000,0.56548,0.43452,True,True,True
79.1811,0.0000,5.5236,-219.6754,0.02023,0.00000,0.56502,0.43498,True,True,True
79.1904,0.0000,5.5262,-219.6932,0.01801,0.00000,0.56461,0.43539,True,True,True
79.1992,0.0000,5.5286,-219.7100,0.01699,0.00000,0.56423,0.43577,True,True,True
79.2084,0.0000,5.5310,-219.7268,0.01697,0.00000,0.56384,0.43616,True,True,True
79.2179,0.0000,5.5335,-219.7439,0.01728,0.00000,0.56345,0.43655,True,True,True
79.2278,0.0000,5.5359,-219.7609,0.01720,0.00000,0.56306,0.43694,True,True,True
79.2365,0.0000,5.5381,-219.7756,0.01478,0.00000,0.56272,0.43728,True,True,True
79.2456,0.0000,5.5402,-219.7906,0.01522,0.00000,0.56238,0.43762,True,True,True
79.2548,0.0000,5.5423,-219.8054,0.01489,0.00000,0.56204,0.43796,True,True,True
79.2649,0.0000,5.5446,-219.8212,0.01599,0.00000,0.56168,0.43832,True,True,True
79.2744,0.0000,5.5466,-219.8352,0.01415,0.00000,0.56136,0.43864,True,True,True
79.2831,0.0000,5.5485,-219.8482,0.01309,0.00000,0.56106,0.43894,True,True,True
79.2925,0.0000,5.5504,-219.8610,0.01301,0.00000,0.56077,0.43923,True,True,True
79.3017,0.0000,5.5522,-219.8738,0.01293,0.00000,0.56047,0.43953,True,True,True
79.3120,0.0000,5.5541,-219.8873,0.01357,0.00000,0.56016,0.43984,True,True,True
79.3207,0.0000,5.5557,-219.8983,0.01115,0.00000,0.55991,0.44009,True,True,True
79.3299,0.0000,5.5573,-219.9095,0.01133,0.00000,0.55965,0.44035,True,True,True
79.3401,0.0000,5.5591,-219.9218,0.01236,0.00000,0.55937,0.44063,True,True,True
79.3491,0.0000,5.5606,-219.9320,0.01038,0.00000,0.55914,0.44086,True,True,True
79.3582,0.0000,5.5620,-219.9422,0.01024,0.00000,0.55891,0.44109,True,True,True
79.3674,0.0000,5.5634,-219.9519,0.00982,0.00000,0.55868,0.44132,True,True,True
79.3768,0.0000,5.5649,-219.9617,0.00993,0.00000,0.55846,0.44154,True,True,True
79.3869,0.0000,5.5663,-219.9719,0.01028,0.00000,0.55822,0.44178,True,True,True
79.3955,0.0000,5.5675,-219.9803,0.00854,0.00000,0.55803,0.44197,True,True,True
79.4047,0.0000,5.5675,-219.9803,0.00000,0.00000,0.55803,0.44197,True,True,True
79.4150,0.0000,5.5676,-219.9809,0.00059,0.00000,0.55802,0.44198,True,True,True
79.4238,0.0000,5.5678,-219.9818,0.00092,0.00000,0.55800,0.44200,True,True,True
79.4326,0.0000,5.5679,-219.9832,0.00136,0.00000,0.55796,0.44204,True,True,True
79.4417,0.0000,5.5682,-219.9850,0.00188,0.00000,0.55792,0.44208,True,True,True
79.4509,0.0000,5.5686,-219.9874,0.00236,0.00000,0.55787,0.44213,True,True,True
79.4610,0.0000,5.5690,-219.9904,0.00311,0.00000,0.55780,0.44220,True,True,True
79.4698,0.0000,5.5694,-219.9936,0.00316,0.00000,0.55773,0.44227,True,True,True
79.4789,0.0000,5.5700,-219.9973,0.00372,0.00000,0.55764,0.44236,True,True,True
79.4881,0.0000,5.5706,-220.0014,0.00421,0.00000,0.55755,0.44245,True,True,True
79.4986,0.0000,5.5713,-220.0067,0.00538,0.00000,0.55742,0.44258,True,True,True
79.5075,0.0000,5.5721,-220.0117,0.00501,0.00000,0.55731,0.44269,True,True,True
79.5164,0.0000,5.5729,-220.0171,0.00547,0.00000,0.55719,0.44281,True,True,True
79.5258,0.0000,5.5737,-220.0233,0.00626,0.00000,0.55704,0.44296,True,True,True
79.5348,0.0000,5.5747,-220.0298,0.00651,0.00000,0.55690,0.44310,True,True,True
79.5454,0.0000,5.5758,-220.0376,0.00796,0.00000,0.55672,0.44328,True,True,True
79.5542,0.0000,5.5769,-220.0451,0.00755,0.00000,0.55654,0.44346,True,True,True
79.5636,0.0000,5.5781,-220.0531,0.00813,0.00000,0.55636,0.44364,True,True,True
79.5737,0.0000,5.5794,-220.0625,0.00944,0.00000,0.55614,0.44386,True,True,True
79.5829,0.0000,5.5807,-220.0713,0.00893,0.00000,0.55594,0.44406,True,True,True
79.5919,0.0000,5.5820,-220.0806,0.00936,0.00000,0.55573,0.44427,True,True,True
79.6013,0.0000,5.5835,-220.0905,0.01007,0.00000,0.55550,0.44450,True,True,True
79.6106,0.0000,5.5850,-220.1011,0.01064,0.00000,0.55526,0.44474,True,True,True
79.6214,0.0000,5.5868,-220.1133,0.01240,0.00000,0.55498,0.44502,True,True,True
79.6302,0.0000,5.5884,-220.1244,0.01119,0.00000,0.55472,0.44528,True,True,True
79.6392,0.0000,5.5901,-220.1362,0.01189,0.00000,0.55445,0.44555,True,True,True
79.6494,0.0000,5.5921,-220.1497,0.01366,0.00000,0.55414,0.44586,True,True,True
79.6590,0.0000,5.5940,-220.1629,0.01329,0.00000,0.55384,0.44616,True,True,True
79.6680,0.0000,5.5959,-220.1759,0.01320,0.00000,0.55354,0.44646,True,True,True
79.6771,0.0000,5.5978,-220.1894,0.01363,0.00000,0.55323,0.44677,True,True,True
79.6866,0.0000,5.5999,-220.2040,0.01477,0.00000,0.55290,0.44710,True,True,True
79.6969,0.0000,5.6023,-220.2204,0.01659,0.00000,0.55252,0.44748,True,True,True
79.7056,0.0000,5.6044,-220.2345,0.01423,0.00000,0.55220,0.44780,True,True,True
79.7147,0.0000,5.6066,-220.2502,0.01585,0.00000,0.55184,0.44816,True,True,True
79.7249,0.0000,5.6092,-220.2678,0.01779,0.00000,0.55143,0.44857,True,True,True
79.7343,0.0000,5.6116,-220.2845,0.01684,0.00000,0.55105,0.44895,True,True,True
79.7429,0.0000,5.6139,-220.3007,0.01642,0.00000,0.55067,0.44933,True,True,True
79.7524,0.0000,5.6165,-220.3184,0.01782,0.00000,0.55027,0.44973,True,True,True
79.7616,0.0000,5.6191,-220.3364,0.01826,0.00000,0.54985,0.45015,True,True,True
79.7717,0.0000,5.6221,-220.3568,0.02055,0.00000,0.54939,0.45061,True,True,True
79.7804,0.0000,5.6247,-220.3746,0.01805,0.00000,0.54898,0.45102,True,True,True
79.7898,0.0000,5.6274,-220.3937,0.01929,0.00000,0.54854,0.45146,True,True,True
79.7999,0.0000,5.6307,-220.4160,0.02254,0.00000,0.54803,0.45197,True,True,True
79.8091,0.0000,5.6336,-220.4361,0.02024,0.00000,0.54756,0.45244,True,True,True
79.8179,0.0000,5.6364,-220.4557,0.01980,0.00000,0.54711,0.45289,True,True,True
79.8270,0.0000,5.6394,-220.4762,0.02077,0.00000,0.54664,0.45336,True,True,True
79.8369,0.0000,5.6425,-220.4981,0.02214,0.00000,0.54614,0.45386,True,True,True
79.8474,0.0000,5.6459,-220.5215,0.02358,0.00000,0.54560,0.45440,True,True,True
79.8562,0.0000,5.6488,-220.5412,0.01992,0.00000,0.54515,0.45485,True,True,True
79.8659,0.0000,5.6518,-220.5619,0.02094,0.00000,0.54467,0.45533,True,True,True
79.8758,0.0000,5.6551,-220.5846,0.02293,0.00000,0.54415,0.45585,True,True,True
79.8853,0.0000,5.6582,-220.6059,0.02150,0.00000,0.54366,0.45634,True,True,True
79.8947,0.0000,5.6613,-220.6269,0.02128,0.00000,0.54318,0.45682,True,True,True
79.9039,0.0000,5.6643,-220.6474,0.02072,0.00000,0.54271,0.45729,True,True,True
79.9133,0.0000,5.6673,-220.6682,0.02097,0.00000,0.54223,0.45777,True,True,True
79.9258,0.0000,5.6714,-220.6959,0.02802,0.00000,0.54159,0.45841,True,True,True
79.9340,0.0000,5.6741,-220.7144,0.01866,0.00000,0.54117,0.45883,True,True,True
79.9426,0.0000,5.6768,-220.7330,0.01878,0.00000,0.54074,0.45926,True,True,True
79.9516,0.0000,5.6798,-220.7537,0.02093,0.00000,0.54026,0.45974,True,True,True
79.9616,0.0000,5.6830,-220.7758,0.02234,0.00000,0.53975,0.46025,True,True,True
79.9704,0.0000,5.6859,-220.7954,0.01988,0.00000,0.53930,0.46070,True,True,True
79.9797,0.0000,5.6889,-220.8161,0.02083,0.00000,0.53883,0.46117,True,True,True
79.9891,0.0000,5.6919,-220.8370,0.02119,0.00000,0.53834,0.46166,True,True,True
79.9986,0.0000,5.6950,-220.8576,0.02083,0.00000,0.53787,0.46213,True,True,True
80.0079,0.0000,5.6980,-220.8786,0.02120,0.00000,0.53739,0.46261,True,True,True
80.0180,0.0000,5.7013,-220.9013,0.02296,0.00000,0.53686,0.46314,True,True,True
80.0274,0.0000,5.7044,-220.9223,0.02114,0.00000,0.53638,0.46362,True,True,True
80.0361,0.0000,5.7072,-220.9418,0.01972,0.00000,0.53593,0.46407,True,True,True
80.0458,0.0000,5.7103,-220.9630,0.02148,0.00000,0.53544,0.46456,True,True,True
80.0550,0.0000,5.7133,-220.9838,0.02096,0.00000,0.53496,0.46504,True,True,True
80.0651,0.0000,5.7166,-221.0062,0.02271,0.00000,0.53445,0.46555,True,True,True
80.0736,0.0000,5.7194,-221.0253,0.01926,0.00000,0.53401,0.46599,True,True,True
80.0833,0.0000,5.7225,-221.0462,0.02111,0.00000,0.53353,0.46647,True,True,True
80.0932,0.0000,5.7258,-221.0687,0.02279,0.00000,0.53301,0.46699,True,True,True
80.1025,0.0000,5.7288,-221.0895,0.02097,0.00000,0.53253,0.46747,True,True,True
80.1115,0.0000,5.7318,-221.1095,0.02022,0.00000,0.53207,0.46793,True,True,True
80.1208,0.0000,5.7348,-221.1300,0.02073,0.00000,0.53160,0.46840,True,True,True
80.1301,0.0000,5.7378,-221.1508,0.02107,0.00000,0.53112,0.46888,True,True,True
80.1405,0.0000,5.7412,-221.1740,0.02338,0.00000,0.53058,0.46942,True,True,True
80.1491,0.0000,5.7441,-221.1934,0.01962,0.00000,0.53014,0.46986,True,True,True
80.1586,0.0000,5.7471,-221.2144,0.02128,0.00000,0.52965,0.47035,True,True,True
80.1688,0.0000,5.7505,-221.2370,0.02282,0.00000,0.52913,0.47087,True,True,True
80.1785,0.0000,5.7536,-221.2585,0.02174,0.00000,0.52864,0.47137,True,True,True
80.1878,0.0000,5.7567,-221.2793,0.02099,0.00000,0.52816,0.47184,True,True,True
80.1970,0.0000,5.7597,-221.3000,0.02088,0.00000,0.52768,0.47232,True,True,True
80.2064,0.0000,5.7628,-221.3209,0.02111,0.00000,0.52720,0.47280,True,True,True
80.2189,0.0000,5.7668,-221.3485,0.02798,0.00000,0.52656,0.47344,True,True,True
80.2271,0.0000,5.7695,-221.3668,0.01849,0.00000,0.52614,0.47386,True,True,True
80.2357,0.0000,5.7723,-221.3861,0.01949,0.00000,0.52569,0.47431,True,True,True
80.2452,0.0000,5.7754,-221.4072,0.02130,0.00000,0.52521,0.47479,True,True,True
80.2553,0.0000,5.7787,-221.4298,0.02282,0.00000,0.52469,0.47531,True,True,True
80.2640,0.0000,5.7816,-221.4491,0.01951,0.00000,0.52424,0.47576,True,True,True
80.2734,0.0000,5.7846,-221.4699,0.02100,0.00000,0.52376,0.47624,True,True,True
80.2833,0.0000,5.7877,-221.4912,0.02159,0.00000,0.52327,0.47673,True,True,True
80.2927,0.0000,5.7908,-221.5124,0.02136,0.00000,0.52278,0.47722,True,True,True
80.3027,0.0000,5.7942,-221.5350,0.02290,0.00000,0.52226,0.47774,True,True,True
80.3120,0.0000,5.7972,-221.5558,0.02102,0.00000,0.52178,0.47822,True,True,True
80.3212,0.0000,5.8002,-221.5761,0.02048,0.00000,0.52132,0.47868,True,True,True
80.3301,0.0000,5.8032,-221.5962,0.02030,0.00000,0.52085,0.47915,True,True,True
80.3394,0.0000,5.8062,-221.6169,0.02091,0.00000,0.52038,0.47962,True,True,True
80.3498,0.0000,5.8096,-221.6397,0.02314,0.00000,0.51985,0.48015,True,True,True
80.3584,0.0000,5.8125,-221.6590,0.01946,0.00000,0.51940,0.48060,True,True,True
80.3679,0.0000,5.8156,-221.6801,0.02135,0.00000,0.51892,0.48108,True,True,True
80.3778,0.0000,5.8189,-221.7025,0.02258,0.00000,0.51840,0.48160,True,True,True
80.3881,0.0000,5.8222,-221.7248,0.02255,0.00000,0.51789,0.48211,True,True,True
80.3969,0.0000,5.8251,-221.7448,0.02027,0.00000,0.51742,0.48258,True,True,True
80.4060,0.0000,5.8281,-221.7650,0.02044,0.00000,0.51696,0.48304,True,True,True
80.4154,0.0000,5.8312,-221.7859,0.02115,0.00000,0.51648,0.48352,True,True,True
80.4258,0.0000,5.8346,-221.8091,0.02338,0.00000,0.51594,0.48406,True,True,True
80.4344,0.0000,5.8375,-221.8285,0.01959,0.00000,0.51549,0.48451,True,True,True
80.4439,0.0000,5.8404,-221.8485,0.02028,0.00000,0.51503,0.48497,True,True,True
80.4537,0.0000,5.8438,-221.8712,0.02297,0.00000,0.51451,0.48549,True,True,True
80.4633,0.0000,5.8469,-221.8926,0.02155,0.00000,0.51402,0.48598,True,True,True
80.4726,0.0000,5.8499,-221.9126,0.02030,0.00000,0.51355,0.48645,True,True,True
80.4817,0.0000,5.8529,-221.9331,0.02068,0.00000,0.51308,0.48692,True,True,True
80.4909,0.0000,5.8560,-221.9540,0.02112,0.00000,0.51260,0.48740,True,True,True
80.5012,0.0000,5.8594,-221.9770,0.02324,0.00000,0.51207,0.48793,True,True,True
80.5102,0.0000,5.8622,-221.9966,0.01979,0.00000,0.51162,0.48838,True,True,True
80.5194,0.0000,5.8653,-222.0171,0.02076,0.00000,0.51114,0.48886,True,True,True
80.5293,0.0000,5.8686,-222.0396,0.02275,0.00000,0.51062,0.48938,True,True,True
80.5383,0.0000,5.8716,-222.0597,0.02028,0.00000,0.51016,0.48984,True,True,True
80.5474,0.0000,5.8746,-222.0797,0.02019,0.00000,0.50970,0.49030,True,True,True
80.5567,0.0000,5.8776,-222.1003,0.02087,0.00000,0.50922,0.49078,True,True,True
80.5659,0.0000,5.8807,-222.1211,0.02099,0.00000,0.50874,0.49126,True,True,True
80.5760,0.0000,5.8840,-222.1436,0.02275,0.00000,0.50823,0.49178,True,True,True
80.5847,0.0000,5.8869,-222.1628,0.01947,0.00000,0.50778,0.49222,True,True,True
80.5940,0.0000,5.8899,-222.1833,0.02070,0.00000,0.50731,0.49269,True,True,True
80.6044,0.0000,5.8934,-222.2066,0.02352,0.00000,0.50677,0.49323,True,True,True
80.6134,0.0000,5.8964,-222.2267,0.02035,0.00000,0.50631,0.49369,True,True,True
80.6227,0.0000,5.8994,-222.2469,0.02042,0.00000,0.50584,0.49416,True,True,True
80.6316,0.0000,5.9024,-222.2673,0.02062,0.00000,0.50537,0.49463,True,True,True
80.6410,0.0000,5.9055,-222.2882,0.02109,0.00000,0.50489,0.49511,True,True,True
80.6510,0.0000,5.9088,-222.3104,0.02252,0.00000,0.50437,0.49563,True,True,True
80.6598,0.0000,5.9116,-222.3296,0.01939,0.00000,0.50393,0.49607,True,True,True
80.6689,0.0000,5.9146,-222.3499,0.02050,0.00000,0.50346,0.49654,True,True,True
80.6794,0.0000,5.9181,-222.3735,0.02382,0.00000,0.50292,0.49708,True,True,True
80.6887,0.0000,5.9212,-222.3943,0.02103,0.00000,0.50244,0.49756,True,True,True
80.6976,0.0000,5.9241,-222.4141,0.02004,0.00000,0.50198,0.49802,True,True,True
80.7068,0.0000,5.9272,-222.4346,0.02070,0.00000,0.50151,0.49849,True,True,True
80.7161,0.0000,5.9303,-222.4554,0.02106,0.00000,0.50103,0.49897,True,True,True
80.7260,0.0000,5.9335,-222.4774,0.02229,0.00000,0.50052,0.49948,True,True,True
80.7346,0.0000,5.9364,-222.4965,0.01924,0.00000,0.50008,0.49992,True,True,True
80.7441,0.0000,5.9394,-222.5169,0.02067,0.00000,0.49961,0.50039,True,True,True
80.7544,0.0000,5.9429,-222.5405,0.02380,0.00000,0.49907,0.50093,True,True,True
80.7632,0.0000,5.9458,-222.5600,0.01973,0.00000,0.49862,0.50138,True,True,True
80.7723,0.0000,5.9488,-222.5800,0.02029,0.00000,0.49815,0.50185,True,True,True
80.7814,0.0000,5.9519,-222.6005,0.02070,0.00000,0.49768,0.50232,True,True,True
80.7909,0.0000,5.9550,-222.6217,0.02144,0.00000,0.49719,0.50281,True,True,True
80.8009,0.0000,5.9583,-222.6440,0.02248,0.00000,0.49668,0.50332,True,True,True
80.8096,0.0000,5.9612,-222.6633,0.01952,0.00000,0.49623,0.50377,True,True,True
80.8188,0.0000,5.9643,-222.6837,0.02064,0.00000,0.49576,0.50424,True,True,True
80.8284,0.0000,5.9674,-222.7049,0.02146,0.00000,0.49527,0.50473,True,True,True
80.8385,0.0000,5.9708,-222.7275,0.02282,0.00000,0.49475,0.50525,True,True,True
80.8476,0.0000,5.9738,-222.7478,0.02058,0.00000,0.49428,0.50572,True,True,True
80.8566,0.0000,5.9768,-222.7678,0.02019,0.00000,0.49382,0.50618,True,True,True
80.8659,0.0000,5.9799,-222.7883,0.02078,0.00000,0.49335,0.50665,True,True,True
80.8750,0.0000,5.9829,-222.8089,0.02080,0.00000,0.49287,0.50713,True,True,True
80.8852,0.0000,5.9863,-222.8316,0.02296,0.00000,0.49235,0.50765,True,True,True
80.8945,0.0000,5.9894,-222.8522,0.02080,0.00000,0.49187,0.50813,True,True,True
80.9038,0.0000,5.9924,-222.8725,0.02050,0.00000,0.49141,0.50860,True,True,True
80.9137,0.0000,5.9958,-222.8951,0.02291,0.00000,0.49088,0.50912,True,True,True
80.9231,0.0000,5.9988,-222.9155,0.02060,0.00000,0.49041,0.50959,True,True,True
80.9318,0.0000,6.0018,-222.9355,0.02018,0.00000,0.48995,0.51005,True,True,True
80.9414,0.0000,6.0050,-222.9566,0.02143,0.00000,0.48946,0.51054,True,True,True
80.9507,0.0000,6.0081,-222.9775,0.02104,0.00000,0.48898,0.51102,True,True,True
80.9609,0.0000,6.0114,-223.0001,0.02285,0.00000,0.48846,0.51154,True,True,True
80.9697,0.0000,6.0144,-223.0197,0.01983,0.00000,0.48801,0.51199,True,True,True
80.9791,0.0000,6.0175,-223.0405,0.02111,0.00000,0.48753,0.51247,True,True,True
80.9892,0.0000,6.0209,-223.0632,0.02288,0.00000,0.48701,0.51300,True,True,True
80.9986,0.0000,6.0240,-223.0838,0.02083,0.00000,0.48653,0.51347,True,True,True
81.0074,0.0000,6.0269,-223.1034,0.01987,0.00000,0.48608,0.51392,True,True,True
81.0169,0.0000,6.0301,-223.1245,0.02129,0.00000,0.48559,0.51441,True,True,True
81.0264,0.0000,6.0333,-223.1457,0.02148,0.00000,0.48510,0.51490,True,True,True
81.0363,0.0000,6.0366,-223.1678,0.02233,0.00000,0.48459,0.51541,True,True,True
81.0451,0.0000,6.0395,-223.1873,0.01972,0.00000,0.48414,0.51586,True,True,True
81.0544,0.0000,6.0426,-223.2079,0.02078,0.00000,0.48367,0.51633,True,True,True
81.0645,0.0000,6.0460,-223.2305,0.02288,0.00000,0.48315,0.51685,True,True,True
81.0735,0.0000,6.0490,-223.2506,0.02032,0.00000,0.48268,0.51732,True,True,True
81.0847,0.0000,6.0520,-223.2706,0.02027,0.00000,0.48222,0.51778,True,True,True
81.0923,0.0000,6.0551,-223.2912,0.02080,0.00000,0.48175,0.51825,True,True,True
81.1014,0.0000,6.0582,-223.3120,0.02105,0.00000,0.48127,0.51873,True,True,True
81.1111,0.0000,6.0615,-223.3343,0.02256,0.00000,0.48075,0.51925,True,True,True
81.1197,0.0000,6.0643,-223.3532,0.01906,0.00000,0.48032,0.51968,True,True,True
81.1291,0.0000,6.0674,-223.3734,0.02047,0.00000,0.47985,0.52015,True,True,True
81.1382,0.0000,6.0705,-223.3940,0.02084,0.00000,0.47937,0.52063,True,True,True
81.1482,0.0000,6.0739,-223.4168,0.02307,0.00000,0.47885,0.52115,True,True,True
81.1574,0.0000,6.0769,-223.4373,0.02068,0.00000,0.47838,0.52162,True,True,True
81.1664,0.0000,6.0799,-223.4573,0.02027,0.00000,0.47791,0.52209,True,True,True
81.1757,0.0000,6.0830,-223.4779,0.02075,0.00000,0.47744,0.52256,True,True,True
81.1853,0.0000,6.0863,-223.4994,0.02179,0.00000,0.47694,0.52306,True,True,True
81.1955,0.0000,6.0896,-223.5218,0.02267,0.00000,0.47643,0.52357,True,True,True
81.2051,0.0000,6.0928,-223.5430,0.02145,0.00000,0.47594,0.52406,True,True,True
81.2143,0.0000,6.0959,-223.5635,0.02069,0.00000,0.47547,0.52453,True,True,True
81.2243,0.0000,6.0993,-223.5861,0.02287,0.00000,0.47495,0.52505,True,True,True
81.2334,0.0000,6.1024,-223.6065,0.02060,0.00000,0.47448,0.52552,True,True,True
81.2425,0.0000,6.1053,-223.6260,0.01972,0.00000,0.47403,0.52597,True,True,True
81.2517,0.0000,6.1084,-223.6464,0.02066,0.00000,0.47356,0.52644,True,True,True
81.2607,0.0000,6.1115,-223.6672,0.02100,0.00000,0.47308,0.52692,True,True,True
81.2709,0.0000,6.1149,-223.6898,0.02291,0.00000,0.47255,0.52745,True,True,True
81.2796,0.0000,6.1178,-223.7089,0.01924,0.00000,0.47212,0.52788,True,True,True
81.2889,0.0000,6.1209,-223.7296,0.02094,0.00000,0.47164,0.52836,True,True,True
81.2993,0.0000,6.1244,-223.7530,0.02369,0.00000,0.47110,0.52890,True,True,True
81.3079,0.0000,6.1273,-223.7722,0.01938,0.00000,0.47066,0.52934,True,True,True
81.3167,0.0000,6.1303,-223.7916,0.01971,0.00000,0.47021,0.52979,True,True,True
81.3258,0.0000,6.1333,-223.8118,0.02042,0.00000,0.46974,0.53026,True,True,True
81.3350,0.0000,6.1364,-223.8324,0.02082,0.00000,0.46927,0.53073,True,True,True
81.3450,0.0000,6.1398,-223.8547,0.02256,0.00000,0.46876,0.53124,True,True,True
81.3541,0.0000,6.1428,-223.8750,0.02046,0.00000,0.46829,0.53171,True,True,True
81.3633,0.0000,6.1459,-223.8954,0.02069,0.00000,0.46782,0.53218,True,True,True
81.3725,0.0000,6.1490,-223.9158,0.02066,0.00000,0.46735,0.53265,True,True,True
81.3827,0.0000,6.1524,-223.9387,0.02308,0.00000,0.46682,0.53318,True,True,True
81.3916,0.0000,6.1554,-223.9583,0.01984,0.00000,0.46637,0.53363,True,True,True
81.4004,0.0000,6.1583,-223.9780,0.01989,0.00000,0.46592,0.53408,True,True,True
81.4098,0.0000,6.1614,-223.9986,0.02082,0.00000,0.46544,0.53456,True,True,True
81.4190,0.0000,6.1645,-224.0193,0.02094,0.00000,0.46497,0.53503,True,True,True
81.4289,0.0000,6.1679,-224.0415,0.02247,0.00000,0.46445,0.53555,True,True,True
81.4377,0.0000,6.1709,-224.0610,0.01971,0.00000,0.46401,0.53599,True,True,True
81.4471,0.0000,6.1740,-224.0815,0.02076,0.00000,0.46353,0.53647,True,True,True
81.4562,0.0000,6.1771,-224.1020,0.02079,0.00000,0.46306,0.53694,True,True,True
81.4664,0.0000,6.1805,-224.1247,0.02289,0.00000,0.46254,0.53746,True,True,True
81.4756,0.0000,6.1836,-224.1450,0.02060,0.00000,0.46207,0.53793,True,True,True
81.4844,0.0000,6.1865,-224.1646,0.01978,0.00000,0.46162,0.53838,True,True,True
81.4941,0.0000,6.1897,-224.1853,0.02093,0.00000,0.46114,0.53886,True,True,True
81.5029,0.0000,6.1928,-224.2059,0.02088,0.00000,0.46067,0.53933,True,True,True
81.5121,0.0000,6.1959,-224.2264,0.02069,0.00000,0.46020,0.53980,True,True,True
81.5221,0.0000,6.1993,-224.2487,0.02259,0.00000,0.45968,0.54032,True,True,True
81.5311,0.0000,6.2022,-224.2681,0.01961,0.00000,0.45924,0.54076,True,True,True
81.5404,0.0000,6.2054,-224.2891,0.02117,0.00000,0.45876,0.54124,True,True,True
81.5504,0.0000,6.2088,-224.3116,0.02281,0.00000,0.45824,0.54176,True,True,True
81.5595,0.0000,6.2118,-224.3318,0.02046,0.00000,0.45777,0.54223,True,True,True
81.5686,0.0000,6.2148,-224.3516,0.02000,0.00000,0.45732,0.54268,True,True,True
81.5775,0.0000,6.2179,-224.3719,0.02048,0.00000,0.45685,0.54315,True,True,True
81.5869,0.0000,6.2211,-224.3929,0.02122,0.00000,0.45637,0.54363,True,True,True
81.5969,0.0000,6.2244,-224.4152,0.02259,0.00000,0.45585,0.54415,True,True,True
81.6058,0.0000,6.2274,-224.4350,0.02000,0.00000,0.45540,0.54460,True,True,True
81.6156,0.0000,6.2306,-224.4560,0.02125,0.00000,0.45492,0.54508,True,True,True
81.6255,0.0000,6.2341,-224.4788,0.02307,0.00000,0.45439,0.54561,True,True,True
81.6351,0.0000,6.2373,-224.5001,0.02151,0.00000,0.45390,0.54610,True,True,True
81.6444,0.0000,6.2404,-224.5204,0.02062,0.00000,0.45343,0.54657,True,True,True
81.6533,0.0000,6.2435,-224.5406,0.02040,0.00000,0.45297,0.54703,True,True,True
81.6627,0.0000,6.2466,-224.5615,0.02113,0.00000,0.45249,0.54751,True,True,True
81.6724,0.0000,6.2499,-224.5830,0.02170,0.00000,0.45200,0.54800,True,True,True
81.6818,0.0000,6.2531,-224.6041,0.02141,0.00000,0.45151,0.54849,True,True,True
81.6922,0.0000,6.2566,-224.6271,0.02326,0.00000,0.45098,0.54902,True,True,True
81.7010,0.0000,6.2596,-224.6467,0.01979,0.00000,0.45053,0.54947,True,True,True
81.7100,0.0000,6.2626,-224.6667,0.02026,0.00000,0.45007,0.54993,True,True,True
81.7193,0.0000,6.2657,-224.6870,0.02053,0.00000,0.44961,0.55039,True,True,True
81.7283,0.0000,6.2688,-224.7074,0.02062,0.00000,0.44914,0.55086,True,True,True
81.7380,0.0000,6.2721,-224.7289,0.02179,0.00000,0.44864,0.55136,True,True,True
81.7465,0.0000,6.2749,-224.7478,0.01905,0.00000,0.44821,0.55179,True,True,True
81.7556,0.0000,6.2780,-224.7681,0.02059,0.00000,0.44774,0.55226,True,True,True
81.7651,0.0000,6.2812,-224.7892,0.02130,0.00000,0.44726,0.55274,True,True,True
81.7755,0.0000,6.2848,-224.8125,0.02358,0.00000,0.44672,0.55328,True,True,True
81.7839,0.0000,6.2876,-224.8310,0.01869,0.00000,0.44630,0.55370,True,True,True
81.7926,0.0000,6.2905,-224.8504,0.01963,0.00000,0.44585,0.55415,True,True,True
81.8023,0.0000,6.2938,-224.8719,0.02176,0.00000,0.44536,0.55464,True,True,True
81.8111,0.0000,6.2968,-224.8915,0.01979,0.00000,0.44491,0.55509,True,True,True
81.8203,0.0000,6.2998,-224.9114,0.02020,0.00000,0.44445,0.55555,True,True,True
81.8291,0.0000,6.3029,-224.9318,0.02057,0.00000,0.44399,0.55601,True,True,True
81.8395,0.0000,6.3064,-224.9547,0.02318,0.00000,0.44346,0.55654,True,True,True
81.8488,0.0000,6.3095,-224.9750,0.02057,0.00000,0.44299,0.55701,True,True,True
81.8579,0.0000,6.3126,-224.9953,0.02050,0.00000,0.44253,0.55747,True,True,True
81.8680,0.0000,6.3160,-225.0180,0.02300,0.00000,0.44201,0.55799,True,True,True
81.8770,0.0000,6.3191,-225.0382,0.02039,0.00000,0.44155,0.55845,True,True,True
81.8860,0.0000,6.3221,-225.0581,0.02011,0.00000,0.44109,0.55891,True,True,True
81.8952,0.0000,6.3252,-225.0782,0.02031,0.00000,0.44063,0.55937,True,True,True
81.9042,0.0000,6.3283,-225.0987,0.02076,0.00000,0.44016,0.55984,True,True,True
81.9146,0.0000,6.3319,-225.1217,0.02326,0.00000,0.43963,0.56037,True,True,True
81.9234,0.0000,6.3348,-225.1413,0.01980,0.00000,0.43918,0.56082,True,True,True
81.9326,0.0000,6.3379,-225.1613,0.02025,0.00000,0.43872,0.56128,True,True,True
81.9418,0.0000,6.3411,-225.1819,0.02085,0.00000,0.43825,0.56175,True,True,True
81.9519,0.0000,6.3445,-225.2047,0.02306,0.00000,0.43773,0.56227,True,True,True
81.9608,0.0000,6.3475,-225.2242,0.01973,0.00000,0.43728,0.56272,True,True,True
81.9694,0.0000,6.3505,-225.2436,0.01968,0.00000,0.43684,0.56316,True,True,True
81.9784,0.0000,6.3535,-225.2637,0.02033,0.00000,0.43638,0.56362,True,True,True
81.9876,0.0000,6.3567,-225.2841,0.02058,0.00000,0.43591,0.56409,True,True,True
81.9976,0.0000,6.3601,-225.3064,0.02257,0.00000,0.43540,0.56460,True,True,True
82.0065,0.0000,6.3631,-225.3261,0.01997,0.00000,0.43495,0.56505,True,True,True
82.0157,0.0000,6.3662,-225.3466,0.02068,0.00000,0.43448,0.56552,True,True,True
82.0254,0.0000,6.3694,-225.3677,0.02135,0.00000,0.43399,0.56601,True,True,True
82.0353,0.0000,6.3729,-225.3902,0.02280,0.00000,0.43348,0.56652,True,True,True
82.0447,0.0000,6.3760,-225.4110,0.02104,0.00000,0.43300,0.56700,True,True,True
82.0539,0.0000,6.3792,-225.4314,0.02067,0.00000,0.43253,0.56747,True,True,True
82.0634,0.0000,6.3824,-225.4527,0.02146,0.00000,0.43205,0.56795,True,True,True
82.0728,0.0000,6.3856,-225.4737,0.02125,0.00000,0.43157,0.56843,True,True,True
82.0832,0.0000,6.3891,-225.4966,0.02317,0.00000,0.43104,0.56896,True,True,True
82.0920,0.0000,6.3921,-225.5160,0.01970,0.00000,0.43060,0.56940,True,True,True
82.1012,0.0000,6.3952,-225.5361,0.02027,0.00000,0.43014,0.56986,True,True,True
82.1112,0.0000,6.3987,-225.5589,0.02314,0.00000,0.42962,0.57038,True,True,True
82.1204,0.0000,6.4018,-225.5795,0.02075,0.00000,0.42915,0.57085,True,True,True
82.1293,0.0000,6.4048,-225.5989,0.01968,0.00000,0.42870,0.57130,True,True,True
82.1386,0.0000,6.4078,-225.6185,0.01984,0.00000,0.42826,0.57174,True,True,True
82.1477,0.0000,6.4107,-225.6377,0.01945,0.00000,0.42782,0.57218,True,True,True
82.1580,0.0000,6.4140,-225.6587,0.02120,0.00000,0.42734,0.57266,True,True,True
82.1672,0.0000,6.4166,-225.6760,0.01749,0.00000,0.42694,0.57306,True,True,True
82.1761,0.0000,6.4193,-225.6939,0.01811,0.00000,0.42653,0.57347,True,True,True
82.1863,0.0000,6.4223,-225.7130,0.01931,0.00000,0.42610,0.57390,True,True,True
82.1952,0.0000,6.4248,-225.7294,0.01663,0.00000,0.42572,0.57428,True,True,True
82.2042,0.0000,6.4273,-225.7455,0.01627,0.00000,0.42535,0.57465,True,True,True
82.2137,0.0000,6.4297,-225.7615,0.01619,0.00000,0.42499,0.57501,True,True,True
82.2229,0.0000,6.4321,-225.7772,0.01592,0.00000,0.42463,0.57537,True,True,True
82.2330,0.0000,6.4347,-225.7937,0.01669,0.00000,0.42425,0.57575,True,True,True
82.2417,0.0000,6.4367,-225.8073,0.01379,0.00000,0.42394,0.57606,True,True,True
82.2511,0.0000,6.4389,-225.8213,0.01413,0.00000,0.42362,0.57638,True,True,True
82.2613,0.0000,6.4413,-225.8369,0.01573,0.00000,0.42327,0.57673,True,True,True
82.2699,0.0000,6.4432,-225.8493,0.01264,0.00000,0.42298,0.57702,True,True,True
82.2790,0.0000,6.4451,-225.8620,0.01278,0.00000,0.42269,0.57731,True,True,True
82.2885,0.0000,6.4470,-225.8745,0.01263,0.00000,0.42241,0.57759,True,True,True
82.2981,0.0000,6.4490,-225.8870,0.01267,0.00000,0.42212,0.57788,True,True,True
82.3081,0.0000,6.4509,-225.8994,0.01255,0.00000,0.42184,0.57816,True,True,True
82.3166,0.0000,6.4524,-225.9097,0.01037,0.00000,0.42160,0.57840,True,True,True
82.3259,0.0000,6.4540,-225.9201,0.01054,0.00000,0.42137,0.57863,True,True,True
82.3362,0.0000,6.4558,-225.9319,0.01195,0.00000,0.42110,0.57890,True,True,True
82.3449,0.0000,6.4573,-225.9411,0.00934,0.00000,0.42089,0.57911,True,True,True
82.3534,0.0000,6.4586,-225.9500,0.00897,0.00000,0.42068,0.57932,True,True,True
82.3628,0.0000,6.4600,-225.9591,0.00926,0.00000,0.42048,0.57952,True,True,True
82.3719,0.0000,6.4614,-225.9682,0.00919,0.00000,0.42027,0.57973,True,True,True
82.3819,0.0000,6.4629,-225.9777,0.00957,0.00000,0.42005,0.57995,True,True,True
82.3908,0.0000,6.4629,-225.9777,0.00000,0.00000,0.42005,0.57995,True,True,True
82.4000,0.0000,6.4629,-225.9781,0.00046,0.00000,0.42004,0.57996,True,True,True
82.4097,0.0000,6.4631,-225.9791,0.00096,0.00000,0.42002,0.57998,True,True,True
82.4198,0.0000,6.4633,-225.9807,0.00167,0.00000,0.41998,0.58002,True,True,True
82.4283,0.0000,6.4636,-225.9825,0.00178,0.00000,0.41994,0.58006,True,True,True
82.4376,0.0000,6.4640,-225.9848,0.00238,0.00000,0.41989,0.58011,True,True,True
82.4470,0.0000,6.4644,-225.9877,0.00293,0.00000,0.41982,0.58018,True,True,True
82.4562,0.0000,6.4649,-225.9910,0.00332,0.00000,0.41975,0.58025,True,True,True
82.4662,0.0000,6.4655,-225.9951,0.00414,0.00000,0.41965,0.58035,True,True,True
82.4748,0.0000,6.4661,-225.9990,0.00392,0.00000,0.41957,0.58043,True,True,True
82.4837,0.0000,6.4668,-226.0035,0.00462,0.00000,0.41946,0.58054,True,True,True
82.4931,0.0000,6.4676,-226.0086,0.00516,0.00000,0.41935,0.58065,True,True,True
82.5031,0.0000,6.4686,-226.0148,0.00628,0.00000,0.41920,0.58080,True,True,True
82.5122,0.0000,6.4695,-226.0209,0.00608,0.00000,0.41907,0.58093,True,True,True
82.5217,0.0000,6.4705,-226.0277,0.00689,0.00000,0.41891,0.58109,True,True,True
82.5310,0.0000,6.4716,-226.0346,0.00699,0.00000,0.41875,0.58125,True,True,True
82.5404,0.0000,6.4728,-226.0423,0.00778,0.00000,0.41858,0.58142,True,True,True
82.5505,0.0000,6.4741,-226.0511,0.00889,0.00000,0.41838,0.58162,True,True,True
82.5591,0.0000,6.4754,-226.0589,0.00798,0.00000,0.41820,0.58180,True,True,True
82.5686,0.0000,6.4767,-226.0679,0.00909,0.00000,0.41799,0.58201,True,True,True
82.5787,0.0000,6.4783,-226.0783,0.01053,0.00000,0.41776,0.58224,True,True,True
82.5870,0.0000,6.4797,-226.0872,0.00895,0.00000,0.41755,0.58245,True,True,True
82.5963,0.0000,6.4813,-226.0976,0.01054,0.00000,0.41732,0.58268,True,True,True
82.6064,0.0000,6.4831,-226.1094,0.01195,0.00000,0.41705,0.58295,True,True,True
82.6157,0.0000,6.4849,-226.1207,0.01139,0.00000,0.41679,0.58321,True,True,True
82.6250,0.0000,6.4867,-226.1324,0.01186,0.00000,0.41652,0.58348,True,True,True
82.6340,0.0000,6.4886,-226.1447,0.01241,0.00000,0.41624,0.58376,True,True,True
82.6433,0.0000,6.4905,-226.1573,0.01280,0.00000,0.41596,0.58404,True,True,True
82.6537,0.0000,6.4928,-226.1721,0.01491,0.00000,0.41562,0.58438,True,True,True
82.6622,0.0000,6.4947,-226.1847,0.01278,0.00000,0.41533,0.58467,True,True,True
82.6709,0.0000,6.4968,-226.1979,0.01335,0.00000,0.41503,0.58497,True,True,True
82.6804,0.0000,6.4991,-226.2129,0.01515,0.00000,0.41469,0.58531,True,True,True
82.6898,0.0000,6.5014,-226.2282,0.01552,0.00000,0.41434,0.58566,True,True,True
82.7002,0.0000,6.5041,-226.2455,0.01751,0.00000,0.41395,0.58605,True,True,True
82.7092,0.0000,6.5065,-226.2612,0.01587,0.00000,0.41359,0.58641,True,True,True
82.7184,0.0000,6.5090,-226.2773,0.01627,0.00000,0.41322,0.58678,True,True,True
82.7287,0.0000,6.5119,-226.2963,0.01930,0.00000,0.41279,0.58721,True,True,True
82.7380,0.0000,6.5146,-226.3137,0.01755,0.00000,0.41240,0.58760,True,True,True
82.7473,0.0000,6.5174,-226.3318,0.01836,0.00000,0.41198,0.58802,True,True,True
82.7567,0.0000,6.5201,-226.3498,0.01817,0.00000,0.41157,0.58843,True,True,True
82.7658,0.0000,6.5231,-226.3691,0.01956,0.00000,0.41113,0.58887,True,True,True
82.7760,0.0000,6.5264,-226.3903,0.02146,0.00000,0.41065,0.58935,True,True,True
82.7844,0.0000,6.5292,-226.4086,0.01851,0.00000,0.41024,0.58976,True,True,True
82.7943,0.0000,6.5324,-226.4296,0.02120,0.00000,0.40976,0.59024,True,True,True
82.8041,0.0000,6.5359,-226.4521,0.02279,0.00000,0.40925,0.59075,True,True,True
82.8133,0.0000,6.5390,-226.4725,0.02064,0.00000,0.40878,0.59122,True,True,True
82.8226,0.0000,6.5422,-226.4929,0.02066,0.00000,0.40832,0.59168,True,True,True
82.8317,0.0000,6.5453,-226.5134,0.02072,0.00000,0.40785,0.59215,True,True,True
82.8412,0.0000,6.5486,-226.5345,0.02138,0.00000,0.40737,0.59263,True,True,True
82.8515,0.0000,6.5522,-226.5576,0.02333,0.00000,0.40685,0.59315,True,True,True
82.8605,0.0000,6.5552,-226.5772,0.01984,0.00000,0.40640,0.59360,True,True,True
82.8702,0.0000,6.5585,-226.5987,0.02172,0.00000,0.40592,0.59408,True,True,True
82.8803,0.0000,6.5621,-226.6215,0.02314,0.00000,0.40540,0.59460,True,True,True
82.8890,0.0000,6.5650,-226.6408,0.01945,0.00000,0.40496,0.59504,True,True,True
82.8980,0.0000,6.5681,-226.6607,0.02020,0.00000,0.40451,0.59549,True,True,True
82.9073,0.0000,6.5713,-226.6811,0.02058,0.00000,0.40405,0.59595,True,True,True
82.9165,0.0000,6.5745,-226.7018,0.02100,0.00000,0.40358,0.59642,True,True,True
82.9264,0.0000,6.5779,-226.7239,0.02234,0.00000,0.40307,0.59693,True,True,True
82.9348,0.0000,6.5808,-226.7427,0.01899,0.00000,0.40265,0.59735,True,True,True
82.9437,0.0000,6.5838,-226.7625,0.02007,0.00000,0.40220,0.59780,True,True,True
82.9528,0.0000,6.5869,-226.7825,0.02023,0.00000,0.40175,0.59825,True,True,True
82.9620,0.0000,6.5900,-226.8024,0.02012,0.00000,0.40129,0.59871,True,True,True
82.9721,0.0000,6.5936,-226.8253,0.02324,0.00000,0.40077,0.59923,True,True,True
82.9809,0.0000,6.5966,-226.8450,0.01990,0.00000,0.40033,0.59967,True,True,True
82.9898,0.0000,6.5997,-226.8649,0.02013,0.00000,0.39988,0.60012,True,True,True
82.9987,0.0000,6.6027,-226.8848,0.02010,0.00000,0.39943,0.60057,True,True,True
83.0081,0.0000,6.6060,-226.9057,0.02120,0.00000,0.39895,0.60105,True,True,True
83.0181,0.0000,6.6094,-226.9277,0.02230,0.00000,0.39845,0.60155,True,True,True
83.0270,0.0000,6.6125,-226.9479,0.02040,0.00000,0.39800,0.60200,True,True,True
83.0361,0.0000,6.6156,-226.9679,0.02026,0.00000,0.39754,0.60246,True,True,True
83.0454,0.0000,6.6188,-226.9883,0.02064,0.00000,0.39708,0.60292,True,True,True
83.0556,0.0000,6.6223,-227.0110,0.02298,0.00000,0.39657,0.60343,True,True,True
83.0644,0.0000,6.6253,-227.0307,0.01990,0.00000,0.39612,0.60388,True,True,True
83.0735,0.0000,6.6285,-227.0511,0.02066,0.00000,0.39566,0.60434,True,True,True
83.0827,0.0000,6.6316,-227.0712,0.02035,0.00000,0.39521,0.60479,True,True,True
83.0916,0.0000,6.6347,-227.0911,0.02014,0.00000,0.39476,0.60524,True,True,True
83.1016,0.0000,6.6382,-227.1137,0.02284,0.00000,0.39425,0.60575,True,True,True
83.1100,0.0000,6.6411,-227.1322,0.01872,0.00000,0.39383,0.60617,True,True,True
83.1191,0.0000,6.6442,-227.1523,0.02035,0.00000,0.39337,0.60663,True,True,True
83.1280,0.0000,6.6473,-227.1723,0.02020,0.00000,0.39292,0.60708,True,True,True
83.1372,0.0000,6.6504,-227.1924,0.02034,0.00000,0.39247,0.60753,True,True,True
83.1477,0.0000,6.6540,-227.2158,0.02376,0.00000,0.39194,0.60806,True,True,True
83.1561,0.0000,6.6570,-227.2347,0.01905,0.00000,0.39151,0.60849,True,True,True
83.1648,0.0000,6.6599,-227.2538,0.01938,0.00000,0.39108,0.60892,True,True,True
83.1737,0.0000,6.6630,-227.2737,0.02012,0.00000,0.39063,0.60937,True,True,True
83.1829,0.0000,6.6662,-227.2939,0.02049,0.00000,0.39017,0.60983,True,True,True
83.1927,0.0000,6.6696,-227.3160,0.02233,0.00000,0.38967,0.61033,True,True,True
83.2010,0.0000,6.6724,-227.3342,0.01842,0.00000,0.38926,0.61074,True,True,True
83.2099,0.0000,6.6755,-227.3542,0.02020,0.00000,0.38881,0.61119,True,True,True
83.2189,0.0000,6.6787,-227.3744,0.02049,0.00000,0.38836,0.61164,True,True,True
83.2282,0.0000,6.6819,-227.3951,0.02089,0.00000,0.38789,0.61211,True,True,True
83.2375,0.0000,6.6850,-227.4151,0.02032,0.00000,0.38744,0.61256,True,True,True
83.2476,0.0000,6.6885,-227.4380,0.02310,0.00000,0.38692,0.61308,True,True,True
83.2560,0.0000,6.6914,-227.4566,0.01888,0.00000,0.38650,0.61350,True,True,True
83.2647,0.0000,6.6945,-227.4763,0.01986,0.00000,0.38606,0.61394,True,True,True
83.2736,0.0000,6.6975,-227.4956,0.01961,0.00000,0.38562,0.61438,True,True,True
83.2824,0.0000,6.7005,-227.5155,0.02008,0.00000,0.38518,0.61482,True,True,True
83.2921,0.0000,6.7039,-227.5371,0.02193,0.00000,0.38469,0.61531,True,True,True
83.3009,0.0000,6.7069,-227.5563,0.01941,0.00000,0.38426,0.61574,True,True,True
83.3098,0.0000,6.7100,-227.5763,0.02025,0.00000,0.38381,0.61619,True,True,True
83.3193,0.0000,6.7132,-227.5969,0.02085,0.00000,0.38334,0.61666,True,True,True
83.3279,0.0000,6.7163,-227.6167,0.01997,0.00000,0.38290,0.61710,True,True,True
83.3373,0.0000,6.7195,-227.6370,0.02055,0.00000,0.38244,0.61756,True,True,True
83.3476,0.0000,6.7231,-227.6604,0.02377,0.00000,0.38191,0.61809,True,True,True
83.3561,0.0000,6.7260,-227.6790,0.01876,0.00000,0.38150,0.61850,True,True,True
83.3651,0.0000,6.7292,-227.6995,0.02080,0.00000,0.38103,0.61897,True,True,True
83.3738,0.0000,6.7321,-227.7184,0.01904,0.00000,0.38061,0.61939,True,True,True
83.3829,0.0000,6.7352,-227.7382,0.02009,0.00000,0.38017,0.61983,True,True,True
83.3916,0.0000,6.7384,-227.7583,0.02031,0.00000,0.37971,0.62029,True,True,True
83.4015,0.0000,6.7418,-227.7801,0.02211,0.00000,0.37922,0.62078,True,True,True
83.4095,0.0000,6.7446,-227.7982,0.01825,0.00000,0.37882,0.62118,True,True,True
83.4184,0.0000,6.7476,-227.8177,0.01974,0.00000,0.37838,0.62162,True,True,True
83.4273,0.0000,6.7507,-227.8377,0.02032,0.00000,0.37793,0.62207,True,True,True
83.4361,0.0000,6.7537,-227.8571,0.01960,0.00000,0.37749,0.62251,True,True,True
83.4450,0.0000,6.7568,-227.8768,0.01992,0.00000,0.37705,0.62295,True,True,True
83.4538,0.0000,6.7599,-227.8966,0.02004,0.00000,0.37661,0.62339,True,True,True
83.4643,0.0000,6.7635,-227.9196,0.02327,0.00000,0.37609,0.62391,True,True,True
83.4724,0.0000,6.7664,-227.9381,0.01875,0.00000,0.37568,0.62432,True,True,True
83.4808,0.0000,6.7693,-227.9567,0.01882,0.00000,0.37526,0.62474,True,True,True
83.4897,0.0000,6.7723,-227.9762,0.01970,0.00000,0.37482,0.62518,True,True,True
83.4983,0.0000,6.7752,-227.9952,0.01923,0.00000,0.37440,0.62560,True,True,True
83.5071,0.0000,6.7783,-228.0149,0.01998,0.00000,0.37395,0.62605,True,True,True
83.5166,0.0000,6.7816,-228.0360,0.02137,0.00000,0.37348,0.62652,True,True,True
83.5250,0.0000,6.7845,-228.0545,0.01872,0.00000,0.37307,0.62693,True,True,True
83.5335,0.0000,6.7875,-228.0739,0.01957,0.00000,0.37263,0.62737,True,True,True
83.5424,0.0000,6.7906,-228.0936,0.02002,0.00000,0.37219,0.62781,True,True,True
83.5521,0.0000,6.7940,-228.1151,0.02168,0.00000,0.37171,0.62829,True,True,True
83.5602,0.0000,6.7968,-228.1330,0.01819,0.00000,0.37131,0.62869,True,True,True
83.5690,0.0000,6.7999,-228.1527,0.01988,0.00000,0.37087,0.62913,True,True,True
83.5779,0.0000,6.8030,-228.1725,0.02006,0.00000,0.37043,0.62957,True,True,True
83.5872,0.0000,6.8061,-228.1926,0.02037,0.00000,0.36998,0.63002,True,True,True
83.5960,0.0000,6.8092,-228.2123,0.01995,0.00000,0.36953,0.63047,True,True,True
83.6062,0.0000,6.8127,-228.2351,0.02303,0.00000,0.36903,0.63097,True,True,True
83.6143,0.0000,6.8156,-228.2534,0.01853,0.00000,0.36862,0.63138,True,True,True
83.6230,0.0000,6.8186,-228.2727,0.01957,0.00000,0.36818,0.63182,True,True,True
83.6323,0.0000,6.8219,-228.2935,0.02099,0.00000,0.36772,0.63228,True,True,True
83.6407,0.0000,6.8248,-228.3121,0.01881,0.00000,0.36731,0.63269,True,True,True
83.6494,0.0000,6.8278,-228.3315,0.01972,0.00000,0.36687,0.63313,True,True,True
83.6582,0.0000,6.8308,-228.3510,0.01968,0.00000,0.36644,0.63356,True,True,True
83.6678,0.0000,6.8342,-228.3722,0.02144,0.00000,0.36596,0.63404,True,True,True
83.6759,0.0000,6.8370,-228.3906,0.01864,0.00000,0.36555,0.63445,True,True,True
83.6855,0.0000,6.8402,-228.4111,0.02073,0.00000,0.36510,0.63490,True,True,True
83.6947,0.0000,6.8434,-228.4316,0.02079,0.00000,0.36464,0.63536,True,True,True
83.7039,0.0000,6.8467,-228.4524,0.02105,0.00000,0.36417,0.63583,True,True,True
83.7145,0.0000,6.8504,-228.4758,0.02372,0.00000,0.36365,0.63635,True,True,True
83.7228,0.0000,6.8532,-228.4943,0.01872,0.00000,0.36324,0.63676,True,True,True
83.7311,0.0000,6.8562,-228.5130,0.01892,0.00000,0.36282,0.63718,True,True,True
83.7397,0.0000,6.8591,-228.5320,0.01917,0.00000,0.36240,0.63760,True,True,True
83.7486,0.0000,6.8622,-228.5515,0.01979,0.00000,0.36196,0.63804,True,True,True
83.7573,0.0000,6.8653,-228.5712,0.01999,0.00000,0.36152,0.63848,True,True,True
83.7668,0.0000,6.8686,-228.5923,0.02127,0.00000,0.36106,0.63894,True,True,True
83.7751,0.0000,6.8715,-228.6105,0.01846,0.00000,0.36065,0.63935,True,True,True
83.7836,0.0000,6.8745,-228.6297,0.01941,0.00000,0.36022,0.63978,True,True,True
83.7925,0.0000,6.8776,-228.6496,0.02019,0.00000,0.35978,0.64022,True,True,True
83.8024,0.0000,6.8810,-228.6711,0.02175,0.00000,0.35930,0.64070,True,True,True
83.8106,0.0000,6.8839,-228.6897,0.01880,0.00000,0.35889,0.64111,True,True,True
83.8194,0.0000,6.8870,-228.7094,0.01997,0.00000,0.35845,0.64155,True,True,True
83.8284,0.0000,6.8901,-228.7292,0.02006,0.00000,0.35801,0.64199,True,True,True
83.8372,0.0000,6.8931,-228.7488,0.01979,0.00000,0.35757,0.64243,True,True,True
83.8477,0.0000,6.8968,-228.7721,0.02365,0.00000,0.35706,0.64294,True,True,True
83.8559,0.0000,6.8997,-228.7906,0.01866,0.00000,0.35665,0.64335,True,True,True
83.8647,0.0000,6.9027,-228.8098,0.01951,0.00000,0.35622,0.64378,True,True,True
83.8733,0.0000,6.9057,-228.8291,0.01954,0.00000,0.35579,0.64421,True,True,True
83.8826,0.0000,6.9089,-228.8493,0.02037,0.00000,0.35534,0.64466,True,True,True
83.8920,0.0000,6.9122,-228.8706,0.02161,0.00000,0.35487,0.64513,True,True,True
83.9002,0.0000,6.9151,-228.8889,0.01850,0.00000,0.35446,0.64554,True,True,True
83.9090,0.0000,6.9182,-228.9085,0.01982,0.00000,0.35403,0.64597,True,True,True
83.9180,0.0000,6.9213,-228.9285,0.02026,0.00000,0.35359,0.64641,True,True,True
83.9281,0.0000,6.9248,-228.9505,0.02233,0.00000,0.35310,0.64690,True,True,True
83.9363,0.0000,6.9277,-228.9691,0.01877,0.00000,0.35269,0.64732,True,True,True
83.9449,0.0000,6.9307,-228.9884,0.01951,0.00000,0.35226,0.64774,True,True,True
83.9540,0.0000,6.9338,-229.0082,0.02009,0.00000,0.35182,0.64818,True,True,True
83.9645,0.0000,6.9375,-229.0315,0.02359,0.00000,0.35130,0.64870,True,True,True
83.9726,0.0000,6.9404,-229.0500,0.01871,0.00000,0.35089,0.64911,True,True,True
83.9810,0.0000,6.9433,-229.0685,0.01874,0.00000,0.35048,0.64952,True,True,True
83.9903,0.0000,6.9465,-229.0889,0.02062,0.00000,0.35003,0.64997,True,True,True
83.9987,0.0000,6.9495,-229.1078,0.01915,0.00000,0.34961,0.65039,True,True,True
84.0076,0.0000,6.9526,-229.1275,0.01993,0.00000,0.34918,0.65082,True,True,True
84.0165,0.0000,6.9557,-229.1473,0.02008,0.00000,0.34874,0.65126,True,True,True
84.0263,0.0000,6.9591,-229.1689,0.02190,0.00000,0.34826,0.65174,True,True,True
84.0344,0.0000,6.9620,-229.1873,0.01858,0.00000,0.34786,0.65214,True,True,True
84.0432,0.0000,6.9651,-229.2069,0.01982,0.00000,0.34742,0.65258,True,True,True
84.0520,0.0000,6.9681,-229.2264,0.01976,0.00000,0.34699,0.65301,True,True,True
84.0628,0.0000,6.9716,-229.2484,0.02232,0.00000,0.34650,0.65350,True,True,True
84.0709,0.0000,6.9747,-229.2684,0.02025,0.00000,0.34606,0.65394,True,True,True
84.0814,0.0000,6.9783,-229.2913,0.02312,0.00000,0.34556,0.65444,True,True,True
84.0894,0.0000,6.9812,-229.3094,0.01838,0.00000,0.34516,0.65484,True,True,True
84.0984,0.0000,6.9843,-229.3294,0.02022,0.00000,0.34472,0.65528,True,True,True
84.1070,0.0000,6.9873,-229.3486,0.01937,0.00000,0.34430,0.65570,True,True,True
84.1158,0.0000,6.9905,-229.3683,0.01999,0.00000,0.34386,0.65614,True,True,True
84.1248,0.0000,6.9935,-229.3880,0.01993,0.00000,0.34343,0.65657,True,True,True
84.1340,0.0000,6.9968,-229.4084,0.02065,0.00000,0.34298,0.65702,True,True,True
84.1425,0.0000,6.9997,-229.4273,0.01914,0.00000,0.34256,0.65744,True,True,True
84.1511,0.0000,7.0028,-229.4465,0.01945,0.00000,0.34214,0.65786,True,True,True
84.1599,0.0000,7.0058,-229.4662,0.01989,0.00000,0.34170,0.65830,True,True,True
84.1697,0.0000,7.0092,-229.4872,0.02133,0.00000,0.34124,0.65876,True,True,True
84.1780,0.0000,7.0122,-229.5063,0.01932,0.00000,0.34082,0.65918,True,True,True
84.1867,0.0000,7.0152,-229.5256,0.01953,0.00000,0.34040,0.65960,True,True,True
84.1959,0.0000,7.0183,-229.5455,0.02011,0.00000,0.33996,0.66004,True,True,True
84.2045,0.0000,7.0215,-229.5654,0.02016,0.00000,0.33952,0.66048,True,True,True
84.2145,0.0000,7.0250,-229.5877,0.02258,0.00000,0.33903,0.66097,True,True,True
84.2229,0.0000,7.0279,-229.6061,0.01868,0.00000,0.33863,0.66137,True,True,True
84.2318,0.0000,7.0310,-229.6257,0.01979,0.00000,0.33820,0.66180,True,True,True
84.2403,0.0000,7.0340,-229.6447,0.01926,0.00000,0.33778,0.66222,True,True,True
84.2493,0.0000,7.0371,-229.6647,0.02019,0.00000,0.33734,0.66266,True,True,True
84.2582,0.0000,7.0403,-229.6846,0.02022,0.00000,0.33690,0.66310,True,True,True
84.2679,0.0000,7.0437,-229.7059,0.02153,0.00000,0.33643,0.66357,True,True,True
84.2762,0.0000,7.0466,-229.7246,0.01895,0.00000,0.33602,0.66398,True,True,True
84.2850,0.0000,7.0496,-229.7439,0.01948,0.00000,0.33560,0.66440,True,True,True
84.2941,0.0000,7.0528,-229.7642,0.02059,0.00000,0.33516,0.66484,True,True,True
84.3029,0.0000,7.0560,-229.7840,0.02005,0.00000,0.33472,0.66528,True,True,True
84.3118,0.0000,7.0591,-229.8038,0.02007,0.00000,0.33429,0.66571,True,True,True
84.3209,0.0000,7.0622,-229.8235,0.01994,0.00000,0.33386,0.66614,True,True,True
84.3297,0.0000,7.0653,-229.8431,0.01982,0.00000,0.33343,0.66657,True,True,True
84.3399,0.0000,7.0689,-229.8658,0.02300,0.00000,0.33293,0.66707,True,True,True
84.3481,0.0000,7.0718,-229.8841,0.01851,0.00000,0.33253,0.66747,True,True,True
84.3570,0.0000,7.0749,-229.9040,0.02013,0.00000,0.33209,0.66791,True,True,True
84.3652,0.0000,7.0778,-229.9225,0.01875,0.00000,0.33169,0.66831,True,True,True
84.3739,0.0000,7.0809,-229.9417,0.01946,0.00000,0.33127,0.66873,True,True,True
84.3829,0.0000,7.0840,-229.9615,0.01996,0.00000,0.33084,0.66916,True,True,True
84.3933,0.0000,7.0875,-229.9837,0.02255,0.00000,0.33035,0.66965,True,True,True
84.4018,0.0000,7.0906,-230.0037,0.02017,0.00000,0.32992,0.67008,True,True,True
84.4107,0.0000,7.0937,-230.0233,0.01991,0.00000,0.32949,0.67051,True,True,True
84.4196,0.0000,7.0969,-230.0433,0.02019,0.00000,0.32905,0.67095,True,True,True
84.4288,0.0000,7.1001,-230.0637,0.02065,0.00000,0.32860,0.67140,True,True,True
84.4381,0.0000,7.1033,-230.0840,0.02062,0.00000,0.32816,0.67184,True,True,True
84.4481,0.0000,7.1069,-230.1063,0.02257,0.00000,0.32767,0.67233,True,True,True
84.4565,0.0000,7.1099,-230.1252,0.01909,0.00000,0.32726,0.67274,True,True,True
84.4646,0.0000,7.1127,-230.1433,0.01835,0.00000,0.32687,0.67313,True,True,True
84.4737,0.0000,7.1159,-230.1632,0.02011,0.00000,0.32643,0.67357,True,True,True
84.4822,0.0000,7.1189,-230.1823,0.01936,0.00000,0.32602,0.67398,True,True,True
84.4910,0.0000,7.1220,-230.2020,0.01994,0.00000,0.32559,0.67441,True,True,True
84.4999,0.0000,7.1251,-230.2217,0.01996,0.00000,0.32516,0.67484,True,True,True
84.5097,0.0000,7.1285,-230.2433,0.02180,0.00000,0.32469,0.67531,True,True,True
84.5179,0.0000,7.1315,-230.2617,0.01872,0.00000,0.32429,0.67571,True,True,True
84.5267,0.0000,7.1345,-230.2813,0.01974,0.00000,0.32386,0.67614,True,True,True
84.5355,0.0000,7.1377,-230.3009,0.01991,0.00000,0.32344,0.67656,True,True,True
84.5459,0.0000,7.1412,-230.3232,0.02259,0.00000,0.32295,0.67705,True,True,True
84.5543,0.0000,7.1443,-230.3428,0.01987,0.00000,0.32252,0.67748,True,True,True
84.5647,0.0000,7.1479,-230.3657,0.02311,0.00000,0.32203,0.67797,True,True,True
84.5729,0.0000,7.1508,-230.3840,0.01858,0.00000,0.32163,0.67837,True,True,True
84.5821,0.0000,7.1540,-230.4040,0.02019,0.00000,0.32120,0.67880,True,True,True
84.5908,0.0000,7.1571,-230.4237,0.01998,0.00000,0.32077,0.67923,True,True,True
84.5997,0.0000,7.1602,-230.4435,0.02005,0.00000,0.32034,0.67966,True,True,True
84.6086,0.0000,7.1633,-230.4632,0.01998,0.00000,0.31991,0.68009,True,True,True
84.6184,0.0000,7.1667,-230.4848,0.02180,0.00000,0.31944,0.68056,True,True,True
84.6266,0.0000,7.1696,-230.5031,0.01851,0.00000,0.31905,0.68095,True,True,True
84.6355,0.0000,7.1728,-230.5229,0.02007,0.00000,0.31862,0.68138,True,True,True
84.6442,0.0000,7.1758,-230.5421,0.01944,0.00000,0.31820,0.68180,True,True,True
84.6532,0.0000,7.1791,-230.5624,0.02059,0.00000,0.31776,0.68224,True,True,True
84.6622,0.0000,7.1822,-230.5822,0.02007,0.00000,0.31733,0.68267,True,True,True
84.6712,0.0000,7.1854,-230.6022,0.02027,0.00000,0.31690,0.68310,True,True,True
84.6817,0.0000,7.1890,-230.6253,0.02330,0.00000,0.31640,0.68360,True,True,True
84.6896,0.0000,7.1919,-230.6433,0.01828,0.00000,0.31601,0.68399,True,True,True
84.6985,0.0000,7.1950,-230.6628,0.01973,0.00000,0.31559,0.68441,True,True,True
84.7068,0.0000,7.1979,-230.6815,0.01893,0.00000,0.31518,0.68482,True,True,True
84.7156,0.0000,7.2010,-230.7010,0.01976,0.00000,0.31476,0.68524,True,True,True
84.7243,0.0000,7.2041,-230.7205,0.01971,0.00000,0.31434,0.68566,True,True,True
84.7339,0.0000,7.2075,-230.7417,0.02144,0.00000,0.31388,0.68612,True,True,True
84.7427,0.0000,7.2105,-230.7605,0.01911,0.00000,0.31348,0.68652,True,True,True
84.7511,0.0000,7.2136,-230.7800,0.01971,0.00000,0.31306,0.68694,True,True,True
84.7599,0.0000,7.2167,-230.7996,0.01982,0.00000,0.31263,0.68737,True,True,True
84.7701,0.0000,7.2201,-230.8210,0.02174,0.00000,0.31217,0.68783,True,True,True
84.7788,0.0000,7.2233,-230.8412,0.02046,0.00000,0.31174,0.68826,True,True,True
84.7878,0.0000,7.2264,-230.8609,0.01985,0.00000,0.31131,0.68869,True,True,True
84.7965,0.0000,7.2295,-230.8806,0.02002,0.00000,0.31089,0.68911,True,True,True
84.8067,0.0000,7.2331,-230.9032,0.02283,0.00000,0.31040,0.68960,True,True,True
84.8148,0.0000,7.2360,-230.9216,0.01860,0.00000,0.31001,0.68999,True,True,True
84.8231,0.0000,7.2389,-230.9400,0.01866,0.00000,0.30961,0.69039,True,True,True
84.8328,0.0000,7.2422,-230.9607,0.02095,0.00000,0.30916,0.69084,True,True,True
84.8417,0.0000,7.2455,-230.9812,0.02083,0.00000,0.30872,0.69128,True,True,True
84.8506,0.0000,7.2487,-231.0011,0.02015,0.00000,0.30829,0.69171,True,True,True
84.8596,0.0000,7.2518,-231.0208,0.01987,0.00000,0.30787,0.69213,True,True,True
84.8692,0.0000,7.2552,-231.0420,0.02152,0.00000,0.30742,0.69258,True,True,True
84.8774,0.0000,7.2581,-231.0606,0.01883,0.00000,0.30702,0.69298,True,True,True
84.8862,0.0000,7.2612,-231.0803,0.01995,0.00000,0.30659,0.69341,True,True,True
84.8950,0.0000,7.2643,-231.0998,0.01970,0.00000,0.30618,0.69382,True,True,True
84.9046,0.0000,7.2676,-231.1202,0.02072,0.00000,0.30574,0.69426,True,True,True
84.9132,0.0000,7.2707,-231.1400,0.01998,0.00000,0.30531,0.69469,True,True,True
84.9232,0.0000,7.2743,-231.1624,0.02274,0.00000,0.30483,0.69517,True,True,True
84.9314,0.0000,7.2772,-231.1808,0.01863,0.00000,0.30444,0.69556,True,True,True
84.9407,0.0000,7.2804,-231.2010,0.02041,0.00000,0.30401,0.69599,True,True,True
84.9490,0.0000,7.2834,-231.2198,0.01904,0.00000,0.30360,0.69640,True,True,True
84.9577,0.0000,7.2865,-231.2392,0.01967,0.00000,0.30319,0.69681,True,True,True
84.9666,0.0000,7.2896,-231.2588,0.01987,0.00000,0.30277,0.69723,True,True,True
84.9762,0.0000,7.2930,-231.2799,0.02134,0.00000,0.30232,0.69768,True,True,True
84.9847,0.0000,7.2960,-231.2988,0.01917,0.00000,0.30191,0.69809,True,True,True
84.9931,0.0000,7.2990,-231.3179,0.01925,0.00000,0.30150,0.69850,True,True,True
85.0023,0.0000,7.3022,-231.3380,0.02036,0.00000,0.30107,0.69893,True,True,True
85.0120,0.0000,7.3057,-231.3598,0.02208,0.00000,0.30061,0.69939,True,True,True
85.0235,0.0000,7.3097,-231.3848,0.02529,0.00000,0.30008,0.69993,True,True,True
85.0318,0.0000,7.3126,-231.4034,0.01893,0.00000,0.29968,0.70032,True,True,True
85.0401,0.0000,7.3156,-231.4219,0.01866,0.00000,0.29928,0.70072,True,True,True
85.0483,0.0000,7.3185,-231.4404,0.01874,0.00000,0.29889,0.70111,True,True,True
85.0571,0.0000,7.3216,-231.4598,0.01968,0.00000,0.29847,0.70153,True,True,True
85.0656,0.0000,7.3246,-231.4788,0.01924,0.00000,0.29807,0.70193,True,True,True
85.0746,0.0000,7.3278,-231.4987,0.02010,0.00000,0.29765,0.70235,True,True,True
85.0842,0.0000,7.3312,-231.5200,0.02157,0.00000,0.29719,0.70281,True,True,True
85.0928,0.0000,7.3342,-231.5388,0.01910,0.00000,0.29679,0.70321,True,True,True
85.1015,0.0000,7.3373,-231.5584,0.01979,0.00000,0.29637,0.70363,True,True,True
85.1103,0.0000,7.3405,-231.5782,0.02009,0.00000,0.29595,0.70405,True,True,True
85.1209,0.0000,7.3440,-231.6003,0.02239,0.00000,0.29548,0.70452,True,True,True
85.1290,0.0000,7.3469,-231.6185,0.01837,0.00000,0.29510,0.70490,True,True,True
85.1380,0.0000,7.3498,-231.6366,0.01837,0.00000,0.29471,0.70529,True,True,True
85.1483,0.0000,7.3531,-231.6577,0.02134,0.00000,0.29426,0.70574,True,True,True
85.1564,0.0000,7.3557,-231.6741,0.01659,0.00000,0.29391,0.70609,True,True,True
85.1652,0.0000,7.3584,-231.6906,0.01678,0.00000,0.29356,0.70644,True,True,True
85.1736,0.0000,7.3609,-231.7066,0.01616,0.00000,0.29322,0.70678,True,True,True
85.1826,0.0000,7.3635,-231.7230,0.01656,0.00000,0.29288,0.70712,True,True,True
85.1912,0.0000,7.3660,-231.7386,0.01588,0.00000,0.29254,0.70746,True,True,True
85.2007,0.0000,7.3687,-231.7551,0.01667,0.00000,0.29219,0.70781,True,True,True
85.2092,0.0000,7.3710,-231.7696,0.01469,0.00000,0.29189,0.70811,True,True,True
85.2179,0.0000,7.3732,-231.7838,0.01439,0.00000,0.29159,0.70841,True,True,True
85.2267,0.0000,7.3755,-231.7980,0.01437,0.00000,0.29128,0.70872,True,True,True
85.2367,0.0000,7.3779,-231.8129,0.01511,0.00000,0.29097,0.70903,True,True,True
85.2449,0.0000,7.3799,-231.8258,0.01306,0.00000,0.29070,0.70930,True,True,True
85.2536,0.0000,7.3819,-231.8384,0.01273,0.00000,0.29043,0.70957,True,True,True
85.2626,0.0000,7.3839,-231.8506,0.01239,0.00000,0.29017,0.70983,True,True,True
85.2714,0.0000,7.3858,-231.8629,0.01238,0.00000,0.28991,0.71009,True,True,True
85.2816,0.0000,7.3880,-231.8761,0.01344,0.00000,0.28963,0.71037,True,True,True
85.2900,0.0000,7.3897,-231.8868,0.01082,0.00000,0.28940,0.71060,True,True,True
85.2983,0.0000,7.3913,-231.8969,0.01021,0.00000,0.28919,0.71081,True,True,True
85.3067,0.0000,7.3928,-231.9066,0.00986,0.00000,0.28899,0.71101,True,True,True
85.3154,0.0000,7.3944,-231.9166,0.01004,0.00000,0.28878,0.71122,True,True,True
85.3255,0.0000,7.3961,-231.9270,0.01060,0.00000,0.28855,0.71145,True,True,True
85.3338,0.0000,7.3975,-231.9360,0.00904,0.00000,0.28837,0.71163,True,True,True
85.3427,0.0000,7.3989,-231.9448,0.00895,0.00000,0.28818,0.71182,True,True,True
85.3510,0.0000,7.4002,-231.9531,0.00845,0.00000,0.28800,0.71200,True,True,True
85.3605,0.0000,7.4016,-231.9619,0.00885,0.00000,0.28782,0.71218,True,True,True
85.3686,0.0000,7.4028,-231.9693,0.00746,0.00000,0.28766,0.71234,True,True,True
85.3772,0.0000,7.4040,-231.9767,0.00757,0.00000,0.28750,0.71250,True,True,True
85.3859,0.0000,7.4040,-231.9767,0.00000,0.00000,0.28750,0.71250,True,True,True
85.3948,0.0000,7.4041,-231.9772,0.00043,0.00000,0.28750,0.71250,True,True,True
85.4038,0.0000,7.4042,-231.9780,0.00087,0.00000,0.28748,0.71252,True,True,True
85.4128,0.0000,7.4044,-231.9793,0.00130,0.00000,0.28745,0.71255,True,True,True
85.4216,0.0000,7.4047,-231.9810,0.00175,0.00000,0.28741,0.71259,True,True,True
85.4318,0.0000,7.4051,-231.9836,0.00260,0.00000,0.28736,0.71264,True,True,True
85.4401,0.0000,7.4055,-231.9860,0.00247,0.00000,0.28731,0.71269,True,True,True
85.4482,0.0000,7.4059,-231.9888,0.00281,0.00000,0.28725,0.71275,True,True,True
85.4569,0.0000,7.4065,-231.9922,0.00340,0.00000,0.28718,0.71282,True,True,True
85.4654,0.0000,7.4070,-231.9958,0.00371,0.00000,0.28710,0.71290,True,True,True
85.4741,0.0000,7.4077,-232.0000,0.00420,0.00000,0.28701,0.71299,True,True,True
85.4829,0.0000,7.4084,-232.0045,0.00464,0.00000,0.28692,0.71308,True,True,True
85.4923,0.0000,7.4093,-232.0100,0.00553,0.00000,0.28680,0.71320,True,True,True
85.5008,0.0000,7.4101,-232.0153,0.00532,0.00000,0.28669,0.71331,True,True,True
85.5095,0.0000,7.4111,-232.0211,0.00587,0.00000,0.28657,0.71343,True,True,True
85.5181,0.0000,7.4121,-232.0273,0.00629,0.00000,0.28644,0.71356,True,True,True
85.5273,0.0000,7.4132,-232.0343,0.00717,0.00000,0.28629,0.71371,True,True,True
85.5358,0.0000,7.4143,-232.0412,0.00697,0.00000,0.28614,0.71386,True,True,True
85.5447,0.0000,7.4155,-232.0486,0.00749,0.00000,0.28599,0.71401,True,True,True
85.5533,0.0000,7.4168,-232.0566,0.00811,0.00000,0.28582,0.71418,True,True,True
85.5621,0.0000,7.4181,-232.0650,0.00845,0.00000,0.28564,0.71436,True,True,True
85.5710,0.0000,7.4195,-232.0739,0.00902,0.00000,0.28545,0.71455,True,True,True
85.5798,0.0000,7.4210,-232.0831,0.00936,0.00000,0.28526,0.71474,True,True,True
85.5901,0.0000,7.4228,-232.0945,0.01151,0.00000,0.28502,0.71498,True,True,True
85.5983,0.0000,7.4243,-232.1040,0.00961,0.00000,0.28482,0.71518,True,True,True
85.6068,0.0000,7.4259,-232.1141,0.01023,0.00000,0.28461,0.71539,True,True,True
85.6157,0.0000,7.4277,-232.1254,0.01142,0.00000,0.28437,0.71563,True,True,True
85.6256,0.0000,7.4297,-232.1378,0.01262,0.00000,0.28411,0.71589,True,True,True
85.6342,0.0000,7.4316,-232.1498,0.01215,0.00000,0.28386,0.71614,True,True,True
85.6429,0.0000,7.4336,-232.1620,0.01232,0.00000,0.28360,0.71640,True,True,True
85.6515,0.0000,7.4356,-232.1744,0.01253,0.00000,0.28334,0.71666,True,True,True
85.6611,0.0000,7.4379,-232.1887,0.01449,0.00000,0.28304,0.71696,True,True,True
85.6695,0.0000,7.4399,-232.2015,0.01301,0.00000,0.28277,0.71723,True,True,True
85.6781,0.0000,7.4421,-232.2153,0.01391,0.00000,0.28248,0.71752,True,True,True
85.6869,0.0000,7.4444,-232.2296,0.01448,0.00000,0.28218,0.71782,True,True,True
85.6956,0.0000,7.4467,-232.2442,0.01485,0.00000,0.28187,0.71813,True,True,True
85.7044,0.0000,7.4492,-232.2594,0.01534,0.00000,0.28155,0.71845,True,True,True
85.7132,0.0000,7.4517,-232.2751,0.01587,0.00000,0.28122,0.71878,True,True,True
85.7233,0.0000,7.4546,-232.2936,0.01874,0.00000,0.28084,0.71916,True,True,True
85.7317,0.0000,7.4571,-232.3093,0.01592,0.00000,0.28051,0.71949,True,True,True
85.7399,0.0000,7.4596,-232.3251,0.01599,0.00000,0.28017,0.71983,True,True,True
85.7488,0.0000,7.4624,-232.3424,0.01758,0.00000,0.27981,0.72019,True,True,True
85.7574,0.0000,7.4652,-232.3596,0.01738,0.00000,0.27945,0.72055,True,True,True
85.7661,0.0000,7.4681,-232.3777,0.01836,0.00000,0.27907,0.72093,True,True,True
85.7749,0.0000,7.4710,-232.3962,0.01868,0.00000,0.27868,0.72132,True,True,True
85.7846,0.0000,7.4743,-232.4170,0.02111,0.00000,0.27825,0.72175,True,True,True
85.7926,0.0000,7.4772,-232.4350,0.01816,0.00000,0.27787,0.72213,True,True,True
85.8016,0.0000,7.4804,-232.4547,0.01998,0.00000,0.27746,0.72254,True,True,True
85.8105,0.0000,7.4835,-232.4746,0.02017,0.00000,0.27704,0.72296,True,True,True
85.8192,0.0000,7.4866,-232.4939,0.01955,0.00000,0.27664,0.72336,True,True,True
85.8289,0.0000,7.4901,-232.5156,0.02200,0.00000,0.27619,0.72381,True,True,True
85.8370,0.0000,7.4930,-232.5335,0.01811,0.00000,0.27581,0.72419,True,True,True
85.8459,0.0000,7.4961,-232.5528,0.01956,0.00000,0.27541,0.72459,True,True,True
85.8548,0.0000,7.4993,-232.5730,0.02038,0.00000,0.27499,0.72501,True,True,True
85.8654,0.0000,7.5029,-232.5957,0.02306,0.00000,0.27452,0.72548,True,True,True
85.8732,0.0000,7.5059,-232.6140,0.01856,0.00000,0.27413,0.72587,True,True,True
85.8819,0.0000,7.5089,-232.6329,0.01912,0.00000,0.27374,0.72626,True,True,True
85.8909,0.0000,7.5121,-232.6533,0.02060,0.00000,0.27332,0.72668,True,True,True
85.8998,0.0000,7.5152,-232.6726,0.01958,0.00000,0.27291,0.72709,True,True,True
85.9086,0.0000,7.5184,-232.6925,0.02017,0.00000,0.27250,0.72750,True,True,True
85.9180,0.0000,7.5218,-232.7133,0.02111,0.00000,0.27207,0.72793,True,True,True
85.9264,0.0000,7.5247,-232.7318,0.01868,0.00000,0.27168,0.72832,True,True,True
85.9350,0.0000,7.5278,-232.7512,0.01964,0.00000,0.27128,0.72872,True,True,True
85.9438,0.0000,7.5309,-232.7707,0.01972,0.00000,0.27087,0.72913,True,True,True
85.9536,0.0000,7.5344,-232.7924,0.02199,0.00000,0.27042,0.72958,True,True,True
85.9614,0.0000,7.5372,-232.8100,0.01786,0.00000,0.27006,0.72994,True,True,True
85.9702,0.0000,7.5404,-232.8296,0.01981,0.00000,0.26965,0.73035,True,True,True
85.9793,0.0000,7.5435,-232.8491,0.01976,0.00000,0.26925,0.73075,True,True,True
85.9880,0.0000,7.5467,-232.8692,0.02035,0.00000,0.26883,0.73117,True,True,True
85.9986,0.0000,7.5504,-232.8921,0.02321,0.00000,0.26836,0.73164,True,True,True
86.0067,0.0000,7.5533,-232.9106,0.01871,0.00000,0.26797,0.73203,True,True,True
86.0150,0.0000,7.5563,-232.9289,0.01857,0.00000,0.26759,0.73241,True,True,True
86.0233,0.0000,7.5593,-232.9475,0.01879,0.00000,0.26721,0.73279,True,True,True
86.0320,0.0000,7.5623,-232.9668,0.01956,0.00000,0.26681,0.73319,True,True,True
86.0414,0.0000,7.5657,-232.9876,0.02105,0.00000,0.26638,0.73362,True,True,True
86.0498,0.0000,7.5687,-233.0064,0.01905,0.00000,0.26599,0.73401,True,True,True
86.0584,0.0000,7.5718,-233.0255,0.01935,0.00000,0.26560,0.73440,True,True,True
86.0670,0.0000,7.5748,-233.0445,0.01927,0.00000,0.26520,0.73480,True,True,True
86.0767,0.0000,7.5782,-233.0659,0.02165,0.00000,0.26476,0.73524,True,True,True
86.0850,0.0000,7.5812,-233.0844,0.01876,0.00000,0.26438,0.73562,True,True,True
86.0935,0.0000,7.5842,-233.1033,0.01916,0.00000,0.26399,0.73601,True,True,True
86.1024,0.0000,7.5874,-233.1229,0.01978,0.00000,0.26359,0.73641,True,True,True
86.1119,0.0000,7.5908,-233.1442,0.02160,0.00000,0.26315,0.73685,True,True,True
86.1206,0.0000,7.5939,-233.1636,0.01967,0.00000,0.26275,0.73725,True,True,True
86.1294,0.0000,7.5970,-233.1831,0.01969,0.00000,0.26235,0.73765,True,True,True
86.1381,0.0000,7.6001,-233.2024,0.01953,0.00000,0.26195,0.73805,True,True,True
86.1466,0.0000,7.6032,-233.2214,0.01930,0.00000,0.26156,0.73844,True,True,True
86.1569,0.0000,7.6068,-233.2440,0.02292,0.00000,0.26109,0.73891,True,True,True
86.1650,0.0000,7.6097,-233.2622,0.01842,0.00000,0.26072,0.73928,True,True,True
86.1737,0.0000,7.6128,-233.2813,0.01933,0.00000,0.26033,0.73967,True,True,True
86.1822,0.0000,7.6159,-233.3004,0.01935,0.00000,0.25993,0.74007,True,True,True
86.1907,0.0000,7.6189,-233.3194,0.01924,0.00000,0.25954,0.74046,True,True,True
86.1995,0.0000,7.6220,-233.3387,0.01949,0.00000,0.25915,0.74085,True,True,True
86.2090,0.0000,7.6254,-233.3598,0.02142,0.00000,0.25872,0.74128,True,True,True
86.2174,0.0000,7.6284,-233.3785,0.01893,0.00000,0.25833,0.74167,True,True,True
86.2260,0.0000,7.6314,-233.3973,0.01905,0.00000,0.25795,0.74205,True,True,True
86.2345,0.0000,7.6345,-233.4166,0.01949,0.00000,0.25755,0.74245,True,True,True
86.2442,0.0000,7.6379,-233.4380,0.02173,0.00000,0.25711,0.74289,True,True,True
86.2523,0.0000,7.6408,-233.4560,0.01822,0.00000,0.25675,0.74325,True,True,True
86.2610,0.0000,7.6439,-233.4753,0.01949,0.00000,0.25635,0.74365,True,True,True
86.2695,0.0000,7.6470,-233.4942,0.01924,0.00000,0.25596,0.74404,True,True,True
86.2780,0.0000,7.6500,-233.5134,0.01941,0.00000,0.25557,0.74443,True,True,True
86.2868,0.0000,7.6532,-233.5329,0.01970,0.00000,0.25518,0.74482,True,True,True
86.2956,0.0000,7.6563,-233.5523,0.01969,0.00000,0.25478,0.74522,True,True,True
86.3040,0.0000,7.6593,-233.5709,0.01887,0.00000,0.25440,0.74560,True,True,True
86.3128,0.0000,7.6624,-233.5902,0.01952,0.00000,0.25401,0.74599,True,True,True
86.3216,0.0000,7.6655,-233.6094,0.01947,0.00000,0.25361,0.74639,True,True,True
86.3317,0.0000,7.6692,-233.6326,0.02343,0.00000,0.25314,0.74686,True,True,True
86.3403,0.0000,7.6722,-233.6513,0.01899,0.00000,0.25276,0.74724,True,True,True
86.3486,0.0000,7.6752,-233.6699,0.01881,0.00000,0.25238,0.74762,True,True,True
86.3567,0.0000,7.6782,-233.6883,0.01865,0.00000,0.25201,0.74799,True,True,True
86.3654,0.0000,7.6811,-233.7070,0.01890,0.00000,0.25163,0.74837,True,True,True
86.3733,0.0000,7.6840,-233.7250,0.01825,0.00000,0.25126,0.74874,True,True,True
86.3818,0.0000,7.6870,-233.7436,0.01889,0.00000,0.25088,0.74912,True,True,True
86.3902,0.0000,7.6901,-233.7625,0.01912,0.00000,0.25050,0.74950,True,True,True
86.3995,0.0000,7.6934,-233.7832,0.02093,0.00000,0.25008,0.74992,True,True,True
86.4077,0.0000,7.6963,-233.8015,0.01858,0.00000,0.24971,0.75029,True,True,True
86.4163,0.0000,7.6994,-233.8205,0.01919,0.00000,0.24932,0.75068,True,True,True
86.4247,0.0000,7.7024,-233.8392,0.01899,0.00000,0.24894,0.75106,True,True,True
86.4340,0.0000,7.7057,-233.8598,0.02082,0.00000,0.24853,0.75147,True,True,True
86.4422,0.0000,7.7087,-233.8781,0.01858,0.00000,0.24816,0.75184,True,True,True
86.4508,0.0000,7.7117,-233.8971,0.01927,0.00000,0.24777,0.75223,True,True,True
86.4593,0.0000,7.7148,-233.9160,0.01913,0.00000,0.24739,0.75261,True,True,True
86.4686,0.0000,7.7180,-233.9365,0.02071,0.00000,0.24697,0.75303,True,True,True
86.4764,0.0000,7.7209,-233.9540,0.01774,0.00000,0.24662,0.75338,True,True,True
86.4848,0.0000,7.7238,-233.9726,0.01884,0.00000,0.24624,0.75376,True,True,True
86.4932,0.0000,7.7269,-233.9915,0.01910,0.00000,0.24586,0.75414,True,True,True
86.5028,0.0000,7.7303,-234.0126,0.02145,0.00000,0.24544,0.75456,True,True,True
86.5107,0.0000,7.7331,-234.0300,0.01754,0.00000,0.24509,0.75491,True,True,True
86.5191,0.0000,7.7361,-234.0490,0.01927,0.00000,0.24470,0.75530,True,True,True
86.5275,0.0000,7.7391,-234.0676,0.01890,0.00000,0.24433,0.75567,True,True,True
86.5370,0.0000,7.7425,-234.0887,0.02136,0.00000,0.24390,0.75610,True,True,True
86.5452,0.0000,7.7454,-234.1068,0.01825,0.00000,0.24354,0.75646,True,True,True
86.5533,0.0000,7.7483,-234.1248,0.01830,0.00000,0.24318,0.75682,True,True,True
86.5620,0.0000,7.7515,-234.1442,0.01963,0.00000,0.24279,0.75721,True,True,True
86.5705,0.0000,7.7545,-234.1632,0.01927,0.00000,0.24240,0.75760,True,True,True
86.5793,0.0000,7.7576,-234.1824,0.01938,0.00000,0.24202,0.75798,True,True,True
86.5880,0.0000,7.7607,-234.2016,0.01947,0.00000,0.24163,0.75837,True,True,True
86.5966,0.0000,7.7638,-234.2208,0.01946,0.00000,0.24125,0.75875,True,True,True
86.6049,0.0000,7.7668,-234.2395,0.01898,0.00000,0.24087,0.75913,True,True,True
86.6132,0.0000,7.7698,-234.2579,0.01858,0.00000,0.24050,0.75950,True,True,True
86.6235,0.0000,7.7735,-234.2807,0.02317,0.00000,0.24004,0.75996,True,True,True
86.6317,0.0000,7.7764,-234.2990,0.01852,0.00000,0.23968,0.76032,True,True,True
86.6401,0.0000,7.7794,-234.3177,0.01887,0.00000,0.23930,0.76070,True,True,True
86.6484,0.0000,7.7824,-234.3361,0.01872,0.00000,0.23893,0.76107,True,True,True
86.6567,0.0000,7.7854,-234.3547,0.01879,0.00000,0.23856,0.76144,True,True,True
86.6649,0.0000,7.7883,-234.3729,0.01844,0.00000,0.23820,0.76180,True,True,True
86.6733,0.0000,7.7913,-234.3916,0.01895,0.00000,0.23782,0.76218,True,True,True
86.6817,0.0000,7.7943,-234.4100,0.01867,0.00000,0.23746,0.76254,True,True,True
86.6901,0.0000,7.7973,-234.4288,0.01906,0.00000,0.23708,0.76292,True,True,True
86.6984,0.0000,7.8003,-234.4472,0.01861,0.00000,0.23671,0.76329,True,True,True
86.7076,0.0000,7.8035,-234.4676,0.02066,0.00000,0.23631,0.76369,True,True,True
86.7159,0.0000,7.8064,-234.4855,0.01813,0.00000,0.23595,0.76405,True,True,True
86.7244,0.0000,7.8095,-234.5048,0.01949,0.00000,0.23557,0.76443,True,True,True
86.7328,0.0000,7.8125,-234.5235,0.01901,0.00000,0.23519,0.76481,True,True,True
86.7417,0.0000,7.8158,-234.5434,0.02017,0.00000,0.23480,0.76520,True,True,True
86.7499,0.0000,7.8187,-234.5615,0.01830,0.00000,0.23444,0.76556,True,True,True
86.7585,0.0000,7.8217,-234.5805,0.01926,0.00000,0.23406,0.76594,True,True,True
86.7668,0.0000,7.8247,-234.5992,0.01892,0.00000,0.23369,0.76631,True,True,True
86.7757,0.0000,7.8279,-234.6190,0.02005,0.00000,0.23329,0.76671,True,True,True
86.7837,0.0000,7.8308,-234.6364,0.01767,0.00000,0.23295,0.76705,True,True,True
86.7921,0.0000,7.8338,-234.6553,0.01915,0.00000,0.23257,0.76743,True,True,True
86.8004,0.0000,7.8368,-234.6737,0.01864,0.00000,0.23221,0.76779,True,True,True
86.8097,0.0000,7.8401,-234.6945,0.02108,0.00000,0.23179,0.76821,True,True,True
86.8176,0.0000,7.8430,-234.7121,0.01781,0.00000,0.23145,0.76855,True,True,True
86.8261,0.0000,7.8460,-234.7307,0.01878,0.00000,0.23108,0.76892,True,True,True
86.8344,0.0000,7.8490,-234.7493,0.01887,0.00000,0.23071,0.76929,True,True,True
86.8437,0.0000,7.8523,-234.7699,0.02091,0.00000,0.23030,0.76970,True,True,True
86.8516,0.0000,7.8551,-234.7872,0.01751,0.00000,0.22996,0.77004,True,True,True
86.8601,0.0000,7.8581,-234.8059,0.01889,0.00000,0.22959,0.77041,True,True,True
86.8682,0.0000,7.8611,-234.8244,0.01872,0.00000,0.22922,0.77078,True,True,True
86.8774,0.0000,7.8644,-234.8449,0.02077,0.00000,0.22882,0.77118,True,True,True
86.8851,0.0000,7.8671,-234.8619,0.01722,0.00000,0.22848,0.77152,True,True,True
86.8935,0.0000,7.8701,-234.8805,0.01892,0.00000,0.22812,0.77188,True,True,True
86.9020,0.0000,7.8731,-234.8993,0.01900,0.00000,0.22775,0.77225,True,True,True
86.9111,0.0000,7.8764,-234.9198,0.02076,0.00000,0.22734,0.77266,True,True,True
86.9189,0.0000,7.8792,-234.9370,0.01747,0.00000,0.22700,0.77300,True,True,True
86.9274,0.0000,7.8822,-234.9557,0.01896,0.00000,0.22663,0.77337,True,True,True
86.9358,0.0000,7.8853,-234.9746,0.01906,0.00000,0.22626,0.77374,True,True,True
86.9443,0.0000,7.8883,-234.9935,0.01920,0.00000,0.22589,0.77411,True,True,True
86.9528,0.0000,7.8914,-235.0125,0.01923,0.00000,0.22552,0.77448,True,True,True
86.9614,0.0000,7.8945,-235.0315,0.01921,0.00000,0.22514,0.77486,True,True,True
86.9700,0.0000,7.8975,-235.0505,0.01931,0.00000,0.22477,0.77523,True,True,True
86.9787,0.0000,7.9007,-235.0698,0.01957,0.00000,0.22439,0.77561,True,True,True
86.9874,0.0000,7.9038,-235.0892,0.01965,0.00000,0.22401,0.77599,True,True,True
86.9962,0.0000,7.9069,-235.1082,0.01921,0.00000,0.22364,0.77636,True,True,True
87.0049,0.0000,7.9100,-235.1275,0.01954,0.00000,0.22326,0.77674,True,True,True
87.0131,0.0000,7.9130,-235.1461,0.01890,0.00000,0.22289,0.77711,True,True,True
87.0218,0.0000,7.9161,-235.1653,0.01937,0.00000,0.22252,0.77748,True,True,True
87.0319,0.0000,7.9197,-235.1879,0.02297,0.00000,0.22208,0.77792,True,True,True
87.0402,0.0000,7.9227,-235.2063,0.01864,0.00000,0.22172,0.77828,True,True,True
87.0485,0.0000,7.9257,-235.2247,0.01855,0.00000,0.22136,0.77864,True,True,True
87.0568,0.0000,7.9287,-235.2433,0.01887,0.00000,0.22099,0.77901,True,True,True
87.0650,0.0000,7.9316,-235.2616,0.01859,0.00000,0.22064,0.77936,True,True,True
87.0735,0.0000,7.9346,-235.2802,0.01878,0.00000,0.22027,0.77973,True,True,True
87.0818,0.0000,7.9376,-235.2989,0.01892,0.00000,0.21991,0.78009,True,True,True
87.0911,0.0000,7.9410,-235.3196,0.02102,0.00000,0.21951,0.78049,True,True,True
87.0991,0.0000,7.9438,-235.3372,0.01787,0.00000,0.21916,0.78084,True,True,True
87.1075,0.0000,7.9469,-235.3559,0.01893,0.00000,0.21880,0.78120,True,True,True
87.1161,0.0000,7.9499,-235.3751,0.01937,0.00000,0.21843,0.78157,True,True,True
87.1252,0.0000,7.9532,-235.3953,0.02050,0.00000,0.21803,0.78197,True,True,True
87.1333,0.0000,7.9561,-235.4132,0.01816,0.00000,0.21768,0.78232,True,True,True
87.1417,0.0000,7.9591,-235.4318,0.01883,0.00000,0.21732,0.78268,True,True,True
87.1504,0.0000,7.9622,-235.4511,0.01957,0.00000,0.21695,0.78305,True,True,True
87.1597,0.0000,7.9656,-235.4718,0.02093,0.00000,0.21655,0.78345,True,True,True
87.1674,0.0000,7.9684,-235.4892,0.01759,0.00000,0.21621,0.78379,True,True,True
87.1760,0.0000,7.9714,-235.5078,0.01890,0.00000,0.21585,0.78415,True,True,True
87.1844,0.0000,7.9744,-235.5267,0.01912,0.00000,0.21548,0.78452,True,True,True
87.1937,0.0000,7.9778,-235.5474,0.02098,0.00000,0.21508,0.78492,True,True,True
87.2015,0.0000,7.9806,-235.5646,0.01739,0.00000,0.21475,0.78525,True,True,True
87.2097,0.0000,7.9835,-235.5830,0.01870,0.00000,0.21439,0.78561,True,True,True
87.2188,0.0000,7.9868,-235.6030,0.02025,0.00000,0.21401,0.78599,True,True,True
87.2283,0.0000,7.9902,-235.6244,0.02166,0.00000,0.21359,0.78641,True,True,True
87.2362,0.0000,7.9931,-235.6419,0.01770,0.00000,0.21326,0.78674,True,True,True
87.2458,0.0000,7.9965,-235.6631,0.02152,0.00000,0.21285,0.78715,True,True,True
87.2558,0.0000,8.0000,-235.6849,0.02212,0.00000,0.21242,0.78758,True,True,True
87.2658,0.0000,8.0037,-235.7074,0.02275,0.00000,0.21199,0.78801,True,True,True
87.2753,0.0000,8.0071,-235.7286,0.02152,0.00000,0.21158,0.78842,True,True,True
87.2834,0.0000,8.0100,-235.7468,0.01839,0.00000,0.21123,0.78877,True,True,True
87.2939,0.0000,8.0138,-235.7700,0.02348,0.00000,0.21079,0.78921,True,True,True
87.3026,0.0000,8.0169,-235.7893,0.01955,0.00000,0.21042,0.78958,True,True,True
87.3116,0.0000,8.0201,-235.8093,0.02025,0.00000,0.21003,0.78997,True,True,True
87.3241,0.0000,8.0246,-235.8371,0.02818,0.00000,0.20950,0.79050,True,True,True
87.3324,0.0000,8.0276,-235.8555,0.01864,0.00000,0.20915,0.79085,True,True,True
87.3407,0.0000,8.0306,-235.8740,0.01876,0.00000,0.20879,0.79121,True,True,True
87.3511,0.0000,8.0343,-235.8971,0.02337,0.00000,0.20835,0.79165,True,True,True
87.3591,0.0000,8.0372,-235.9148,0.01798,0.00000,0.20801,0.79199,True,True,True
87.3692,0.0000,8.0408,-235.9372,0.02268,0.00000,0.20758,0.79242,True,True,True
87.3781,0.0000,8.0440,-235.9570,0.02003,0.00000,0.20720,0.79280,True,True,True
87.3871,0.0000,8.0473,-235.9771,0.02033,0.00000,0.20682,0.79318,True,True,True
87.3993,0.0000,8.0516,-236.0040,0.02728,0.00000,0.20630,0.79370,True,True,True
87.4074,0.0000,8.0545,-236.0221,0.01832,0.00000,0.20596,0.79404,True,True,True
87.4157,0.0000,8.0575,-236.0406,0.01880,0.00000,0.20560,0.79440,True,True,True
87.4240,0.0000,8.0605,-236.0591,0.01870,0.00000,0.20525,0.79475,True,True,True
87.4329,0.0000,8.0637,-236.0788,0.02002,0.00000,0.20488,0.79512,True,True,True
87.4411,0.0000,8.0666,-236.0969,0.01829,0.00000,0.20453,0.79547,True,True,True
87.4494,0.0000,8.0696,-236.1154,0.01877,0.00000,0.20418,0.79582,True,True,True
87.4579,0.0000,8.0727,-236.1344,0.01918,0.00000,0.20382,0.79618,True,True,True
87.4671,0.0000,8.0760,-236.1547,0.02057,0.00000,0.20343,0.79657,True,True,True
87.4750,0.0000,8.0789,-236.1724,0.01801,0.00000,0.20310,0.79690,True,True,True
87.4837,0.0000,8.0819,-236.1911,0.01895,0.00000,0.20274,0.79726,True,True,True
87.4918,0.0000,8.0849,-236.2096,0.01869,0.00000,0.20239,0.79761,True,True,True
87.5010,0.0000,8.0882,-236.2300,0.02065,0.00000,0.20200,0.79800,True,True,True
87.5092,0.0000,8.0911,-236.2481,0.01832,0.00000,0.20166,0.79834,True,True,True
87.5175,0.0000,8.0941,-236.2666,0.01877,0.00000,0.20131,0.79869,True,True,True
87.5258,0.0000,8.0971,-236.2850,0.01867,0.00000,0.20096,0.79904,True,True,True
87.5347,0.0000,8.1003,-236.3049,0.02013,0.00000,0.20059,0.79941,True,True,True
87.5428,0.0000,8.1032,-236.3226,0.01790,0.00000,0.20025,0.79975,True,True,True
87.5511,0.0000,8.1062,-236.3413,0.01903,0.00000,0.19990,0.80010,True,True,True
87.5596,0.0000,8.1092,-236.3600,0.01895,0.00000,0.19954,0.80046,True,True,True
87.5690,0.0000,8.1126,-236.3810,0.02118,0.00000,0.19915,0.80085,True,True,True
87.5770,0.0000,8.1155,-236.3985,0.01776,0.00000,0.19882,0.80118,True,True,True
87.5853,0.0000,8.1185,-236.4170,0.01880,0.00000,0.19847,0.80153,True,True,True
87.5937,0.0000,8.1215,-236.4358,0.01897,0.00000,0.19812,0.80188,True,True,True
87.6028,0.0000,8.1248,-236.4560,0.02051,0.00000,0.19773,0.80227,True,True,True
87.6104,0.0000,8.1275,-236.4729,0.01711,0.00000,0.19742,0.80258,True,True,True
87.6189,0.0000,8.1305,-236.4915,0.01887,0.00000,0.19707,0.80293,True,True,True
87.6272,0.0000,8.1336,-236.5102,0.01895,0.00000,0.19671,0.80329,True,True,True
87.6366,0.0000,8.1369,-236.5308,0.02082,0.00000,0.19633,0.80367,True,True,True
87.6443,0.0000,8.1397,-236.5482,0.01761,0.00000,0.19600,0.80400,True,True,True
87.6528,0.0000,8.1427,-236.5667,0.01873,0.00000,0.19566,0.80434,True,True,True
87.6610,0.0000,8.1457,-236.5854,0.01900,0.00000,0.19530,0.80470,True,True,True
87.6707,0.0000,8.1491,-236.6061,0.02096,0.00000,0.19492,0.80508,True,True,True
87.6786,0.0000,8.1521,-236.6245,0.01864,0.00000,0.19457,0.80543,True,True,True
87.6869,0.0000,8.1550,-236.6429,0.01860,0.00000,0.19423,0.80577,True,True,True
87.6953,0.0000,8.1581,-236.6615,0.01887,0.00000,0.19388,0.80612,True,True,True
87.7039,0.0000,8.1612,-236.6806,0.01932,0.00000,0.19352,0.80648,True,True,True
87.7124,0.0000,8.1642,-236.6995,0.01917,0.00000,0.19317,0.80683,True,True,True
87.7209,0.0000,8.1673,-236.7184,0.01917,0.00000,0.19282,0.80718,True,True,True
87.7295,0.0000,8.1703,-236.7372,0.01904,0.00000,0.19247,0.80753,True,True,True
87.7377,0.0000,8.1734,-236.7559,0.01890,0.00000,0.19212,0.80788,True,True,True
87.7462,0.0000,8.1764,-236.7746,0.01900,0.00000,0.19177,0.80823,True,True,True
87.7546,0.0000,8.1794,-236.7931,0.01873,0.00000,0.19142,0.80858,True,True,True
87.7631,0.0000,8.1825,-236.8121,0.01920,0.00000,0.19107,0.80893,True,True,True
87.7719,0.0000,8.1855,-236.8310,0.01920,0.00000,0.19072,0.80928,True,True,True
87.7802,0.0000,8.1885,-236.8496,0.01881,0.00000,0.19037,0.80963,True,True,True
87.7887,0.0000,8.1916,-236.8686,0.01923,0.00000,0.19002,0.80998,True,True,True
87.7969,0.0000,8.1946,-236.8872,0.01889,0.00000,0.18968,0.81032,True,True,True
87.8057,0.0000,8.1977,-236.9060,0.01903,0.00000,0.18933,0.81067,True,True,True
87.8135,0.0000,8.2006,-236.9239,0.01816,0.00000,0.18899,0.81101,True,True,True
87.8219,0.0000,8.2036,-236.9426,0.01887,0.00000,0.18865,0.81135,True,True,True
87.8307,0.0000,8.2067,-236.9617,0.01934,0.00000,0.18830,0.81170,True,True,True
87.8385,0.0000,8.2096,-236.9794,0.01796,0.00000,0.18797,0.81203,True,True,True
87.8473,0.0000,8.2127,-236.9987,0.01960,0.00000,0.18761,0.81239,True,True,True
87.8555,0.0000,8.2156,-237.0169,0.01840,0.00000,0.18727,0.81273,True,True,True
87.8639,0.0000,8.2186,-237.0352,0.01860,0.00000,0.18694,0.81306,True,True,True
87.8719,0.0000,8.2216,-237.0536,0.01864,0.00000,0.18660,0.81340,True,True,True
87.8807,0.0000,8.2247,-237.0727,0.01932,0.00000,0.18624,0.81376,True,True,True
87.8887,0.0000,8.2276,-237.0908,0.01829,0.00000,0.18591,0.81409,True,True,True
87.8973,0.0000,8.2307,-237.1097,0.01918,0.00000,0.18556,0.81444,True,True,True
87.9057,0.0000,8.2337,-237.1282,0.01875,0.00000,0.18522,0.81478,True,True,True
87.9140,0.0000,8.2367,-237.1467,0.01874,0.00000,0.18488,0.81512,True,True,True
87.9222,0.0000,8.2396,-237.1649,0.01843,0.00000,0.18455,0.81545,True,True,True
87.9306,0.0000,8.2428,-237.1841,0.01940,0.00000,0.18420,0.81580,True,True,True
87.9390,0.0000,8.2457,-237.2022,0.01836,0.00000,0.18386,0.81614,True,True,True
87.9472,0.0000,8.2486,-237.2203,0.01838,0.00000,0.18353,0.81647,True,True,True
87.9554,0.0000,8.2516,-237.2388,0.01870,0.00000,0.18319,0.81681,True,True,True
87.9640,0.0000,8.2548,-237.2581,0.01962,0.00000,0.18284,0.81716,True,True,True
87.9726,0.0000,8.2577,-237.2765,0.01861,0.00000,0.18250,0.81750,True,True,True
87.9806,0.0000,8.2607,-237.2950,0.01872,0.00000,0.18216,0.81784,True,True,True
87.9889,0.0000,8.2637,-237.3130,0.01827,0.00000,0.18183,0.81817,True,True,True
87.9972,0.0000,8.2667,-237.3315,0.01870,0.00000,0.18149,0.81851,True,True,True
88.0056,0.0000,8.2697,-237.3502,0.01892,0.00000,0.18115,0.81885,True,True,True
88.0138,0.0000,8.2727,-237.3688,0.01883,0.00000,0.18081,0.81919,True,True,True
88.0223,0.0000,8.2757,-237.3870,0.01844,0.00000,0.18048,0.81952,True,True,True
88.0305,0.0000,8.2787,-237.4058,0.01909,0.00000,0.18014,0.81986,True,True,True
88.0389,0.0000,8.2817,-237.4243,0.01872,0.00000,0.17980,0.82020,True,True,True
88.0472,0.0000,8.2847,-237.4428,0.01872,0.00000,0.17947,0.82053,True,True,True
88.0555,0.0000,8.2878,-237.4617,0.01918,0.00000,0.17912,0.82088,True,True,True
88.0637,0.0000,8.2907,-237.4796,0.01816,0.00000,0.17880,0.82120,True,True,True
88.0724,0.0000,8.2936,-237.4979,0.01852,0.00000,0.17846,0.82154,True,True,True
88.0806,0.0000,8.2967,-237.5170,0.01931,0.00000,0.17812,0.82188,True,True,True
88.0889,0.0000,8.2997,-237.5352,0.01843,0.00000,0.17779,0.82221,True,True,True
88.0972,0.0000,8.3027,-237.5537,0.01875,0.00000,0.17745,0.82255,True,True,True
88.1055,0.0000,8.3057,-237.5722,0.01877,0.00000,0.17712,0.82288,True,True,True
88.1138,0.0000,8.3087,-237.5904,0.01844,0.00000,0.17679,0.82321,True,True,True
88.1220,0.0000,8.3115,-237.6080,0.01782,0.00000,0.17647,0.82353,True,True,True
88.1306,0.0000,8.3144,-237.6259,0.01812,0.00000,0.17614,0.82386,True,True,True
88.1391,0.0000,8.3172,-237.6432,0.01758,0.00000,0.17583,0.82417,True,True,True
88.1472,0.0000,8.3199,-237.6599,0.01688,0.00000,0.17553,0.82447,True,True,True
88.1558,0.0000,8.3226,-237.6763,0.01663,0.00000,0.17523,0.82477,True,True,True
88.1640,0.0000,8.3252,-237.6922,0.01612,0.00000,0.17495,0.82505,True,True,True
88.1723,0.0000,8.3277,-237.7077,0.01567,0.00000,0.17467,0.82533,True,True,True
88.1828,0.0000,8.3307,-237.7265,0.01903,0.00000,0.17433,0.82567,True,True,True
88.1909,0.0000,8.3331,-237.7411,0.01484,0.00000,0.17407,0.82593,True,True,True
88.1995,0.0000,8.3355,-237.7557,0.01479,0.00000,0.17380,0.82620,True,True,True
88.2077,0.0000,8.3378,-237.7697,0.01419,0.00000,0.17355,0.82645,True,True,True
88.2159,0.0000,8.3400,-237.7833,0.01373,0.00000,0.17331,0.82669,True,True,True
88.2244,0.0000,8.3421,-237.7966,0.01353,0.00000,0.17307,0.82693,True,True,True
88.2326,0.0000,8.3442,-237.8095,0.01302,0.00000,0.17284,0.82716,True,True,True
88.2408,0.0000,8.3462,-237.8219,0.01261,0.00000,0.17261,0.82739,True,True,True
88.2491,0.0000,8.3482,-237.8340,0.01218,0.00000,0.17240,0.82760,True,True,True
88.2574,0.0000,8.3501,-237.8457,0.01190,0.00000,0.17219,0.82781,True,True,True
88.2659,0.0000,8.3520,-237.8572,0.01167,0.00000,0.17198,0.82802,True,True,True
88.2740,0.0000,8.3537,-237.8680,0.01093,0.00000,0.17179,0.82821,True,True,True
88.2825,0.0000,8.3554,-237.8787,0.01081,0.00000,0.17160,0.82840,True,True,True
88.2908,0.0000,8.3571,-237.8890,0.01042,0.00000,0.17141,0.82859,True,True,True
88.2993,0.0000,8.3587,-237.8991,0.01028,0.00000,0.17123,0.82877,True,True,True
88.3074,0.0000,8.3603,-237.9084,0.00941,0.00000,0.17106,0.82894,True,True,True
88.3157,0.0000,8.3617,-237.9175,0.00924,0.00000,0.17090,0.82910,True,True,True
88.3240,0.0000,8.3632,-237.9264,0.00897,0.00000,0.17074,0.82926,True,True,True
88.3328,0.0000,8.3646,-237.9354,0.00915,0.00000,0.17058,0.82942,True,True,True
88.3407,0.0000,8.3659,-237.9431,0.00781,0.00000,0.17044,0.82956,True,True,True
88.3494,0.0000,8.3672,-237.9512,0.00821,0.00000,0.17030,0.82970,True,True,True
88.3576,0.0000,8.3684,-237.9588,0.00771,0.00000,0.17016,0.82984,True,True,True
88.3668,0.0000,8.3697,-237.9669,0.00816,0.00000,0.17002,0.82998,True,True,True
88.3748,0.0000,8.3708,-237.9736,0.00685,0.00000,0.16990,0.83010,True,True,True
88.3831,0.0000,8.3719,-237.9804,0.00680,0.00000,0.16978,0.83022,True,True,True
88.3916,0.0000,8.3719,-237.9804,0.00000,0.00000,0.16978,0.83022,True,True,True
88.4005,0.0000,8.3720,-237.9808,0.00045,0.00000,0.16977,0.83023,True,True,True
88.4086,0.0000,8.3721,-237.9815,0.00074,0.00000,0.16976,0.83024,True,True,True
88.4168,0.0000,8.3723,-237.9827,0.00114,0.00000,0.16974,0.83026,True,True,True
88.4252,0.0000,8.3726,-237.9842,0.00155,0.00000,0.16971,0.83029,True,True,True
88.4343,0.0000,8.3729,-237.9863,0.00215,0.00000,0.16967,0.83033,True,True,True
88.4426,0.0000,8.3733,-237.9885,0.00226,0.00000,0.16963,0.83037,True,True,True
88.4506,0.0000,8.3737,-237.9912,0.00267,0.00000,0.16958,0.83042,True,True,True
88.4591,0.0000,8.3742,-237.9943,0.00314,0.00000,0.16953,0.83047,True,True,True
88.4681,0.0000,8.3748,-237.9980,0.00380,0.00000,0.16946,0.83054,True,True,True
88.4759,0.0000,8.3754,-238.0016,0.00363,0.00000,0.16940,0.83060,True,True,True
88.4843,0.0000,8.3761,-238.0058,0.00425,0.00000,0.16932,0.83068,True,True,True
88.4927,0.0000,8.3768,-238.0105,0.00471,0.00000,0.16924,0.83076,True,True,True
88.5022,0.0000,8.3777,-238.0161,0.00575,0.00000,0.16914,0.83086,True,True,True
88.5100,0.0000,8.3786,-238.0212,0.00509,0.00000,0.16905,0.83095,True,True,True
88.5185,0.0000,8.3795,-238.0270,0.00591,0.00000,0.16895,0.83105,True,True,True
88.5269,0.0000,8.3805,-238.0332,0.00631,0.00000,0.16884,0.83116,True,True,True
88.5362,0.0000,8.3817,-238.0405,0.00740,0.00000,0.16871,0.83129,True,True,True
88.5440,0.0000,8.3827,-238.0469,0.00646,0.00000,0.16859,0.83141,True,True,True
88.5527,0.0000,8.3840,-238.0545,0.00767,0.00000,0.16846,0.83154,True,True,True
88.5611,0.0000,8.3852,-238.0623,0.00795,0.00000,0.16832,0.83168,True,True,True
88.5705,0.0000,8.3867,-238.0715,0.00932,0.00000,0.16815,0.83185,True,True,True
88.5781,0.0000,8.3880,-238.0791,0.00773,0.00000,0.16802,0.83198,True,True,True
88.5862,0.0000,8.3894,-238.0878,0.00875,0.00000,0.16787,0.83214,True,True,True
88.5947,0.0000,8.3909,-238.0971,0.00948,0.00000,0.16770,0.83230,True,True,True
88.6048,0.0000,8.3927,-238.1085,0.01149,0.00000,0.16750,0.83250,True,True,True
88.6125,0.0000,8.3943,-238.1180,0.00966,0.00000,0.16733,0.83267,True,True,True
88.6210,0.0000,8.3960,-238.1285,0.01067,0.00000,0.16714,0.83286,True,True,True
88.6294,0.0000,8.3978,-238.1395,0.01110,0.00000,0.16695,0.83305,True,True,True
88.6381,0.0000,8.3997,-238.1512,0.01186,0.00000,0.16674,0.83326,True,True,True
88.6466,0.0000,8.4016,-238.1630,0.01200,0.00000,0.16653,0.83347,True,True,True
88.6553,0.0000,8.4036,-238.1753,0.01243,0.00000,0.16631,0.83369,True,True,True
88.6637,0.0000,8.4056,-238.1878,0.01263,0.00000,0.16609,0.83391,True,True,True
88.6725,0.0000,8.4077,-238.2006,0.01297,0.00000,0.16587,0.83413,True,True,True
88.6805,0.0000,8.4098,-238.2137,0.01329,0.00000,0.16563,0.83437,True,True,True
88.6909,0.0000,8.4126,-238.2305,0.01705,0.00000,0.16534,0.83466,True,True,True
88.6992,0.0000,8.4148,-238.2446,0.01427,0.00000,0.16509,0.83491,True,True,True
88.7074,0.0000,8.4171,-238.2588,0.01439,0.00000,0.16484,0.83516,True,True,True
88.7158,0.0000,8.4195,-238.2735,0.01486,0.00000,0.16458,0.83542,True,True,True
88.7242,0.0000,8.4220,-238.2886,0.01535,0.00000,0.16431,0.83569,True,True,True
88.7335,0.0000,8.4247,-238.3056,0.01717,0.00000,0.16401,0.83599,True,True,True
88.7416,0.0000,8.4273,-238.3213,0.01592,0.00000,0.16373,0.83627,True,True,True
88.7496,0.0000,8.4298,-238.3370,0.01586,0.00000,0.16346,0.83654,True,True,True
88.7582,0.0000,8.4326,-238.3540,0.01724,0.00000,0.16316,0.83684,True,True,True
88.7674,0.0000,8.4356,-238.3728,0.01905,0.00000,0.16283,0.83717,True,True,True
88.7754,0.0000,8.4384,-238.3896,0.01705,0.00000,0.16253,0.83747,True,True,True
88.7837,0.0000,8.4412,-238.4073,0.01790,0.00000,0.16222,0.83778,True,True,True
88.7920,0.0000,8.4442,-238.4255,0.01849,0.00000,0.16190,0.83810,True,True,True
88.8014,0.0000,8.4476,-238.4462,0.02095,0.00000,0.16154,0.83846,True,True,True
88.8095,0.0000,8.4505,-238.4642,0.01819,0.00000,0.16123,0.83877,True,True,True
88.8178,0.0000,8.4535,-238.4828,0.01891,0.00000,0.16090,0.83910,True,True,True
88.8263,0.0000,8.4566,-238.5017,0.01917,0.00000,0.16057,0.83943,True,True,True
88.8356,0.0000,8.4599,-238.5222,0.02075,0.00000,0.16021,0.83979,True,True,True
88.8437,0.0000,8.4628,-238.5399,0.01795,0.00000,0.15990,0.84010,True,True,True
88.8522,0.0000,8.4658,-238.5586,0.01891,0.00000,0.15958,0.84042,True,True,True
88.8605,0.0000,8.4689,-238.5776,0.01928,0.00000,0.15924,0.84076,True,True,True
88.8698,0.0000,8.4722,-238.5981,0.02070,0.00000,0.15889,0.84111,True,True,True
88.8778,0.0000,8.4751,-238.6158,0.01796,0.00000,0.15858,0.84142,True,True,True
88.8861,0.0000,8.4781,-238.6345,0.01894,0.00000,0.15825,0.84175,True,True,True
88.8946,0.0000,8.4812,-238.6533,0.01911,0.00000,0.15793,0.84207,True,True,True
88.9038,0.0000,8.4846,-238.6740,0.02088,0.00000,0.15757,0.84243,True,True,True
88.9117,0.0000,8.4874,-238.6912,0.01751,0.00000,0.15727,0.84273,True,True,True
88.9201,0.0000,8.4904,-238.7101,0.01912,0.00000,0.15694,0.84306,True,True,True
88.9288,0.0000,8.4935,-238.7293,0.01942,0.00000,0.15661,0.84339,True,True,True
88.9371,0.0000,8.4965,-238.7477,0.01861,0.00000,0.15629,0.84371,True,True,True
88.9457,0.0000,8.4997,-238.7670,0.01963,0.00000,0.15596,0.84404,True,True,True
88.9543,0.0000,8.5027,-238.7858,0.01905,0.00000,0.15563,0.84437,True,True,True
88.9628,0.0000,8.5058,-238.8047,0.01912,0.00000,0.15530,0.84470,True,True,True
88.9713,0.0000,8.5089,-238.8236,0.01912,0.00000,0.15498,0.84502,True,True,True
88.9797,0.0000,8.5119,-238.8426,0.01926,0.00000,0.15465,0.84535,True,True,True
88.9882,0.0000,8.5150,-238.8613,0.01891,0.00000,0.15433,0.84567,True,True,True
88.9969,0.0000,8.5181,-238.8805,0.01948,0.00000,0.15400,0.84600,True,True,True
89.0054,0.0000,8.5211,-238.8992,0.01895,0.00000,0.15368,0.84632,True,True,True
89.0140,0.0000,8.5242,-238.9183,0.01939,0.00000,0.15335,0.84665,True,True,True
89.0222,0.0000,8.5272,-238.9364,0.01829,0.00000,0.15304,0.84696,True,True,True
89.0308,0.0000,8.5303,-238.9555,0.01935,0.00000,0.15271,0.84729,True,True,True
89.0410,0.0000,8.5340,-238.9783,0.02314,0.00000,0.15232,0.84768,True,True,True
89.0493,0.0000,8.5370,-238.9969,0.01883,0.00000,0.15200,0.84800,True,True,True
89.0578,0.0000,8.5400,-239.0154,0.01877,0.00000,0.15168,0.84832,True,True,True
89.0663,0.0000,8.5430,-239.0338,0.01858,0.00000,0.15137,0.84863,True,True,True
89.0744,0.0000,8.5460,-239.0524,0.01891,0.00000,0.15105,0.84895,True,True,True
89.0825,0.0000,8.5490,-239.0708,0.01864,0.00000,0.15073,0.84927,True,True,True
89.0908,0.0000,8.5520,-239.0893,0.01872,0.00000,0.15042,0.84958,True,True,True
89.0992,0.0000,8.5550,-239.1078,0.01871,0.00000,0.15010,0.84990,True,True,True
89.1074,0.0000,8.5580,-239.1259,0.01840,0.00000,0.14979,0.85021,True,True,True
89.1166,0.0000,8.5613,-239.1463,0.02068,0.00000,0.14945,0.85055,True,True,True
89.1248,0.0000,8.5642,-239.1643,0.01815,0.00000,0.14914,0.85086,True,True,True
89.1331,0.0000,8.5672,-239.1828,0.01877,0.00000,0.14883,0.85117,True,True,True
89.1415,0.0000,8.5703,-239.2015,0.01900,0.00000,0.14851,0.85149,True,True,True
89.1515,0.0000,8.5739,-239.2236,0.02240,0.00000,0.14813,0.85187,True,True,True
89.1588,0.0000,8.5765,-239.2402,0.01676,0.00000,0.14785,0.85215,True,True,True
89.1673,0.0000,8.5796,-239.2589,0.01891,0.00000,0.14754,0.85246,True,True,True
89.1756,0.0000,8.5826,-239.2775,0.01888,0.00000,0.14722,0.85278,True,True,True
89.1851,0.0000,8.5859,-239.2977,0.02044,0.00000,0.14688,0.85312,True,True,True
89.1935,0.0000,8.5890,-239.3171,0.01966,0.00000,0.14655,0.85345,True,True,True
89.2020,0.0000,8.5921,-239.3358,0.01898,0.00000,0.14623,0.85377,True,True,True
89.2104,0.0000,8.5951,-239.3547,0.01914,0.00000,0.14592,0.85408,True,True,True
89.2195,0.0000,8.5984,-239.3748,0.02039,0.00000,0.14558,0.85442,True,True,True
89.2273,0.0000,8.6012,-239.3922,0.01761,0.00000,0.14528,0.85472,True,True,True
89.2356,0.0000,8.6042,-239.4105,0.01857,0.00000,0.14497,0.85503,True,True,True
89.2441,0.0000,8.6073,-239.4293,0.01901,0.00000,0.14466,0.85534,True,True,True
89.2533,0.0000,8.6106,-239.4499,0.02087,0.00000,0.14431,0.85569,True,True,True
89.2619,0.0000,8.6136,-239.4685,0.01881,0.00000,0.14400,0.85600,True,True,True
89.2698,0.0000,8.6165,-239.4863,0.01810,0.00000,0.14370,0.85630,True,True,True
89.2783,0.0000,8.6196,-239.5054,0.01931,0.00000,0.14338,0.85662,True,True,True
89.2869,0.0000,8.6227,-239.5244,0.01923,0.00000,0.14306,0.85694,True,True,True
89.2950,0.0000,8.6257,-239.5426,0.01843,0.00000,0.14276,0.85724,True,True,True
89.3035,0.0000,8.6287,-239.5615,0.01920,0.00000,0.14244,0.85756,True,True,True
89.3119,0.0000,8.6318,-239.5803,0.01901,0.00000,0.14213,0.85787,True,True,True
89.3203,0.0000,8.6348,-239.5990,0.01895,0.00000,0.14182,0.85818,True,True,True
89.3289,0.0000,8.6379,-239.6180,0.01928,0.00000,0.14150,0.85850,True,True,True
89.3372,0.0000,8.6409,-239.6365,0.01871,0.00000,0.14119,0.85881,True,True,True
89.3457,0.0000,8.6440,-239.6551,0.01888,0.00000,0.14088,0.85912,True,True,True
89.3543,0.0000,8.6471,-239.6744,0.01957,0.00000,0.14056,0.85944,True,True,True
89.3627,0.0000,8.6501,-239.6928,0.01864,0.00000,0.14025,0.85975,True,True,True
89.3712,0.0000,8.6532,-239.7118,0.01925,0.00000,0.13994,0.86006,True,True,True
89.3797,0.0000,8.6562,-239.7305,0.01889,0.00000,0.13963,0.86037,True,True,True
89.3879,0.0000,8.6592,-239.7490,0.01878,0.00000,0.13932,0.86068,True,True,True
89.3962,0.0000,8.6622,-239.7676,0.01883,0.00000,0.13901,0.86099,True,True,True
89.4047,0.0000,8.6653,-239.7863,0.01895,0.00000,0.13870,0.86130,True,True,True
89.4131,0.0000,8.6683,-239.8049,0.01881,0.00000,0.13840,0.86160,True,True,True
89.4213,0.0000,8.6713,-239.8232,0.01854,0.00000,0.13809,0.86191,True,True,True
89.4296,0.0000,8.6743,-239.8417,0.01875,0.00000,0.13779,0.86221,True,True,True
89.4377,0.0000,8.6772,-239.8597,0.01827,0.00000,0.13749,0.86251,True,True,True
89.4464,0.0000,8.6803,-239.8786,0.01915,0.00000,0.13718,0.86282,True,True,True
89.4546,0.0000,8.6833,-239.8970,0.01864,0.00000,0.13688,0.86312,True,True,True
89.4629,0.0000,8.6862,-239.9154,0.01860,0.00000,0.13657,0.86343,True,True,True
89.4710,0.0000,8.6892,-239.9336,0.01846,0.00000,0.13627,0.86373,True,True,True
89.4793,0.0000,8.6922,-239.9521,0.01872,0.00000,0.13597,0.86403,True,True,True
89.4876,0.0000,8.6952,-239.9706,0.01874,0.00000,0.13567,0.86433,True,True,True
89.4961,0.0000,8.6982,-239.9891,0.01878,0.00000,0.13536,0.86464,True,True,True
89.5043,0.0000,8.7012,-240.0074,0.01852,0.00000,0.13506,0.86494,True,True,True
89.5128,0.0000,8.7042,-240.0261,0.01895,0.00000,0.13476,0.86524,True,True,True
89.5208,0.0000,8.7072,-240.0442,0.01838,0.00000,0.13446,0.86554,True,True,True
89.5295,0.0000,8.7103,-240.0633,0.01928,0.00000,0.13415,0.86585,True,True,True
89.5376,0.0000,8.7132,-240.0814,0.01837,0.00000,0.13385,0.86615,True,True,True
89.5462,0.0000,8.7163,-240.1003,0.01914,0.00000,0.13355,0.86646,True,True,True
89.5544,0.0000,8.7192,-240.1183,0.01829,0.00000,0.13325,0.86675,True,True,True
89.5627,0.0000,8.7223,-240.1371,0.01906,0.00000,0.13294,0.86706,True,True,True
89.5709,0.0000,8.7253,-240.1555,0.01857,0.00000,0.13265,0.86735,True,True,True
89.5794,0.0000,8.7283,-240.1741,0.01892,0.00000,0.13234,0.86766,True,True,True
89.5877,0.0000,8.7313,-240.1927,0.01881,0.00000,0.13204,0.86796,True,True,True
89.5960,0.0000,8.7343,-240.2112,0.01867,0.00000,0.13174,0.86826,True,True,True
89.6041,0.0000,8.7372,-240.2291,0.01819,0.00000,0.13145,0.86855,True,True,True
89.6124,0.0000,8.7403,-240.2477,0.01886,0.00000,0.13115,0.86885,True,True,True
89.6208,0.0000,8.7433,-240.2663,0.01881,0.00000,0.13085,0.86915,True,True,True
89.6292,0.0000,8.7463,-240.2849,0.01881,0.00000,0.13055,0.86945,True,True,True
89.6375,0.0000,8.7493,-240.3033,0.01866,0.00000,0.13025,0.86975,True,True,True
89.6457,0.0000,8.7523,-240.3216,0.01855,0.00000,0.12995,0.87005,True,True,True
89.6541,0.0000,8.7553,-240.3402,0.01889,0.00000,0.12965,0.87035,True,True,True
89.6629,0.0000,8.7583,-240.3591,0.01908,0.00000,0.12935,0.87065,True,True,True
89.6709,0.0000,8.7613,-240.3772,0.01838,0.00000,0.12906,0.87094,True,True,True
89.6793,0.0000,8.7643,-240.3958,0.01880,0.00000,0.12876,0.87124,True,True,True
89.6874,0.0000,8.7673,-240.4144,0.01883,0.00000,0.12846,0.87154,True,True,True
89.6959,0.0000,8.7703,-240.4328,0.01869,0.00000,0.12816,0.87184,True,True,True
89.7041,0.0000,8.7733,-240.4511,0.01858,0.00000,0.12787,0.87213,True,True,True
89.7126,0.0000,8.7764,-240.4701,0.01920,0.00000,0.12757,0.87243,True,True,True
89.7209,0.0000,8.7793,-240.4883,0.01844,0.00000,0.12728,0.87272,True,True,True
89.7292,0.0000,8.7824,-240.5069,0.01884,0.00000,0.12698,0.87302,True,True,True
89.7376,0.0000,8.7854,-240.5253,0.01869,0.00000,0.12668,0.87332,True,True,True
89.7462,0.0000,8.7885,-240.5444,0.01932,0.00000,0.12638,0.87362,True,True,True
89.7542,0.0000,8.7914,-240.5624,0.01821,0.00000,0.12609,0.87391,True,True,True
89.7628,0.0000,8.7945,-240.5813,0.01918,0.00000,0.12579,0.87421,True,True,True
89.7710,0.0000,8.7975,-240.5998,0.01874,0.00000,0.12549,0.87451,True,True,True
89.7793,0.0000,8.8005,-240.6183,0.01872,0.00000,0.12520,0.87480,True,True,True
89.7879,0.0000,8.8035,-240.6372,0.01911,0.00000,0.12490,0.87510,True,True,True
89.7963,0.0000,8.8066,-240.6560,0.01906,0.00000,0.12460,0.87540,True,True,True
89.8044,0.0000,8.8095,-240.6741,0.01835,0.00000,0.12431,0.87569,True,True,True
89.8128,0.0000,8.8125,-240.6926,0.01871,0.00000,0.12402,0.87598,True,True,True
89.8210,0.0000,8.8155,-240.7108,0.01852,0.00000,0.12373,0.87627,True,True,True
89.8296,0.0000,8.8186,-240.7298,0.01918,0.00000,0.12343,0.87657,True,True,True
89.8376,0.0000,8.8215,-240.7475,0.01801,0.00000,0.12315,0.87685,True,True,True
89.8461,0.0000,8.8245,-240.7663,0.01903,0.00000,0.12286,0.87714,True,True,True
89.8541,0.0000,8.8275,-240.7844,0.01830,0.00000,0.12257,0.87743,True,True,True
89.8625,0.0000,8.8305,-240.8029,0.01871,0.00000,0.12228,0.87772,True,True,True
89.8709,0.0000,8.8335,-240.8219,0.01928,0.00000,0.12198,0.87802,True,True,True
89.8796,0.0000,8.8366,-240.8406,0.01900,0.00000,0.12168,0.87832,True,True,True
89.8878,0.0000,8.8396,-240.8590,0.01860,0.00000,0.12140,0.87860,True,True,True
89.8961,0.0000,8.8426,-240.8777,0.01894,0.00000,0.12110,0.87890,True,True,True
89.9045,0.0000,8.8456,-240.8962,0.01874,0.00000,0.12081,0.87919,True,True,True
89.9131,0.0000,8.8487,-240.9154,0.01948,0.00000,0.12051,0.87949,True,True,True
89.9215,0.0000,8.8517,-240.9338,0.01863,0.00000,0.12022,0.87978,True,True,True
89.9299,0.0000,8.8548,-240.9527,0.01915,0.00000,0.11993,0.88007,True,True,True
89.9381,0.0000,8.8578,-240.9709,0.01847,0.00000,0.11964,0.88036,True,True,True
89.9466,0.0000,8.8608,-240.9897,0.01898,0.00000,0.11935,0.88065,True,True,True
89.9548,0.0000,8.8638,-241.0079,0.01850,0.00000,0.11906,0.88094,True,True,True
89.9634,0.0000,8.8669,-241.0269,0.01920,0.00000,0.11877,0.88123,True,True,True
89.9715,0.0000,8.8698,-241.0450,0.01832,0.00000,0.11849,0.88151,True,True,True
89.9801,0.0000,8.8729,-241.0639,0.01922,0.00000,0.11819,0.88181,True,True,True
89.9885,0.0000,8.8759,-241.0826,0.01886,0.00000,0.11790,0.88210,True,True,True
89.9970,0.0000,8.8789,-241.1013,0.01900,0.00000,0.11761,0.88239,True,True,True
90.0051,0.0000,8.8819,-241.1197,0.01860,0.00000,0.11733,0.88267,True,True,True
90.0134,0.0000,8.8849,-241.1382,0.01881,0.00000,0.11704,0.88296,True,True,True
90.0216,0.0000,8.8879,-241.1563,0.01830,0.00000,0.11676,0.88324,True,True,True
90.0303,0.0000,8.8909,-241.1752,0.01912,0.00000,0.11647,0.88353,True,True,True
90.0387,0.0000,8.8939,-241.1936,0.01864,0.00000,0.11618,0.88382,True,True,True
90.0466,0.0000,8.8969,-241.2119,0.01855,0.00000,0.11590,0.88410,True,True,True
90.0550,0.0000,8.8999,-241.2303,0.01871,0.00000,0.11562,0.88438,True,True,True
90.0632,0.0000,8.9029,-241.2487,0.01864,0.00000,0.11533,0.88467,True,True,True
90.0714,0.0000,8.9058,-241.2667,0.01818,0.00000,0.11506,0.88494,True,True,True
90.0800,0.0000,8.9090,-241.2861,0.01968,0.00000,0.11476,0.88524,True,True,True
90.0884,0.0000,8.9119,-241.3044,0.01857,0.00000,0.11448,0.88552,True,True,True
90.0967,0.0000,8.9149,-241.3230,0.01877,0.00000,0.11419,0.88581,True,True,True
90.1049,0.0000,8.9179,-241.3414,0.01866,0.00000,0.11391,0.88609,True,True,True
90.1131,0.0000,8.9209,-241.3596,0.01846,0.00000,0.11363,0.88637,True,True,True
90.1217,0.0000,8.9240,-241.3786,0.01920,0.00000,0.11334,0.88666,True,True,True
90.1302,0.0000,8.9270,-241.3974,0.01911,0.00000,0.11305,0.88695,True,True,True
90.1385,0.0000,8.9300,-241.4158,0.01861,0.00000,0.11277,0.88723,True,True,True
90.1469,0.0000,8.9330,-241.4341,0.01858,0.00000,0.11249,0.88751,True,True,True
90.1552,0.0000,8.9360,-241.4525,0.01864,0.00000,0.11221,0.88779,True,True,True
90.1633,0.0000,8.9390,-241.4709,0.01866,0.00000,0.11193,0.88807,True,True,True
90.1716,0.0000,8.9419,-241.4892,0.01852,0.00000,0.11165,0.88835,True,True,True
90.1802,0.0000,8.9450,-241.5083,0.01928,0.00000,0.11136,0.88864,True,True,True
90.1885,0.0000,8.9481,-241.5269,0.01891,0.00000,0.11108,0.88892,True,True,True
90.1969,0.0000,8.9511,-241.5457,0.01901,0.00000,0.11080,0.88920,True,True,True
90.2056,0.0000,8.9541,-241.5643,0.01884,0.00000,0.11052,0.88948,True,True,True
90.2139,0.0000,8.9572,-241.5834,0.01940,0.00000,0.11023,0.88977,True,True,True
90.2221,0.0000,8.9601,-241.6011,0.01792,0.00000,0.10996,0.89004,True,True,True
90.2304,0.0000,8.9632,-241.6198,0.01897,0.00000,0.10968,0.89032,True,True,True
90.2390,0.0000,8.9662,-241.6388,0.01922,0.00000,0.10939,0.89061,True,True,True
90.2473,0.0000,8.9693,-241.6576,0.01901,0.00000,0.10911,0.89089,True,True,True
90.2557,0.0000,8.9723,-241.6760,0.01870,0.00000,0.10883,0.89117,True,True,True
90.2660,0.0000,8.9759,-241.6986,0.02286,0.00000,0.10849,0.89151,True,True,True
90.2744,0.0000,8.9790,-241.7174,0.01900,0.00000,0.10821,0.89179,True,True,True
90.2827,0.0000,8.9820,-241.7359,0.01877,0.00000,0.10793,0.89207,True,True,True
90.2906,0.0000,8.9849,-241.7539,0.01827,0.00000,0.10766,0.89234,True,True,True
90.2990,0.0000,8.9879,-241.7724,0.01877,0.00000,0.10738,0.89262,True,True,True
90.3075,0.0000,8.9910,-241.7911,0.01886,0.00000,0.10710,0.89290,True,True,True
90.3157,0.0000,8.9940,-241.8096,0.01877,0.00000,0.10683,0.89317,True,True,True
90.3244,0.0000,8.9971,-241.8286,0.01931,0.00000,0.10654,0.89346,True,True,True
90.3328,0.0000,9.0001,-241.8475,0.01906,0.00000,0.10626,0.89374,True,True,True
90.3417,0.0000,9.0033,-241.8671,0.01991,0.00000,0.10597,0.89403,True,True,True
90.3505,0.0000,9.0064,-241.8863,0.01940,0.00000,0.10569,0.89431,True,True,True
90.3588,0.0000,9.0095,-241.9051,0.01909,0.00000,0.10541,0.89459,True,True,True
90.3671,0.0000,9.0125,-241.9238,0.01894,0.00000,0.10513,0.89487,True,True,True
90.3760,0.0000,9.0157,-241.9433,0.01977,0.00000,0.10484,0.89516,True,True,True
90.3843,0.0000,9.0187,-241.9617,0.01860,0.00000,0.10457,0.89543,True,True,True
90.3931,0.0000,9.0219,-241.9814,0.01997,0.00000,0.10428,0.89572,True,True,True
90.4015,0.0000,9.0248,-241.9998,0.01866,0.00000,0.10400,0.89600,True,True,True
90.4104,0.0000,9.0281,-242.0198,0.02024,0.00000,0.10371,0.89629,True,True,True
90.4187,0.0000,9.0311,-242.0382,0.01863,0.00000,0.10344,0.89656,True,True,True
90.4273,0.0000,9.0342,-242.0573,0.01940,0.00000,0.10315,0.89685,True,True,True
90.4356,0.0000,9.0372,-242.0757,0.01863,0.00000,0.10288,0.89712,True,True,True
90.4442,0.0000,9.0403,-242.0948,0.01938,0.00000,0.10260,0.89740,True,True,True
90.4531,0.0000,9.0435,-242.1145,0.01991,0.00000,0.10231,0.89769,True,True,True
90.4611,0.0000,9.0463,-242.1320,0.01778,0.00000,0.10206,0.89794,True,True,True
90.4692,0.0000,9.0493,-242.1505,0.01869,0.00000,0.10179,0.89821,True,True,True
90.4778,0.0000,9.0524,-242.1696,0.01932,0.00000,0.10151,0.89849,True,True,True
90.4862,0.0000,9.0554,-242.1881,0.01877,0.00000,0.10124,0.89876,True,True,True
90.4947,0.0000,9.0585,-242.2070,0.01915,0.00000,0.10096,0.89904,True,True,True
90.5029,0.0000,9.0614,-242.2252,0.01849,0.00000,0.10070,0.89930,True,True,True
90.5116,0.0000,9.0646,-242.2445,0.01954,0.00000,0.10041,0.89959,True,True,True
90.5202,0.0000,9.0676,-242.2635,0.01925,0.00000,0.10014,0.89986,True,True,True
90.5286,0.0000,9.0707,-242.2823,0.01906,0.00000,0.09986,0.90014,True,True,True
90.5368,0.0000,9.0737,-242.3006,0.01846,0.00000,0.09960,0.90040,True,True,True
90.5456,0.0000,9.0768,-242.3201,0.01977,0.00000,0.09932,0.90068,True,True,True
90.5539,0.0000,9.0798,-242.3385,0.01870,0.00000,0.09905,0.90095,True,True,True
90.5626,0.0000,9.0829,-242.3573,0.01904,0.00000,0.09878,0.90122,True,True,True
90.5707,0.0000,9.0859,-242.3759,0.01881,0.00000,0.09851,0.90149,True,True,True
90.5792,0.0000,9.0889,-242.3947,0.01908,0.00000,0.09824,0.90176,True,True,True
90.5879,0.0000,9.0920,-242.4139,0.01942,0.00000,0.09796,0.90204,True,True,True
90.5965,0.0000,9.0951,-242.4328,0.01912,0.00000,0.09769,0.90231,True,True,True
90.6049,0.0000,9.0981,-242.4515,0.01895,0.00000,0.09742,0.90258,True,True,True
90.6132,0.0000,9.1012,-242.4702,0.01898,0.00000,0.09715,0.90285,True,True,True
90.6218,0.0000,9.1043,-242.4892,0.01921,0.00000,0.09688,0.90312,True,True,True
90.6307,0.0000,9.1074,-242.5086,0.01969,0.00000,0.09660,0.90340,True,True,True
90.6388,0.0000,9.1104,-242.5269,0.01853,0.00000,0.09634,0.90366,True,True,True
90.6474,0.0000,9.1135,-242.5461,0.01940,0.00000,0.09606,0.90394,True,True,True
90.6558,0.0000,9.1165,-242.5645,0.01870,0.00000,0.09580,0.90420,True,True,True
90.6659,0.0000,9.1201,-242.5871,0.02286,0.00000,0.09548,0.90452,True,True,True
90.6742,0.0000,9.1231,-242.6055,0.01864,0.00000,0.09522,0.90479,True,True,True
90.6826,0.0000,9.1261,-242.6241,0.01880,0.00000,0.09495,0.90505,True,True,True
90.6908,0.0000,9.1291,-242.6427,0.01884,0.00000,0.09469,0.90531,True,True,True
90.6992,0.0000,9.1321,-242.6611,0.01870,0.00000,0.09442,0.90558,True,True,True
90.7074,0.0000,9.1351,-242.6794,0.01850,0.00000,0.09416,0.90584,True,True,True
90.7157,0.0000,9.1381,-242.6979,0.01874,0.00000,0.09390,0.90610,True,True,True
90.7241,0.0000,9.1411,-242.7166,0.01892,0.00000,0.09364,0.90636,True,True,True
90.7324,0.0000,9.1441,-242.7348,0.01850,0.00000,0.09338,0.90662,True,True,True
90.7408,0.0000,9.1472,-242.7537,0.01911,0.00000,0.09311,0.90689,True,True,True
90.7491,0.0000,9.1501,-242.7721,0.01867,0.00000,0.09285,0.90715,True,True,True
90.7579,0.0000,9.1533,-242.7916,0.01971,0.00000,0.09258,0.90742,True,True,True
90.7668,0.0000,9.1565,-242.8111,0.01976,0.00000,0.09231,0.90769,True,True,True
90.7748,0.0000,9.1594,-242.8291,0.01830,0.00000,0.09205,0.90795,True,True,True
90.7829,0.0000,9.1623,-242.8471,0.01819,0.00000,0.09180,0.90820,True,True,True
90.7918,0.0000,9.1655,-242.8669,0.02006,0.00000,0.09152,0.90848,True,True,True
90.8000,0.0000,9.1685,-242.8851,0.01847,0.00000,0.09127,0.90873,True,True,True
90.8087,0.0000,9.1716,-242.9044,0.01949,0.00000,0.09100,0.90900,True,True,True
90.8170,0.0000,9.1746,-242.9227,0.01857,0.00000,0.09074,0.90926,True,True,True
90.8259,0.0000,9.1778,-242.9424,0.01996,0.00000,0.09047,0.90953,True,True,True
90.8340,0.0000,9.1807,-242.9607,0.01855,0.00000,0.09021,0.90979,True,True,True
90.8429,0.0000,9.1839,-242.9802,0.01979,0.00000,0.08994,0.91006,True,True,True
90.8515,0.0000,9.1870,-242.9993,0.01935,0.00000,0.08967,0.91033,True,True,True
90.8600,0.0000,9.1901,-243.0184,0.01932,0.00000,0.08941,0.91059,True,True,True
90.8690,0.0000,9.1933,-243.0380,0.01983,0.00000,0.08914,0.91086,True,True,True
90.8767,0.0000,9.1961,-243.0553,0.01756,0.00000,0.08890,0.91110,True,True,True
90.8851,0.0000,9.1991,-243.0740,0.01890,0.00000,0.08864,0.91136,True,True,True
90.8939,0.0000,9.2022,-243.0935,0.01977,0.00000,0.08837,0.91163,True,True,True
90.9022,0.0000,9.2052,-243.1119,0.01861,0.00000,0.08812,0.91188,True,True,True
90.9110,0.0000,9.2084,-243.1315,0.01985,0.00000,0.08785,0.91216,True,True,True
90.9194,0.0000,9.2114,-243.1500,0.01881,0.00000,0.08759,0.91241,True,True,True
90.9282,0.0000,9.2146,-243.1699,0.02008,0.00000,0.08732,0.91268,True,True,True
90.9367,0.0000,9.2176,-243.1884,0.01883,0.00000,0.08706,0.91294,True,True,True
90.9451,0.0000,9.2207,-243.2073,0.01914,0.00000,0.08680,0.91320,True,True,True
90.9535,0.0000,9.2237,-243.2259,0.01883,0.00000,0.08655,0.91345,True,True,True
90.9619,0.0000,9.2267,-243.2448,0.01907,0.00000,0.08629,0.91371,True,True,True
90.9704,0.0000,9.2298,-243.2635,0.01903,0.00000,0.08603,0.91397,True,True,True
90.9788,0.0000,9.2328,-243.2822,0.01894,0.00000,0.08578,0.91422,True,True,True
90.9872,0.0000,9.2358,-243.3008,0.01886,0.00000,0.08552,0.91448,True,True,True
90.9957,0.0000,9.2389,-243.3197,0.01909,0.00000,0.08527,0.91473,True,True,True
91.0041,0.0000,9.2419,-243.3385,0.01907,0.00000,0.08501,0.91499,True,True,True
91.0130,0.0000,9.2451,-243.3578,0.01959,0.00000,0.08475,0.91525,True,True,True
91.0213,0.0000,9.2481,-243.3766,0.01903,0.00000,0.08449,0.91551,True,True,True
91.0299,0.0000,9.2512,-243.3957,0.01928,0.00000,0.08424,0.91576,True,True,True
91.0382,0.0000,9.2542,-243.4141,0.01870,0.00000,0.08399,0.91601,True,True,True
91.0469,0.0000,9.2572,-243.4330,0.01911,0.00000,0.08373,0.91627,True,True,True
91.0551,0.0000,9.2603,-243.4517,0.01894,0.00000,0.08348,0.91652,True,True,True
91.0637,0.0000,9.2634,-243.4709,0.01949,0.00000,0.08322,0.91678,True,True,True
91.0721,0.0000,9.2664,-243.4892,0.01853,0.00000,0.08297,0.91703,True,True,True
91.0807,0.0000,9.2695,-243.5086,0.01962,0.00000,0.08271,0.91729,True,True,True
91.0891,0.0000,9.2725,-243.5269,0.01860,0.00000,0.08247,0.91753,True,True,True
91.0994,0.0000,9.2761,-243.5497,0.02302,0.00000,0.08216,0.91784,True,True,True
91.1076,0.0000,9.2791,-243.5680,0.01863,0.00000,0.08192,0.91808,True,True,True
91.1159,0.0000,9.2821,-243.5864,0.01856,0.00000,0.08167,0.91833,True,True,True
91.1241,0.0000,9.2849,-243.6040,0.01785,0.00000,0.08144,0.91856,True,True,True
91.1324,0.0000,9.2877,-243.6213,0.01754,0.00000,0.08121,0.91879,True,True,True
91.1408,0.0000,9.2905,-243.6385,0.01737,0.00000,0.08098,0.91902,True,True,True
91.1493,0.0000,9.2933,-243.6556,0.01737,0.00000,0.08075,0.91925,True,True,True
91.1583,0.0000,9.2961,-243.6731,0.01770,0.00000,0.08052,0.91948,True,True,True
91.1666,0.0000,9.2987,-243.6889,0.01603,0.00000,0.08031,0.91969,True,True,True
91.1756,0.0000,9.3014,-243.7058,0.01714,0.00000,0.08008,0.91992,True,True,True
91.1841,0.0000,9.3039,-243.7212,0.01560,0.00000,0.07988,0.92012,True,True,True
91.1932,0.0000,9.3065,-243.7373,0.01632,0.00000,0.07967,0.92034,True,True,True
91.2021,0.0000,9.3090,-243.7524,0.01530,0.00000,0.07947,0.92053,True,True,True
91.2100,0.0000,9.3111,-243.7658,0.01356,0.00000,0.07929,0.92071,True,True,True
91.2183,0.0000,9.3133,-243.7794,0.01379,0.00000,0.07911,0.92089,True,True,True
91.2271,0.0000,9.3156,-243.7934,0.01417,0.00000,0.07892,0.92108,True,True,True
91.2356,0.0000,9.3177,-243.8064,0.01318,0.00000,0.07875,0.92125,True,True,True
91.2444,0.0000,9.3198,-243.8194,0.01315,0.00000,0.07858,0.92142,True,True,True
91.2528,0.0000,9.3218,-243.8317,0.01241,0.00000,0.07842,0.92158,True,True,True
91.2614,0.0000,9.3237,-243.8436,0.01206,0.00000,0.07827,0.92173,True,True,True
91.2698,0.0000,9.3256,-243.8550,0.01159,0.00000,0.07812,0.92188,True,True,True
91.2785,0.0000,9.3274,-243.8662,0.01136,0.00000,0.07797,0.92203,True,True,True
91.2867,0.0000,9.3291,-243.8767,0.01063,0.00000,0.07783,0.92217,True,True,True
91.2951,0.0000,9.3307,-243.8868,0.01023,0.00000,0.07770,0.92230,True,True,True
91.3037,0.0000,9.3323,-243.8968,0.01011,0.00000,0.07757,0.92243,True,True,True
91.3124,0.0000,9.3339,-243.9066,0.00995,0.00000,0.07744,0.92256,True,True,True
91.3207,0.0000,9.3354,-243.9156,0.00909,0.00000,0.07732,0.92268,True,True,True
91.3293,0.0000,9.3368,-243.9244,0.00890,0.00000,0.07721,0.92279,True,True,True
91.3379,0.0000,9.3382,-243.9329,0.00863,0.00000,0.07710,0.92290,True,True,True
91.3462,0.0000,9.3395,-243.9409,0.00804,0.00000,0.07699,0.92301,True,True,True
91.3550,0.0000,9.3407,-243.9487,0.00793,0.00000,0.07689,0.92311,True,True,True
91.3632,0.0000,9.3419,-243.9559,0.00734,0.00000,0.07680,0.92320,True,True,True
91.3719,0.0000,9.3431,-243.9631,0.00723,0.00000,0.07670,0.92330,True,True,True
91.3806,0.0000,9.3442,-243.9699,0.00692,0.00000,0.07661,0.92339,True,True,True
91.3889,0.0000,9.3452,-243.9762,0.00641,0.00000,0.07653,0.92347,True,True,True
91.3991,0.0000,9.3452,-243.9762,0.00000,0.00000,0.07653,0.92347,True,True,True
91.4074,0.0000,9.3453,-243.9766,0.00039,0.00000,0.07653,0.92347,True,True,True
91.4158,0.0000,9.3454,-243.9774,0.00076,0.00000,0.07652,0.92348,True,True,True
91.4242,0.0000,9.3456,-243.9785,0.00113,0.00000,0.07650,0.92350,True,True,True
91.4324,0.0000,9.3458,-243.9800,0.00151,0.00000,0.07648,0.92352,True,True,True
91.4411,0.0000,9.3461,-243.9819,0.00199,0.00000,0.07646,0.92354,True,True,True
91.4492,0.0000,9.3465,-243.9842,0.00227,0.00000,0.07643,0.92357,True,True,True
91.4581,0.0000,9.3469,-243.9871,0.00291,0.00000,0.07639,0.92361,True,True,True
91.4664,0.0000,9.3474,-243.9901,0.00308,0.00000,0.07635,0.92365,True,True,True
91.4753,0.0000,9.3480,-243.9938,0.00374,0.00000,0.07630,0.92370,True,True,True
91.4836,0.0000,9.3487,-243.9977,0.00391,0.00000,0.07625,0.92375,True,True,True
91.4925,0.0000,9.3494,-244.0022,0.00459,0.00000,0.07620,0.92380,True,True,True
91.5007,0.0000,9.3501,-244.0068,0.00464,0.00000,0.07614,0.92386,True,True,True
91.5098,0.0000,9.3510,-244.0122,0.00552,0.00000,0.07607,0.92393,True,True,True
91.5185,0.0000,9.3519,-244.0179,0.00577,0.00000,0.07599,0.92401,True,True,True
91.5266,0.0000,9.3528,-244.0235,0.00567,0.00000,0.07592,0.92408,True,True,True
91.5349,0.0000,9.3538,-244.0297,0.00626,0.00000,0.07584,0.92416,True,True,True
91.5440,0.0000,9.3550,-244.0369,0.00733,0.00000,0.07575,0.92425,True,True,True
91.5523,0.0000,9.3561,-244.0438,0.00700,0.00000,0.07566,0.92434,True,True,True
91.5614,0.0000,9.3574,-244.0518,0.00805,0.00000,0.07555,0.92445,True,True,True
91.5699,0.0000,9.3587,-244.0598,0.00811,0.00000,0.07545,0.92455,True,True,True
91.5785,0.0000,9.3600,-244.0681,0.00841,0.00000,0.07534,0.92466,True,True,True
91.5869,0.0000,9.3615,-244.0768,0.00880,0.00000,0.07523,0.92477,True,True,True
91.5953,0.0000,9.3629,-244.0858,0.00918,0.00000,0.07511,0.92489,True,True,True
91.6039,0.0000,9.3645,-244.0954,0.00972,0.00000,0.07499,0.92501,True,True,True
91.6126,0.0000,9.3661,-244.1054,0.01009,0.00000,0.07486,0.92514,True,True,True
91.6210,0.0000,9.3678,-244.1158,0.01050,0.00000,0.07473,0.92527,True,True,True
91.6295,0.0000,9.3695,-244.1264,0.01076,0.00000,0.07459,0.92541,True,True,True
91.6380,0.0000,9.3713,-244.1375,0.01125,0.00000,0.07445,0.92555,True,True,True
91.6466,0.0000,9.3731,-244.1491,0.01173,0.00000,0.07430,0.92570,True,True,True
91.6552,0.0000,9.3751,-244.1609,0.01204,0.00000,0.07415,0.92585,True,True,True
91.6638,0.0000,9.3771,-244.1736,0.01281,0.00000,0.07399,0.92601,True,True,True
91.6723,0.0000,9.3791,-244.1861,0.01261,0.00000,0.07383,0.92617,True,True,True
91.6826,0.0000,9.3817,-244.2019,0.01604,0.00000,0.07362,0.92638,True,True,True
91.6909,0.0000,9.3838,-244.2151,0.01335,0.00000,0.07345,0.92655,True,True,True
91.6994,0.0000,9.3860,-244.2287,0.01379,0.00000,0.07328,0.92672,True,True,True
91.7075,0.0000,9.3883,-244.2427,0.01420,0.00000,0.07310,0.92690,True,True,True
91.7157,0.0000,9.3906,-244.2569,0.01442,0.00000,0.07292,0.92708,True,True,True
91.7240,0.0000,9.3929,-244.2715,0.01475,0.00000,0.07274,0.92726,True,True,True
91.7324,0.0000,9.3954,-244.2866,0.01527,0.00000,0.07254,0.92746,True,True,True
91.7409,0.0000,9.3980,-244.3025,0.01615,0.00000,0.07234,0.92766,True,True,True
91.7493,0.0000,9.4006,-244.3186,0.01631,0.00000,0.07214,0.92786,True,True,True
91.7578,0.0000,9.4032,-244.3351,0.01666,0.00000,0.07193,0.92807,True,True,True
91.7665,0.0000,9.4060,-244.3523,0.01742,0.00000,0.07171,0.92829,True,True,True
91.7754,0.0000,9.4090,-244.3706,0.01859,0.00000,0.07148,0.92852,True,True,True
91.7839,0.0000,9.4118,-244.3884,0.01802,0.00000,0.07125,0.92875,True,True,True
91.7928,0.0000,9.4149,-244.4074,0.01927,0.00000,0.07101,0.92899,True,True,True
91.8013,0.0000,9.4179,-244.4259,0.01873,0.00000,0.07078,0.92922,True,True,True
91.8102,0.0000,9.4211,-244.4460,0.02030,0.00000,0.07053,0.92947,True,True,True
91.8187,0.0000,9.4241,-244.4645,0.01875,0.00000,0.07030,0.92970,True,True,True
91.8277,0.0000,9.4274,-244.4849,0.02067,0.00000,0.07004,0.92996,True,True,True
91.8366,0.0000,9.4306,-244.5043,0.01972,0.00000,0.06980,0.93020,True,True,True
91.8447,0.0000,9.4335,-244.5223,0.01821,0.00000,0.06957,0.93043,True,True,True
91.8528,0.0000,9.4364,-244.5406,0.01850,0.00000,0.06935,0.93065,True,True,True
91.8621,0.0000,9.4397,-244.5610,0.02067,0.00000,0.06909,0.93091,True,True,True
91.8707,0.0000,9.4428,-244.5803,0.01952,0.00000,0.06885,0.93115,True,True,True
91.8791,0.0000,9.4459,-244.5991,0.01904,0.00000,0.06862,0.93138,True,True,True
91.8878,0.0000,9.4490,-244.6182,0.01937,0.00000,0.06838,0.93162,True,True,True
91.8964,0.0000,9.4521,-244.6373,0.01940,0.00000,0.06815,0.93185,True,True,True
91.9048,0.0000,9.4551,-244.6560,0.01893,0.00000,0.06791,0.93209,True,True,True
91.9139,0.0000,9.4582,-244.6753,0.01955,0.00000,0.06768,0.93232,True,True,True
91.9221,0.0000,9.4612,-244.6937,0.01858,0.00000,0.06745,0.93255,True,True,True
91.9327,0.0000,9.4650,-244.7176,0.02427,0.00000,0.06716,0.93284,True,True,True
91.9410,0.0000,9.4680,-244.7361,0.01873,0.00000,0.06693,0.93307,True,True,True
91.9492,0.0000,9.4710,-244.7545,0.01867,0.00000,0.06670,0.93330,True,True,True
91.9575,0.0000,9.4740,-244.7731,0.01876,0.00000,0.06648,0.93352,True,True,True
91.9658,0.0000,9.4769,-244.7915,0.01864,0.00000,0.06625,0.93375,True,True,True
91.9740,0.0000,9.4799,-244.8099,0.01864,0.00000,0.06603,0.93397,True,True,True
91.9824,0.0000,9.4829,-244.8283,0.01867,0.00000,0.06580,0.93420,True,True,True
91.9912,0.0000,9.4861,-244.8479,0.01985,0.00000,0.06556,0.93444,True,True,True
91.9997,0.0000,9.4891,-244.8665,0.01886,0.00000,0.06534,0.93466,True,True,True
92.0087,0.0000,9.4923,-244.8868,0.02053,0.00000,0.06509,0.93491,True,True,True
92.0171,0.0000,9.4953,-244.9054,0.01887,0.00000,0.06486,0.93514,True,True,True
92.0261,0.0000,9.4986,-244.9254,0.02025,0.00000,0.06462,0.93538,True,True,True
92.0346,0.0000,9.5016,-244.9443,0.01915,0.00000,0.06439,0.93561,True,True,True
92.0438,0.0000,9.5049,-244.9646,0.02054,0.00000,0.06415,0.93585,True,True,True
92.0528,0.0000,9.5081,-244.9846,0.02026,0.00000,0.06391,0.93609,True,True,True
92.0610,0.0000,9.5111,-245.0029,0.01858,0.00000,0.06369,0.93631,True,True,True
92.0692,0.0000,9.5141,-245.0213,0.01866,0.00000,0.06347,0.93653,True,True,True
92.0779,0.0000,9.5171,-245.0405,0.01940,0.00000,0.06324,0.93676,True,True,True
92.0863,0.0000,9.5202,-245.0592,0.01898,0.00000,0.06301,0.93699,True,True,True
92.0954,0.0000,9.5234,-245.0792,0.02023,0.00000,0.06277,0.93723,True,True,True
92.1036,0.0000,9.5264,-245.0976,0.01867,0.00000,0.06255,0.93745,True,True,True
92.1125,0.0000,9.5295,-245.1171,0.01971,0.00000,0.06232,0.93768,True,True,True
92.1209,0.0000,9.5326,-245.1360,0.01915,0.00000,0.06210,0.93790,True,True,True
92.1296,0.0000,9.5357,-245.1552,0.01947,0.00000,0.06187,0.93813,True,True,True
92.1380,0.0000,9.5387,-245.1742,0.01923,0.00000,0.06164,0.93836,True,True,True
92.1468,0.0000,9.5418,-245.1933,0.01930,0.00000,0.06142,0.93858,True,True,True
92.1552,0.0000,9.5448,-245.2121,0.01903,0.00000,0.06120,0.93880,True,True,True
92.1641,0.0000,9.5479,-245.2314,0.01964,0.00000,0.06097,0.93903,True,True,True
92.1723,0.0000,9.5509,-245.2500,0.01879,0.00000,0.06075,0.93925,True,True,True
92.1827,0.0000,9.5547,-245.2731,0.02335,0.00000,0.06048,0.93952,True,True,True
92.1908,0.0000,9.5576,-245.2913,0.01850,0.00000,0.06026,0.93974,True,True,True
92.1992,0.0000,9.5606,-245.3098,0.01870,0.00000,0.06005,0.93995,True,True,True
92.2075,0.0000,9.5636,-245.3284,0.01887,0.00000,0.05983,0.94017,True,True,True
92.2157,0.0000,9.5665,-245.3467,0.01850,0.00000,0.05962,0.94038,True,True,True
92.2241,0.0000,9.5695,-245.3652,0.01881,0.00000,0.05940,0.94060,True,True,True
92.2324,0.0000,9.5725,-245.3839,0.01884,0.00000,0.05918,0.94082,True,True,True
92.2407,0.0000,9.5755,-245.4022,0.01856,0.00000,0.05897,0.94103,True,True,True
92.2490,0.0000,9.5784,-245.4205,0.01859,0.00000,0.05876,0.94124,True,True,True
92.2581,0.0000,9.5817,-245.4408,0.02049,0.00000,0.05852,0.94148,True,True,True
92.2672,0.0000,9.5849,-245.4609,0.02042,0.00000,0.05829,0.94171,True,True,True
92.2754,0.0000,9.5879,-245.4792,0.01849,0.00000,0.05808,0.94192,True,True,True
92.2836,0.0000,9.5908,-245.4974,0.01845,0.00000,0.05787,0.94213,True,True,True
92.2931,0.0000,9.5940,-245.5174,0.02028,0.00000,0.05764,0.94236,True,True,True
92.3012,0.0000,9.5971,-245.5365,0.01929,0.00000,0.05742,0.94258,True,True,True
92.3103,0.0000,9.6004,-245.5567,0.02051,0.00000,0.05719,0.94281,True,True,True
92.3185,0.0000,9.6033,-245.5749,0.01845,0.00000,0.05698,0.94302,True,True,True
92.3273,0.0000,9.6064,-245.5943,0.01963,0.00000,0.05676,0.94324,True,True,True
92.3357,0.0000,9.6095,-245.6132,0.01916,0.00000,0.05654,0.94346,True,True,True
92.3448,0.0000,9.6127,-245.6333,0.02037,0.00000,0.05631,0.94369,True,True,True
92.3532,0.0000,9.6157,-245.6520,0.01892,0.00000,0.05610,0.94390,True,True,True
92.3617,0.0000,9.6188,-245.6709,0.01915,0.00000,0.05588,0.94412,True,True,True
92.3702,0.0000,9.6218,-245.6900,0.01930,0.00000,0.05567,0.94433,True,True,True
92.3789,0.0000,9.6249,-245.7091,0.01935,0.00000,0.05545,0.94455,True,True,True
92.3876,0.0000,9.6280,-245.7282,0.01941,0.00000,0.05524,0.94476,True,True,True
92.3961,0.0000,9.6311,-245.7474,0.01943,0.00000,0.05502,0.94498,True,True,True
92.4044,0.0000,9.6340,-245.7656,0.01845,0.00000,0.05481,0.94519,True,True,True
92.4129,0.0000,9.6371,-245.7849,0.01947,0.00000,0.05460,0.94540,True,True,True
92.4215,0.0000,9.6401,-245.8036,0.01899,0.00000,0.05439,0.94561,True,True,True
92.4303,0.0000,9.6432,-245.8227,0.01933,0.00000,0.05417,0.94583,True,True,True
92.4382,0.0000,9.6461,-245.8410,0.01848,0.00000,0.05397,0.94603,True,True,True
92.4472,0.0000,9.6493,-245.8603,0.01961,0.00000,0.05375,0.94625,True,True,True
92.4556,0.0000,9.6523,-245.8790,0.01890,0.00000,0.05355,0.94645,True,True,True
92.4640,0.0000,9.6553,-245.8981,0.01938,0.00000,0.05333,0.94667,True,True,True
92.4725,0.0000,9.6584,-245.9170,0.01913,0.00000,0.05312,0.94688,True,True,True
92.4827,0.0000,9.6620,-245.9395,0.02278,0.00000,0.05287,0.94713,True,True,True
92.4908,0.0000,9.6650,-245.9579,0.01859,0.00000,0.05267,0.94733,True,True,True
92.4992,0.0000,9.6679,-245.9763,0.01869,0.00000,0.05247,0.94753,True,True,True
92.5074,0.0000,9.6709,-245.9946,0.01856,0.00000,0.05226,0.94774,True,True,True
92.5158,0.0000,9.6739,-246.0132,0.01879,0.00000,0.05206,0.94794,True,True,True
92.5244,0.0000,9.6769,-246.0323,0.01938,0.00000,0.05185,0.94815,True,True,True
92.5327,0.0000,9.6799,-246.0509,0.01878,0.00000,0.05165,0.94835,True,True,True
92.5415,0.0000,9.6831,-246.0703,0.01972,0.00000,0.05143,0.94857,True,True,True
92.5499,0.0000,9.6861,-246.0890,0.01890,0.00000,0.05123,0.94877,True,True,True
92.5588,0.0000,9.6892,-246.1088,0.02009,0.00000,0.05101,0.94899,True,True,True
92.5670,0.0000,9.6922,-246.1270,0.01845,0.00000,0.05082,0.94918,True,True,True
92.5758,0.0000,9.6953,-246.1466,0.01981,0.00000,0.05060,0.94940,True,True,True
92.5843,0.0000,9.6984,-246.1656,0.01926,0.00000,0.05040,0.94960,True,True,True
92.5925,0.0000,9.7012,-246.1834,0.01805,0.00000,0.05020,0.94980,True,True,True
92.6008,0.0000,9.7043,-246.2022,0.01904,0.00000,0.05000,0.95000,True,True,True
92.6098,0.0000,9.7074,-246.2218,0.01986,0.00000,0.04979,0.95021,True,True,True
92.6180,0.0000,9.7104,-246.2405,0.01885,0.00000,0.04959,0.95041,True,True,True
92.6269,0.0000,9.7136,-246.2601,0.01989,0.00000,0.04938,0.95062,True,True,True
92.6354,0.0000,9.7166,-246.2790,0.01918,0.00000,0.04917,0.95083,True,True,True
92.6442,0.0000,9.7197,-246.2985,0.01969,0.00000,0.04897,0.95104,True,True,True
92.6525,0.0000,9.7227,-246.3171,0.01884,0.00000,0.04877,0.95123,True,True,True
92.6615,0.0000,9.7259,-246.3367,0.01992,0.00000,0.04856,0.95144,True,True,True
92.6698,0.0000,9.7289,-246.3554,0.01893,0.00000,0.04836,0.95164,True,True,True
92.6783,0.0000,9.7319,-246.3743,0.01915,0.00000,0.04816,0.95184,True,True,True
92.6869,0.0000,9.7350,-246.3934,0.01930,0.00000,0.04795,0.95205,True,True,True
92.6954,0.0000,9.7380,-246.4124,0.01923,0.00000,0.04775,0.95225,True,True,True
92.7038,0.0000,9.7410,-246.4307,0.01855,0.00000,0.04756,0.95244,True,True,True
92.7122,0.0000,9.7440,-246.4497,0.01929,0.00000,0.04736,0.95264,True,True,True
92.7207,0.0000,9.7471,-246.4686,0.01907,0.00000,0.04716,0.95284,True,True,True
92.7291,0.0000,9.7501,-246.4873,0.01899,0.00000,0.04696,0.95304,True,True,True
92.7377,0.0000,9.7531,-246.5064,0.01930,0.00000,0.04676,0.95324,True,True,True
92.7462,0.0000,9.7562,-246.5252,0.01907,0.00000,0.04657,0.95343,True,True,True
92.7547,0.0000,9.7591,-246.5438,0.01885,0.00000,0.04637,0.95363,True,True,True
92.7632,0.0000,9.7622,-246.5628,0.01924,0.00000,0.04617,0.95383,True,True,True
92.7716,0.0000,9.7652,-246.5813,0.01867,0.00000,0.04598,0.95402,True,True,True
92.7803,0.0000,9.7682,-246.6005,0.01950,0.00000,0.04578,0.95422,True,True,True
92.7885,0.0000,9.7712,-246.6190,0.01871,0.00000,0.04559,0.95441,True,True,True
92.7971,0.0000,9.7742,-246.6376,0.01888,0.00000,0.04540,0.95460,True,True,True
92.8055,0.0000,9.7773,-246.6566,0.01926,0.00000,0.04520,0.95480,True,True,True
92.8143,0.0000,9.7804,-246.6760,0.01956,0.00000,0.04500,0.95500,True,True,True
92.8225,0.0000,9.7832,-246.6940,0.01827,0.00000,0.04481,0.95519,True,True,True
92.8326,0.0000,9.7869,-246.7169,0.02318,0.00000,0.04458,0.95542,True,True,True
92.8408,0.0000,9.7899,-246.7353,0.01862,0.00000,0.04439,0.95561,True,True,True
92.8490,0.0000,9.7928,-246.7537,0.01865,0.00000,0.04420,0.95580,True,True,True
92.8574,0.0000,9.7958,-246.7722,0.01876,0.00000,0.04401,0.95599,True,True,True
92.8658,0.0000,9.7988,-246.7907,0.01868,0.00000,0.04382,0.95618,True,True,True
92.8746,0.0000,9.8019,-246.8102,0.01983,0.00000,0.04362,0.95638,True,True,True
92.8828,0.0000,9.8049,-246.8288,0.01876,0.00000,0.04344,0.95656,True,True,True
92.8918,0.0000,9.8081,-246.8487,0.02017,0.00000,0.04323,0.95677,True,True,True
92.9008,0.0000,9.8112,-246.8685,0.02006,0.00000,0.04303,0.95697,True,True,True
92.9090,0.0000,9.8141,-246.8865,0.01820,0.00000,0.04285,0.95715,True,True,True
92.9171,0.0000,9.8171,-246.9048,0.01854,0.00000,0.04267,0.95733,True,True,True
92.9261,0.0000,9.8203,-246.9248,0.02028,0.00000,0.04247,0.95753,True,True,True
92.9346,0.0000,9.8233,-246.9438,0.01924,0.00000,0.04228,0.95772,True,True,True
92.9438,0.0000,9.8266,-246.9642,0.02063,0.00000,0.04207,0.95793,True,True,True
92.9521,0.0000,9.8295,-246.9825,0.01859,0.00000,0.04189,0.95811,True,True,True
92.9611,0.0000,9.8327,-247.0024,0.02015,0.00000,0.04169,0.95831,True,True,True
92.9697,0.0000,9.8358,-247.0216,0.01947,0.00000,0.04150,0.95850,True,True,True
92.9784,0.0000,9.8389,-247.0407,0.01935,0.00000,0.04131,0.95869,True,True,True
92.9869,0.0000,9.8419,-247.0594,0.01893,0.00000,0.04112,0.95888,True,True,True
92.9956,0.0000,9.8450,-247.0789,0.01975,0.00000,0.04093,0.95907,True,True,True
93.0040,0.0000,9.8480,-247.0978,0.01913,0.00000,0.04075,0.95925,True,True,True
93.0128,0.0000,9.8511,-247.1172,0.01963,0.00000,0.04055,0.95945,True,True,True
93.0211,0.0000,9.8541,-247.1358,0.01881,0.00000,0.04037,0.95963,True,True,True
93.0298,0.0000,9.8572,-247.1551,0.01961,0.00000,0.04018,0.95982,True,True,True
93.0384,0.0000,9.8602,-247.1741,0.01925,0.00000,0.04000,0.96000,True,True,True
93.0471,0.0000,9.8633,-247.1932,0.01929,0.00000,0.03981,0.96019,True,True,True
93.0556,0.0000,9.8663,-247.2121,0.01916,0.00000,0.03963,0.96037,True,True,True
93.0662,0.0000,9.8700,-247.2355,0.02369,0.00000,0.03940,0.96060,True,True,True
93.0744,0.0000,9.8730,-247.2540,0.01870,0.00000,0.03922,0.96078,True,True,True
93.0824,0.0000,9.8759,-247.2721,0.01837,0.00000,0.03904,0.96096,True,True,True
93.0908,0.0000,9.8789,-247.2906,0.01876,0.00000,0.03886,0.96114,True,True,True
93.0991,0.0000,9.8818,-247.3092,0.01878,0.00000,0.03869,0.96131,True,True,True
93.1076,0.0000,9.8849,-247.3280,0.01912,0.00000,0.03850,0.96150,True,True,True
93.1165,0.0000,9.8880,-247.3476,0.01983,0.00000,0.03832,0.96168,True,True,True
93.1247,0.0000,9.8909,-247.3658,0.01842,0.00000,0.03814,0.96186,True,True,True
93.1331,0.0000,9.8939,-247.3847,0.01912,0.00000,0.03796,0.96204,True,True,True
93.1419,0.0000,9.8971,-247.4041,0.01969,0.00000,0.03778,0.96222,True,True,True
93.1504,0.0000,9.9001,-247.4231,0.01924,0.00000,0.03760,0.96240,True,True,True
93.1601,0.0000,9.9034,-247.4440,0.02109,0.00000,0.03740,0.96260,True,True,True
93.1683,0.0000,9.9064,-247.4627,0.01901,0.00000,0.03722,0.96278,True,True,True
93.1770,0.0000,9.9096,-247.4823,0.01986,0.00000,0.03704,0.96296,True,True,True
93.1857,0.0000,9.9126,-247.5015,0.01944,0.00000,0.03685,0.96315,True,True,True
93.1946,0.0000,9.9158,-247.5214,0.02009,0.00000,0.03667,0.96333,True,True,True
93.2031,0.0000,9.9188,-247.5401,0.01901,0.00000,0.03649,0.96351,True,True,True
93.2120,0.0000,9.9220,-247.5598,0.01992,0.00000,0.03631,0.96369,True,True,True
93.2210,0.0000,9.9252,-247.5798,0.02027,0.00000,0.03612,0.96388,True,True,True
93.2292,0.0000,9.9281,-247.5983,0.01868,0.00000,0.03595,0.96405,True,True,True
93.2377,0.0000,9.9311,-247.6170,0.01898,0.00000,0.03577,0.96423,True,True,True
93.2463,0.0000,9.9341,-247.6359,0.01915,0.00000,0.03560,0.96440,True,True,True
93.2546,0.0000,9.9371,-247.6545,0.01884,0.00000,0.03543,0.96457,True,True,True
93.2631,0.0000,9.9401,-247.6732,0.01890,0.00000,0.03525,0.96475,True,True,True
93.2715,0.0000,9.9431,-247.6920,0.01910,0.00000,0.03508,0.96492,True,True,True
93.2802,0.0000,9.9461,-247.7110,0.01919,0.00000,0.03490,0.96510,True,True,True
93.2884,0.0000,9.9491,-247.7296,0.01882,0.00000,0.03473,0.96527,True,True,True
93.2970,0.0000,9.9521,-247.7485,0.01918,0.00000,0.03456,0.96544,True,True,True
93.3052,0.0000,9.9551,-247.7671,0.01887,0.00000,0.03439,0.96561,True,True,True
93.3140,0.0000,9.9581,-247.7860,0.01911,0.00000,0.03422,0.96578,True,True,True
93.3223,0.0000,9.9611,-247.8046,0.01877,0.00000,0.03405,0.96595,True,True,True
93.3308,0.0000,9.9641,-247.8237,0.01935,0.00000,0.03388,0.96612,True,True,True
93.3388,0.0000,9.9670,-247.8418,0.01840,0.00000,0.03371,0.96629,True,True,True
93.3474,0.0000,9.9701,-247.8609,0.01928,0.00000,0.03354,0.96646,True,True,True
93.3559,0.0000,9.9730,-247.8794,0.01877,0.00000,0.03337,0.96663,True,True,True
93.3660,0.0000,9.9766,-247.9018,0.02270,0.00000,0.03317,0.96683,True,True,True
93.3745,0.0000,9.9796,-247.9205,0.01891,0.00000,0.03300,0.96700,True,True,True
93.3825,0.0000,9.9825,-247.9387,0.01843,0.00000,0.03284,0.96716,True,True,True
93.3908,0.0000,9.9855,-247.9572,0.01871,0.00000,0.03268,0.96732,True,True,True
93.3994,0.0000,9.9884,-247.9756,0.01867,0.00000,0.03251,0.96749,True,True,True
93.4075,0.0000,9.9914,-247.9941,0.01870,0.00000,0.03235,0.96765,True,True,True
93.4158,0.0000,9.9943,-248.0127,0.01884,0.00000,0.03218,0.96782,True,True,True
93.4246,0.0000,9.9974,-248.0323,0.01986,0.00000,0.03201,0.96799,True,True,True
93.4332,0.0000,10.0005,-248.0514,0.01931,0.00000,0.03184,0.96816,True,True,True
93.4411,0.0000,10.0033,-248.0690,0.01786,0.00000,0.03169,0.96831,True,True,True
93.4495,0.0000,10.0063,-248.0875,0.01876,0.00000,0.03152,0.96848,True,True,True
93.4582,0.0000,10.0093,-248.1069,0.01965,0.00000,0.03135,0.96865,True,True,True
93.4665,0.0000,10.0123,-248.1253,0.01863,0.00000,0.03119,0.96881,True,True,True
93.4751,0.0000,10.0154,-248.1446,0.01953,0.00000,0.03102,0.96898,True,True,True
93.4835,0.0000,10.0183,-248.1631,0.01868,0.00000,0.03086,0.96914,True,True,True
93.4921,0.0000,10.0214,-248.1824,0.01962,0.00000,0.03070,0.96930,True,True,True
93.5004,0.0000,10.0243,-248.2007,0.01850,0.00000,0.03054,0.96946,True,True,True
93.5093,0.0000,10.0275,-248.2206,0.02015,0.00000,0.03037,0.96963,True,True,True
93.5176,0.0000,10.0304,-248.2390,0.01857,0.00000,0.03021,0.96979,True,True,True
93.5264,0.0000,10.0335,-248.2586,0.01993,0.00000,0.03004,0.96996,True,True,True
93.5351,0.0000,10.0366,-248.2776,0.01919,0.00000,0.02988,0.97012,True,True,True
93.5430,0.0000,10.0394,-248.2953,0.01797,0.00000,0.02972,0.97028,True,True,True
93.5512,0.0000,10.0423,-248.3135,0.01843,0.00000,0.02957,0.97043,True,True,True
93.5599,0.0000,10.0454,-248.3328,0.01948,0.00000,0.02941,0.97059,True,True,True
93.5682,0.0000,10.0483,-248.3515,0.01896,0.00000,0.02925,0.97075,True,True,True
93.5772,0.0000,10.0515,-248.3715,0.02026,0.00000,0.02908,0.97092,True,True,True
93.5854,0.0000,10.0544,-248.3895,0.01825,0.00000,0.02892,0.97108,True,True,True
93.5944,0.0000,10.0576,-248.4095,0.02023,0.00000,0.02876,0.97124,True,True,True
93.6028,0.0000,10.0605,-248.4278,0.01857,0.00000,0.02860,0.97140,True,True,True
93.6116,0.0000,10.0637,-248.4477,0.02013,0.00000,0.02844,0.97156,True,True,True
93.6201,0.0000,10.0667,-248.4668,0.01931,0.00000,0.02828,0.97172,True,True,True
93.6288,0.0000,10.0698,-248.4860,0.01947,0.00000,0.02812,0.97188,True,True,True
93.6372,0.0000,10.0728,-248.5046,0.01885,0.00000,0.02796,0.97204,True,True,True
93.6457,0.0000,10.0758,-248.5235,0.01914,0.00000,0.02780,0.97220,True,True,True
93.6540,0.0000,10.0787,-248.5421,0.01874,0.00000,0.02765,0.97235,True,True,True
93.6626,0.0000,10.0817,-248.5610,0.01919,0.00000,0.02750,0.97250,True,True,True
93.6709,0.0000,10.0847,-248.5796,0.01882,0.00000,0.02734,0.97266,True,True,True
93.6794,0.0000,10.0877,-248.5984,0.01908,0.00000,0.02719,0.97281,True,True,True
93.6876,0.0000,10.0906,-248.6169,0.01870,0.00000,0.02704,0.97296,True,True,True
93.6960,0.0000,10.0935,-248.6354,0.01874,0.00000,0.02689,0.97311,True,True,True
93.7045,0.0000,10.0965,-248.6541,0.01890,0.00000,0.02673,0.97327,True,True,True
93.7130,0.0000,10.0995,-248.6730,0.01914,0.00000,0.02658,0.97342,True,True,True
93.7213,0.0000,10.1025,-248.6915,0.01877,0.00000,0.02643,0.97357,True,True,True
93.7297,0.0000,10.1054,-248.7102,0.01893,0.00000,0.02628,0.97372,True,True,True
93.7378,0.0000,10.1083,-248.7282,0.01825,0.00000,0.02613,0.97387,True,True,True
93.7463,0.0000,10.1113,-248.7472,0.01925,0.00000,0.02598,0.97402,True,True,True
93.7547,0.0000,10.1143,-248.7657,0.01871,0.00000,0.02583,0.97417,True,True,True
93.7632,0.0000,10.1173,-248.7846,0.01913,0.00000,0.02568,0.97432,True,True,True
93.7716,0.0000,10.1203,-248.8035,0.01908,0.00000,0.02553,0.97447,True,True,True
93.7803,0.0000,10.1232,-248.8220,0.01874,0.00000,0.02538,0.97462,True,True,True
93.7887,0.0000,10.1262,-248.8409,0.01913,0.00000,0.02523,0.97477,True,True,True
93.7973,0.0000,10.1293,-248.8600,0.01941,0.00000,0.02508,0.97492,True,True,True
93.8056,0.0000,10.1322,-248.8785,0.01873,0.00000,0.02494,0.97506,True,True,True
93.8139,0.0000,10.1352,-248.8975,0.01922,0.00000,0.02479,0.97521,True,True,True
93.8222,0.0000,10.1382,-248.9160,0.01873,0.00000,0.02464,0.97536,True,True,True
93.8325,0.0000,10.1418,-248.9388,0.02313,0.00000,0.02446,0.97554,True,True,True
93.8409,0.0000,10.1448,-248.9574,0.01876,0.00000,0.02432,0.97568,True,True,True
93.8492,0.0000,10.1477,-248.9758,0.01873,0.00000,0.02418,0.97582,True,True,True
93.8574,0.0000,10.1506,-248.9940,0.01837,0.00000,0.02404,0.97596,True,True,True
93.8658,0.0000,10.1535,-249.0126,0.01880,0.00000,0.02389,0.97611,True,True,True
93.8740,0.0000,10.1565,-249.0310,0.01866,0.00000,0.02375,0.97625,True,True,True
93.8824,0.0000,10.1594,-249.0496,0.01883,0.00000,0.02361,0.97639,True,True,True
93.8918,0.0000,10.1626,-249.0698,0.02046,0.00000,0.02345,0.97655,True,True,True
93.9000,0.0000,10.1656,-249.0887,0.01916,0.00000,0.02331,0.97669,True,True,True
93.9089,0.0000,10.1687,-249.1085,0.02002,0.00000,0.02316,0.97684,True,True,True
93.9172,0.0000,10.1717,-249.1270,0.01871,0.00000,0.02302,0.97698,True,True,True
93.9263,0.0000,10.1748,-249.1469,0.02018,0.00000,0.02287,0.97713,True,True,True
93.9344,0.0000,10.1778,-249.1653,0.01860,0.00000,0.02273,0.97727,True,True,True
93.9438,0.0000,10.1810,-249.1856,0.02059,0.00000,0.02257,0.97743,True,True,True
93.9525,0.0000,10.1841,-249.2054,0.02005,0.00000,0.02242,0.97758,True,True,True
93.9606,0.0000,10.1869,-249.2231,0.01786,0.00000,0.02229,0.97771,True,True,True
93.9688,0.0000,10.1898,-249.2415,0.01866,0.00000,0.02216,0.97784,True,True,True
93.9778,0.0000,10.1930,-249.2612,0.01999,0.00000,0.02201,0.97799,True,True,True
93.9859,0.0000,10.1959,-249.2796,0.01859,0.00000,0.02187,0.97813,True,True,True
93.9948,0.0000,10.1991,-249.2995,0.02019,0.00000,0.02172,0.97828,True,True,True
94.0034,0.0000,10.2020,-249.3183,0.01896,0.00000,0.02159,0.97841,True,True,True
94.0118,0.0000,10.2050,-249.3373,0.01927,0.00000,0.02145,0.97855,True,True,True
94.0204,0.0000,10.2080,-249.3560,0.01894,0.00000,0.02131,0.97869,True,True,True
94.0289,0.0000,10.2110,-249.3751,0.01937,0.00000,0.02117,0.97883,True,True,True
94.0373,0.0000,10.2140,-249.3938,0.01886,0.00000,0.02103,0.97897,True,True,True
94.0459,0.0000,10.2170,-249.4127,0.01922,0.00000,0.02090,0.97910,True,True,True
94.0542,0.0000,10.2200,-249.4314,0.01888,0.00000,0.02076,0.97924,True,True,True
94.0629,0.0000,10.2230,-249.4506,0.01948,0.00000,0.02062,0.97938,True,True,True
94.0713,0.0000,10.2260,-249.4694,0.01902,0.00000,0.02049,0.97951,True,True,True
94.0797,0.0000,10.2290,-249.4880,0.01885,0.00000,0.02035,0.97965,True,True,True
94.0882,0.0000,10.2319,-249.5067,0.01896,0.00000,0.02022,0.97978,True,True,True
94.0970,0.0000,10.2349,-249.5259,0.01936,0.00000,0.02008,0.97992,True,True,True
94.1053,0.0000,10.2380,-249.5449,0.01925,0.00000,0.01995,0.98005,True,True,True
94.1138,0.0000,10.2409,-249.5637,0.01903,0.00000,0.01981,0.98019,True,True,True
94.1223,0.0000,10.2439,-249.5826,0.01913,0.00000,0.01968,0.98032,True,True,True
94.1326,0.0000,10.2475,-249.6049,0.02266,0.00000,0.01952,0.98048,True,True,True
94.1408,0.0000,10.2503,-249.6228,0.01804,0.00000,0.01940,0.98060,True,True,True
94.1492,0.0000,10.2531,-249.6404,0.01789,0.00000,0.01928,0.98072,True,True,True
94.1575,0.0000,10.2557,-249.6573,0.01704,0.00000,0.01916,0.98084,True,True,True
94.1657,0.0000,10.2584,-249.6740,0.01690,0.00000,0.01904,0.98096,True,True,True
94.1745,0.0000,10.2611,-249.6910,0.01726,0.00000,0.01892,0.98108,True,True,True
94.1830,0.0000,10.2636,-249.7070,0.01622,0.00000,0.01881,0.98119,True,True,True
94.1917,0.0000,10.2662,-249.7236,0.01679,0.00000,0.01870,0.98130,True,True,True
94.2002,0.0000,10.2687,-249.7390,0.01553,0.00000,0.01859,0.98141,True,True,True
94.2091,0.0000,10.2712,-249.7550,0.01625,0.00000,0.01848,0.98152,True,True,True
94.2174,0.0000,10.2734,-249.7691,0.01429,0.00000,0.01839,0.98161,True,True,True
94.2266,0.0000,10.2759,-249.7845,0.01553,0.00000,0.01828,0.98172,True,True,True
94.2349,0.0000,10.2780,-249.7982,0.01389,0.00000,0.01819,0.98181,True,True,True
94.2438,0.0000,10.2803,-249.8123,0.01429,0.00000,0.01809,0.98191,True,True,True
94.2524,0.0000,10.2823,-249.8255,0.01335,0.00000,0.01800,0.98200,True,True,True
94.2612,0.0000,10.2844,-249.8387,0.01344,0.00000,0.01791,0.98209,True,True,True
94.2702,0.0000,10.2865,-249.8519,0.01329,0.00000,0.01783,0.98217,True,True,True
94.2786,0.0000,10.2884,-249.8637,0.01194,0.00000,0.01775,0.98225,True,True,True
94.2867,0.0000,10.2902,-249.8750,0.01143,0.00000,0.01767,0.98233,True,True,True
94.2954,0.0000,10.2920,-249.8865,0.01171,0.00000,0.01759,0.98241,True,True,True
94.3042,0.0000,10.2938,-249.8978,0.01143,0.00000,0.01752,0.98248,True,True,True
94.3129,0.0000,10.2955,-249.9088,0.01111,0.00000,0.01744,0.98256,True,True,True
94.3215,0.0000,10.2972,-249.9192,0.01054,0.00000,0.01737,0.98263,True,True,True
94.3303,0.0000,10.2988,-249.9295,0.01043,0.00000,0.01731,0.98269,True,True,True
94.3389,0.0000,10.3004,-249.9395,0.01013,0.00000,0.01724,0.98276,True,True,True
94.3492,0.0000,10.3022,-249.9509,0.01154,0.00000,0.01716,0.98284,True,True,True
94.3575,0.0000,10.3036,-249.9598,0.00898,0.00000,0.01711,0.98289,True,True,True
94.3657,0.0000,10.3050,-249.9686,0.00890,0.00000,0.01705,0.98295,True,True,True
94.3743,0.0000,10.3063,-249.9771,0.00865,0.00000,0.01699,0.98301,True,True,True
94.3831,0.0000,10.3063,-249.9771,0.00000,0.00000,0.01699,0.98301,True,True,True
94.3918,0.0000,10.3064,-249.9775,0.00039,0.00000,0.01699,0.98301,True,True,True
94.4000,0.0000,10.3065,-249.9783,0.00080,0.00000,0.01698,0.98302,True,True,True
94.4092,0.0000,10.3067,-249.9796,0.00130,0.00000,0.01698,0.98302,True,True,True
94.4174,0.0000,10.3070,-249.9811,0.00159,0.00000,0.01697,0.98303,True,True,True
94.4265,0.0000,10.3073,-249.9833,0.00216,0.00000,0.01695,0.98305,True,True,True
94.4350,0.0000,10.3077,-249.9856,0.00241,0.00000,0.01694,0.98306,True,True,True
94.4440,0.0000,10.3082,-249.9886,0.00304,0.00000,0.01692,0.98308,True,True,True
94.4527,0.0000,10.3087,-249.9919,0.00329,0.00000,0.01689,0.98311,True,True,True
94.4611,0.0000,10.3093,-249.9955,0.00369,0.00000,0.01687,0.98313,True,True,True
94.4697,0.0000,10.3099,-249.9996,0.00408,0.00000,0.01684,0.98316,True,True,True
94.4790,0.0000,10.3107,-250.0044,0.00491,0.00000,0.01681,0.98319,True,True,True
94.4887,0.0000,10.3115,-250.0098,0.00545,0.00000,0.01678,0.98322,True,True,True
94.4971,0.0000,10.3124,-250.0152,0.00548,0.00000,0.01674,0.98326,True,True,True
94.5059,0.0000,10.3133,-250.0210,0.00584,0.00000,0.01670,0.98330,True,True,True
94.5157,0.0000,10.3144,-250.0282,0.00731,0.00000,0.01666,0.98334,True,True,True
94.5242,0.0000,10.3154,-250.0346,0.00649,0.00000,0.01661,0.98339,True,True,True
94.5325,0.0000,10.3165,-250.0413,0.00677,0.00000,0.01657,0.98343,True,True,True
94.5412,0.0000,10.3177,-250.0488,0.00760,0.00000,0.01652,0.98348,True,True,True
94.5499,0.0000,10.3189,-250.0567,0.00794,0.00000,0.01647,0.98353,True,True,True
94.5590,0.0000,10.3203,-250.0654,0.00884,0.00000,0.01642,0.98358,True,True,True
94.5675,0.0000,10.3216,-250.0740,0.00870,0.00000,0.01636,0.98364,True,True,True
94.5767,0.0000,10.3231,-250.0836,0.00976,0.00000,0.01630,0.98370,True,True,True
94.5856,0.0000,10.3247,-250.0933,0.00982,0.00000,0.01623,0.98377,True,True,True
94.5943,0.0000,10.3263,-250.1034,0.01021,0.00000,0.01617,0.98383,True,True,True
94.6036,0.0000,10.3280,-250.1145,0.01126,0.00000,0.01610,0.98390,True,True,True
94.6117,0.0000,10.3296,-250.1247,0.01032,0.00000,0.01603,0.98397,True,True,True
94.6205,0.0000,10.3314,-250.1360,0.01138,0.00000,0.01596,0.98404,True,True,True
94.6294,0.0000,10.3333,-250.1479,0.01206,0.00000,0.01589,0.98412,True,True,True
94.6380,0.0000,10.3352,-250.1597,0.01200,0.00000,0.01581,0.98419,True,True,True
94.6471,0.0000,10.3372,-250.1725,0.01290,0.00000,0.01573,0.98427,True,True,True
94.6556,0.0000,10.3392,-250.1855,0.01313,0.00000,0.01565,0.98435,True,True,True
94.6659,0.0000,10.3417,-250.2011,0.01585,0.00000,0.01555,0.98445,True,True,True
94.6742,0.0000,10.3438,-250.2144,0.01350,0.00000,0.01546,0.98454,True,True,True
94.6824,0.0000,10.3459,-250.2278,0.01349,0.00000,0.01538,0.98462,True,True,True
94.6912,0.0000,10.3482,-250.2423,0.01475,0.00000,0.01529,0.98471,True,True,True
94.6997,0.0000,10.3505,-250.2570,0.01483,0.00000,0.01520,0.98480,True,True,True
94.7089,0.0000,10.3531,-250.2732,0.01642,0.00000,0.01510,0.98490,True,True,True
94.7177,0.0000,10.3556,-250.2893,0.01633,0.00000,0.01500,0.98500,True,True,True
94.7264,0.0000,10.3581,-250.3053,0.01619,0.00000,0.01490,0.98510,True,True,True
94.7347,0.0000,10.3607,-250.3215,0.01641,0.00000,0.01480,0.98520,True,True,True
94.7442,0.0000,10.3636,-250.3400,0.01871,0.00000,0.01468,0.98532,True,True,True
94.7529,0.0000,10.3663,-250.3573,0.01755,0.00000,0.01458,0.98542,True,True,True
94.7626,0.0000,10.3694,-250.3768,0.01970,0.00000,0.01446,0.98554,True,True,True
94.7707,0.0000,10.3722,-250.3948,0.01823,0.00000,0.01435,0.98565,True,True,True
94.7797,0.0000,10.3753,-250.4140,0.01946,0.00000,0.01423,0.98577,True,True,True
94.7881,0.0000,10.3782,-250.4328,0.01897,0.00000,0.01412,0.98588,True,True,True
94.7974,0.0000,10.3814,-250.4526,0.02008,0.00000,0.01400,0.98600,True,True,True
94.8060,0.0000,10.3845,-250.4723,0.01997,0.00000,0.01388,0.98612,True,True,True
94.8161,0.0000,10.3880,-250.4947,0.02266,0.00000,0.01375,0.98625,True,True,True
94.8242,0.0000,10.3909,-250.5128,0.01832,0.00000,0.01364,0.98636,True,True,True
94.8325,0.0000,10.3937,-250.5311,0.01852,0.00000,0.01353,0.98647,True,True,True
94.8415,0.0000,10.3969,-250.5510,0.02010,0.00000,0.01341,0.98659,True,True,True
94.8496,0.0000,10.3997,-250.5693,0.01857,0.00000,0.01331,0.98669,True,True,True
94.8585,0.0000,10.4029,-250.5892,0.02010,0.00000,0.01319,0.98681,True,True,True
94.8670,0.0000,10.4058,-250.6081,0.01914,0.00000,0.01308,0.98692,True,True,True
94.8765,0.0000,10.4091,-250.6291,0.02133,0.00000,0.01296,0.98704,True,True,True
94.8850,0.0000,10.4121,-250.6481,0.01922,0.00000,0.01285,0.98715,True,True,True
94.8942,0.0000,10.4154,-250.6686,0.02074,0.00000,0.01273,0.98727,True,True,True
94.9029,0.0000,10.4184,-250.6877,0.01928,0.00000,0.01262,0.98738,True,True,True
94.9118,0.0000,10.4215,-250.7075,0.02005,0.00000,0.01251,0.98749,True,True,True
94.9206,0.0000,10.4246,-250.7271,0.01993,0.00000,0.01240,0.98760,True,True,True
94.9295,0.0000,10.4277,-250.7469,0.01997,0.00000,0.01228,0.98772,True,True,True
94.9378,0.0000,10.4306,-250.7656,0.01897,0.00000,0.01218,0.98782,True,True,True
94.9472,0.0000,10.4337,-250.7853,0.01990,0.00000,0.01207,0.98793,True,True,True
94.9555,0.0000,10.4367,-250.8045,0.01948,0.00000,0.01196,0.98804,True,True,True
94.9662,0.0000,10.4404,-250.8278,0.02359,0.00000,0.01183,0.98817,True,True,True
94.9743,0.0000,10.4433,-250.8464,0.01886,0.00000,0.01173,0.98827,True,True,True
94.9826,0.0000,10.4462,-250.8649,0.01874,0.00000,0.01163,0.98837,True,True,True
94.9908,0.0000,10.4491,-250.8831,0.01840,0.00000,0.01153,0.98847,True,True,True
94.9991,0.0000,10.4520,-250.9016,0.01867,0.00000,0.01143,0.98857,True,True,True
95.0079,0.0000,10.4551,-250.9211,0.01982,0.00000,0.01132,0.98868,True,True,True
95.0165,0.0000,10.4581,-250.9403,0.01942,0.00000,0.01122,0.98878,True,True,True
95.0256,0.0000,10.4613,-250.9606,0.02056,0.00000,0.01111,0.98889,True,True,True
95.0342,0.0000,10.4643,-250.9796,0.01923,0.00000,0.01100,0.98900,True,True,True
95.0431,0.0000,10.4674,-250.9995,0.02008,0.00000,0.01090,0.98910,True,True,True
95.0522,0.0000,10.4705,-251.0194,0.02016,0.00000,0.01079,0.98921,True,True,True
95.0605,0.0000,10.4734,-251.0380,0.01886,0.00000,0.01069,0.98931,True,True,True
95.0690,0.0000,10.4764,-251.0569,0.01911,0.00000,0.01059,0.98941,True,True,True
95.0781,0.0000,10.4796,-251.0774,0.02077,0.00000,0.01049,0.98951,True,True,True
95.0867,0.0000,10.4826,-251.0963,0.01912,0.00000,0.01039,0.98961,True,True,True
95.0963,0.0000,10.4858,-251.1171,0.02105,0.00000,0.01028,0.98972,True,True,True
95.1047,0.0000,10.4888,-251.1363,0.01945,0.00000,0.01018,0.98982,True,True,True
95.1133,0.0000,10.4918,-251.1554,0.01935,0.00000,0.01008,0.98992,True,True,True
95.1225,0.0000,10.4948,-251.1745,0.01928,0.00000,0.00998,0.99002,True,True,True
95.1309,0.0000,10.4979,-251.1943,0.02008,0.00000,0.00988,0.99012,True,True,True
95.1396,0.0000,10.5010,-251.2135,0.01943,0.00000,0.00979,0.99021,True,True,True
95.1497,0.0000,10.5045,-251.2360,0.02278,0.00000,0.00967,0.99033,True,True,True
95.1576,0.0000,10.5073,-251.2542,0.01836,0.00000,0.00958,0.99042,True,True,True
95.1661,0.0000,10.5103,-251.2729,0.01894,0.00000,0.00949,0.99051,True,True,True
95.1744,0.0000,10.5131,-251.2913,0.01864,0.00000,0.00940,0.99060,True,True,True
95.1827,0.0000,10.5160,-251.3097,0.01867,0.00000,0.00930,0.99070,True,True,True
95.1916,0.0000,10.5191,-251.3293,0.01983,0.00000,0.00921,0.99079,True,True,True
95.1999,0.0000,10.5220,-251.3480,0.01895,0.00000,0.00912,0.99088,True,True,True
95.2087,0.0000,10.5251,-251.3676,0.01975,0.00000,0.00902,0.99098,True,True,True
95.2173,0.0000,10.5281,-251.3865,0.01918,0.00000,0.00893,0.99107,True,True,True
95.2262,0.0000,10.5312,-251.4063,0.02006,0.00000,0.00883,0.99117,True,True,True
95.2347,0.0000,10.5341,-251.4252,0.01912,0.00000,0.00874,0.99126,True,True,True
95.2437,0.0000,10.5373,-251.4453,0.02029,0.00000,0.00865,0.99135,True,True,True
95.2519,0.0000,10.5402,-251.4636,0.01855,0.00000,0.00856,0.99144,True,True,True
95.2609,0.0000,10.5433,-251.4836,0.02023,0.00000,0.00846,0.99154,True,True,True
95.2700,0.0000,10.5465,-251.5038,0.02043,0.00000,0.00837,0.99163,True,True,True
95.2778,0.0000,10.5492,-251.5212,0.01761,0.00000,0.00829,0.99171,True,True,True
95.2862,0.0000,10.5521,-251.5398,0.01887,0.00000,0.00820,0.99180,True,True,True
95.2955,0.0000,10.5552,-251.5599,0.02031,0.00000,0.00811,0.99189,True,True,True
95.3038,0.0000,10.5582,-251.5789,0.01927,0.00000,0.00802,0.99198,True,True,True
95.3126,0.0000,10.5612,-251.5982,0.01949,0.00000,0.00793,0.99207,True,True,True
95.3208,0.0000,10.5641,-251.6167,0.01878,0.00000,0.00785,0.99215,True,True,True
95.3294,0.0000,10.5671,-251.6358,0.01926,0.00000,0.00776,0.99224,True,True,True
95.3380,0.0000,10.5701,-251.6549,0.01940,0.00000,0.00767,0.99233,True,True,True
95.3466,0.0000,10.5731,-251.6741,0.01943,0.00000,0.00759,0.99241,True,True,True
95.3556,0.0000,10.5761,-251.6935,0.01964,0.00000,0.00750,0.99250,True,True,True
95.3645,0.0000,10.5792,-251.7135,0.02017,0.00000,0.00741,0.99259,True,True,True
95.3732,0.0000,10.5822,-251.7327,0.01951,0.00000,0.00733,0.99267,True,True,True
95.3828,0.0000,10.5857,-251.7546,0.02213,0.00000,0.00723,0.99277,True,True,True
95.3911,0.0000,10.5885,-251.7730,0.01864,0.00000,0.00715,0.99285,True,True,True
95.3996,0.0000,10.5915,-251.7918,0.01904,0.00000,0.00707,0.99293,True,True,True
95.4078,0.0000,10.5943,-251.8100,0.01844,0.00000,0.00699,0.99301,True,True,True
95.4161,0.0000,10.5972,-251.8286,0.01881,0.00000,0.00691,0.99309,True,True,True
95.4247,0.0000,10.6002,-251.8476,0.01923,0.00000,0.00683,0.99317,True,True,True
95.4332,0.0000,10.6031,-251.8664,0.01898,0.00000,0.00675,0.99325,True,True,True
95.4423,0.0000,10.6063,-251.8867,0.02057,0.00000,0.00666,0.99334,True,True,True
95.4508,0.0000,10.6093,-251.9057,0.01921,0.00000,0.00658,0.99342,True,True,True
95.4600,0.0000,10.6124,-251.9256,0.02019,0.00000,0.00650,0.99350,True,True,True
95.4683,0.0000,10.6153,-251.9444,0.01903,0.00000,0.00642,0.99358,True,True,True
95.4772,0.0000,10.6184,-251.9643,0.02014,0.00000,0.00634,0.99366,True,True,True
95.4862,0.0000,10.6215,-251.9843,0.02019,0.00000,0.00626,0.99374,True,True,True
95.4945,0.0000,10.6244,-252.0023,0.01830,0.00000,0.00618,0.99382,True,True,True
95.5027,0.0000,10.6273,-252.0210,0.01884,0.00000,0.00611,0.99389,True,True,True
95.5116,0.0000,10.6304,-252.0410,0.02023,0.00000,0.00603,0.99397,True,True,True
95.5203,0.0000,10.6334,-252.0602,0.01946,0.00000,0.00595,0.99405,True,True,True
95.5290,0.0000,10.6364,-252.0795,0.01958,0.00000,0.00587,0.99413,True,True,True
95.5375,0.0000,10.6393,-252.0984,0.01910,0.00000,0.00580,0.99420,True,True,True
95.5462,0.0000,10.6423,-252.1177,0.01952,0.00000,0.00572,0.99428,True,True,True
95.5546,0.0000,10.6452,-252.1364,0.01895,0.00000,0.00565,0.99435,True,True,True
95.5633,0.0000,10.6483,-252.1558,0.01966,0.00000,0.00558,0.99442,True,True,True
95.5717,0.0000,10.6512,-252.1746,0.01896,0.00000,0.00550,0.99450,True,True,True
95.5807,0.0000,10.6542,-252.1942,0.01986,0.00000,0.00543,0.99457,True,True,True
95.5892,0.0000,10.6572,-252.2133,0.01932,0.00000,0.00536,0.99464,True,True,True
95.5995,0.0000,10.6608,-252.2363,0.02332,0.00000,0.00527,0.99473,True,True,True
95.6079,0.0000,10.6637,-252.2550,0.01890,0.00000,0.00520,0.99480,True,True,True
95.6161,0.0000,10.6665,-252.2731,0.01836,0.00000,0.00513,0.99487,True,True,True
95.6245,0.0000,10.6694,-252.2918,0.01889,0.00000,0.00506,0.99494,True,True,True
95.6327,0.0000,10.6723,-252.3102,0.01856,0.00000,0.00500,0.99500,True,True,True
95.6417,0.0000,10.6754,-252.3299,0.02000,0.00000,0.00492,0.99508,True,True,True
95.6503,0.0000,10.6784,-252.3491,0.01946,0.00000,0.00485,0.99515,True,True,True
95.6592,0.0000,10.6815,-252.3691,0.02023,0.00000,0.00478,0.99522,True,True,True
95.6679,0.0000,10.6845,-252.3882,0.01929,0.00000,0.00471,0.99529,True,True,True
95.6768,0.0000,10.6876,-252.4082,0.02026,0.00000,0.00464,0.99536,True,True,True
95.6853,0.0000,10.6905,-252.4270,0.01899,0.00000,0.00458,0.99542,True,True,True
95.6942,0.0000,10.6936,-252.4468,0.02011,0.00000,0.00451,0.99549,True,True,True
95.7032,0.0000,10.6967,-252.4668,0.02020,0.00000,0.00444,0.99556,True,True,True
95.7113,0.0000,10.6995,-252.4850,0.01839,0.00000,0.00438,0.99562,True,True,True
95.7199,0.0000,10.7024,-252.5036,0.01886,0.00000,0.00431,0.99569,True,True,True
95.7289,0.0000,10.7056,-252.5240,0.02069,0.00000,0.00424,0.99576,True,True,True
95.7374,0.0000,10.7085,-252.5429,0.01904,0.00000,0.00418,0.99582,True,True,True
95.7462,0.0000,10.7115,-252.5623,0.01972,0.00000,0.00411,0.99589,True,True,True
95.7550,0.0000,10.7146,-252.5820,0.01987,0.00000,0.00405,0.99595,True,True,True
95.7641,0.0000,10.7176,-252.6014,0.01964,0.00000,0.00398,0.99602,True,True,True
95.7725,0.0000,10.7206,-252.6205,0.01929,0.00000,0.00392,0.99608,True,True,True
95.7830,0.0000,10.7242,-252.6438,0.02364,0.00000,0.00385,0.99615,True,True,True
95.7912,0.0000,10.7271,-252.6624,0.01881,0.00000,0.00379,0.99621,True,True,True
95.7994,0.0000,10.7299,-252.6808,0.01865,0.00000,0.00373,0.99627,True,True,True
95.8079,0.0000,10.7328,-252.6995,0.01887,0.00000,0.00367,0.99633,True,True,True
95.8161,0.0000,10.7357,-252.7179,0.01861,0.00000,0.00361,0.99639,True,True,True
95.8246,0.0000,10.7386,-252.7368,0.01919,0.00000,0.00355,0.99645,True,True,True
95.8331,0.0000,10.7415,-252.7556,0.01904,0.00000,0.00349,0.99651,True,True,True
95.8423,0.0000,10.7447,-252.7759,0.02048,0.00000,0.00343,0.99657,True,True,True
95.8507,0.0000,10.7476,-252.7949,0.01929,0.00000,0.00337,0.99663,True,True,True
95.8598,0.0000,10.7507,-252.8148,0.02015,0.00000,0.00331,0.99669,True,True,True
95.8680,0.0000,10.7536,-252.8334,0.01878,0.00000,0.00326,0.99674,True,True,True
95.8771,0.0000,10.7567,-252.8536,0.02048,0.00000,0.00320,0.99680,True,True,True
95.8856,0.0000,10.7596,-252.8723,0.01887,0.00000,0.00314,0.99686,True,True,True
95.8948,0.0000,10.7628,-252.8928,0.02074,0.00000,0.00308,0.99692,True,True,True
95.9030,0.0000,10.7656,-252.9111,0.01850,0.00000,0.00303,0.99697,True,True,True
95.9124,0.0000,10.7688,-252.9314,0.02057,0.00000,0.00297,0.99703,True,True,True
95.9217,0.0000,10.7721,-252.9527,0.02153,0.00000,0.00291,0.99709,True,True,True
95.9302,0.0000,10.7751,-252.9717,0.01926,0.00000,0.00286,0.99714,True,True,True
95.9391,0.0000,10.7780,-252.9908,0.01935,0.00000,0.00281,0.99719,True,True,True
95.9478,0.0000,10.7811,-253.0107,0.02018,0.00000,0.00275,0.99725,True,True,True
95.9563,0.0000,10.7840,-253.0296,0.01905,0.00000,0.00270,0.99730,True,True,True
95.9665,0.0000,10.7875,-253.0520,0.02268,0.00000,0.00264,0.99736,True,True,True
95.9746,0.0000,10.7903,-253.0702,0.01844,0.00000,0.00259,0.99741,True,True,True
95.9830,0.0000,10.7932,-253.0888,0.01885,0.00000,0.00254,0.99746,True,True,True
95.9915,0.0000,10.7961,-253.1077,0.01907,0.00000,0.00249,0.99751,True,True,True
95.9998,0.0000,10.7990,-253.1262,0.01878,0.00000,0.00245,0.99755,True,True,True
96.0088,0.0000,10.8021,-253.1465,0.02049,0.00000,0.00239,0.99761,True,True,True
96.0175,0.0000,10.8050,-253.1656,0.01935,0.00000,0.00234,0.99766,True,True,True
96.0266,0.0000,10.8081,-253.1857,0.02032,0.00000,0.00229,0.99771,True,True,True
96.0353,0.0000,10.8111,-253.2050,0.01956,0.00000,0.00225,0.99775,True,True,True
96.0433,0.0000,10.8139,-253.2231,0.01828,0.00000,0.00220,0.99780,True,True,True
96.0519,0.0000,10.8169,-253.2421,0.01924,0.00000,0.00215,0.99785,True,True,True
96.0609,0.0000,10.8199,-253.2620,0.02015,0.00000,0.00211,0.99789,True,True,True
96.0695,0.0000,10.8229,-253.2812,0.01939,0.00000,0.00206,0.99794,True,True,True
96.0784,0.0000,10.8259,-253.3008,0.01981,0.00000,0.00201,0.99799,True,True,True
96.0868,0.0000,10.8289,-253.3197,0.01915,0.00000,0.00197,0.99803,True,True,True
96.0959,0.0000,10.8320,-253.3399,0.02043,0.00000,0.00192,0.99808,True,True,True
96.1044,0.0000,10.8349,-253.3589,0.01925,0.00000,0.00188,0.99812,True,True,True
96.1131,0.0000,10.8379,-253.3783,0.01969,0.00000,0.00184,0.99816,True,True,True
96.1217,0.0000,10.8408,-253.3972,0.01908,0.00000,0.00179,0.99821,True,True,True
96.1302,0.0000,10.8438,-253.4164,0.01941,0.00000,0.00175,0.99825,True,True,True
96.1389,0.0000,10.8468,-253.4356,0.01944,0.00000,0.00171,0.99829,True,True,True
96.1496,0.0000,10.8505,-253.4594,0.02406,0.00000,0.00166,0.99834,True,True,True
96.1579,0.0000,10.8533,-253.4779,0.01874,0.00000,0.00162,0.99838,True,True,True
96.1664,0.0000,10.8562,-253.4965,0.01887,0.00000,0.00158,0.99842,True,True,True
96.1747,0.0000,10.8591,-253.5150,0.01873,0.00000,0.00154,0.99846,True,True,True
96.1829,0.0000,10.8619,-253.5334,0.01859,0.00000,0.00150,0.99850,True,True,True
96.1916,0.0000,10.8649,-253.5528,0.01958,0.00000,0.00147,0.99853,True,True,True
96.2001,0.0000,10.8678,-253.5717,0.01917,0.00000,0.00143,0.99857,True,True,True
96.2092,0.0000,10.8709,-253.5919,0.02046,0.00000,0.00139,0.99861,True,True,True
96.2180,0.0000,10.8739,-253.6114,0.01973,0.00000,0.00135,0.99865,True,True,True
96.2271,0.0000,10.8770,-253.6316,0.02041,0.00000,0.00131,0.99869,True,True,True
96.2356,0.0000,10.8799,-253.6506,0.01917,0.00000,0.00128,0.99872,True,True,True
96.2448,0.0000,10.8831,-253.6710,0.02070,0.00000,0.00124,0.99876,True,True,True
96.2542,0.0000,10.8862,-253.6917,0.02090,0.00000,0.00120,0.99880,True,True,True
96.2629,0.0000,10.8892,-253.7111,0.01961,0.00000,0.00116,0.99884,True,True,True
96.2715,0.0000,10.8922,-253.7303,0.01942,0.00000,0.00113,0.99887,True,True,True
96.2802,0.0000,10.8952,-253.7498,0.01982,0.00000,0.00110,0.99890,True,True,True
96.2887,0.0000,10.8981,-253.7689,0.01924,0.00000,0.00106,0.99894,True,True,True
96.2976,0.0000,10.9011,-253.7882,0.01953,0.00000,0.00103,0.99897,True,True,True
96.3060,0.0000,10.9040,-253.8071,0.01917,0.00000,0.00100,0.99900,True,True,True
96.3164,0.0000,10.9076,-253.8302,0.02340,0.00000,0.00096,0.99904,True,True,True
96.3249,0.0000,10.9104,-253.8489,0.01884,0.00000,0.00093,0.99907,True,True,True
96.3330,0.0000,10.9133,-253.8673,0.01863,0.00000,0.00090,0.99910,True,True,True
96.3413,0.0000,10.9161,-253.8856,0.01851,0.00000,0.00087,0.99913,True,True,True
96.3496,0.0000,10.9190,-253.9041,0.01874,0.00000,0.00084,0.99916,True,True,True
96.3586,0.0000,10.9220,-253.9240,0.02016,0.00000,0.00081,0.99919,True,True,True
96.3676,0.0000,10.9251,-253.9441,0.02029,0.00000,0.00078,0.99922,True,True,True
96.3760,0.0000,10.9280,-253.9626,0.01871,0.00000,0.00076,0.99924,True,True,True
96.3846,0.0000,10.9309,-253.9819,0.01956,0.00000,0.00073,0.99927,True,True,True
96.3937,0.0000,10.9340,-254.0021,0.02044,0.00000,0.00070,0.99930,True,True,True
96.4023,0.0000,10.9370,-254.0212,0.01928,0.00000,0.00067,0.99933,True,True,True
96.4115,0.0000,10.9401,-254.0419,0.02099,0.00000,0.00065,0.99935,True,True,True
96.4200,0.0000,10.9430,-254.0606,0.01886,0.00000,0.00062,0.99938,True,True,True
96.4290,0.0000,10.9461,-254.0809,0.02055,0.00000,0.00059,0.99941,True,True,True
96.4377,0.0000,10.9491,-254.1000,0.01939,0.00000,0.00057,0.99943,True,True,True
96.4467,0.0000,10.9521,-254.1200,0.02018,0.00000,0.00054,0.99946,True,True,True
96.4549,0.0000,10.9549,-254.1384,0.01863,0.00000,0.00052,0.99948,True,True,True
96.4641,0.0000,10.9580,-254.1585,0.02038,0.00000,0.00050,0.99950,True,True,True
96.4728,0.0000,10.9610,-254.1776,0.01933,0.00000,0.00048,0.99952,True,True,True
96.4813,0.0000,10.9639,-254.1970,0.01961,0.00000,0.00045,0.99955,True,True,True
96.4915,0.0000,10.9674,-254.2194,0.02265,0.00000,0.00043,0.99957,True,True,True
96.4999,0.0000,10.9703,-254.2384,0.01919,0.00000,0.00041,0.99959,True,True,True
96.5080,0.0000,10.9730,-254.2563,0.01811,0.00000,0.00039,0.99961,True,True,True
96.5162,0.0000,10.9758,-254.2747,0.01862,0.00000,0.00037,0.99963,True,True,True
96.5252,0.0000,10.9789,-254.2946,0.02018,0.00000,0.00035,0.99965,True,True,True
96.5337,0.0000,10.9818,-254.3136,0.01922,0.00000,0.00033,0.99967,True,True,True
96.5427,0.0000,10.9849,-254.3337,0.02035,0.00000,0.00031,0.99969,True,True,True
96.5516,0.0000,10.9878,-254.3530,0.01947,0.00000,0.00030,0.99970,True,True,True
96.5606,0.0000,10.9909,-254.3731,0.02039,0.00000,0.00028,0.99972,True,True,True
96.5690,0.0000,10.9938,-254.3921,0.01920,0.00000,0.00026,0.99974,True,True,True
96.5781,0.0000,10.9970,-254.4124,0.02052,0.00000,0.00024,0.99976,True,True,True
96.5873,0.0000,11.0001,-254.4326,0.02050,0.00000,0.00023,0.99977,True,True,True
96.5958,0.0000,11.0029,-254.4513,0.01885,0.00000,0.00021,0.99979,True,True,True
96.6042,0.0000,11.0058,-254.4703,0.01928,0.00000,0.00020,0.99980,True,True,True
96.6128,0.0000,11.0088,-254.4894,0.01931,0.00000,0.00018,0.99982,True,True,True
96.6215,0.0000,11.0117,-254.5088,0.01959,0.00000,0.00017,0.99983,True,True,True
96.6301,0.0000,11.0146,-254.5279,0.01934,0.00000,0.00016,0.99984,True,True,True
96.6386,0.0000,11.0175,-254.5469,0.01922,0.00000,0.00015,0.99985,True,True,True
96.6472,0.0000,11.0205,-254.5659,0.01925,0.00000,0.00013,0.99987,True,True,True
96.6558,0.0000,11.0233,-254.5849,0.01920,0.00000,0.00012,0.99988,True,True,True
96.6662,0.0000,11.0269,-254.6083,0.02366,0.00000,0.00011,0.99989,True,True,True
96.6746,0.0000,11.0298,-254.6269,0.01879,0.00000,0.00010,0.99990,True,True,True
96.6829,0.0000,11.0326,-254.6454,0.01872,0.00000,0.00009,0.99991,True,True,True
96.6912,0.0000,11.0354,-254.6639,0.01872,0.00000,0.00008,0.99992,True,True,True
96.6996,0.0000,11.0382,-254.6825,0.01880,0.00000,0.00007,0.99993,True,True,True
96.7080,0.0000,11.0411,-254.7013,0.01905,0.00000,0.00006,0.99994,True,True,True
96.7166,0.0000,11.0440,-254.7204,0.01931,0.00000,0.00006,0.99994,True,True,True
96.7258,0.0000,11.0471,-254.7406,0.02039,0.00000,0.00005,0.99995,True,True,True
96.7341,0.0000,11.0500,-254.7593,0.01900,0.00000,0.00004,0.99996,True,True,True
96.7430,0.0000,11.0530,-254.7790,0.01987,0.00000,0.00003,0.99997,True,True,True
96.7514,0.0000,11.0559,-254.7978,0.01903,0.00000,0.00003,0.99997,True,True,True
96.7605,0.0000,11.0589,-254.8179,0.02039,0.00000,0.00002,0.99998,True,True,True
96.7687,0.0000,11.0617,-254.8364,0.01863,0.00000,0.00002,0.99998,True,True,True
96.7785,0.0000,11.0649,-254.8573,0.02121,0.00000,0.00001,0.99999,True,True,True
96.7868,0.0000,11.0679,-254.8764,0.01928,0.00000,0.00001,0.99999,True,True,True
96.7956,0.0000,11.0708,-254.8960,0.01982,0.00000,0.00001,0.99999,True,True,True
96.8043,0.0000,11.0738,-254.9154,0.01965,0.00000,0.00001,0.99999,True,True,True
96.8129,0.0000,11.0767,-254.9343,0.01916,0.00000,0.00000,1.00000,True,True,True
96.8213,0.0000,11.0796,-254.9532,0.01909,0.00000,0.00000,1.00000,True,True,True
96.8298,0.0000,11.0825,-254.9722,0.01919,0.00000,0.00000,1.00000,True,True,True
96.8385,0.0000,11.0854,-254.9914,0.01943,0.00000,0.00000,1.00000,True,True,True
96.8472,0.0000,11.0883,-255.0105,0.01928,0.00000,0.00000,1.00000,True,True,True
96.8556,0.0000,11.0912,-255.0296,0.01932,0.00000,0.00000,1.00000,True,True,True
96.8664,0.0000,11.0949,-255.0536,0.02432,0.00000,0.00000,1.00000,True,True,True
96.8748,0.0000,11.0977,-255.0721,0.01869,0.00000,0.00000,1.00000,True,True,True
96.8831,0.0000,11.1005,-255.0904,0.01849,0.00000,0.00000,1.00000,True,True,True
96.8913,0.0000,11.1033,-255.1089,0.01880,0.00000,0.00000,1.00000,True,True,True
96.8996,0.0000,11.1061,-255.1274,0.01869,0.00000,0.00000,1.00000,True,True,True
96.9079,0.0000,11.1089,-255.1458,0.01861,0.00000,0.00000,1.00000,True,True,True
96.9162,0.0000,11.1117,-255.1643,0.01871,0.00000,0.00000,1.00000,True,True,True
96.9250,0.0000,11.1147,-255.1839,0.01980,0.00000,0.00000,1.00000,True,True,True
96.9334,0.0000,11.1175,-255.2025,0.01877,0.00000,0.00000,1.00000,True,True,True
96.9422,0.0000,11.1204,-255.2219,0.01963,0.00000,0.00000,1.00000,True,True,True
96.9507,0.0000,11.1234,-255.2410,0.01937,0.00000,0.00000,1.00000,True,True,True
96.9596,0.0000,11.1264,-255.2608,0.02000,0.00000,0.00000,1.00000,True,True,True
96.9682,0.0000,11.1292,-255.2796,0.01903,0.00000,0.00000,1.00000,True,True,True
96.9769,0.0000,11.1322,-255.2992,0.01979,0.00000,0.00000,1.00000,True,True,True
96.9853,0.0000,11.1351,-255.3180,0.01909,0.00000,0.00000,1.00000,True,True,True
96.9943,0.0000,11.1381,-255.3379,0.02005,0.00000,0.00000,1.00000,True,True,True
97.0026,0.0000,11.1409,-255.3561,0.01847,0.00000,0.00000,1.00000,True,True,True
97.0115,0.0000,11.1439,-255.3762,0.02034,0.00000,0.00000,1.00000,True,True,True
97.0204,0.0000,11.1469,-255.3959,0.01985,0.00000,0.00000,1.00000,True,True,True
97.0283,0.0000,11.1496,-255.4138,0.01814,0.00000,0.00000,1.00000,True,True,True
97.0366,0.0000,11.1524,-255.4323,0.01872,0.00000,0.00000,1.00000,True,True,True
97.0457,0.0000,11.1554,-255.4521,0.02002,0.00000,0.00000,1.00000,True,True,True
97.0541,0.0000,11.1583,-255.4709,0.01903,0.00000,0.00000,1.00000,True,True,True
97.0626,0.0000,11.1612,-255.4901,0.01942,0.00000,0.00000,1.00000,True,True,True
97.0711,0.0000,11.1641,-255.5089,0.01900,0.00000,0.00000,1.00000,True,True,True
97.0797,0.0000,11.1670,-255.5280,0.01931,0.00000,0.00000,1.00000,True,True,True
97.0881,0.0000,11.1698,-255.5468,0.01900,0.00000,0.00000,1.00000,True,True,True
97.0966,0.0000,11.1727,-255.5657,0.01917,0.00000,0.00000,1.00000,True,True,True
97.1051,0.0000,11.1755,-255.5843,0.01881,0.00000,0.00000,1.00000,True,True,True
97.1135,0.0000,11.1783,-255.6027,0.01858,0.00000,0.00000,1.00000,True,True,True
97.1217,0.0000,11.1809,-255.6201,0.01759,0.00000,0.00000,1.00000,True,True,True
97.1302,0.0000,11.1836,-255.6379,0.01801,0.00000,0.00000,1.00000,True,True,True
97.1391,0.0000,11.1862,-255.6552,0.01747,0.00000,0.00000,1.00000,True,True,True
97.1471,0.0000,11.1887,-255.6719,0.01696,0.00000,0.00000,1.00000,True,True,True
97.1556,0.0000,11.1912,-255.6882,0.01645,0.00000,0.00000,1.00000,True,True,True
97.1642,0.0000,11.1936,-255.7044,0.01637,0.00000,0.00000,1.00000,True,True,True
97.1729,0.0000,11.1960,-255.7203,0.01607,0.00000,0.00000,1.00000,True,True,True
97.1811,0.0000,11.1984,-255.7356,0.01554,0.00000,0.00000,1.00000,True,True,True
97.1899,0.0000,11.2007,-255.7507,0.01523,0.00000,0.00000,1.00000,True,True,True
97.1998,0.0000,11.2033,-255.7679,0.01745,0.00000,0.00000,1.00000,True,True,True
97.2081,0.0000,11.2054,-255.7818,0.01404,0.00000,0.00000,1.00000,True,True,True
97.2163,0.0000,11.2074,-255.7951,0.01340,0.00000,0.00000,1.00000,True,True,True
97.2245,0.0000,11.2094,-255.8082,0.01332,0.00000,0.00000,1.00000,True,True,True
97.2329,0.0000,11.2113,-255.8211,0.01298,0.00000,0.00000,1.00000,True,True,True
97.2414,0.0000,11.2132,-255.8336,0.01272,0.00000,0.00000,1.00000,True,True,True
97.2497,0.0000,11.2150,-255.8457,0.01224,0.00000,0.00000,1.00000,True,True,True
97.2588,0.0000,11.2169,-255.8583,0.01267,0.00000,0.00000,1.00000,True,True,True
97.2670,0.0000,11.2187,-255.8697,0.01153,0.00000,0.00000,1.00000,True,True,True
97.2760,0.0000,11.2204,-255.8815,0.01191,0.00000,0.00000,1.00000,True,True,True
97.2843,0.0000,11.2220,-255.8920,0.01068,0.00000,0.00000,1.00000,True,True,True
97.2933,0.0000,11.2237,-255.9031,0.01125,0.00000,0.00000,1.00000,True,True,True
97.3017,0.0000,11.2252,-255.9131,0.01003,0.00000,0.00000,1.00000,True,True,True
97.3107,0.0000,11.2268,-255.9235,0.01060,0.00000,0.00000,1.00000,True,True,True
97.3189,0.0000,11.2282,-255.9327,0.00923,0.00000,0.00000,1.00000,True,True,True
97.3279,0.0000,11.2297,-255.9424,0.00988,0.00000,0.00000,1.00000,True,True,True
97.3368,0.0000,11.2311,-255.9517,0.00934,0.00000,0.00000,1.00000,True,True,True
97.3447,0.0000,11.2323,-255.9596,0.00806,0.00000,0.00000,1.00000,True,True,True
97.3531,0.0000,11.2335,-255.9680,0.00846,0.00000,0.00000,1.00000,True,True,True
97.3619,0.0000,11.2348,-255.9764,0.00852,0.00000,0.00000,1.00000,True,True,True
97.3703,0.0000,11.2348,-255.9764,0.00000,0.00000,0.00000,1.00000,True,True,True
97.3972,0.0000,11.2347,-255.9759,0.00052,0.00000,0.00000,1.00000,True,True,True
97.4055,0.0000,11.2346,-255.9749,0.00105,0.00000,0.00000,1.00000,True,True,True
97.4138,0.0000,11.2343,-255.9733,0.00157,0.00000,0.00000,1.00000,True,True,True
97.4234,0.0000,11.2340,-255.9709,0.00247,0.00000,0.00000,1.00000,True,True,True
97.4336,0.0000,11.2334,-255.9674,0.00346,0.00000,0.00000,1.00000,True,True,True
97.4418,0.0000,11.2330,-255.9642,0.00332,0.00000,0.00000,1.00000,True,True,True
97.4502,0.0000,11.2324,-255.9603,0.00387,0.00000,0.00000,1.00000,True,True,True
97.4588,0.0000,11.2317,-255.9559,0.00449,0.00000,0.00000,1.00000,True,True,True
97.4675,0.0000,11.2309,-255.9507,0.00523,0.00000,0.00000,1.00000,True,True,True
97.4767,0.0000,11.2300,-255.9448,0.00597,0.00000,0.00000,1.00000,True,True,True
97.4854,0.0000,11.2292,-255.9393,0.00562,0.00000,0.00000,1.00000,True,True,True
97.4945,0.0000,11.2283,-255.9334,0.00591,0.00000,0.00000,1.00000,True,True,True
97.5032,0.0000,11.2275,-255.9278,0.00565,0.00000,0.00000,1.00000,True,True,True
97.5124,0.0000,11.2266,-255.9220,0.00593,0.00000,0.00000,1.00000,True,True,True
97.5212,0.0000,11.2257,-255.9163,0.00573,0.00000,0.00000,1.00000,True,True,True
97.5300,0.0000,11.2249,-255.9107,0.00568,0.00000,0.00000,1.00000,True,True,True
97.5387,0.0000,11.2240,-255.9051,0.00565,0.00000,0.00000,1.00000,True,True,True
97.5476,0.0000,11.2232,-255.8994,0.00577,0.00000,0.00000,1.00000,True,True,True
97.5568,0.0000,11.2223,-255.8938,0.00569,0.00000,0.00000,1.00000,True,True,True
97.5670,0.0000,11.2213,-255.8871,0.00676,0.00000,0.00000,1.00000,True,True,True
97.5751,0.0000,11.2205,-255.8818,0.00537,0.00000,0.00000,1.00000,True,True,True
97.5836,0.0000,11.2197,-255.8764,0.00542,0.00000,0.00000,1.00000,True,True,True
97.5928,0.0000,11.2187,-255.8698,0.00665,0.00000,0.00000,1.00000,True,True,True
97.6015,0.0000,11.2177,-255.8631,0.00684,0.00000,0.00000,1.00000,True,True,True
97.6110,0.0000,11.2165,-255.8551,0.00807,0.00000,0.00000,1.00000,True,True,True
97.6194,0.0000,11.2153,-255.8475,0.00773,0.00000,0.00000,1.00000,True,True,True
97.6286,0.0000,11.2139,-255.8385,0.00909,0.00000,0.00000,1.00000,True,True,True
97.6372,0.0000,11.2126,-255.8295,0.00907,0.00000,0.00000,1.00000,True,True,True
97.6468,0.0000,11.2110,-255.8189,0.01068,0.00000,0.00000,1.00000,True,True,True
97.6572,0.0000,11.2093,-255.8076,0.01147,0.00000,0.00000,1.00000,True,True,True
97.6670,0.0000,11.2072,-255.7942,0.01360,0.00000,0.00000,1.00000,True,True,True
97.6752,0.0000,11.2056,-255.7834,0.01086,0.00000,0.00000,1.00000,True,True,True
97.6835,0.0000,11.2039,-255.7719,0.01170,0.00000,0.00000,1.00000,True,True,True
97.6925,0.0000,11.2019,-255.7589,0.01309,0.00000,0.00000,1.00000,True,True,True
97.7013,0.0000,11.1999,-255.7456,0.01350,0.00000,0.00000,1.00000,True,True,True
97.7104,0.0000,11.1977,-255.7310,0.01469,0.00000,0.00000,1.00000,True,True,True
97.7190,0.0000,11.1955,-255.7168,0.01443,0.00000,0.00000,1.00000,True,True,True
97.7287,0.0000,11.1931,-255.7010,0.01593,0.00000,0.00000,1.00000,True,True,True
97.7372,0.0000,11.1907,-255.6849,0.01630,0.00000,0.00000,1.00000,True,True,True
97.7471,0.0000,11.1880,-255.6673,0.01776,0.00000,0.00000,1.00000,True,True,True
97.7556,0.0000,11.1855,-255.6502,0.01733,0.00000,0.00000,1.00000,True,True,True
97.7651,0.0000,11.1828,-255.6324,0.01798,0.00000,0.00000,1.00000,True,True,True
97.7739,0.0000,11.1799,-255.6135,0.01911,0.00000,0.00000,1.00000,True,True,True
97.7837,0.0000,11.1767,-255.5924,0.02142,0.00000,0.00000,1.00000,True,True,True
97.7920,0.0000,11.1739,-255.5742,0.01841,0.00000,0.00000,1.00000,True,True,True
97.8005,0.0000,11.1711,-255.5553,0.01911,0.00000,0.00000,1.00000,True,True,True
97.8104,0.0000,11.1678,-255.5332,0.02228,0.00000,0.00000,1.00000,True,True,True
97.8191,0.0000,11.1645,-255.5115,0.02199,0.00000,0.00000,1.00000,True,True,True
97.8285,0.0000,11.1610,-255.4886,0.02317,0.00000,0.00000,1.00000,True,True,True
97.8373,0.0000,11.1575,-255.4659,0.02300,0.00000,0.00000,1.00000,True,True,True
97.8470,0.0000,11.1538,-255.4416,0.02452,0.00000,0.00000,1.00000,True,True,True
97.8557,0.0000,11.1502,-255.4177,0.02415,0.00000,0.00000,1.00000,True,True,True
97.8645,0.0000,11.1465,-255.3934,0.02462,0.00000,0.00000,1.00000,True,True,True
97.8733,0.0000,11.1429,-255.3694,0.02425,0.00000,0.00000,1.00000,True,True,True
97.8839,0.0000,11.1382,-255.3387,0.03104,0.00000,0.00000,1.00000,True,True,True
97.8923,0.0000,11.1345,-255.3141,0.02494,0.00000,0.00000,1.00000,True,True,True
97.9004,0.0000,11.1307,-255.2893,0.02503,0.00000,0.00000,1.00000,True,True,True
97.9087,0.0000,11.1269,-255.2640,0.02559,0.00000,0.00000,1.00000,True,True,True
97.9170,0.0000,11.1229,-255.2383,0.02604,0.00000,0.00000,1.00000,True,True,True
97.9259,0.0000,11.1187,-255.2101,0.02849,0.00000,0.00000,1.00000,True,True,True
97.9344,0.0000,11.1145,-255.1826,0.02784,0.00000,0.00000,1.00000,True,True,True
97.9435,0.0000,11.1099,-255.1527,0.03025,0.00000,0.00000,1.00000,True,True,True
97.9519,0.0000,11.1056,-255.1239,0.02915,0.00000,0.00000,1.00000,True,True,True
97.9612,0.0000,11.1007,-255.0918,0.03247,0.00000,0.00000,1.00000,True,True,True
97.9697,0.0000,11.0961,-255.0616,0.03047,0.00000,0.00000,1.00000,True,True,True
97.9789,0.0000,11.0911,-255.0290,0.03300,0.00000,0.00000,1.00000,True,True,True
97.9874,0.0000,11.0865,-254.9983,0.03110,0.00000,0.00000,1.00000,True,True,True
97.9964,0.0000,11.0813,-254.9647,0.03399,0.00000,0.00000,1.00000,True,True,True
98.0057,0.0000,11.0761,-254.9307,0.03433,0.00000,0.00000,1.00000,True,True,True
98.0140,0.0000,11.0712,-254.8985,0.03258,0.00000,0.00001,0.99999,True,True,True
98.0223,0.0000,11.0661,-254.8652,0.03373,0.00000,0.00001,0.99999,True,True,True
98.0308,0.0000,11.0610,-254.8314,0.03414,0.00000,0.00002,0.99998,True,True,True
98.0396,0.0000,11.0556,-254.7964,0.03546,0.00000,0.00003,0.99997,True,True,True
98.0487,0.0000,11.0500,-254.7597,0.03711,0.00000,0.00004,0.99996,True,True,True
98.0574,0.0000,11.0444,-254.7228,0.03729,0.00000,0.00005,0.99995,True,True,True
98.0676,0.0000,11.0379,-254.6802,0.04314,0.00000,0.00007,0.99993,True,True,True
98.0759,0.0000,11.0324,-254.6443,0.03627,0.00000,0.00009,0.99991,True,True,True
98.0841,0.0000,11.0269,-254.6083,0.03647,0.00000,0.00011,0.99989,True,True,True
98.0923,0.0000,11.0214,-254.5720,0.03666,0.00000,0.00013,0.99987,True,True,True
98.1007,0.0000,11.0157,-254.5347,0.03777,0.00000,0.00015,0.99985,True,True,True
98.1098,0.0000,11.0094,-254.4933,0.04191,0.00000,0.00018,0.99982,True,True,True
98.1188,0.0000,11.0030,-254.4516,0.04210,0.00000,0.00021,0.99979,True,True,True
98.1270,0.0000,10.9970,-254.4128,0.03926,0.00000,0.00024,0.99976,True,True,True
98.1355,0.0000,10.9909,-254.3727,0.04062,0.00000,0.00028,0.99972,True,True,True
98.1448,0.0000,10.9840,-254.3281,0.04509,0.00000,0.00032,0.99968,True,True,True
98.1532,0.0000,10.9778,-254.2872,0.04139,0.00000,0.00036,0.99964,True,True,True
98.1627,0.0000,10.9707,-254.2412,0.04659,0.00000,0.00041,0.99959,True,True,True
98.1709,0.0000,10.9642,-254.1989,0.04278,0.00000,0.00045,0.99955,True,True,True
98.1801,0.0000,10.9572,-254.1532,0.04620,0.00000,0.00050,0.99950,True,True,True
98.1888,0.0000,10.9503,-254.1082,0.04554,0.00000,0.00056,0.99944,True,True,True
98.1974,0.0000,10.9434,-254.0630,0.04568,0.00000,0.00062,0.99938,True,True,True
98.2059,0.0000,10.9366,-254.0187,0.04483,0.00000,0.00068,0.99932,True,True,True
98.2153,0.0000,10.9291,-253.9702,0.04909,0.00000,0.00075,0.99925,True,True,True
98.2232,0.0000,10.9223,-253.9259,0.04482,0.00000,0.00081,0.99919,True,True,True
98.2324,0.0000,10.9151,-253.8788,0.04763,0.00000,0.00088,0.99912,True,True,True
98.2409,0.0000,10.9078,-253.8317,0.04767,0.00000,0.00096,0.99904,True,True,True
98.2510,0.0000,10.8995,-253.7777,0.05464,0.00000,0.00105,0.99895,True,True,True
98.2592,0.0000,10.8928,-253.7339,0.04431,0.00000,0.00112,0.99888,True,True,True
98.2676,0.0000,10.8859,-253.6891,0.04531,0.00000,0.00120,0.99880,True,True,True
98.2766,0.0000,10.8787,-253.6426,0.04712,0.00000,0.00129,0.99871,True,True,True
98.2850,0.0000,10.8716,-253.5964,0.04672,0.00000,0.00138,0.99862,True,True,True
98.2940,0.0000,10.8641,-253.5481,0.04883,0.00000,0.00147,0.99853,True,True,True
98.3026,0.0000,10.8572,-253.5032,0.04551,0.00000,0.00157,0.99843,True,True,True
98.3116,0.0000,10.8497,-253.4543,0.04942,0.00000,0.00167,0.99833,True,True,True
98.3204,0.0000,10.8426,-253.4087,0.04618,0.00000,0.00177,0.99823,True,True,True
98.3292,0.0000,10.8351,-253.3602,0.04908,0.00000,0.00188,0.99812,True,True,True
98.3383,0.0000,10.8277,-253.3119,0.04882,0.00000,0.00199,0.99801,True,True,True
98.3470,0.0000,10.8206,-253.2663,0.04618,0.00000,0.00210,0.99790,True,True,True
98.3553,0.0000,10.8137,-253.2214,0.04542,0.00000,0.00221,0.99779,True,True,True
98.3640,0.0000,10.8064,-253.1745,0.04749,0.00000,0.00232,0.99768,True,True,True
98.3725,0.0000,10.7994,-253.1293,0.04570,0.00000,0.00244,0.99756,True,True,True
98.3813,0.0000,10.7922,-253.0825,0.04737,0.00000,0.00256,0.99744,True,True,True
98.3901,0.0000,10.7851,-253.0363,0.04672,0.00000,0.00268,0.99732,True,True,True
98.3986,0.0000,10.7779,-252.9899,0.04691,0.00000,0.00281,0.99719,True,True,True
98.4075,0.0000,10.7706,-252.9428,0.04773,0.00000,0.00294,0.99706,True,True,True
98.4178,0.0000,10.7621,-252.8880,0.05545,0.00000,0.00310,0.99690,True,True,True
98.4259,0.0000,10.7553,-252.8441,0.04444,0.00000,0.00323,0.99677,True,True,True
98.4342,0.0000,10.7484,-252.7999,0.04472,0.00000,0.00336,0.99664,True,True,True
98.4427,0.0000,10.7414,-252.7549,0.04547,0.00000,0.00350,0.99650,True,True,True
98.4518,0.0000,10.7339,-252.7066,0.04890,0.00000,0.00365,0.99635,True,True,True
98.4600,0.0000,10.7271,-252.6625,0.04461,0.00000,0.00379,0.99621,True,True,True
98.4684,0.0000,10.7201,-252.6174,0.04569,0.00000,0.00393,0.99607,True,True,True
98.4776,0.0000,10.7126,-252.5691,0.04886,0.00000,0.00409,0.99591,True,True,True
98.4859,0.0000,10.7056,-252.5243,0.04532,0.00000,0.00424,0.99576,True,True,True
98.4954,0.0000,10.6979,-252.4745,0.05045,0.00000,0.00441,0.99559,True,True,True
98.5040,0.0000,10.6906,-252.4276,0.04744,0.00000,0.00457,0.99543,True,True,True
98.5130,0.0000,10.6831,-252.3796,0.04860,0.00000,0.00474,0.99526,True,True,True
98.5215,0.0000,10.6761,-252.3345,0.04560,0.00000,0.00491,0.99509,True,True,True
98.5307,0.0000,10.6684,-252.2851,0.05005,0.00000,0.00509,0.99491,True,True,True
98.5393,0.0000,10.6613,-252.2396,0.04603,0.00000,0.00526,0.99474,True,True,True
98.5483,0.0000,10.6539,-252.1919,0.04827,0.00000,0.00544,0.99456,True,True,True
98.5567,0.0000,10.6468,-252.1465,0.04597,0.00000,0.00561,0.99439,True,True,True
98.5658,0.0000,10.6395,-252.0992,0.04778,0.00000,0.00580,0.99420,True,True,True
98.5741,0.0000,10.6324,-252.0541,0.04568,0.00000,0.00598,0.99402,True,True,True
98.5844,0.0000,10.6239,-251.9993,0.05544,0.00000,0.00620,0.99380,True,True,True
98.5925,0.0000,10.6170,-251.9552,0.04471,0.00000,0.00638,0.99362,True,True,True
98.6008,0.0000,10.6101,-251.9109,0.04483,0.00000,0.00656,0.99344,True,True,True
98.6095,0.0000,10.6029,-251.8648,0.04658,0.00000,0.00675,0.99325,True,True,True
98.6180,0.0000,10.5959,-251.8204,0.04500,0.00000,0.00694,0.99306,True,True,True
98.6273,0.0000,10.5884,-251.7720,0.04900,0.00000,0.00715,0.99285,True,True,True
98.6360,0.0000,10.5816,-251.7283,0.04415,0.00000,0.00735,0.99265,True,True,True
98.6449,0.0000,10.5744,-251.6826,0.04633,0.00000,0.00755,0.99245,True,True,True
98.6537,0.0000,10.5676,-251.6393,0.04378,0.00000,0.00774,0.99226,True,True,True
98.6625,0.0000,10.5608,-251.5953,0.04451,0.00000,0.00794,0.99206,True,True,True
98.6714,0.0000,10.5541,-251.5524,0.04349,0.00000,0.00814,0.99186,True,True,True
98.6799,0.0000,10.5478,-251.5126,0.04028,0.00000,0.00833,0.99167,True,True,True
98.6883,0.0000,10.5415,-251.4721,0.04094,0.00000,0.00852,0.99148,True,True,True
98.6967,0.0000,10.5353,-251.4329,0.03973,0.00000,0.00870,0.99130,True,True,True
98.7052,0.0000,10.5292,-251.3936,0.03979,0.00000,0.00889,0.99111,True,True,True
98.7143,0.0000,10.5227,-251.3525,0.04159,0.00000,0.00909,0.99091,True,True,True
98.7228,0.0000,10.5168,-251.3148,0.03809,0.00000,0.00928,0.99072,True,True,True
98.7314,0.0000,10.5108,-251.2766,0.03871,0.00000,0.00947,0.99053,True,True,True
98.7399,0.0000,10.5050,-251.2396,0.03747,0.00000,0.00965,0.99035,True,True,True
98.7489,0.0000,10.4992,-251.2021,0.03790,0.00000,0.00984,0.99016,True,True,True
98.7575,0.0000,10.4934,-251.1655,0.03705,0.00000,0.01003,0.98997,True,True,True
98.7677,0.0000,10.4868,-251.1229,0.04312,0.00000,0.01025,0.98975,True,True,True
98.7758,0.0000,10.4815,-251.0893,0.03404,0.00000,0.01042,0.98958,True,True,True
98.7842,0.0000,10.4762,-251.0559,0.03376,0.00000,0.01060,0.98940,True,True,True
98.7929,0.0000,10.4709,-251.0216,0.03477,0.00000,0.01078,0.98922,True,True,True
98.8015,0.0000,10.4656,-250.9879,0.03410,0.00000,0.01096,0.98904,True,True,True
98.8107,0.0000,10.4601,-250.9530,0.03536,0.00000,0.01115,0.98885,True,True,True
98.8193,0.0000,10.4550,-250.9209,0.03244,0.00000,0.01132,0.98868,True,True,True
98.8285,0.0000,10.4497,-250.8872,0.03412,0.00000,0.01150,0.98850,True,True,True
98.8372,0.0000,10.4447,-250.8550,0.03259,0.00000,0.01168,0.98832,True,True,True
98.8464,0.0000,10.4396,-250.8229,0.03251,0.00000,0.01186,0.98814,True,True,True
98.8551,0.0000,10.4348,-250.7923,0.03103,0.00000,0.01203,0.98797,True,True,True
98.8640,0.0000,10.4300,-250.7615,0.03111,0.00000,0.01220,0.98780,True,True,True
98.8729,0.0000,10.4254,-250.7322,0.02964,0.00000,0.01237,0.98763,True,True,True
98.8816,0.0000,10.4208,-250.7032,0.02939,0.00000,0.01253,0.98747,True,True,True
98.8907,0.0000,10.4164,-250.6751,0.02848,0.00000,0.01269,0.98731,True,True,True
98.9010,0.0000,10.4111,-250.6415,0.03394,0.00000,0.01289,0.98711,True,True,True
98.9094,0.0000,10.4070,-250.6156,0.02621,0.00000,0.01304,0.98696,True,True,True
98.9177,0.0000,10.4031,-250.5905,0.02544,0.00000,0.01318,0.98682,True,True,True
98.9259,0.0000,10.3992,-250.5661,0.02467,0.00000,0.01332,0.98668,True,True,True
98.9343,0.0000,10.3954,-250.5416,0.02487,0.00000,0.01347,0.98653,True,True,True
98.9435,0.0000,10.3913,-250.5157,0.02624,0.00000,0.01362,0.98638,True,True,True
98.9522,0.0000,10.3875,-250.4915,0.02447,0.00000,0.01377,0.98623,True,True,True
98.9614,0.0000,10.3836,-250.4666,0.02520,0.00000,0.01391,0.98609,True,True,True
98.9701,0.0000,10.3800,-250.4438,0.02303,0.00000,0.01405,0.98595,True,True,True
98.9796,0.0000,10.3762,-250.4197,0.02447,0.00000,0.01420,0.98580,True,True,True
98.9882,0.0000,10.3727,-250.3978,0.02212,0.00000,0.01433,0.98567,True,True,True
98.9972,0.0000,10.3693,-250.3761,0.02204,0.00000,0.01446,0.98554,True,True,True
99.0059,0.0000,10.3660,-250.3552,0.02112,0.00000,0.01459,0.98541,True,True,True
99.0147,0.0000,10.3628,-250.3349,0.02056,0.00000,0.01471,0.98529,True,True,True
99.0238,0.0000,10.3596,-250.3149,0.02024,0.00000,0.01484,0.98516,True,True,True
99.0342,0.0000,10.3560,-250.2921,0.02305,0.00000,0.01498,0.98502,True,True,True
99.0426,0.0000,10.3533,-250.2745,0.01784,0.00000,0.01509,0.98491,True,True,True
99.0509,0.0000,10.3506,-250.2577,0.01705,0.00000,0.01519,0.98481,True,True,True
99.0592,0.0000,10.3480,-250.2411,0.01681,0.00000,0.01530,0.98470,True,True,True
99.0685,0.0000,10.3454,-250.2245,0.01676,0.00000,0.01540,0.98460,True,True,True
99.0773,0.0000,10.3427,-250.2073,0.01744,0.00000,0.01551,0.98449,True,True,True
99.0861,0.0000,10.3402,-250.1915,0.01597,0.00000,0.01561,0.98439,True,True,True
99.0955,0.0000,10.3376,-250.1755,0.01616,0.00000,0.01571,0.98429,True,True,True
99.1043,0.0000,10.3354,-250.1610,0.01471,0.00000,0.01580,0.98420,True,True,True
99.1135,0.0000,10.3330,-250.1463,0.01492,0.00000,0.01590,0.98410,True,True,True
99.1230,0.0000,10.3307,-250.1318,0.01466,0.00000,0.01599,0.98401,True,True,True
99.1312,0.0000,10.3288,-250.1196,0.01231,0.00000,0.01607,0.98393,True,True,True
99.1399,0.0000,10.3269,-250.1072,0.01256,0.00000,0.01615,0.98385,True,True,True
99.1493,0.0000,10.3249,-250.0945,0.01285,0.00000,0.01623,0.98377,True,True,True
99.1592,0.0000,10.3228,-250.0812,0.01349,0.00000,0.01631,0.98369,True,True,True
99.1675,0.0000,10.3211,-250.0706,0.01075,0.00000,0.01638,0.98362,True,True,True
99.1759,0.0000,10.3195,-250.0603,0.01044,0.00000,0.01645,0.98355,True,True,True
99.1846,0.0000,10.3178,-250.0498,0.01060,0.00000,0.01652,0.98348,True,True,True
99.1937,0.0000,10.3161,-250.0390,0.01095,0.00000,0.01659,0.98341,True,True,True
99.2025,0.0000,10.3145,-250.0288,0.01032,0.00000,0.01665,0.98335,True,True,True
99.2113,0.0000,10.3129,-250.0188,0.01013,0.00000,0.01672,0.98328,True,True,True
99.2202,0.0000,10.3129,-250.0188,0.00000,0.00000,0.01672,0.98328,True,True,True
99.2296,0.0000,10.3128,-250.0181,0.00066,0.00000,0.01672,0.98328,True,True,True
99.2383,0.0000,10.3126,-250.0170,0.00119,0.00000,0.01673,0.98327,True,True,True
99.2475,0.0000,10.3123,-250.0151,0.00188,0.00000,0.01674,0.98326,True,True,True
99.2564,0.0000,10.3120,-250.0127,0.00239,0.00000,0.01676,0.98324,True,True,True
99.2653,0.0000,10.3115,-250.0098,0.00300,0.00000,0.01678,0.98322,True,True,True
99.2743,0.0000,10.3109,-250.0062,0.00357,0.00000,0.01680,0.98320,True,True,True
99.2843,0.0000,10.3102,-250.0014,0.00490,0.00000,0.01683,0.98317,True,True,True
99.2926,0.0000,10.3095,-249.9969,0.00451,0.00000,0.01686,0.98314,True,True,True
99.3010,0.0000,10.3087,-249.9919,0.00511,0.00000,0.01689,0.98311,True,True,True
99.3101,0.0000,10.3077,-249.9859,0.00612,0.00000,0.01693,0.98307,True,True,True
99.3189,0.0000,10.3067,-249.9794,0.00657,0.00000,0.01698,0.98302,True,True,True
99.3282,0.0000,10.3055,-249.9720,0.00746,0.00000,0.01703,0.98297,True,True,True
99.3375,0.0000,10.3042,-249.9639,0.00825,0.00000,0.01708,0.98292,True,True,True
99.3460,0.0000,10.3030,-249.9563,0.00769,0.00000,0.01713,0.98287,True,True,True
99.3546,0.0000,10.3016,-249.9474,0.00891,0.00000,0.01719,0.98281,True,True,True
99.3639,0.0000,10.3001,-249.9376,0.01000,0.00000,0.01725,0.98275,True,True,True
99.3726,0.0000,10.2985,-249.9277,0.01004,0.00000,0.01732,0.98268,True,True,True
99.3815,0.0000,10.2968,-249.9171,0.01072,0.00000,0.01739,0.98261,True,True,True
99.3903,0.0000,10.2951,-249.9060,0.01117,0.00000,0.01746,0.98254,True,True,True
99.4010,0.0000,10.2928,-249.8917,0.01448,0.00000,0.01756,0.98244,True,True,True
99.4093,0.0000,10.2910,-249.8801,0.01174,0.00000,0.01764,0.98236,True,True,True
99.4176,0.0000,10.2891,-249.8680,0.01230,0.00000,0.01772,0.98228,True,True,True
99.4260,0.0000,10.2871,-249.8553,0.01290,0.00000,0.01780,0.98220,True,True,True
99.4346,0.0000,10.2849,-249.8416,0.01378,0.00000,0.01789,0.98211,True,True,True
99.4438,0.0000,10.2825,-249.8264,0.01543,0.00000,0.01800,0.98200,True,True,True
99.4528,0.0000,10.2800,-249.8109,0.01571,0.00000,0.01810,0.98190,True,True,True
99.4614,0.0000,10.2776,-249.7957,0.01540,0.00000,0.01821,0.98179,True,True,True
99.4702,0.0000,10.2750,-249.7793,0.01658,0.00000,0.01832,0.98168,True,True,True
99.4796,0.0000,10.2722,-249.7616,0.01795,0.00000,0.01844,0.98156,True,True,True
99.4882,0.0000,10.2695,-249.7444,0.01743,0.00000,0.01856,0.98144,True,True,True
99.4976,0.0000,10.2665,-249.7254,0.01923,0.00000,0.01869,0.98131,True,True,True
99.5066,0.0000,10.2635,-249.7066,0.01902,0.00000,0.01882,0.98118,True,True,True
99.5155,0.0000,10.2604,-249.6869,0.01993,0.00000,0.01895,0.98105,True,True,True
99.5259,0.0000,10.2567,-249.6635,0.02371,0.00000,0.01911,0.98089,True,True,True
99.5361,0.0000,10.2529,-249.6391,0.02472,0.00000,0.01928,0.98072,True,True,True
99.5445,0.0000,10.2497,-249.6191,0.02024,0.00000,0.01942,0.98058,True,True,True
99.5551,0.0000,10.2455,-249.5928,0.02659,0.00000,0.01961,0.98039,True,True,True
99.5636,0.0000,10.2421,-249.5710,0.02206,0.00000,0.01976,0.98024,True,True,True
99.5725,0.0000,10.2385,-249.5482,0.02314,0.00000,0.01992,0.98008,True,True,True
99.5828,0.0000,10.2341,-249.5206,0.02785,0.00000,0.02012,0.97988,True,True,True
99.5914,0.0000,10.2303,-249.4967,0.02427,0.00000,0.02029,0.97971,True,True,True
99.6029,0.0000,10.2252,-249.4644,0.03263,0.00000,0.02052,0.97948,True,True,True
99.6112,0.0000,10.2213,-249.4400,0.02475,0.00000,0.02070,0.97930,True,True,True
99.6199,0.0000,10.2173,-249.4145,0.02582,0.00000,0.02088,0.97912,True,True,True
99.6304,0.0000,10.2122,-249.3825,0.03243,0.00000,0.02112,0.97888,True,True,True
99.6391,0.0000,10.2079,-249.3556,0.02724,0.00000,0.02131,0.97869,True,True,True
99.6479,0.0000,10.2035,-249.3277,0.02827,0.00000,0.02152,0.97848,True,True,True
99.6574,0.0000,10.1988,-249.2977,0.03028,0.00000,0.02174,0.97826,True,True,True
99.6662,0.0000,10.1940,-249.2679,0.03019,0.00000,0.02196,0.97804,True,True,True
99.6751,0.0000,10.1894,-249.2386,0.02971,0.00000,0.02218,0.97782,True,True,True
99.6840,0.0000,10.1845,-249.2080,0.03099,0.00000,0.02241,0.97759,True,True,True
99.6931,0.0000,10.1794,-249.1759,0.03252,0.00000,0.02265,0.97735,True,True,True
99.7030,0.0000,10.1738,-249.1405,0.03584,0.00000,0.02291,0.97709,True,True,True
99.7113,0.0000,10.1690,-249.1102,0.03061,0.00000,0.02314,0.97686,True,True,True
99.7198,0.0000,10.1641,-249.0792,0.03142,0.00000,0.02338,0.97662,True,True,True
99.7284,0.0000,10.1589,-249.0463,0.03332,0.00000,0.02363,0.97637,True,True,True
99.7377,0.0000,10.1532,-249.0107,0.03607,0.00000,0.02391,0.97609,True,True,True
99.7469,0.0000,10.1476,-248.9751,0.03603,0.00000,0.02418,0.97582,True,True,True
99.7556,0.0000,10.1421,-248.9404,0.03507,0.00000,0.02445,0.97555,True,True,True
99.7649,0.0000,10.1362,-248.9039,0.03702,0.00000,0.02474,0.97526,True,True,True
99.7733,0.0000,10.1306,-248.8684,0.03592,0.00000,0.02502,0.97498,True,True,True
99.7828,0.0000,10.1244,-248.8296,0.03926,0.00000,0.02532,0.97468,True,True,True
99.7917,0.0000,10.1184,-248.7917,0.03841,0.00000,0.02563,0.97437,True,True,True
99.8005,0.0000,10.1123,-248.7536,0.03858,0.00000,0.02593,0.97407,True,True,True
99.8096,0.0000,10.1061,-248.7143,0.03980,0.00000,0.02625,0.97375,True,True,True
99.8199,0.0000,10.0988,-248.6685,0.04634,0.00000,0.02662,0.97338,True,True,True
99.8281,0.0000,10.0929,-248.6311,0.03785,0.00000,0.02692,0.97308,True,True,True
99.8368,0.0000,10.0866,-248.5918,0.03986,0.00000,0.02724,0.97276,True,True,True
99.8456,0.0000,10.0801,-248.5507,0.04156,0.00000,0.02758,0.97242,True,True,True
99.8551,0.0000,10.0730,-248.5065,0.04482,0.00000,0.02795,0.97205,True,True,True
99.8644,0.0000,10.0660,-248.4622,0.04486,0.00000,0.02832,0.97168,True,True,True
99.8737,0.0000,10.0587,-248.4166,0.04611,0.00000,0.02870,0.97130,True,True,True
99.8828,0.0000,10.0519,-248.3736,0.04360,0.00000,0.02906,0.97094,True,True,True
99.8913,0.0000,10.0449,-248.3297,0.04439,0.00000,0.02943,0.97057,True,True,True
99.9006,0.0000,10.0376,-248.2840,0.04626,0.00000,0.02982,0.97018,True,True,True
99.9100,0.0000,10.0300,-248.2364,0.04821,0.00000,0.03023,0.96977,True,True,True
99.9201,0.0000,10.0216,-248.1838,0.05329,0.00000,0.03068,0.96932,True,True,True
99.9283,0.0000,10.0146,-248.1399,0.04444,0.00000,0.03106,0.96894,True,True,True
99.9369,0.0000,10.0074,-248.0947,0.04578,0.00000,0.03146,0.96854,True,True,True
99.9464,0.0000,9.9994,-248.0448,0.05050,0.00000,0.03190,0.96810,True,True,True
99.9551,0.0000,9.9919,-247.9978,0.04768,0.00000,0.03231,0.96769,True,True,True
99.9645,0.0000,9.9840,-247.9479,0.05053,0.00000,0.03276,0.96724,True,True,True
99.9734,0.0000,9.9765,-247.9010,0.04747,0.00000,0.03318,0.96682,True,True,True
99.9827,0.0000,9.9685,-247.8511,0.05056,0.00000,0.03363,0.96637,True,True,True
99.9935,0.0000,9.9601,-247.7984,0.05333,0.00000,0.03411,0.96589,True,True,True
100.0037,0.0000,9.9507,-247.7395,0.05960,0.00000,0.03464,0.96536,True,True,True
100.0116,0.0000,9.9437,-247.6961,0.04396,0.00000,0.03504,0.96496,True,True,True
100.0200,0.0000,9.9366,-247.6517,0.04504,0.00000,0.03545,0.96455,True,True,True
100.0290,0.0000,9.9289,-247.6034,0.04888,0.00000,0.03590,0.96410,True,True,True
100.0379,0.0000,9.9214,-247.5560,0.04800,0.00000,0.03634,0.96366,True,True,True
100.0472,0.0000,9.9135,-247.5070,0.04962,0.00000,0.03680,0.96320,True,True,True
100.0555,0.0000,9.9063,-247.4621,0.04551,0.00000,0.03723,0.96277,True,True,True
100.0649,0.0000,9.8983,-247.4121,0.05058,0.00000,0.03770,0.96230,True,True,True
100.0733,0.0000,9.8912,-247.3673,0.04542,0.00000,0.03813,0.96187,True,True,True
100.0826,0.0000,9.8832,-247.3178,0.05010,0.00000,0.03860,0.96140,True,True,True
100.0910,0.0000,9.8760,-247.2725,0.04593,0.00000,0.03904,0.96096,True,True,True
100.1001,0.0000,9.8682,-247.2242,0.04883,0.00000,0.03951,0.96049,True,True,True
100.1089,0.0000,9.8608,-247.1776,0.04727,0.00000,0.03996,0.96004,True,True,True
100.1179,0.0000,9.8533,-247.1308,0.04741,0.00000,0.04042,0.95958,True,True,True
100.1267,0.0000,9.8458,-247.0838,0.04753,0.00000,0.04088,0.95912,True,True,True
100.1368,0.0000,9.8370,-247.0290,0.05552,0.00000,0.04143,0.95857,True,True,True
100.1450,0.0000,9.8299,-246.9849,0.04465,0.00000,0.04187,0.95813,True,True,True
100.1534,0.0000,9.8228,-246.9407,0.04474,0.00000,0.04231,0.95769,True,True,True
100.1624,0.0000,9.8152,-246.8933,0.04806,0.00000,0.04278,0.95722,True,True,True
100.1709,0.0000,9.8078,-246.8471,0.04679,0.00000,0.04325,0.95675,True,True,True
100.1807,0.0000,9.7997,-246.7963,0.05140,0.00000,0.04377,0.95623,True,True,True
100.1894,0.0000,9.7919,-246.7481,0.04880,0.00000,0.04426,0.95574,True,True,True
100.1988,0.0000,9.7840,-246.6985,0.05027,0.00000,0.04477,0.95523,True,True,True
100.2074,0.0000,9.7766,-246.6526,0.04650,0.00000,0.04524,0.95476,True,True,True
100.2166,0.0000,9.7687,-246.6031,0.05010,0.00000,0.04575,0.95425,True,True,True
100.2271,0.0000,9.7601,-246.5495,0.05427,0.00000,0.04631,0.95369,True,True,True
100.2368,0.0000,9.7514,-246.4958,0.05444,0.00000,0.04687,0.95313,True,True,True
100.2450,0.0000,9.7444,-246.4520,0.04435,0.00000,0.04733,0.95267,True,True,True
100.2534,0.0000,9.7372,-246.4075,0.04508,0.00000,0.04780,0.95220,True,True,True
100.2630,0.0000,9.7293,-246.3577,0.05038,0.00000,0.04833,0.95167,True,True,True
100.2717,0.0000,9.7215,-246.3097,0.04865,0.00000,0.04885,0.95115,True,True,True
100.2810,0.0000,9.7137,-246.2609,0.04941,0.00000,0.04937,0.95063,True,True,True
100.2896,0.0000,9.7061,-246.2140,0.04752,0.00000,0.04987,0.95013,True,True,True
100.2990,0.0000,9.6982,-246.1644,0.05023,0.00000,0.05041,0.94959,True,True,True
100.3077,0.0000,9.6906,-246.1171,0.04789,0.00000,0.05092,0.94908,True,True,True
100.3168,0.0000,9.6829,-246.0691,0.04860,0.00000,0.05145,0.94855,True,True,True
100.3257,0.0000,9.6753,-246.0222,0.04757,0.00000,0.05196,0.94804,True,True,True
100.3347,0.0000,9.6676,-245.9744,0.04836,0.00000,0.05249,0.94751,True,True,True
100.3433,0.0000,9.6601,-245.9279,0.04714,0.00000,0.05300,0.94700,True,True,True
100.3538,0.0000,9.6511,-245.8714,0.05715,0.00000,0.05363,0.94637,True,True,True
100.3621,0.0000,9.6440,-245.8278,0.04422,0.00000,0.05412,0.94588,True,True,True
100.3704,0.0000,9.6371,-245.7846,0.04371,0.00000,0.05460,0.94540,True,True,True
100.3799,0.0000,9.6292,-245.7357,0.04953,0.00000,0.05515,0.94485,True,True,True
100.3887,0.0000,9.6221,-245.6914,0.04491,0.00000,0.05565,0.94435,True,True,True
100.3979,0.0000,9.6147,-245.6454,0.04657,0.00000,0.05617,0.94383,True,True,True
100.4068,0.0000,9.6076,-245.6014,0.04456,0.00000,0.05668,0.94332,True,True,True
100.4162,0.0000,9.6002,-245.5555,0.04654,0.00000,0.05720,0.94280,True,True,True
100.4249,0.0000,9.5935,-245.5139,0.04212,0.00000,0.05768,0.94232,True,True,True
100.4339,0.0000,9.5866,-245.4712,0.04321,0.00000,0.05817,0.94183,True,True,True
100.4427,0.0000,9.5800,-245.4299,0.04182,0.00000,0.05865,0.94135,True,True,True
100.4517,0.0000,9.5735,-245.3897,0.04076,0.00000,0.05912,0.94088,True,True,True
100.4604,0.0000,9.5669,-245.3492,0.04105,0.00000,0.05959,0.94041,True,True,True
100.4705,0.0000,9.5596,-245.3040,0.04581,0.00000,0.06012,0.93988,True,True,True
100.4788,0.0000,9.5537,-245.2672,0.03726,0.00000,0.06055,0.93945,True,True,True
100.4871,0.0000,9.5479,-245.2311,0.03652,0.00000,0.06097,0.93903,True,True,True
100.4960,0.0000,9.5417,-245.1929,0.03869,0.00000,0.06142,0.93858,True,True,True
100.5048,0.0000,9.5358,-245.1560,0.03740,0.00000,0.06186,0.93814,True,True,True
100.5144,0.0000,9.5294,-245.1166,0.03988,0.00000,0.06233,0.93767,True,True,True
100.5229,0.0000,9.5238,-245.0816,0.03546,0.00000,0.06275,0.93725,True,True,True
100.5323,0.0000,9.5178,-245.0445,0.03762,0.00000,0.06319,0.93681,True,True,True
100.5408,0.0000,9.5123,-245.0107,0.03422,0.00000,0.06359,0.93641,True,True,True
100.5498,0.0000,9.5066,-244.9753,0.03586,0.00000,0.06402,0.93598,True,True,True
100.5588,0.0000,9.5012,-244.9414,0.03433,0.00000,0.06443,0.93557,True,True,True
100.5675,0.0000,9.4958,-244.9084,0.03346,0.00000,0.06483,0.93517,True,True,True
100.5760,0.0000,9.4908,-244.8772,0.03158,0.00000,0.06521,0.93479,True,True,True
100.5853,0.0000,9.4856,-244.8449,0.03271,0.00000,0.06560,0.93440,True,True,True
100.5935,0.0000,9.4806,-244.8144,0.03093,0.00000,0.06597,0.93403,True,True,True
100.6038,0.0000,9.4749,-244.7786,0.03625,0.00000,0.06641,0.93359,True,True,True
100.6123,0.0000,9.4702,-244.7496,0.02941,0.00000,0.06676,0.93324,True,True,True
100.6204,0.0000,9.4657,-244.7221,0.02785,0.00000,0.06710,0.93290,True,True,True
100.6288,0.0000,9.4613,-244.6949,0.02753,0.00000,0.06744,0.93256,True,True,True
100.6372,0.0000,9.4569,-244.6672,0.02802,0.00000,0.06778,0.93222,True,True,True
100.6466,0.0000,9.4522,-244.6381,0.02952,0.00000,0.06814,0.93186,True,True,True
100.6549,0.0000,9.4479,-244.6118,0.02659,0.00000,0.06846,0.93154,True,True,True
100.6639,0.0000,9.4435,-244.5846,0.02759,0.00000,0.06880,0.93120,True,True,True
100.6727,0.0000,9.4394,-244.5590,0.02594,0.00000,0.06912,0.93088,True,True,True
100.6817,0.0000,9.4351,-244.5322,0.02716,0.00000,0.06945,0.93055,True,True,True
100.6910,0.0000,9.4308,-244.5059,0.02662,0.00000,0.06978,0.93022,True,True,True
100.6995,0.0000,9.4271,-244.4826,0.02365,0.00000,0.07007,0.92993,True,True,True
100.7082,0.0000,9.4232,-244.4587,0.02419,0.00000,0.07037,0.92963,True,True,True
100.7176,0.0000,9.4193,-244.4345,0.02448,0.00000,0.07067,0.92933,True,True,True
100.7261,0.0000,9.4156,-244.4119,0.02294,0.00000,0.07096,0.92904,True,True,True
100.7351,0.0000,9.4120,-244.3897,0.02244,0.00000,0.07124,0.92876,True,True,True
100.7436,0.0000,9.4087,-244.3689,0.02105,0.00000,0.07150,0.92850,True,True,True
100.7540,0.0000,9.4047,-244.3441,0.02515,0.00000,0.07181,0.92819,True,True,True
100.7624,0.0000,9.4016,-244.3248,0.01954,0.00000,0.07206,0.92794,True,True,True
100.7704,0.0000,9.3986,-244.3064,0.01861,0.00000,0.07229,0.92771,True,True,True
100.7787,0.0000,9.3956,-244.2883,0.01841,0.00000,0.07252,0.92748,True,True,True
100.7871,0.0000,9.3928,-244.2706,0.01795,0.00000,0.07275,0.92725,True,True,True
100.7961,0.0000,9.3898,-244.2519,0.01892,0.00000,0.07299,0.92701,True,True,True
100.8052,0.0000,9.3869,-244.2341,0.01804,0.00000,0.07321,0.92679,True,True,True
100.8136,0.0000,9.3843,-244.2178,0.01649,0.00000,0.07342,0.92658,True,True,True
100.8221,0.0000,9.3817,-244.2019,0.01609,0.00000,0.07362,0.92638,True,True,True
100.8313,0.0000,9.3790,-244.1852,0.01689,0.00000,0.07384,0.92616,True,True,True
100.8397,0.0000,9.3766,-244.1705,0.01490,0.00000,0.07402,0.92598,True,True,True
100.8486,0.0000,9.3742,-244.1556,0.01510,0.00000,0.07422,0.92578,True,True,True
100.8573,0.0000,9.3720,-244.1417,0.01405,0.00000,0.07439,0.92561,True,True,True
100.8664,0.0000,9.3697,-244.1276,0.01430,0.00000,0.07458,0.92542,True,True,True
100.8750,0.0000,9.3676,-244.1149,0.01286,0.00000,0.07474,0.92526,True,True,True
100.8842,0.0000,9.3655,-244.1020,0.01308,0.00000,0.07490,0.92510,True,True,True
100.8933,0.0000,9.3636,-244.0901,0.01209,0.00000,0.07506,0.92494,True,True,True
100.9038,0.0000,9.3614,-244.0765,0.01374,0.00000,0.07523,0.92477,True,True,True
100.9121,0.0000,9.3598,-244.0665,0.01017,0.00000,0.07536,0.92464,True,True,True
100.9204,0.0000,9.3583,-244.0570,0.00963,0.00000,0.07549,0.92451,True,True,True
100.9287,0.0000,9.3568,-244.0480,0.00907,0.00000,0.07560,0.92440,True,True,True
100.9371,0.0000,9.3554,-244.0395,0.00862,0.00000,0.07571,0.92429,True,True,True
100.9457,0.0000,9.3541,-244.0313,0.00833,0.00000,0.07582,0.92418,True,True,True
100.9544,0.0000,9.3529,-244.0236,0.00779,0.00000,0.07592,0.92408,True,True,True
100.9634,0.0000,9.3529,-244.0236,0.00000,0.00000,0.07592,0.92408,True,True,True
100.9718,0.0000,9.3528,-244.0231,0.00054,0.00000,0.07592,0.92408,True,True,True
100.9810,0.0000,9.3526,-244.0219,0.00121,0.00000,0.07594,0.92406,True,True,True
100.9894,0.0000,9.3523,-244.0202,0.00164,0.00000,0.07596,0.92404,True,True,True
100.9983,0.0000,9.3519,-244.0179,0.00236,0.00000,0.07599,0.92401,True,True,True
101.0067,0.0000,9.3515,-244.0152,0.00272,0.00000,0.07603,0.92397,True,True,True
101.0159,0.0000,9.3509,-244.0117,0.00362,0.00000,0.07607,0.92393,True,True,True
101.0249,0.0000,9.3503,-244.0076,0.00416,0.00000,0.07613,0.92387,True,True,True
101.0327,0.0000,9.3496,-244.0035,0.00411,0.00000,0.07618,0.92382,True,True,True
101.0412,0.0000,9.3488,-243.9986,0.00492,0.00000,0.07624,0.92376,True,True,True
101.0503,0.0000,9.3479,-243.9928,0.00597,0.00000,0.07632,0.92368,True,True,True
101.0592,0.0000,9.3469,-243.9865,0.00629,0.00000,0.07640,0.92360,True,True,True
101.0677,0.0000,9.3458,-243.9798,0.00680,0.00000,0.07649,0.92351,True,True,True
101.0766,0.0000,9.3446,-243.9726,0.00733,0.00000,0.07658,0.92342,True,True,True
101.0853,0.0000,9.3433,-243.9647,0.00796,0.00000,0.07668,0.92332,True,True,True
101.0938,0.0000,9.3420,-243.9565,0.00835,0.00000,0.07679,0.92321,True,True,True
101.1038,0.0000,9.3403,-243.9459,0.01071,0.00000,0.07693,0.92307,True,True,True
101.1121,0.0000,9.3388,-243.9367,0.00931,0.00000,0.07705,0.92295,True,True,True
101.1205,0.0000,9.3372,-243.9270,0.00983,0.00000,0.07717,0.92283,True,True,True
101.1290,0.0000,9.3355,-243.9166,0.01060,0.00000,0.07731,0.92269,True,True,True
101.1378,0.0000,9.3337,-243.9052,0.01152,0.00000,0.07746,0.92254,True,True,True
101.1462,0.0000,9.3319,-243.8941,0.01121,0.00000,0.07760,0.92240,True,True,True
101.1548,0.0000,9.3300,-243.8821,0.01220,0.00000,0.07776,0.92224,True,True,True
101.1635,0.0000,9.3278,-243.8687,0.01353,0.00000,0.07794,0.92206,True,True,True
101.1721,0.0000,9.3257,-243.8555,0.01337,0.00000,0.07811,0.92189,True,True,True
101.1810,0.0000,9.3233,-243.8413,0.01444,0.00000,0.07830,0.92170,True,True,True
101.1896,0.0000,9.3210,-243.8271,0.01442,0.00000,0.07848,0.92152,True,True,True
101.1984,0.0000,9.3185,-243.8114,0.01591,0.00000,0.07869,0.92131,True,True,True
101.2072,0.0000,9.3160,-243.7956,0.01597,0.00000,0.07890,0.92110,True,True,True
101.2166,0.0000,9.3131,-243.7783,0.01754,0.00000,0.07912,0.92088,True,True,True
101.2251,0.0000,9.3104,-243.7615,0.01697,0.00000,0.07935,0.92065,True,True,True
101.2339,0.0000,9.3076,-243.7439,0.01781,0.00000,0.07958,0.92042,True,True,True
101.2424,0.0000,9.3047,-243.7262,0.01802,0.00000,0.07981,0.92019,True,True,True
101.2512,0.0000,9.3017,-243.7074,0.01904,0.00000,0.08006,0.91994,True,True,True
101.2603,0.0000,9.2985,-243.6880,0.01955,0.00000,0.08032,0.91968,True,True,True
101.2704,0.0000,9.2947,-243.6643,0.02407,0.00000,0.08063,0.91937,True,True,True
101.2788,0.0000,9.2915,-243.6448,0.01975,0.00000,0.08089,0.91911,True,True,True
101.2871,0.0000,9.2883,-243.6249,0.02013,0.00000,0.08116,0.91884,True,True,True
101.2954,0.0000,9.2850,-243.6045,0.02070,0.00000,0.08143,0.91857,True,True,True
101.3040,0.0000,9.2815,-243.5829,0.02187,0.00000,0.08172,0.91828,True,True,True
101.3132,0.0000,9.2777,-243.5591,0.02410,0.00000,0.08204,0.91796,True,True,True
101.3218,0.0000,9.2740,-243.5363,0.02316,0.00000,0.08234,0.91766,True,True,True
101.3311,0.0000,9.2699,-243.5113,0.02532,0.00000,0.08268,0.91732,True,True,True
101.3396,0.0000,9.2660,-243.4873,0.02431,0.00000,0.08300,0.91700,True,True,True
101.3488,0.0000,9.2618,-243.4609,0.02674,0.00000,0.08336,0.91664,True,True,True
101.3580,0.0000,9.2574,-243.4340,0.02719,0.00000,0.08372,0.91628,True,True,True
101.3661,0.0000,9.2535,-243.4099,0.02439,0.00000,0.08404,0.91596,True,True,True
101.3747,0.0000,9.2493,-243.3838,0.02653,0.00000,0.08440,0.91560,True,True,True
101.3839,0.0000,9.2446,-243.3551,0.02901,0.00000,0.08479,0.91521,True,True,True
101.3926,0.0000,9.2402,-243.3276,0.02789,0.00000,0.08516,0.91484,True,True,True
101.4014,0.0000,9.2356,-243.2993,0.02869,0.00000,0.08555,0.91445,True,True,True
101.4104,0.0000,9.2309,-243.2706,0.02909,0.00000,0.08594,0.91406,True,True,True
101.4205,0.0000,9.2252,-243.2353,0.03568,0.00000,0.08642,0.91358,True,True,True
101.4288,0.0000,9.2206,-243.2067,0.02897,0.00000,0.08681,0.91319,True,True,True
101.4371,0.0000,9.2159,-243.1776,0.02956,0.00000,0.08721,0.91279,True,True,True
101.4460,0.0000,9.2108,-243.1460,0.03195,0.00000,0.08764,0.91236,True,True,True
101.4544,0.0000,9.2057,-243.1150,0.03144,0.00000,0.08807,0.91193,True,True,True
101.4636,0.0000,9.2002,-243.0810,0.03444,0.00000,0.08854,0.91146,True,True,True
101.4727,0.0000,9.1947,-243.0470,0.03449,0.00000,0.08901,0.91099,True,True,True
101.4810,0.0000,9.1896,-243.0153,0.03211,0.00000,0.08945,0.91055,True,True,True
101.4898,0.0000,9.1840,-242.9807,0.03504,0.00000,0.08993,0.91007,True,True,True
101.4990,0.0000,9.1781,-242.9445,0.03662,0.00000,0.09044,0.90956,True,True,True
101.5075,0.0000,9.1725,-242.9100,0.03494,0.00000,0.09092,0.90908,True,True,True
101.5166,0.0000,9.1665,-242.8729,0.03759,0.00000,0.09144,0.90856,True,True,True
101.5255,0.0000,9.1606,-242.8367,0.03673,0.00000,0.09195,0.90805,True,True,True
101.5340,0.0000,9.1547,-242.8002,0.03693,0.00000,0.09246,0.90754,True,True,True
101.5428,0.0000,9.1487,-242.7633,0.03741,0.00000,0.09298,0.90702,True,True,True
101.5513,0.0000,9.1426,-242.7254,0.03837,0.00000,0.09351,0.90649,True,True,True
101.5600,0.0000,9.1365,-242.6880,0.03795,0.00000,0.09404,0.90596,True,True,True
101.5705,0.0000,9.1287,-242.6400,0.04863,0.00000,0.09472,0.90528,True,True,True
101.5788,0.0000,9.1226,-242.6020,0.03844,0.00000,0.09526,0.90474,True,True,True
101.5871,0.0000,9.1164,-242.5638,0.03874,0.00000,0.09581,0.90419,True,True,True
101.5955,0.0000,9.1101,-242.5249,0.03936,0.00000,0.09637,0.90363,True,True,True
101.6038,0.0000,9.1037,-242.4855,0.03994,0.00000,0.09693,0.90307,True,True,True
101.6126,0.0000,9.0968,-242.4433,0.04277,0.00000,0.09754,0.90246,True,True,True
101.6211,0.0000,9.0900,-242.4016,0.04223,0.00000,0.09814,0.90186,True,True,True
101.6303,0.0000,9.0827,-242.3561,0.04610,0.00000,0.09880,0.90120,True,True,True
101.6390,0.0000,9.0756,-242.3127,0.04393,0.00000,0.09942,0.90058,True,True,True
101.6481,0.0000,9.0682,-242.2668,0.04653,0.00000,0.10009,0.89991,True,True,True
101.6567,0.0000,9.0610,-242.2225,0.04481,0.00000,0.10073,0.89927,True,True,True
101.6656,0.0000,9.0534,-242.1760,0.04715,0.00000,0.10141,0.89859,True,True,True
101.6741,0.0000,9.0462,-242.1312,0.04542,0.00000,0.10207,0.89793,True,True,True
101.6830,0.0000,9.0385,-242.0841,0.04769,0.00000,0.10276,0.89724,True,True,True
101.6924,0.0000,9.0306,-242.0350,0.04978,0.00000,0.10348,0.89652,True,True,True
101.7006,0.0000,9.0236,-241.9923,0.04327,0.00000,0.10411,0.89589,True,True,True
101.7091,0.0000,9.0161,-241.9458,0.04709,0.00000,0.10480,0.89520,True,True,True
101.7176,0.0000,9.0086,-241.8997,0.04664,0.00000,0.10548,0.89452,True,True,True
101.7264,0.0000,9.0011,-241.8536,0.04679,0.00000,0.10617,0.89383,True,True,True
101.7352,0.0000,8.9936,-241.8074,0.04679,0.00000,0.10686,0.89314,True,True,True
101.7439,0.0000,8.9858,-241.7594,0.04856,0.00000,0.10758,0.89242,True,True,True
101.7538,0.0000,8.9773,-241.7070,0.05315,0.00000,0.10836,0.89164,True,True,True
101.7622,0.0000,8.9701,-241.6625,0.04506,0.00000,0.10903,0.89097,True,True,True
101.7707,0.0000,8.9629,-241.6182,0.04488,0.00000,0.10970,0.89030,True,True,True
101.7794,0.0000,8.9553,-241.5712,0.04758,0.00000,0.11041,0.88959,True,True,True
101.7878,0.0000,8.9478,-241.5255,0.04631,0.00000,0.11110,0.88890,True,True,True
101.7968,0.0000,8.9401,-241.4776,0.04859,0.00000,0.11183,0.88817,True,True,True
101.8057,0.0000,8.9323,-241.4300,0.04817,0.00000,0.11256,0.88744,True,True,True
101.8140,0.0000,8.9252,-241.3863,0.04434,0.00000,0.11322,0.88678,True,True,True
101.8226,0.0000,8.9177,-241.3401,0.04681,0.00000,0.11393,0.88607,True,True,True
101.8320,0.0000,8.9097,-241.2907,0.05001,0.00000,0.11469,0.88531,True,True,True
101.8405,0.0000,8.9023,-241.2449,0.04636,0.00000,0.11539,0.88461,True,True,True
101.8497,0.0000,8.8944,-241.1967,0.04885,0.00000,0.11614,0.88386,True,True,True
101.8583,0.0000,8.8869,-241.1503,0.04707,0.00000,0.11685,0.88315,True,True,True
101.8672,0.0000,8.8793,-241.1034,0.04744,0.00000,0.11758,0.88242,True,True,True
101.8759,0.0000,8.8718,-241.0571,0.04693,0.00000,0.11830,0.88170,True,True,True
101.8843,0.0000,8.8643,-241.0109,0.04682,0.00000,0.11902,0.88098,True,True,True
101.8934,0.0000,8.8567,-240.9644,0.04704,0.00000,0.11974,0.88026,True,True,True
101.9024,0.0000,8.8490,-240.9172,0.04788,0.00000,0.12048,0.87952,True,True,True
101.9107,0.0000,8.8417,-240.8721,0.04570,0.00000,0.12119,0.87881,True,True,True
101.9207,0.0000,8.8328,-240.8172,0.05564,0.00000,0.12205,0.87795,True,True,True
101.9290,0.0000,8.8256,-240.7727,0.04502,0.00000,0.12275,0.87725,True,True,True
101.9375,0.0000,8.8184,-240.7284,0.04495,0.00000,0.12346,0.87655,True,True,True
101.9465,0.0000,8.8104,-240.6796,0.04936,0.00000,0.12423,0.87577,True,True,True
101.9552,0.0000,8.8029,-240.6333,0.04695,0.00000,0.12496,0.87504,True,True,True
101.9645,0.0000,8.7950,-240.5848,0.04916,0.00000,0.12573,0.87427,True,True,True
101.9729,0.0000,8.7876,-240.5388,0.04659,0.00000,0.12647,0.87353,True,True,True
101.9820,0.0000,8.7797,-240.4905,0.04894,0.00000,0.12724,0.87276,True,True,True
101.9910,0.0000,8.7720,-240.4433,0.04785,0.00000,0.12800,0.87200,True,True,True
101.9999,0.0000,8.7642,-240.3950,0.04891,0.00000,0.12877,0.87123,True,True,True
102.0086,0.0000,8.7567,-240.3487,0.04689,0.00000,0.12952,0.87048,True,True,True
102.0178,0.0000,8.7489,-240.3007,0.04866,0.00000,0.13029,0.86971,True,True,True
102.0264,0.0000,8.7414,-240.2546,0.04669,0.00000,0.13104,0.86896,True,True,True
102.0349,0.0000,8.7339,-240.2084,0.04678,0.00000,0.13179,0.86821,True,True,True
102.0439,0.0000,8.7264,-240.1624,0.04661,0.00000,0.13253,0.86747,True,True,True
102.0541,0.0000,8.7173,-240.1064,0.05677,0.00000,0.13345,0.86655,True,True,True
102.0624,0.0000,8.7101,-240.0621,0.04488,0.00000,0.13417,0.86583,True,True,True
102.0708,0.0000,8.7029,-240.0177,0.04492,0.00000,0.13489,0.86511,True,True,True
102.0797,0.0000,8.6952,-239.9706,0.04775,0.00000,0.13567,0.86433,True,True,True
102.0882,0.0000,8.6877,-239.9246,0.04664,0.00000,0.13642,0.86358,True,True,True
102.0974,0.0000,8.6798,-239.8755,0.04975,0.00000,0.13723,0.86277,True,True,True
102.1060,0.0000,8.6724,-239.8304,0.04563,0.00000,0.13797,0.86203,True,True,True
102.1151,0.0000,8.6648,-239.7833,0.04772,0.00000,0.13875,0.86125,True,True,True
102.1239,0.0000,8.6575,-239.7383,0.04557,0.00000,0.13950,0.86050,True,True,True
102.1329,0.0000,8.6500,-239.6923,0.04664,0.00000,0.14026,0.85974,True,True,True
102.1422,0.0000,8.6425,-239.6462,0.04666,0.00000,0.14103,0.85897,True,True,True
102.1506,0.0000,8.6357,-239.6042,0.04264,0.00000,0.14173,0.85827,True,True,True
102.1593,0.0000,8.6289,-239.5622,0.04253,0.00000,0.14243,0.85757,True,True,True
102.1679,0.0000,8.6221,-239.5205,0.04226,0.00000,0.14313,0.85687,True,True,True
102.1771,0.0000,8.6154,-239.4791,0.04194,0.00000,0.14382,0.85618,True,True,True
102.1857,0.0000,8.6087,-239.4380,0.04163,0.00000,0.14451,0.85549,True,True,True
102.1950,0.0000,8.6017,-239.3948,0.04373,0.00000,0.14524,0.85476,True,True,True
102.2034,0.0000,8.5955,-239.3571,0.03815,0.00000,0.14587,0.85413,True,True,True
102.2124,0.0000,8.5890,-239.3170,0.04067,0.00000,0.14655,0.85345,True,True,True
102.2206,0.0000,8.5830,-239.2800,0.03747,0.00000,0.14718,0.85282,True,True,True
102.2297,0.0000,8.5766,-239.2406,0.03995,0.00000,0.14785,0.85215,True,True,True
102.2380,0.0000,8.5708,-239.2047,0.03637,0.00000,0.14845,0.85155,True,True,True
102.2468,0.0000,8.5648,-239.1682,0.03699,0.00000,0.14908,0.85092,True,True,True
102.2571,0.0000,8.5578,-239.1246,0.04410,0.00000,0.14982,0.85018,True,True,True
102.2654,0.0000,8.5522,-239.0905,0.03455,0.00000,0.15040,0.84960,True,True,True
102.2738,0.0000,8.5468,-239.0569,0.03407,0.00000,0.15097,0.84903,True,True,True
102.2821,0.0000,8.5415,-239.0242,0.03311,0.00000,0.15153,0.84847,True,True,True
102.2904,0.0000,8.5361,-238.9915,0.03319,0.00000,0.15209,0.84791,True,True,True
102.2988,0.0000,8.5309,-238.9595,0.03234,0.00000,0.15264,0.84736,True,True,True
102.3080,0.0000,8.5254,-238.9251,0.03486,0.00000,0.15323,0.84677,True,True,True
102.3167,0.0000,8.5200,-238.8923,0.03321,0.00000,0.15379,0.84621,True,True,True
102.3256,0.0000,8.5148,-238.8599,0.03283,0.00000,0.15435,0.84565,True,True,True
102.3342,0.0000,8.5099,-238.8298,0.03058,0.00000,0.15487,0.84513,True,True,True
102.3435,0.0000,8.5045,-238.7968,0.03338,0.00000,0.15544,0.84456,True,True,True
102.3524,0.0000,8.4995,-238.7660,0.03121,0.00000,0.15597,0.84403,True,True,True
102.3606,0.0000,8.4951,-238.7390,0.02735,0.00000,0.15644,0.84356,True,True,True
102.3690,0.0000,8.4905,-238.7107,0.02866,0.00000,0.15693,0.84307,True,True,True
102.3782,0.0000,8.4857,-238.6810,0.03016,0.00000,0.15745,0.84255,True,True,True
102.3869,0.0000,8.4812,-238.6536,0.02772,0.00000,0.15792,0.84208,True,True,True
102.3955,0.0000,8.4768,-238.6264,0.02752,0.00000,0.15839,0.84161,True,True,True
102.4042,0.0000,8.4726,-238.6002,0.02657,0.00000,0.15885,0.84115,True,True,True
102.4129,0.0000,8.4683,-238.5741,0.02650,0.00000,0.15931,0.84069,True,True,True
102.4217,0.0000,8.4642,-238.5484,0.02599,0.00000,0.15975,0.84025,True,True,True
102.4322,0.0000,8.4592,-238.5181,0.03069,0.00000,0.16028,0.83972,True,True,True
102.4405,0.0000,8.4555,-238.4949,0.02350,0.00000,0.16069,0.83931,True,True,True
102.4488,0.0000,8.4518,-238.4723,0.02296,0.00000,0.16108,0.83892,True,True,True
102.4573,0.0000,8.4481,-238.4497,0.02289,0.00000,0.16148,0.83852,True,True,True
102.4663,0.0000,8.4444,-238.4265,0.02351,0.00000,0.16189,0.83811,True,True,True
102.4749,0.0000,8.4409,-238.4049,0.02180,0.00000,0.16226,0.83774,True,True,True
102.4834,0.0000,8.4374,-238.3838,0.02144,0.00000,0.16264,0.83736,True,True,True
102.4928,0.0000,8.4337,-238.3611,0.02302,0.00000,0.16304,0.83697,True,True,True
102.5012,0.0000,8.4305,-238.3414,0.01996,0.00000,0.16338,0.83662,True,True,True
102.5107,0.0000,8.4270,-238.3198,0.02184,0.00000,0.16376,0.83624,True,True,True
102.5192,0.0000,8.4240,-238.3011,0.01897,0.00000,0.16409,0.83591,True,True,True
102.5284,0.0000,8.4208,-238.2814,0.01991,0.00000,0.16444,0.83556,True,True,True
102.5373,0.0000,8.4179,-238.2634,0.01829,0.00000,0.16476,0.83524,True,True,True
102.5457,0.0000,8.4151,-238.2461,0.01745,0.00000,0.16506,0.83494,True,True,True
102.5545,0.0000,8.4123,-238.2290,0.01733,0.00000,0.16536,0.83464,True,True,True
102.5634,0.0000,8.4096,-238.2126,0.01662,0.00000,0.16565,0.83435,True,True,True
102.5720,0.0000,8.4071,-238.1967,0.01611,0.00000,0.16593,0.83407,True,True,True
102.5824,0.0000,8.4042,-238.1789,0.01807,0.00000,0.16625,0.83375,True,True,True
102.5905,0.0000,8.4019,-238.1649,0.01416,0.00000,0.16650,0.83350,True,True,True
102.5989,0.0000,8.3997,-238.1515,0.01360,0.00000,0.16673,0.83327,True,True,True
102.6071,0.0000,8.3976,-238.1385,0.01312,0.00000,0.16696,0.83304,True,True,True
102.6156,0.0000,8.3956,-238.1259,0.01278,0.00000,0.16719,0.83281,True,True,True
102.6247,0.0000,8.3935,-238.1130,0.01306,0.00000,0.16742,0.83258,True,True,True
102.6336,0.0000,8.3915,-238.1009,0.01232,0.00000,0.16763,0.83237,True,True,True
102.6427,0.0000,8.3896,-238.0892,0.01181,0.00000,0.16784,0.83216,True,True,True
102.6511,0.0000,8.3879,-238.0788,0.01059,0.00000,0.16803,0.83197,True,True,True
102.6601,0.0000,8.3862,-238.0683,0.01064,0.00000,0.16821,0.83179,True,True,True
102.6688,0.0000,8.3847,-238.0587,0.00968,0.00000,0.16838,0.83162,True,True,True
102.6778,0.0000,8.3831,-238.0494,0.00938,0.00000,0.16855,0.83145,True,True,True
102.6871,0.0000,8.3817,-238.0403,0.00921,0.00000,0.16871,0.83129,True,True,True
102.6961,0.0000,8.3803,-238.0320,0.00846,0.00000,0.16886,0.83114,True,True,True
102.7047,0.0000,8.3790,-238.0241,0.00796,0.00000,0.16900,0.83100,True,True,True
102.7134,0.0000,8.3790,-238.0241,0.00000,0.00000,0.16900,0.83100,True,True,True
102.7225,0.0000,8.3789,-238.0236,0.00057,0.00000,0.16901,0.83099,True,True,True
102.7325,0.0000,8.3787,-238.0221,0.00145,0.00000,0.16903,0.83097,True,True,True
102.7406,0.0000,8.3784,-238.0205,0.00168,0.00000,0.16906,0.83094,True,True,True
102.7489,0.0000,8.3781,-238.0183,0.00223,0.00000,0.16910,0.83090,True,True,True
102.7573,0.0000,8.3776,-238.0155,0.00278,0.00000,0.16915,0.83085,True,True,True
102.7657,0.0000,8.3771,-238.0123,0.00331,0.00000,0.16921,0.83079,True,True,True
102.7749,0.0000,8.3764,-238.0080,0.00430,0.00000,0.16928,0.83072,True,True,True
102.7836,0.0000,8.3757,-238.0035,0.00459,0.00000,0.16937,0.83063,True,True,True
102.7927,0.0000,8.3748,-237.9982,0.00538,0.00000,0.16946,0.83054,True,True,True
102.8016,0.0000,8.3739,-237.9923,0.00592,0.00000,0.16956,0.83044,True,True,True
102.8096,0.0000,8.3729,-237.9866,0.00580,0.00000,0.16967,0.83033,True,True,True
102.8185,0.0000,8.3718,-237.9797,0.00700,0.00000,0.16979,0.83021,True,True,True
102.8277,0.0000,8.3706,-237.9719,0.00793,0.00000,0.16993,0.83007,True,True,True
102.8362,0.0000,8.3693,-237.9641,0.00787,0.00000,0.17007,0.82993,True,True,True
102.8451,0.0000,8.3679,-237.9554,0.00880,0.00000,0.17022,0.82978,True,True,True
102.8536,0.0000,8.3665,-237.9466,0.00890,0.00000,0.17038,0.82962,True,True,True
102.8622,0.0000,8.3649,-237.9371,0.00966,0.00000,0.17055,0.82945,True,True,True
102.8710,0.0000,8.3633,-237.9268,0.01039,0.00000,0.17073,0.82927,True,True,True
102.8798,0.0000,8.3615,-237.9160,0.01094,0.00000,0.17093,0.82907,True,True,True
102.8886,0.0000,8.3597,-237.9050,0.01124,0.00000,0.17112,0.82888,True,True,True
102.8989,0.0000,8.3573,-237.8905,0.01469,0.00000,0.17138,0.82862,True,True,True
102.9072,0.0000,8.3554,-237.8785,0.01209,0.00000,0.17160,0.82840,True,True,True
102.9156,0.0000,8.3534,-237.8660,0.01272,0.00000,0.17182,0.82818,True,True,True
102.9240,0.0000,8.3512,-237.8528,0.01334,0.00000,0.17206,0.82794,True,True,True
102.9327,0.0000,8.3490,-237.8387,0.01424,0.00000,0.17231,0.82769,True,True,True
102.9420,0.0000,8.3464,-237.8233,0.01566,0.00000,0.17259,0.82741,True,True,True
102.9501,0.0000,8.3441,-237.8087,0.01478,0.00000,0.17285,0.82715,True,True,True
102.9591,0.0000,8.3414,-237.7923,0.01660,0.00000,0.17314,0.82686,True,True,True
102.9677,0.0000,8.3388,-237.7761,0.01640,0.00000,0.17344,0.82656,True,True,True
102.9769,0.0000,8.3359,-237.7586,0.01778,0.00000,0.17375,0.82625,True,True,True
102.9851,0.0000,8.3332,-237.7417,0.01708,0.00000,0.17405,0.82595,True,True,True
102.9939,0.0000,8.3302,-237.7234,0.01858,0.00000,0.17438,0.82562,True,True,True
103.0026,0.0000,8.3273,-237.7054,0.01826,0.00000,0.17471,0.82529,True,True,True
103.0113,0.0000,8.3241,-237.6858,0.01980,0.00000,0.17506,0.82494,True,True,True
103.0205,0.0000,8.3208,-237.6650,0.02105,0.00000,0.17544,0.82456,True,True,True
103.0289,0.0000,8.3175,-237.6451,0.02020,0.00000,0.17580,0.82420,True,True,True
103.0378,0.0000,8.3142,-237.6244,0.02099,0.00000,0.17617,0.82383,True,True,True
103.0471,0.0000,8.3105,-237.6018,0.02289,0.00000,0.17658,0.82342,True,True,True
103.0557,0.0000,8.3069,-237.5796,0.02246,0.00000,0.17698,0.82302,True,True,True
103.0659,0.0000,8.3025,-237.5527,0.02725,0.00000,0.17747,0.82253,True,True,True
103.0742,0.0000,8.2989,-237.5304,0.02255,0.00000,0.17787,0.82213,True,True,True
103.0826,0.0000,8.2953,-237.5079,0.02280,0.00000,0.17828,0.82172,True,True,True
103.0914,0.0000,8.2912,-237.4830,0.02523,0.00000,0.17873,0.82127,True,True,True
103.1000,0.0000,8.2872,-237.4583,0.02507,0.00000,0.17918,0.82082,True,True,True
103.1092,0.0000,8.2829,-237.4314,0.02727,0.00000,0.17967,0.82033,True,True,True
103.1178,0.0000,8.2787,-237.4059,0.02583,0.00000,0.18014,0.81986,True,True,True
103.1267,0.0000,8.2743,-237.3785,0.02775,0.00000,0.18064,0.81936,True,True,True
103.1359,0.0000,8.2696,-237.3498,0.02905,0.00000,0.18116,0.81884,True,True,True
103.1440,0.0000,8.2655,-237.3241,0.02606,0.00000,0.18163,0.81837,True,True,True
103.1530,0.0000,8.2608,-237.2955,0.02891,0.00000,0.18215,0.81785,True,True,True
103.1615,0.0000,8.2561,-237.2664,0.02956,0.00000,0.18269,0.81731,True,True,True
103.1699,0.0000,8.2515,-237.2381,0.02858,0.00000,0.18320,0.81680,True,True,True
103.1789,0.0000,8.2465,-237.2074,0.03115,0.00000,0.18377,0.81623,True,True,True
103.1880,0.0000,8.2415,-237.1763,0.03149,0.00000,0.18434,0.81566,True,True,True
103.1965,0.0000,8.2364,-237.1447,0.03200,0.00000,0.18492,0.81508,True,True,True
103.2053,0.0000,8.2313,-237.1135,0.03163,0.00000,0.18549,0.81451,True,True,True
103.2139,0.0000,8.2260,-237.0808,0.03314,0.00000,0.18610,0.81390,True,True,True
103.2244,0.0000,8.2197,-237.0421,0.03916,0.00000,0.18681,0.81319,True,True,True
103.2325,0.0000,8.2146,-237.0104,0.03215,0.00000,0.18739,0.81261,True,True,True
103.2408,0.0000,8.2093,-236.9780,0.03285,0.00000,0.18799,0.81201,True,True,True
103.2491,0.0000,8.2040,-236.9450,0.03342,0.00000,0.18860,0.81140,True,True,True
103.2575,0.0000,8.1985,-236.9112,0.03425,0.00000,0.18923,0.81077,True,True,True
103.2661,0.0000,8.1929,-236.8765,0.03510,0.00000,0.18987,0.81013,True,True,True
103.2748,0.0000,8.1869,-236.8398,0.03725,0.00000,0.19056,0.80944,True,True,True
103.2836,0.0000,8.1810,-236.8028,0.03744,0.00000,0.19124,0.80876,True,True,True
103.2930,0.0000,8.1744,-236.7624,0.04089,0.00000,0.19200,0.80800,True,True,True
103.3016,0.0000,8.1684,-236.7254,0.03753,0.00000,0.19269,0.80731,True,True,True
103.3106,0.0000,8.1619,-236.6853,0.04061,0.00000,0.19343,0.80657,True,True,True
103.3191,0.0000,8.1558,-236.6473,0.03852,0.00000,0.19415,0.80585,True,True,True
103.3280,0.0000,8.1492,-236.6068,0.04104,0.00000,0.19490,0.80510,True,True,True
103.3364,0.0000,8.1429,-236.5679,0.03936,0.00000,0.19563,0.80437,True,True,True
103.3452,0.0000,8.1363,-236.5272,0.04126,0.00000,0.19640,0.80360,True,True,True
103.3536,0.0000,8.1298,-236.4872,0.04048,0.00000,0.19715,0.80285,True,True,True
103.3621,0.0000,8.1232,-236.4464,0.04141,0.00000,0.19792,0.80208,True,True,True
103.3708,0.0000,8.1164,-236.4042,0.04268,0.00000,0.19871,0.80129,True,True,True
103.3793,0.0000,8.1096,-236.3620,0.04282,0.00000,0.19951,0.80049,True,True,True
103.3878,0.0000,8.1027,-236.3199,0.04265,0.00000,0.20030,0.79970,True,True,True
103.3964,0.0000,8.0957,-236.2764,0.04404,0.00000,0.20112,0.79888,True,True,True
103.4049,0.0000,8.0888,-236.2336,0.04334,0.00000,0.20194,0.79806,True,True,True
103.4136,0.0000,8.0815,-236.1886,0.04554,0.00000,0.20279,0.79721,True,True,True
103.4222,0.0000,8.0742,-236.1437,0.04552,0.00000,0.20364,0.79636,True,True,True
103.4308,0.0000,8.0669,-236.0986,0.04568,0.00000,0.20450,0.79550,True,True,True
103.4392,0.0000,8.0594,-236.0523,0.04693,0.00000,0.20538,0.79462,True,True,True
103.4493,0.0000,8.0508,-235.9990,0.05399,0.00000,0.20640,0.79360,True,True,True
103.4576,0.0000,8.0436,-235.9544,0.04520,0.00000,0.20725,0.79275,True,True,True
103.4659,0.0000,8.0364,-235.9101,0.04483,0.00000,0.20810,0.79190,True,True,True
103.4742,0.0000,8.0293,-235.8657,0.04500,0.00000,0.20895,0.79105,True,True,True
103.4827,0.0000,8.0221,-235.8213,0.04495,0.00000,0.20980,0.79020,True,True,True
103.4911,0.0000,8.0147,-235.7758,0.04609,0.00000,0.21067,0.78933,True,True,True
103.4996,0.0000,8.0073,-235.7302,0.04625,0.00000,0.21155,0.78845,True,True,True
103.5090,0.0000,7.9993,-235.6805,0.05028,0.00000,0.21251,0.78749,True,True,True
103.5175,0.0000,7.9919,-235.6350,0.04614,0.00000,0.21339,0.78661,True,True,True
103.5266,0.0000,7.9841,-235.5864,0.04925,0.00000,0.21433,0.78567,True,True,True
103.5351,0.0000,7.9768,-235.5412,0.04575,0.00000,0.21520,0.78480,True,True,True
103.5442,0.0000,7.9690,-235.4929,0.04892,0.00000,0.21614,0.78386,True,True,True
103.5525,0.0000,7.9618,-235.4486,0.04489,0.00000,0.21700,0.78300,True,True,True
103.5615,0.0000,7.9540,-235.4000,0.04928,0.00000,0.21794,0.78206,True,True,True
103.5708,0.0000,7.9461,-235.3510,0.04963,0.00000,0.21890,0.78110,True,True,True
103.5790,0.0000,7.9390,-235.3071,0.04448,0.00000,0.21975,0.78025,True,True,True
103.5877,0.0000,7.9315,-235.2609,0.04672,0.00000,0.22065,0.77935,True,True,True
103.5964,0.0000,7.9240,-235.2146,0.04697,0.00000,0.22156,0.77844,True,True,True
103.6049,0.0000,7.9168,-235.1695,0.04560,0.00000,0.22244,0.77756,True,True,True
103.6139,0.0000,7.9092,-235.1226,0.04751,0.00000,0.22336,0.77664,True,True,True
103.6225,0.0000,7.9019,-235.0777,0.04555,0.00000,0.22424,0.77576,True,True,True
103.6308,0.0000,7.8945,-235.0319,0.04637,0.00000,0.22514,0.77486,True,True,True
103.6395,0.0000,7.8870,-234.9851,0.04736,0.00000,0.22605,0.77395,True,True,True
103.6496,0.0000,7.8782,-234.9307,0.05518,0.00000,0.22713,0.77287,True,True,True
103.6578,0.0000,7.8711,-234.8869,0.04436,0.00000,0.22799,0.77201,True,True,True
103.6665,0.0000,7.8638,-234.8415,0.04593,0.00000,0.22889,0.77111,True,True,True
103.6756,0.0000,7.8559,-234.7921,0.05005,0.00000,0.22986,0.77014,True,True,True
103.6845,0.0000,7.8482,-234.7446,0.04808,0.00000,0.23080,0.76920,True,True,True
103.6933,0.0000,7.8409,-234.6991,0.04612,0.00000,0.23170,0.76830,True,True,True
103.7018,0.0000,7.8334,-234.6527,0.04697,0.00000,0.23262,0.76738,True,True,True
103.7111,0.0000,7.8253,-234.6026,0.05080,0.00000,0.23362,0.76638,True,True,True
103.7198,0.0000,7.8179,-234.5566,0.04658,0.00000,0.23453,0.76547,True,True,True
103.7287,0.0000,7.8102,-234.5091,0.04811,0.00000,0.23548,0.76452,True,True,True
103.7376,0.0000,7.8028,-234.4628,0.04691,0.00000,0.23640,0.76360,True,True,True
103.7465,0.0000,7.7950,-234.4147,0.04873,0.00000,0.23736,0.76264,True,True,True
103.7550,0.0000,7.7876,-234.3685,0.04675,0.00000,0.23829,0.76171,True,True,True
103.7643,0.0000,7.7797,-234.3195,0.04963,0.00000,0.23927,0.76073,True,True,True
103.7732,0.0000,7.7722,-234.2727,0.04742,0.00000,0.24021,0.75980,True,True,True
103.7835,0.0000,7.7633,-234.2177,0.05576,0.00000,0.24131,0.75869,True,True,True
103.7916,0.0000,7.7563,-234.1741,0.04414,0.00000,0.24218,0.75782,True,True,True
103.8003,0.0000,7.7487,-234.1273,0.04739,0.00000,0.24313,0.75687,True,True,True
103.8097,0.0000,7.7408,-234.0777,0.05028,0.00000,0.24413,0.75587,True,True,True
103.8182,0.0000,7.7334,-234.0317,0.04657,0.00000,0.24505,0.75495,True,True,True
103.8273,0.0000,7.7256,-233.9837,0.04862,0.00000,0.24602,0.75398,True,True,True
103.8358,0.0000,7.7183,-233.9383,0.04599,0.00000,0.24694,0.75306,True,True,True
103.8456,0.0000,7.7100,-233.8862,0.05276,0.00000,0.24799,0.75201,True,True,True
103.8545,0.0000,7.7024,-233.8394,0.04734,0.00000,0.24894,0.75106,True,True,True
103.8631,0.0000,7.6952,-233.7945,0.04554,0.00000,0.24985,0.75015,True,True,True
103.8717,0.0000,7.6881,-233.7503,0.04473,0.00000,0.25075,0.74925,True,True,True
103.8804,0.0000,7.6809,-233.7057,0.04516,0.00000,0.25165,0.74835,True,True,True
103.8891,0.0000,7.6739,-233.6620,0.04426,0.00000,0.25254,0.74746,True,True,True
103.8982,0.0000,7.6668,-233.6177,0.04493,0.00000,0.25345,0.74655,True,True,True
103.9068,0.0000,7.6602,-233.5768,0.04139,0.00000,0.25428,0.74572,True,True,True
103.9167,0.0000,7.6523,-233.5275,0.04990,0.00000,0.25528,0.74472,True,True,True
103.9251,0.0000,7.6459,-233.4879,0.04015,0.00000,0.25609,0.74391,True,True,True
103.9333,0.0000,7.6396,-233.4487,0.03973,0.00000,0.25690,0.74310,True,True,True
103.9424,0.0000,7.6329,-233.4069,0.04230,0.00000,0.25775,0.74225,True,True,True
103.9507,0.0000,7.6268,-233.3688,0.03860,0.00000,0.25853,0.74147,True,True,True
103.9599,0.0000,7.6202,-233.3273,0.04197,0.00000,0.25938,0.74062,True,True,True
103.9685,0.0000,7.6140,-233.2891,0.03871,0.00000,0.26017,0.73983,True,True,True
103.9777,0.0000,7.6076,-233.2487,0.04088,0.00000,0.26100,0.73900,True,True,True
103.9864,0.0000,7.6016,-233.2117,0.03749,0.00000,0.26176,0.73824,True,True,True
103.9953,0.0000,7.5955,-233.1734,0.03882,0.00000,0.26255,0.73745,True,True,True
104.0039,0.0000,7.5898,-233.1379,0.03599,0.00000,0.26328,0.73672,True,True,True
104.0132,0.0000,7.5836,-233.0995,0.03888,0.00000,0.26407,0.73593,True,True,True
104.0225,0.0000,7.5776,-233.0620,0.03799,0.00000,0.26484,0.73516,True,True,True
104.0315,0.0000,7.5720,-233.0270,0.03542,0.00000,0.26557,0.73443,True,True,True
104.0400,0.0000,7.5667,-232.9937,0.03369,0.00000,0.26625,0.73375,True,True,True
104.0501,0.0000,7.5604,-232.9546,0.03962,0.00000,0.26706,0.73294,True,True,True
104.0583,0.0000,7.5554,-232.9232,0.03179,0.00000,0.26771,0.73229,True,True,True
104.0666,0.0000,7.5504,-232.8924,0.03120,0.00000,0.26835,0.73165,True,True,True
104.0750,0.0000,7.5455,-232.8617,0.03114,0.00000,0.26899,0.73101,True,True,True
104.0835,0.0000,7.5407,-232.8314,0.03066,0.00000,0.26961,0.73039,True,True,True
104.0925,0.0000,7.5355,-232.7995,0.03234,0.00000,0.27028,0.72972,True,True,True
104.1010,0.0000,7.5309,-232.7702,0.02965,0.00000,0.27089,0.72912,True,True,True
104.1101,0.0000,7.5259,-232.7391,0.03143,0.00000,0.27153,0.72847,True,True,True
104.1191,0.0000,7.5211,-232.7094,0.03015,0.00000,0.27215,0.72785,True,True,True
104.1282,0.0000,7.5164,-232.6796,0.03012,0.00000,0.27277,0.72723,True,True,True
104.1373,0.0000,7.5117,-232.6506,0.02939,0.00000,0.27337,0.72663,True,True,True
104.1452,0.0000,7.5077,-232.6258,0.02510,0.00000,0.27389,0.72611,True,True,True
104.1540,0.0000,7.5035,-232.5990,0.02714,0.00000,0.27445,0.72555,True,True,True
104.1629,0.0000,7.4992,-232.5726,0.02676,0.00000,0.27500,0.72500,True,True,True
104.1711,0.0000,7.4953,-232.5480,0.02493,0.00000,0.27551,0.72449,True,True,True
104.1798,0.0000,7.4913,-232.5231,0.02525,0.00000,0.27603,0.72397,True,True,True
104.1884,0.0000,7.4874,-232.4989,0.02448,0.00000,0.27654,0.72346,True,True,True
104.1971,0.0000,7.4836,-232.4751,0.02411,0.00000,0.27703,0.72297,True,True,True
104.2055,0.0000,7.4800,-232.4523,0.02310,0.00000,0.27751,0.72249,True,True,True
104.2143,0.0000,7.4763,-232.4294,0.02316,0.00000,0.27799,0.72201,True,True,True
104.2230,0.0000,7.4728,-232.4075,0.02216,0.00000,0.27845,0.72155,True,True,True
104.2336,0.0000,7.4686,-232.3812,0.02667,0.00000,0.27900,0.72100,True,True,True
104.2417,0.0000,7.4655,-232.3614,0.02003,0.00000,0.27941,0.72059,True,True,True
104.2499,0.0000,7.4623,-232.3419,0.01978,0.00000,0.27982,0.72018,True,True,True
104.2583,0.0000,7.4593,-232.3227,0.01939,0.00000,0.28022,0.71978,True,True,True
104.2666,0.0000,7.4563,-232.3040,0.01893,0.00000,0.28062,0.71938,True,True,True
104.2752,0.0000,7.4533,-232.2856,0.01868,0.00000,0.28100,0.71900,True,True,True
104.2836,0.0000,7.4505,-232.2678,0.01803,0.00000,0.28138,0.71862,True,True,True
104.2926,0.0000,7.4475,-232.2492,0.01877,0.00000,0.28177,0.71823,True,True,True
104.3011,0.0000,7.4449,-232.2327,0.01675,0.00000,0.28211,0.71789,True,True,True
104.3101,0.0000,7.4421,-232.2155,0.01745,0.00000,0.28248,0.71752,True,True,True
104.3186,0.0000,7.4396,-232.1998,0.01588,0.00000,0.28281,0.71719,True,True,True
104.3279,0.0000,7.4370,-232.1832,0.01683,0.00000,0.28315,0.71685,True,True,True
104.3365,0.0000,7.4346,-232.1684,0.01494,0.00000,0.28346,0.71654,True,True,True
104.3457,0.0000,7.4322,-232.1533,0.01530,0.00000,0.28378,0.71622,True,True,True
104.3547,0.0000,7.4299,-232.1392,0.01429,0.00000,0.28408,0.71592,True,True,True
104.3624,0.0000,7.4281,-232.1273,0.01201,0.00000,0.28433,0.71567,True,True,True
104.3713,0.0000,7.4260,-232.1143,0.01315,0.00000,0.28460,0.71540,True,True,True
104.3798,0.0000,7.4241,-232.1023,0.01219,0.00000,0.28486,0.71514,True,True,True
104.3885,0.0000,7.4222,-232.0909,0.01159,0.00000,0.28510,0.71490,True,True,True
104.3969,0.0000,7.4205,-232.0801,0.01094,0.00000,0.28532,0.71468,True,True,True
104.4058,0.0000,7.4188,-232.0695,0.01072,0.00000,0.28555,0.71445,True,True,True
104.4145,0.0000,7.4173,-232.0598,0.00981,0.00000,0.28575,0.71425,True,True,True
104.4227,0.0000,7.4158,-232.0507,0.00923,0.00000,0.28594,0.71406,True,True,True
104.4312,0.0000,7.4144,-232.0419,0.00884,0.00000,0.28613,0.71387,True,True,True
104.4397,0.0000,7.4131,-232.0335,0.00856,0.00000,0.28631,0.71369,True,True,True
104.4503,0.0000,7.4115,-232.0235,0.01011,0.00000,0.28652,0.71348,True,True,True
104.4585,0.0000,7.4115,-232.0235,0.00000,0.00000,0.28652,0.71348,True,True,True
104.4666,0.0000,7.4114,-232.0230,0.00051,0.00000,0.28653,0.71347,True,True,True
104.4750,0.0000,7.4112,-232.0220,0.00104,0.00000,0.28655,0.71345,True,True,True
104.4834,0.0000,7.4110,-232.0204,0.00156,0.00000,0.28658,0.71342,True,True,True
104.4917,0.0000,7.4106,-232.0184,0.00210,0.00000,0.28663,0.71337,True,True,True
104.5004,0.0000,7.4102,-232.0157,0.00269,0.00000,0.28668,0.71332,True,True,True
104.5094,0.0000,7.4097,-232.0123,0.00349,0.00000,0.28675,0.71325,True,True,True
104.5180,0.0000,7.4091,-232.0085,0.00382,0.00000,0.28683,0.71317,True,True,True
104.5270,0.0000,7.4083,-232.0040,0.00460,0.00000,0.28693,0.71307,True,True,True
104.5355,0.0000,7.4076,-231.9990,0.00498,0.00000,0.28703,0.71297,True,True,True
104.5447,0.0000,7.4066,-231.9932,0.00587,0.00000,0.28716,0.71284,True,True,True
104.5532,0.0000,7.4057,-231.9872,0.00610,0.00000,0.28728,0.71272,True,True,True
104.5621,0.0000,7.4046,-231.9803,0.00697,0.00000,0.28743,0.71257,True,True,True
104.5713,0.0000,7.4033,-231.9727,0.00776,0.00000,0.28759,0.71241,True,True,True
104.5794,0.0000,7.4022,-231.9654,0.00732,0.00000,0.28774,0.71226,True,True,True
104.5878,0.0000,7.4009,-231.9572,0.00833,0.00000,0.28792,0.71208,True,True,True
104.5968,0.0000,7.3994,-231.9481,0.00927,0.00000,0.28811,0.71189,True,True,True
104.6053,0.0000,7.3979,-231.9388,0.00936,0.00000,0.28831,0.71169,True,True,True
104.6140,0.0000,7.3963,-231.9286,0.01034,0.00000,0.28852,0.71148,True,True,True
104.6227,0.0000,7.3947,-231.9181,0.01060,0.00000,0.28874,0.71126,True,True,True
104.6320,0.0000,7.3929,-231.9068,0.01145,0.00000,0.28898,0.71102,True,True,True
104.6407,0.0000,7.3909,-231.8946,0.01241,0.00000,0.28924,0.71076,True,True,True
104.6509,0.0000,7.3886,-231.8799,0.01488,0.00000,0.28955,0.71045,True,True,True
104.6593,0.0000,7.3866,-231.8674,0.01265,0.00000,0.28982,0.71018,True,True,True
104.6675,0.0000,7.3845,-231.8543,0.01324,0.00000,0.29009,0.70991,True,True,True
104.6757,0.0000,7.3824,-231.8411,0.01333,0.00000,0.29037,0.70963,True,True,True
104.6842,0.0000,7.3801,-231.8271,0.01417,0.00000,0.29067,0.70933,True,True,True
104.6929,0.0000,7.3777,-231.8117,0.01565,0.00000,0.29099,0.70901,True,True,True
104.7016,0.0000,7.3752,-231.7963,0.01561,0.00000,0.29132,0.70868,True,True,True
104.7105,0.0000,7.3726,-231.7795,0.01698,0.00000,0.29168,0.70832,True,True,True
104.7190,0.0000,7.3699,-231.7631,0.01659,0.00000,0.29202,0.70798,True,True,True
104.7280,0.0000,7.3671,-231.7450,0.01833,0.00000,0.29241,0.70759,True,True,True
104.7367,0.0000,7.3642,-231.7271,0.01817,0.00000,0.29279,0.70721,True,True,True
104.7458,0.0000,7.3611,-231.7077,0.01967,0.00000,0.29320,0.70680,True,True,True
104.7544,0.0000,7.3581,-231.6889,0.01894,0.00000,0.29360,0.70640,True,True,True
104.7635,0.0000,7.3548,-231.6684,0.02086,0.00000,0.29404,0.70596,True,True,True
104.7721,0.0000,7.3516,-231.6481,0.02047,0.00000,0.29446,0.70554,True,True,True
104.7805,0.0000,7.3484,-231.6279,0.02044,0.00000,0.29489,0.70511,True,True,True
104.7890,0.0000,7.3451,-231.6073,0.02092,0.00000,0.29533,0.70467,True,True,True
104.7978,0.0000,7.3416,-231.5851,0.02245,0.00000,0.29580,0.70420,True,True,True
104.8062,0.0000,7.3381,-231.5636,0.02180,0.00000,0.29626,0.70374,True,True,True
104.8148,0.0000,7.3345,-231.5406,0.02322,0.00000,0.29675,0.70325,True,True,True
104.8233,0.0000,7.3308,-231.5177,0.02321,0.00000,0.29724,0.70276,True,True,True
104.8318,0.0000,7.3270,-231.4941,0.02395,0.00000,0.29774,0.70226,True,True,True
104.8408,0.0000,7.3231,-231.4691,0.02526,0.00000,0.29827,0.70173,True,True,True
104.8490,0.0000,7.3192,-231.4450,0.02447,0.00000,0.29879,0.70121,True,True,True
104.8594,0.0000,7.3143,-231.4142,0.03113,0.00000,0.29945,0.70055,True,True,True
104.8675,0.0000,7.3103,-231.3891,0.02548,0.00000,0.29998,0.70002,True,True,True
104.8758,0.0000,7.3063,-231.3636,0.02577,0.00000,0.30053,0.69947,True,True,True
104.8840,0.0000,7.3021,-231.3373,0.02659,0.00000,0.30109,0.69891,True,True,True
104.8928,0.0000,7.2977,-231.3095,0.02820,0.00000,0.30168,0.69832,True,True,True
104.9016,0.0000,7.2931,-231.2805,0.02931,0.00000,0.30230,0.69770,True,True,True
104.9096,0.0000,7.2888,-231.2534,0.02752,0.00000,0.30288,0.69712,True,True,True
104.9179,0.0000,7.2843,-231.2251,0.02861,0.00000,0.30349,0.69651,True,True,True
104.9268,0.0000,7.2794,-231.1944,0.03110,0.00000,0.30415,0.69585,True,True,True
104.9353,0.0000,7.2746,-231.1643,0.03051,0.00000,0.30479,0.69521,True,True,True
104.9442,0.0000,7.2695,-231.1321,0.03252,0.00000,0.30548,0.69452,True,True,True
104.9526,0.0000,7.2646,-231.1017,0.03082,0.00000,0.30613,0.69387,True,True,True
104.9613,0.0000,7.2595,-231.0691,0.03305,0.00000,0.30683,0.69317,True,True,True
104.9697,0.0000,7.2543,-231.0366,0.03286,0.00000,0.30753,0.69247,True,True,True
104.9786,0.0000,7.2489,-231.0025,0.03449,0.00000,0.30826,0.69174,True,True,True
104.9871,0.0000,7.2436,-230.9691,0.03390,0.00000,0.30898,0.69102,True,True,True
104.9958,0.0000,7.2380,-230.9343,0.03523,0.00000,0.30973,0.69027,True,True,True
105.0048,0.0000,7.2324,-230.8985,0.03624,0.00000,0.31050,0.68950,True,True,True
105.0128,0.0000,7.2272,-230.8658,0.03305,0.00000,0.31121,0.68879,True,True,True
105.0210,0.0000,7.2217,-230.8312,0.03510,0.00000,0.31195,0.68805,True,True,True
105.0299,0.0000,7.2157,-230.7933,0.03839,0.00000,0.31277,0.68723,True,True,True
105.0385,0.0000,7.2098,-230.7560,0.03768,0.00000,0.31357,0.68643,True,True,True
105.0470,0.0000,7.2039,-230.7188,0.03768,0.00000,0.31438,0.68562,True,True,True
105.0556,0.0000,7.1979,-230.6809,0.03836,0.00000,0.31520,0.68480,True,True,True
105.0640,0.0000,7.1919,-230.6432,0.03818,0.00000,0.31601,0.68399,True,True,True
105.0726,0.0000,7.1857,-230.6043,0.03941,0.00000,0.31685,0.68315,True,True,True
105.0810,0.0000,7.1794,-230.5649,0.03991,0.00000,0.31771,0.68229,True,True,True
105.0896,0.0000,7.1730,-230.5245,0.04090,0.00000,0.31858,0.68142,True,True,True
105.0981,0.0000,7.1667,-230.4847,0.04034,0.00000,0.31945,0.68055,True,True,True
105.1068,0.0000,7.1602,-230.4432,0.04196,0.00000,0.32034,0.67966,True,True,True
105.1153,0.0000,7.1536,-230.4018,0.04197,0.00000,0.32124,0.67876,True,True,True
105.1236,0.0000,7.1471,-230.3607,0.04153,0.00000,0.32214,0.67786,True,True,True
105.1323,0.0000,7.1403,-230.3179,0.04336,0.00000,0.32307,0.67693,True,True,True
105.1408,0.0000,7.1334,-230.2739,0.04452,0.00000,0.32402,0.67598,True,True,True
105.1510,0.0000,7.1252,-230.2222,0.05237,0.00000,0.32515,0.67485,True,True,True
105.1594,0.0000,7.1184,-230.1790,0.04370,0.00000,0.32609,0.67391,True,True,True
105.1674,0.0000,7.1115,-230.1359,0.04370,0.00000,0.32703,0.67297,True,True,True
105.1758,0.0000,7.1045,-230.0915,0.04491,0.00000,0.32800,0.67200,True,True,True
105.1840,0.0000,7.0975,-230.0473,0.04482,0.00000,0.32896,0.67104,True,True,True
105.1925,0.0000,7.0904,-230.0022,0.04557,0.00000,0.32995,0.67005,True,True,True
105.2008,0.0000,7.0834,-229.9581,0.04471,0.00000,0.33091,0.66909,True,True,True
105.2097,0.0000,7.0760,-229.9107,0.04801,0.00000,0.33195,0.66805,True,True,True
105.2184,0.0000,7.0686,-229.8642,0.04708,0.00000,0.33297,0.66703,True,True,True
105.2266,0.0000,7.0617,-229.8205,0.04418,0.00000,0.33392,0.66608,True,True,True
105.2352,0.0000,7.0544,-229.7740,0.04710,0.00000,0.33494,0.66506,True,True,True
105.2439,0.0000,7.0471,-229.7277,0.04688,0.00000,0.33596,0.66404,True,True,True
105.2525,0.0000,7.0399,-229.6823,0.04599,0.00000,0.33695,0.66305,True,True,True
105.2613,0.0000,7.0326,-229.6357,0.04711,0.00000,0.33798,0.66202,True,True,True
105.2699,0.0000,7.0253,-229.5896,0.04664,0.00000,0.33899,0.66101,True,True,True
105.2788,0.0000,7.0177,-229.5416,0.04860,0.00000,0.34004,0.65996,True,True,True
105.2873,0.0000,7.0106,-229.4965,0.04566,0.00000,0.34104,0.65896,True,True,True
105.2964,0.0000,7.0030,-229.4480,0.04917,0.00000,0.34211,0.65790,True,True,True
105.3046,0.0000,6.9961,-229.4040,0.04447,0.00000,0.34307,0.65693,True,True,True
105.3134,0.0000,6.9888,-229.3575,0.04708,0.00000,0.34410,0.65590,True,True,True
105.3220,0.0000,6.9815,-229.3114,0.04671,0.00000,0.34512,0.65488,True,True,True
105.3306,0.0000,6.9743,-229.2653,0.04666,0.00000,0.34613,0.65387,True,True,True
105.3394,0.0000,6.9669,-229.2188,0.04705,0.00000,0.34716,0.65284,True,True,True
105.3479,0.0000,6.9598,-229.1736,0.04578,0.00000,0.34816,0.65184,True,True,True
105.3565,0.0000,6.9526,-229.1276,0.04659,0.00000,0.34918,0.65082,True,True,True
105.3654,0.0000,6.9452,-229.0803,0.04788,0.00000,0.35022,0.64978,True,True,True
105.3741,0.0000,6.9379,-229.0340,0.04679,0.00000,0.35125,0.64875,True,True,True
105.3844,0.0000,6.9292,-228.9790,0.05574,0.00000,0.35247,0.64753,True,True,True
105.3925,0.0000,6.9224,-228.9355,0.04405,0.00000,0.35343,0.64657,True,True,True
105.4008,0.0000,6.9155,-228.8914,0.04464,0.00000,0.35441,0.64559,True,True,True
105.4096,0.0000,6.9081,-228.8443,0.04768,0.00000,0.35545,0.64455,True,True,True
105.4181,0.0000,6.9009,-228.7985,0.04629,0.00000,0.35647,0.64353,True,True,True
105.4272,0.0000,6.8933,-228.7501,0.04901,0.00000,0.35754,0.64246,True,True,True
105.4363,0.0000,6.8858,-228.7021,0.04858,0.00000,0.35861,0.64139,True,True,True
105.4449,0.0000,6.8786,-228.6557,0.04694,0.00000,0.35964,0.64036,True,True,True
105.4532,0.0000,6.8716,-228.6116,0.04471,0.00000,0.36063,0.63937,True,True,True
105.4623,0.0000,6.8640,-228.5630,0.04921,0.00000,0.36171,0.63829,True,True,True
105.4708,0.0000,6.8569,-228.5174,0.04610,0.00000,0.36272,0.63728,True,True,True
105.4803,0.0000,6.8491,-228.4680,0.05004,0.00000,0.36383,0.63617,True,True,True
105.4891,0.0000,6.8417,-228.4203,0.04828,0.00000,0.36489,0.63511,True,True,True
105.4979,0.0000,6.8343,-228.3732,0.04769,0.00000,0.36594,0.63406,True,True,True
105.5069,0.0000,6.8270,-228.3265,0.04726,0.00000,0.36698,0.63302,True,True,True
105.5157,0.0000,6.8195,-228.2786,0.04843,0.00000,0.36805,0.63195,True,True,True
105.5240,0.0000,6.8124,-228.2332,0.04593,0.00000,0.36907,0.63093,True,True,True
105.5346,0.0000,6.8038,-228.1776,0.05631,0.00000,0.37031,0.62969,True,True,True
105.5426,0.0000,6.7971,-228.1347,0.04340,0.00000,0.37127,0.62873,True,True,True
105.5511,0.0000,6.7899,-228.0892,0.04605,0.00000,0.37229,0.62771,True,True,True
105.5603,0.0000,6.7823,-228.0404,0.04944,0.00000,0.37338,0.62662,True,True,True
105.5689,0.0000,6.7751,-227.9943,0.04667,0.00000,0.37442,0.62558,True,True,True
105.5780,0.0000,6.7675,-227.9455,0.04931,0.00000,0.37551,0.62449,True,True,True
105.5869,0.0000,6.7602,-227.8984,0.04773,0.00000,0.37657,0.62343,True,True,True
105.5960,0.0000,6.7526,-227.8499,0.04908,0.00000,0.37766,0.62234,True,True,True
105.6047,0.0000,6.7456,-227.8048,0.04565,0.00000,0.37867,0.62133,True,True,True
105.6139,0.0000,6.7381,-227.7567,0.04868,0.00000,0.37975,0.62025,True,True,True
105.6227,0.0000,6.7312,-227.7120,0.04520,0.00000,0.38075,0.61925,True,True,True
105.6315,0.0000,6.7243,-227.6679,0.04461,0.00000,0.38175,0.61826,True,True,True
105.6405,0.0000,6.7174,-227.6238,0.04464,0.00000,0.38274,0.61726,True,True,True
105.6511,0.0000,6.7093,-227.5718,0.05266,0.00000,0.38391,0.61609,True,True,True
105.6594,0.0000,6.7030,-227.5315,0.04077,0.00000,0.38482,0.61518,True,True,True
105.6678,0.0000,6.6968,-227.4916,0.04037,0.00000,0.38571,0.61429,True,True,True
105.6759,0.0000,6.6909,-227.4530,0.03904,0.00000,0.38658,0.61342,True,True,True
105.6847,0.0000,6.6846,-227.4126,0.04098,0.00000,0.38750,0.61250,True,True,True
105.6937,0.0000,6.6781,-227.3710,0.04203,0.00000,0.38843,0.61157,True,True,True
105.7024,0.0000,6.6721,-227.3320,0.03953,0.00000,0.38931,0.61069,True,True,True
105.7117,0.0000,6.6657,-227.2906,0.04180,0.00000,0.39025,0.60975,True,True,True
105.7205,0.0000,6.6597,-227.2523,0.03882,0.00000,0.39111,0.60889,True,True,True
105.7296,0.0000,6.6536,-227.2130,0.03978,0.00000,0.39200,0.60800,True,True,True
105.7383,0.0000,6.6479,-227.1761,0.03737,0.00000,0.39284,0.60716,True,True,True
105.7472,0.0000,6.6421,-227.1388,0.03772,0.00000,0.39368,0.60632,True,True,True
105.7560,0.0000,6.6365,-227.1027,0.03652,0.00000,0.39449,0.60551,True,True,True
105.7650,0.0000,6.6309,-227.0667,0.03644,0.00000,0.39531,0.60469,True,True,True
105.7736,0.0000,6.6255,-227.0320,0.03511,0.00000,0.39609,0.60391,True,True,True
105.7826,0.0000,6.6202,-226.9974,0.03501,0.00000,0.39688,0.60312,True,True,True
105.7913,0.0000,6.6149,-226.9635,0.03431,0.00000,0.39764,0.60236,True,True,True
105.8014,0.0000,6.6090,-226.9256,0.03838,0.00000,0.39850,0.60150,True,True,True
105.8096,0.0000,6.6043,-226.8947,0.03125,0.00000,0.39920,0.60080,True,True,True
105.8180,0.0000,6.5995,-226.8639,0.03111,0.00000,0.39990,0.60010,True,True,True
105.8272,0.0000,6.5945,-226.8313,0.03300,0.00000,0.40064,0.59936,True,True,True
105.8359,0.0000,6.5897,-226.8003,0.03136,0.00000,0.40134,0.59866,True,True,True
105.8453,0.0000,6.5847,-226.7683,0.03244,0.00000,0.40207,0.59793,True,True,True
105.8540,0.0000,6.5801,-226.7383,0.03031,0.00000,0.40275,0.59725,True,True,True
105.8635,0.0000,6.5753,-226.7070,0.03165,0.00000,0.40346,0.59654,True,True,True
105.8724,0.0000,6.5708,-226.6780,0.02934,0.00000,0.40411,0.59589,True,True,True
105.8814,0.0000,6.5664,-226.6496,0.02881,0.00000,0.40476,0.59524,True,True,True
105.8902,0.0000,6.5621,-226.6217,0.02815,0.00000,0.40539,0.59461,True,True,True
105.8992,0.0000,6.5579,-226.5946,0.02750,0.00000,0.40601,0.59399,True,True,True
105.9081,0.0000,6.5538,-226.5684,0.02651,0.00000,0.40660,0.59340,True,True,True
105.9182,0.0000,6.5492,-226.5383,0.03048,0.00000,0.40729,0.59271,True,True,True
105.9264,0.0000,6.5456,-226.5151,0.02339,0.00000,0.40781,0.59219,True,True,True
105.9348,0.0000,6.5420,-226.4916,0.02381,0.00000,0.40835,0.59165,True,True,True
105.9441,0.0000,6.5381,-226.4664,0.02554,0.00000,0.40892,0.59108,True,True,True
105.9529,0.0000,6.5345,-226.4429,0.02370,0.00000,0.40946,0.59054,True,True,True
105.9620,0.0000,6.5309,-226.4195,0.02368,0.00000,0.40999,0.59001,True,True,True
105.9708,0.0000,6.5274,-226.3972,0.02256,0.00000,0.41049,0.58951,True,True,True
105.9801,0.0000,6.5239,-226.3743,0.02322,0.00000,0.41102,0.58898,True,True,True
105.9893,0.0000,6.5206,-226.3525,0.02209,0.00000,0.41151,0.58849,True,True,True
105.9978,0.0000,6.5175,-226.3327,0.02002,0.00000,0.41196,0.58804,True,True,True
106.0066,0.0000,6.5145,-226.3129,0.02002,0.00000,0.41241,0.58759,True,True,True
106.0156,0.0000,6.5115,-226.2933,0.01978,0.00000,0.41286,0.58714,True,True,True
106.0242,0.0000,6.5086,-226.2748,0.01871,0.00000,0.41328,0.58672,True,True,True
106.0351,0.0000,6.5052,-226.2528,0.02226,0.00000,0.41378,0.58622,True,True,True
106.0431,0.0000,6.5027,-226.2366,0.01646,0.00000,0.41415,0.58585,True,True,True
106.0514,0.0000,6.5002,-226.2206,0.01620,0.00000,0.41452,0.58548,True,True,True
106.0607,0.0000,6.4976,-226.2032,0.01754,0.00000,0.41491,0.58509,True,True,True
106.0694,0.0000,6.4952,-226.1876,0.01586,0.00000,0.41527,0.58473,True,True,True
106.0788,0.0000,6.4927,-226.1715,0.01629,0.00000,0.41563,0.58437,True,True,True
106.0875,0.0000,6.4904,-226.1569,0.01474,0.00000,0.41597,0.58403,True,True,True
106.0967,0.0000,6.4882,-226.1424,0.01464,0.00000,0.41630,0.58370,True,True,True
106.1061,0.0000,6.4860,-226.1283,0.01430,0.00000,0.41662,0.58338,True,True,True
106.1148,0.0000,6.4840,-226.1153,0.01314,0.00000,0.41691,0.58309,True,True,True
106.1235,0.0000,6.4822,-226.1032,0.01227,0.00000,0.41719,0.58281,True,True,True
106.1322,0.0000,6.4804,-226.0916,0.01176,0.00000,0.41746,0.58254,True,True,True
106.1413,0.0000,6.4786,-226.0802,0.01144,0.00000,0.41771,0.58229,True,True,True
106.1515,0.0000,6.4767,-226.0679,0.01251,0.00000,0.41799,0.58201,True,True,True
106.1597,0.0000,6.4753,-226.0582,0.00976,0.00000,0.41821,0.58179,True,True,True
106.1680,0.0000,6.4738,-226.0490,0.00937,0.00000,0.41843,0.58157,True,True,True
106.1773,0.0000,6.4723,-226.0388,0.01025,0.00000,0.41866,0.58134,True,True,True
106.1860,0.0000,6.4709,-226.0298,0.00919,0.00000,0.41886,0.58114,True,True,True
106.1953,0.0000,6.4694,-226.0202,0.00970,0.00000,0.41908,0.58092,True,True,True
106.2039,0.0000,6.4694,-226.0202,0.00000,0.00000,0.41908,0.58092,True,True,True
106.2134,0.0000,6.4693,-226.0195,0.00068,0.00000,0.41910,0.58090,True,True,True
106.2227,0.0000,6.4691,-226.0182,0.00130,0.00000,0.41913,0.58087,True,True,True
106.2313,0.0000,6.4688,-226.0164,0.00181,0.00000,0.41917,0.58083,True,True,True
106.2400,0.0000,6.4685,-226.0141,0.00238,0.00000,0.41922,0.58078,True,True,True
106.2488,0.0000,6.4680,-226.0111,0.00300,0.00000,0.41929,0.58071,True,True,True
106.2578,0.0000,6.4674,-226.0076,0.00363,0.00000,0.41937,0.58063,True,True,True
106.2684,0.0000,6.4667,-226.0026,0.00497,0.00000,0.41948,0.58052,True,True,True
106.2764,0.0000,6.4660,-225.9982,0.00448,0.00000,0.41958,0.58042,True,True,True
106.2847,0.0000,6.4653,-225.9933,0.00500,0.00000,0.41970,0.58030,True,True,True
106.2933,0.0000,6.4644,-225.9876,0.00577,0.00000,0.41983,0.58017,True,True,True
106.3020,0.0000,6.4634,-225.9813,0.00638,0.00000,0.41997,0.58003,True,True,True
106.3113,0.0000,6.4623,-225.9739,0.00746,0.00000,0.42014,0.57986,True,True,True
106.3198,0.0000,6.4612,-225.9665,0.00746,0.00000,0.42031,0.57969,True,True,True
106.3289,0.0000,6.4599,-225.9581,0.00857,0.00000,0.42050,0.57950,True,True,True
106.3385,0.0000,6.4584,-225.9487,0.00943,0.00000,0.42071,0.57929,True,True,True
106.3466,0.0000,6.4571,-225.9401,0.00871,0.00000,0.42091,0.57909,True,True,True
106.3552,0.0000,6.4556,-225.9304,0.00988,0.00000,0.42113,0.57887,True,True,True
106.3639,0.0000,6.4540,-225.9200,0.01045,0.00000,0.42137,0.57863,True,True,True
106.3727,0.0000,6.4523,-225.9090,0.01121,0.00000,0.42162,0.57838,True,True,True
106.3818,0.0000,6.4505,-225.8970,0.01206,0.00000,0.42189,0.57811,True,True,True
106.3906,0.0000,6.4486,-225.8848,0.01235,0.00000,0.42217,0.57783,True,True,True
106.3997,0.0000,6.4466,-225.8716,0.01334,0.00000,0.42247,0.57753,True,True,True
106.4086,0.0000,6.4446,-225.8584,0.01338,0.00000,0.42277,0.57723,True,True,True
106.4188,0.0000,6.4421,-225.8421,0.01649,0.00000,0.42315,0.57685,True,True,True
106.4268,0.0000,6.4400,-225.8286,0.01371,0.00000,0.42346,0.57654,True,True,True
106.4354,0.0000,6.4378,-225.8139,0.01482,0.00000,0.42379,0.57621,True,True,True
106.4446,0.0000,6.4352,-225.7973,0.01680,0.00000,0.42417,0.57583,True,True,True
106.4535,0.0000,6.4327,-225.7807,0.01680,0.00000,0.42455,0.57545,True,True,True
106.4620,0.0000,6.4302,-225.7647,0.01618,0.00000,0.42491,0.57509,True,True,True
106.4707,0.0000,6.4276,-225.7475,0.01738,0.00000,0.42531,0.57469,True,True,True
106.4799,0.0000,6.4247,-225.7285,0.01922,0.00000,0.42574,0.57426,True,True,True
106.4889,0.0000,6.4218,-225.7096,0.01916,0.00000,0.42617,0.57383,True,True,True
106.4976,0.0000,6.4188,-225.6905,0.01930,0.00000,0.42661,0.57339,True,True,True
106.5064,0.0000,6.4158,-225.6708,0.01999,0.00000,0.42706,0.57294,True,True,True
106.5152,0.0000,6.4127,-225.6507,0.02036,0.00000,0.42752,0.57248,True,True,True
106.5240,0.0000,6.4095,-225.6295,0.02138,0.00000,0.42800,0.57200,True,True,True
106.5330,0.0000,6.4061,-225.6078,0.02200,0.00000,0.42850,0.57150,True,True,True
106.5419,0.0000,6.4027,-225.5855,0.02251,0.00000,0.42901,0.57099,True,True,True
106.5520,0.0000,6.3988,-225.5596,0.02618,0.00000,0.42960,0.57040,True,True,True
106.5602,0.0000,6.3954,-225.5376,0.02229,0.00000,0.43011,0.56989,True,True,True
106.5686,0.0000,6.3919,-225.5146,0.02323,0.00000,0.43063,0.56937,True,True,True
106.5777,0.0000,6.3880,-225.4895,0.02545,0.00000,0.43121,0.56879,True,True,True
106.5867,0.0000,6.3842,-225.4642,0.02553,0.00000,0.43178,0.56822,True,True,True
106.5959,0.0000,6.3800,-225.4371,0.02743,0.00000,0.43240,0.56760,True,True,True
106.6045,0.0000,6.3761,-225.4116,0.02581,0.00000,0.43299,0.56701,True,True,True
106.6138,0.0000,6.3718,-225.3833,0.02865,0.00000,0.43364,0.56636,True,True,True
106.6228,0.0000,6.3676,-225.3557,0.02794,0.00000,0.43427,0.56573,True,True,True
106.6319,0.0000,6.3632,-225.3266,0.02939,0.00000,0.43493,0.56507,True,True,True
106.6408,0.0000,6.3589,-225.2985,0.02845,0.00000,0.43558,0.56442,True,True,True
106.6497,0.0000,6.3543,-225.2689,0.02998,0.00000,0.43626,0.56374,True,True,True
106.6585,0.0000,6.3497,-225.2388,0.03039,0.00000,0.43695,0.56305,True,True,True
106.6686,0.0000,6.3444,-225.2038,0.03547,0.00000,0.43775,0.56225,True,True,True
106.6768,0.0000,6.3400,-225.1749,0.02925,0.00000,0.43841,0.56159,True,True,True
106.6855,0.0000,6.3353,-225.1442,0.03101,0.00000,0.43911,0.56089,True,True,True
106.6951,0.0000,6.3299,-225.1090,0.03556,0.00000,0.43992,0.56008,True,True,True
106.7038,0.0000,6.3250,-225.0767,0.03275,0.00000,0.44066,0.55934,True,True,True
106.7129,0.0000,6.3197,-225.0421,0.03492,0.00000,0.44145,0.55855,True,True,True
106.7218,0.0000,6.3145,-225.0080,0.03453,0.00000,0.44224,0.55776,True,True,True
106.7315,0.0000,6.3088,-224.9703,0.03814,0.00000,0.44310,0.55690,True,True,True
106.7403,0.0000,6.3034,-224.9352,0.03548,0.00000,0.44391,0.55609,True,True,True
106.7496,0.0000,6.2979,-224.8986,0.03701,0.00000,0.44475,0.55525,True,True,True
106.7583,0.0000,6.2924,-224.8627,0.03635,0.00000,0.44557,0.55443,True,True,True
106.7685,0.0000,6.2858,-224.8191,0.04410,0.00000,0.44657,0.55343,True,True,True
106.7768,0.0000,6.2804,-224.7838,0.03576,0.00000,0.44738,0.55262,True,True,True
106.7851,0.0000,6.2750,-224.7480,0.03621,0.00000,0.44821,0.55179,True,True,True
106.7940,0.0000,6.2691,-224.7091,0.03928,0.00000,0.44910,0.55090,True,True,True
106.8027,0.0000,6.2632,-224.6705,0.03903,0.00000,0.44999,0.55001,True,True,True
106.8119,0.0000,6.2569,-224.6293,0.04175,0.00000,0.45093,0.54907,True,True,True
106.8206,0.0000,6.2508,-224.5892,0.04048,0.00000,0.45185,0.54815,True,True,True
106.8299,0.0000,6.2442,-224.5457,0.04403,0.00000,0.45285,0.54715,True,True,True
106.8387,0.0000,6.2380,-224.5049,0.04132,0.00000,0.45379,0.54621,True,True,True
106.8482,0.0000,6.2311,-224.4595,0.04591,0.00000,0.45484,0.54516,True,True,True
106.8569,0.0000,6.2248,-224.4174,0.04256,0.00000,0.45580,0.54420,True,True,True
106.8658,0.0000,6.2181,-224.3733,0.04460,0.00000,0.45682,0.54318,True,True,True
106.8746,0.0000,6.2116,-224.3300,0.04375,0.00000,0.45781,0.54219,True,True,True
106.8855,0.0000,6.2033,-224.2755,0.05517,0.00000,0.45907,0.54093,True,True,True
106.8936,0.0000,6.1969,-224.2330,0.04293,0.00000,0.46005,0.53995,True,True,True
106.9018,0.0000,6.1905,-224.1907,0.04278,0.00000,0.46102,0.53898,True,True,True
106.9105,0.0000,6.1836,-224.1451,0.04614,0.00000,0.46207,0.53793,True,True,True
106.9191,0.0000,6.1767,-224.0998,0.04580,0.00000,0.46311,0.53689,True,True,True
106.9288,0.0000,6.1690,-224.0490,0.05142,0.00000,0.46428,0.53572,True,True,True
106.9376,0.0000,6.1618,-224.0014,0.04810,0.00000,0.46538,0.53462,True,True,True
106.9469,0.0000,6.1543,-223.9513,0.05063,0.00000,0.46653,0.53347,True,True,True
106.9555,0.0000,6.1474,-223.9053,0.04655,0.00000,0.46759,0.53241,True,True,True
106.9648,0.0000,6.1399,-223.8558,0.05010,0.00000,0.46873,0.53127,True,True,True
106.9735,0.0000,6.1329,-223.8089,0.04739,0.00000,0.46981,0.53019,True,True,True
106.9826,0.0000,6.1257,-223.7612,0.04827,0.00000,0.47091,0.52909,True,True,True
106.9914,0.0000,6.1187,-223.7146,0.04705,0.00000,0.47198,0.52802,True,True,True
107.0000,0.0000,6.1115,-223.6673,0.04785,0.00000,0.47307,0.52693,True,True,True
107.0103,0.0000,6.1034,-223.6131,0.05483,0.00000,0.47432,0.52568,True,True,True
107.0185,0.0000,6.0967,-223.5687,0.04495,0.00000,0.47535,0.52465,True,True,True
107.0268,0.0000,6.0900,-223.5244,0.04481,0.00000,0.47637,0.52363,True,True,True
107.0356,0.0000,6.0830,-223.4775,0.04739,0.00000,0.47745,0.52255,True,True,True
107.0448,0.0000,6.0756,-223.4281,0.04994,0.00000,0.47859,0.52141,True,True,True
107.0535,0.0000,6.0687,-223.3820,0.04661,0.00000,0.47965,0.52035,True,True,True
107.0629,0.0000,6.0611,-223.3315,0.05102,0.00000,0.48081,0.51919,True,True,True
107.0717,0.0000,6.0541,-223.2846,0.04743,0.00000,0.48190,0.51810,True,True,True
107.0809,0.0000,6.0467,-223.2356,0.04957,0.00000,0.48303,0.51697,True,True,True
107.0901,0.0000,6.0394,-223.1865,0.04964,0.00000,0.48416,0.51584,True,True,True
107.0991,0.0000,6.0321,-223.1381,0.04893,0.00000,0.48528,0.51472,True,True,True
107.1080,0.0000,6.0251,-223.0911,0.04757,0.00000,0.48636,0.51364,True,True,True
107.1188,0.0000,6.0165,-223.0339,0.05784,0.00000,0.48768,0.51232,True,True,True
107.1268,0.0000,6.0100,-222.9903,0.04408,0.00000,0.48869,0.51131,True,True,True
107.1351,0.0000,6.0034,-222.9459,0.04486,0.00000,0.48971,0.51029,True,True,True
107.1443,0.0000,5.9961,-222.8971,0.04940,0.00000,0.49084,0.50916,True,True,True
107.1530,0.0000,5.9891,-222.8506,0.04699,0.00000,0.49191,0.50809,True,True,True
107.1626,0.0000,5.9817,-222.8009,0.05028,0.00000,0.49306,0.50694,True,True,True
107.1713,0.0000,5.9745,-222.7526,0.04875,0.00000,0.49417,0.50583,True,True,True
107.1806,0.0000,5.9671,-222.7029,0.05034,0.00000,0.49532,0.50468,True,True,True
107.1897,0.0000,5.9599,-222.6545,0.04884,0.00000,0.49643,0.50357,True,True,True
107.1988,0.0000,5.9527,-222.6060,0.04907,0.00000,0.49755,0.50245,True,True,True
107.2078,0.0000,5.9455,-222.5578,0.04869,0.00000,0.49867,0.50133,True,True,True
107.2185,0.0000,5.9370,-222.5005,0.05795,0.00000,0.49999,0.50001,True,True,True
107.2271,0.0000,5.9303,-222.4554,0.04560,0.00000,0.50103,0.49897,True,True,True
107.2351,0.0000,5.9238,-222.4119,0.04399,0.00000,0.50203,0.49797,True,True,True
107.2441,0.0000,5.9167,-222.3642,0.04828,0.00000,0.50314,0.49687,True,True,True
107.2529,0.0000,5.9097,-222.3164,0.04824,0.00000,0.50424,0.49576,True,True,True
107.2632,0.0000,5.9020,-222.2650,0.05203,0.00000,0.50542,0.49458,True,True,True
107.2720,0.0000,5.8946,-222.2150,0.05047,0.00000,0.50658,0.49342,True,True,True
107.2814,0.0000,5.8871,-222.1642,0.05137,0.00000,0.50775,0.49225,True,True,True
107.2907,0.0000,5.8798,-222.1151,0.04964,0.00000,0.50888,0.49112,True,True,True
107.2999,0.0000,5.8725,-222.0659,0.04978,0.00000,0.51002,0.48998,True,True,True
107.3089,0.0000,5.8655,-222.0186,0.04785,0.00000,0.51111,0.48889,True,True,True
107.3193,0.0000,5.8573,-221.9630,0.05616,0.00000,0.51239,0.48761,True,True,True
107.3277,0.0000,5.8505,-221.9172,0.04627,0.00000,0.51345,0.48655,True,True,True
107.3367,0.0000,5.8435,-221.8694,0.04834,0.00000,0.51455,0.48545,True,True,True
107.3461,0.0000,5.8362,-221.8197,0.05019,0.00000,0.51570,0.48430,True,True,True
107.3559,0.0000,5.8287,-221.7694,0.05091,0.00000,0.51686,0.48314,True,True,True
107.3645,0.0000,5.8223,-221.7260,0.04390,0.00000,0.51786,0.48214,True,True,True
107.3735,0.0000,5.8155,-221.6798,0.04667,0.00000,0.51892,0.48108,True,True,True
107.3826,0.0000,5.8088,-221.6345,0.04581,0.00000,0.51997,0.48003,True,True,True
107.3916,0.0000,5.8023,-221.5899,0.04501,0.00000,0.52100,0.47900,True,True,True
107.4025,0.0000,5.7945,-221.5372,0.05332,0.00000,0.52221,0.47779,True,True,True
107.4106,0.0000,5.7888,-221.4984,0.03925,0.00000,0.52311,0.47689,True,True,True
107.4191,0.0000,5.7829,-221.4584,0.04041,0.00000,0.52403,0.47597,True,True,True
107.4285,0.0000,5.7765,-221.4148,0.04400,0.00000,0.52503,0.47497,True,True,True
107.4375,0.0000,5.7705,-221.3736,0.04173,0.00000,0.52598,0.47402,True,True,True
107.4467,0.0000,5.7643,-221.3317,0.04230,0.00000,0.52695,0.47305,True,True,True
107.4564,0.0000,5.7581,-221.2889,0.04327,0.00000,0.52794,0.47206,True,True,True
107.4650,0.0000,5.7526,-221.2516,0.03772,0.00000,0.52880,0.47120,True,True,True
107.4739,0.0000,5.7468,-221.2124,0.03960,0.00000,0.52970,0.47030,True,True,True
107.4830,0.0000,5.7412,-221.1741,0.03872,0.00000,0.53058,0.46942,True,True,True
107.4921,0.0000,5.7358,-221.1370,0.03744,0.00000,0.53144,0.46856,True,True,True
107.5026,0.0000,5.7294,-221.0933,0.04415,0.00000,0.53244,0.46756,True,True,True
107.5106,0.0000,5.7245,-221.0603,0.03342,0.00000,0.53320,0.46680,True,True,True
107.5195,0.0000,5.7194,-221.0251,0.03558,0.00000,0.53401,0.46599,True,True,True
107.5291,0.0000,5.7139,-220.9876,0.03783,0.00000,0.53488,0.46512,True,True,True
107.5379,0.0000,5.7090,-220.9539,0.03411,0.00000,0.53565,0.46435,True,True,True
107.5478,0.0000,5.7037,-220.9179,0.03635,0.00000,0.53648,0.46352,True,True,True
107.5571,0.0000,5.6985,-220.8821,0.03618,0.00000,0.53731,0.46269,True,True,True
107.5662,0.0000,5.6937,-220.8491,0.03332,0.00000,0.53806,0.46194,True,True,True
107.5753,0.0000,5.6890,-220.8169,0.03257,0.00000,0.53881,0.46119,True,True,True
107.5859,0.0000,5.6836,-220.7798,0.03749,0.00000,0.53966,0.46034,True,True,True
107.5941,0.0000,5.6795,-220.7515,0.02859,0.00000,0.54031,0.45969,True,True,True
107.6030,0.0000,5.6751,-220.7215,0.03038,0.00000,0.54100,0.45900,True,True,True
107.6126,0.0000,5.6705,-220.6899,0.03186,0.00000,0.54173,0.45827,True,True,True
107.6217,0.0000,5.6662,-220.6606,0.02961,0.00000,0.54240,0.45760,True,True,True
107.6313,0.0000,5.6618,-220.6302,0.03075,0.00000,0.54310,0.45690,True,True,True
107.6405,0.0000,5.6577,-220.6018,0.02870,0.00000,0.54375,0.45625,True,True,True
107.6495,0.0000,5.6537,-220.5746,0.02752,0.00000,0.54438,0.45562,True,True,True
107.6587,0.0000,5.6497,-220.5475,0.02739,0.00000,0.54500,0.45500,True,True,True
107.6693,0.0000,5.6454,-220.5174,0.03038,0.00000,0.54569,0.45431,True,True,True
107.6776,0.0000,5.6419,-220.4939,0.02375,0.00000,0.54624,0.45376,True,True,True
107.6864,0.0000,5.6384,-220.4695,0.02467,0.00000,0.54680,0.45320,True,True,True
107.6960,0.0000,5.6347,-220.4442,0.02562,0.00000,0.54738,0.45262,True,True,True
107.7051,0.0000,5.6313,-220.4203,0.02411,0.00000,0.54793,0.45207,True,True,True
107.7145,0.0000,5.6278,-220.3964,0.02410,0.00000,0.54848,0.45152,True,True,True
107.7235,0.0000,5.6246,-220.3742,0.02246,0.00000,0.54899,0.45101,True,True,True
107.7328,0.0000,5.6214,-220.3519,0.02251,0.00000,0.54950,0.45050,True,True,True
107.7421,0.0000,5.6183,-220.3307,0.02149,0.00000,0.54999,0.45001,True,True,True
107.7524,0.0000,5.6148,-220.3068,0.02410,0.00000,0.55054,0.44946,True,True,True
107.7607,0.0000,5.6122,-220.2886,0.01838,0.00000,0.55095,0.44905,True,True,True
107.7698,0.0000,5.6094,-220.2693,0.01953,0.00000,0.55140,0.44860,True,True,True
107.7791,0.0000,5.6066,-220.2501,0.01941,0.00000,0.55184,0.44816,True,True,True
107.7882,0.0000,5.6040,-220.2321,0.01821,0.00000,0.55225,0.44775,True,True,True
107.7976,0.0000,5.6014,-220.2140,0.01822,0.00000,0.55267,0.44733,True,True,True
107.8067,0.0000,5.5990,-220.1973,0.01691,0.00000,0.55305,0.44695,True,True,True
107.8162,0.0000,5.5965,-220.1803,0.01721,0.00000,0.55344,0.44656,True,True,True
107.8253,0.0000,5.5942,-220.1647,0.01573,0.00000,0.55380,0.44620,True,True,True
107.8358,0.0000,5.5917,-220.1475,0.01733,0.00000,0.55419,0.44581,True,True,True
107.8440,0.0000,5.5899,-220.1345,0.01317,0.00000,0.55449,0.44551,True,True,True
107.8530,0.0000,5.5879,-220.1210,0.01368,0.00000,0.55480,0.44520,True,True,True
107.8631,0.0000,5.5859,-220.1069,0.01418,0.00000,0.55512,0.44488,True,True,True
107.8727,0.0000,5.5839,-220.0936,0.01352,0.00000,0.55543,0.44457,True,True,True
107.8811,0.0000,5.5823,-220.0824,0.01124,0.00000,0.55569,0.44431,True,True,True
107.8906,0.0000,5.5806,-220.0707,0.01183,0.00000,0.55596,0.44404,True,True,True
107.9000,0.0000,5.5789,-220.0592,0.01166,0.00000,0.55622,0.44378,True,True,True
107.9094,0.0000,5.5774,-220.0483,0.01101,0.00000,0.55647,0.44353,True,True,True
107.9193,0.0000,5.5757,-220.0368,0.01156,0.00000,0.55673,0.44327,True,True,True
107.9282,0.0000,5.5743,-220.0271,0.00987,0.00000,0.55696,0.44304,True,True,True
107.9374,0.0000,5.5728,-220.0168,0.01035,0.00000,0.55719,0.44281,True,True,True
107.9474,0.0000,5.5728,-220.0168,0.00000,0.00000,0.55719,0.44281,True,True,True
107.9564,0.0000,5.5727,-220.0163,0.00060,0.00000,0.55721,0.44279,True,True,True
107.9655,0.0000,5.5725,-220.0150,0.00123,0.00000,0.55723,0.44277,True,True,True
107.9747,0.0000,5.5723,-220.0132,0.00187,0.00000,0.55728,0.44272,True,True,True
107.9841,0.0000,5.5719,-220.0107,0.00253,0.00000,0.55733,0.44267,True,True,True
107.9933,0.0000,5.5715,-220.0075,0.00322,0.00000,0.55741,0.44259,True,True,True
108.0036,0.0000,5.5708,-220.0032,0.00433,0.00000,0.55751,0.44250,True,True,True
108.0121,0.0000,5.5703,-219.9992,0.00409,0.00000,0.55760,0.44240,True,True,True
108.0212,0.0000,5.5695,-219.9942,0.00501,0.00000,0.55771,0.44229,True,True,True
108.0307,0.0000,5.5687,-219.9883,0.00598,0.00000,0.55785,0.44215,True,True,True
108.0397,0.0000,5.5678,-219.9822,0.00617,0.00000,0.55799,0.44201,True,True,True
108.0492,0.0000,5.5668,-219.9750,0.00725,0.00000,0.55815,0.44185,True,True,True
108.0585,0.0000,5.5657,-219.9674,0.00771,0.00000,0.55833,0.44167,True,True,True
108.0677,0.0000,5.5645,-219.9591,0.00832,0.00000,0.55852,0.44148,True,True,True
108.0767,0.0000,5.5632,-219.9505,0.00877,0.00000,0.55872,0.44129,True,True,True
108.0869,0.0000,5.5617,-219.9399,0.01065,0.00000,0.55896,0.44104,True,True,True
108.0958,0.0000,5.5603,-219.9302,0.00984,0.00000,0.55918,0.44082,True,True,True
108.1050,0.0000,5.5588,-219.9194,0.01085,0.00000,0.55943,0.44057,True,True,True
108.1148,0.0000,5.5570,-219.9072,0.01232,0.00000,0.55971,0.44029,True,True,True
108.1238,0.0000,5.5553,-219.8955,0.01190,0.00000,0.55998,0.44002,True,True,True
108.1333,0.0000,5.5534,-219.8823,0.01332,0.00000,0.56028,0.43972,True,True,True
108.1427,0.0000,5.5515,-219.8691,0.01327,0.00000,0.56058,0.43942,True,True,True
108.1517,0.0000,5.5495,-219.8550,0.01426,0.00000,0.56090,0.43910,True,True,True
108.1608,0.0000,5.5474,-219.8406,0.01454,0.00000,0.56123,0.43877,True,True,True
108.1710,0.0000,5.5450,-219.8239,0.01696,0.00000,0.56162,0.43838,True,True,True
108.1796,0.0000,5.5428,-219.8088,0.01517,0.00000,0.56196,0.43804,True,True,True
108.1886,0.0000,5.5405,-219.7927,0.01634,0.00000,0.56233,0.43767,True,True,True
108.1982,0.0000,5.5379,-219.7748,0.01802,0.00000,0.56274,0.43726,True,True,True
108.2075,0.0000,5.5354,-219.7569,0.01813,0.00000,0.56315,0.43685,True,True,True
108.2170,0.0000,5.5326,-219.7378,0.01929,0.00000,0.56359,0.43641,True,True,True
108.2264,0.0000,5.5298,-219.7184,0.01955,0.00000,0.56403,0.43597,True,True,True
108.2357,0.0000,5.5270,-219.6985,0.02018,0.00000,0.56449,0.43551,True,True,True
108.2448,0.0000,5.5241,-219.6785,0.02021,0.00000,0.56495,0.43505,True,True,True
108.2551,0.0000,5.5207,-219.6553,0.02339,0.00000,0.56548,0.43452,True,True,True
108.2637,0.0000,5.5178,-219.6348,0.02075,0.00000,0.56595,0.43405,True,True,True
108.2727,0.0000,5.5146,-219.6129,0.02208,0.00000,0.56645,0.43355,True,True,True
108.2828,0.0000,5.5112,-219.5892,0.02402,0.00000,0.56699,0.43301,True,True,True
108.2921,0.0000,5.5076,-219.5642,0.02521,0.00000,0.56756,0.43244,True,True,True
108.3009,0.0000,5.5043,-219.5410,0.02349,0.00000,0.56810,0.43190,True,True,True
108.3105,0.0000,5.5006,-219.5152,0.02598,0.00000,0.56869,0.43131,True,True,True
108.3198,0.0000,5.4969,-219.4895,0.02605,0.00000,0.56928,0.43072,True,True,True
108.3290,0.0000,5.4932,-219.4636,0.02614,0.00000,0.56987,0.43013,True,True,True
108.3390,0.0000,5.4890,-219.4343,0.02960,0.00000,0.57054,0.42946,True,True,True
108.3480,0.0000,5.4852,-219.4076,0.02697,0.00000,0.57115,0.42885,True,True,True
108.3571,0.0000,5.4812,-219.3798,0.02808,0.00000,0.57178,0.42822,True,True,True
108.3669,0.0000,5.4768,-219.3493,0.03081,0.00000,0.57248,0.42752,True,True,True
108.3764,0.0000,5.4725,-219.3195,0.03010,0.00000,0.57316,0.42684,True,True,True
108.3862,0.0000,5.4680,-219.2875,0.03231,0.00000,0.57389,0.42611,True,True,True
108.3964,0.0000,5.4632,-219.2538,0.03400,0.00000,0.57466,0.42534,True,True,True
108.4063,0.0000,5.4582,-219.2193,0.03490,0.00000,0.57545,0.42455,True,True,True
108.4150,0.0000,5.4539,-219.1892,0.03040,0.00000,0.57614,0.42386,True,True,True
108.4243,0.0000,5.4493,-219.1566,0.03288,0.00000,0.57688,0.42312,True,True,True
108.4341,0.0000,5.4442,-219.1211,0.03590,0.00000,0.57769,0.42231,True,True,True
108.4432,0.0000,5.4393,-219.0873,0.03419,0.00000,0.57847,0.42153,True,True,True
108.4529,0.0000,5.4341,-219.0509,0.03676,0.00000,0.57930,0.42070,True,True,True
108.4628,0.0000,5.4289,-219.0145,0.03670,0.00000,0.58013,0.41987,True,True,True
108.4731,0.0000,5.4230,-218.9733,0.04169,0.00000,0.58107,0.41893,True,True,True
108.4814,0.0000,5.4183,-218.9402,0.03340,0.00000,0.58182,0.41818,True,True,True
108.4905,0.0000,5.4131,-218.9034,0.03716,0.00000,0.58266,0.41734,True,True,True
108.5004,0.0000,5.4074,-218.8632,0.04058,0.00000,0.58358,0.41643,True,True,True
108.5103,0.0000,5.4015,-218.8216,0.04206,0.00000,0.58452,0.41548,True,True,True
108.5192,0.0000,5.3961,-218.7840,0.03798,0.00000,0.58538,0.41462,True,True,True
108.5283,0.0000,5.3905,-218.7442,0.04015,0.00000,0.58629,0.41371,True,True,True
108.5381,0.0000,5.3846,-218.7027,0.04192,0.00000,0.58723,0.41277,True,True,True
108.5474,0.0000,5.3786,-218.6603,0.04288,0.00000,0.58820,0.41180,True,True,True
108.5582,0.0000,5.3716,-218.6113,0.04953,0.00000,0.58931,0.41069,True,True,True
108.5663,0.0000,5.3663,-218.5738,0.03781,0.00000,0.59016,0.40984,True,True,True
108.5749,0.0000,5.3605,-218.5334,0.04078,0.00000,0.59108,0.40892,True,True,True
108.5850,0.0000,5.3538,-218.4863,0.04764,0.00000,0.59215,0.40785,True,True,True
108.5938,0.0000,5.3478,-218.4434,0.04332,0.00000,0.59313,0.40687,True,True,True
108.6030,0.0000,5.3415,-218.3991,0.04475,0.00000,0.59413,0.40587,True,True,True
108.6125,0.0000,5.3348,-218.3515,0.04809,0.00000,0.59522,0.40478,True,True,True
108.6227,0.0000,5.3277,-218.3007,0.05124,0.00000,0.59637,0.40363,True,True,True
108.6331,0.0000,5.3202,-218.2479,0.05330,0.00000,0.59756,0.40244,True,True,True
108.6417,0.0000,5.3139,-218.2034,0.04494,0.00000,0.59857,0.40143,True,True,True
108.6510,0.0000,5.3070,-218.1547,0.04924,0.00000,0.59968,0.40032,True,True,True
108.6607,0.0000,5.2997,-218.1030,0.05222,0.00000,0.60085,0.39915,True,True,True
108.6701,0.0000,5.2927,-218.0530,0.05048,0.00000,0.60198,0.39802,True,True,True
108.6798,0.0000,5.2854,-218.0011,0.05244,0.00000,0.60316,0.39684,True,True,True
108.6891,0.0000,5.2784,-217.9516,0.04998,0.00000,0.60428,0.39572,True,True,True
108.7000,0.0000,5.2704,-217.8944,0.05776,0.00000,0.60557,0.39443,True,True,True
108.7083,0.0000,5.2641,-217.8492,0.04565,0.00000,0.60659,0.39341,True,True,True
108.7174,0.0000,5.2572,-217.8003,0.04935,0.00000,0.60770,0.39230,True,True,True
108.7272,0.0000,5.2498,-217.7477,0.05313,0.00000,0.60889,0.39111,True,True,True
108.7369,0.0000,5.2426,-217.6956,0.05254,0.00000,0.61006,0.38994,True,True,True
108.7460,0.0000,5.2359,-217.6479,0.04818,0.00000,0.61114,0.38886,True,True,True
108.7551,0.0000,5.2289,-217.5986,0.04984,0.00000,0.61225,0.38775,True,True,True
108.7653,0.0000,5.2219,-217.5481,0.05097,0.00000,0.61339,0.38661,True,True,True
108.7740,0.0000,5.2149,-217.4980,0.05061,0.00000,0.61452,0.38548,True,True,True
108.7840,0.0000,5.2073,-217.4438,0.05463,0.00000,0.61574,0.38426,True,True,True
108.7928,0.0000,5.2008,-217.3969,0.04736,0.00000,0.61680,0.38320,True,True,True
108.8020,0.0000,5.1939,-217.3474,0.04999,0.00000,0.61791,0.38209,True,True,True
108.8120,0.0000,5.1867,-217.2957,0.05223,0.00000,0.61907,0.38093,True,True,True
108.8212,0.0000,5.1797,-217.2453,0.05090,0.00000,0.62021,0.37979,True,True,True
108.8311,0.0000,5.1723,-217.1918,0.05400,0.00000,0.62141,0.37859,True,True,True
108.8413,0.0000,5.1647,-217.1374,0.05497,0.00000,0.62263,0.37737,True,True,True
108.8516,0.0000,5.1571,-217.0828,0.05506,0.00000,0.62385,0.37615,True,True,True
108.8602,0.0000,5.1508,-217.0372,0.04602,0.00000,0.62488,0.37512,True,True,True
108.8693,0.0000,5.1439,-216.9877,0.05001,0.00000,0.62599,0.37401,True,True,True
108.8788,0.0000,5.1368,-216.9368,0.05137,0.00000,0.62713,0.37287,True,True,True
108.8881,0.0000,5.1300,-216.8872,0.05014,0.00000,0.62824,0.37176,True,True,True
108.8983,0.0000,5.1226,-216.8340,0.05371,0.00000,0.62943,0.37057,True,True,True
108.9078,0.0000,5.1156,-216.7831,0.05139,0.00000,0.63057,0.36943,True,True,True
108.9183,0.0000,5.1078,-216.7264,0.05722,0.00000,0.63184,0.36816,True,True,True
108.9265,0.0000,5.1017,-216.6821,0.04464,0.00000,0.63282,0.36718,True,True,True
108.9357,0.0000,5.0948,-216.6322,0.05037,0.00000,0.63394,0.36606,True,True,True
108.9454,0.0000,5.0876,-216.5805,0.05226,0.00000,0.63509,0.36491,True,True,True
108.9551,0.0000,5.0805,-216.5290,0.05199,0.00000,0.63624,0.36376,True,True,True
108.9637,0.0000,5.0741,-216.4824,0.04698,0.00000,0.63728,0.36272,True,True,True
108.9730,0.0000,5.0673,-216.4328,0.05015,0.00000,0.63839,0.36161,True,True,True
108.9826,0.0000,5.0605,-216.3832,0.05002,0.00000,0.63949,0.36051,True,True,True
108.9918,0.0000,5.0536,-216.3327,0.05098,0.00000,0.64061,0.35939,True,True,True
109.0018,0.0000,5.0462,-216.2787,0.05449,0.00000,0.64181,0.35819,True,True,True
109.0107,0.0000,5.0397,-216.2311,0.04807,0.00000,0.64287,0.35713,True,True,True
109.0200,0.0000,5.0329,-216.1817,0.04982,0.00000,0.64397,0.35603,True,True,True
109.0296,0.0000,5.0258,-216.1300,0.05221,0.00000,0.64512,0.35488,True,True,True
109.0388,0.0000,5.0191,-216.0810,0.04948,0.00000,0.64621,0.35379,True,True,True
109.0488,0.0000,5.0120,-216.0291,0.05240,0.00000,0.64736,0.35264,True,True,True
109.0587,0.0000,5.0046,-215.9753,0.05427,0.00000,0.64855,0.35145,True,True,True
109.0688,0.0000,4.9972,-215.9206,0.05518,0.00000,0.64976,0.35024,True,True,True
109.0773,0.0000,4.9911,-215.8754,0.04560,0.00000,0.65076,0.34924,True,True,True
109.0862,0.0000,4.9846,-215.8282,0.04765,0.00000,0.65180,0.34820,True,True,True
109.0960,0.0000,4.9778,-215.7777,0.05102,0.00000,0.65292,0.34708,True,True,True
109.1051,0.0000,4.9713,-215.7303,0.04780,0.00000,0.65396,0.34604,True,True,True
109.1148,0.0000,4.9647,-215.6813,0.04946,0.00000,0.65505,0.34495,True,True,True
109.1240,0.0000,4.9584,-215.6353,0.04644,0.00000,0.65606,0.34394,True,True,True
109.1333,0.0000,4.9522,-215.5894,0.04624,0.00000,0.65707,0.34293,True,True,True
109.1429,0.0000,4.9458,-215.5428,0.04706,0.00000,0.65810,0.34190,True,True,True
109.1528,0.0000,4.9395,-215.4958,0.04749,0.00000,0.65913,0.34087,True,True,True
109.1614,0.0000,4.9340,-215.4551,0.04106,0.00000,0.66003,0.33997,True,True,True
109.1706,0.0000,4.9282,-215.4125,0.04291,0.00000,0.66096,0.33904,True,True,True
109.1801,0.0000,4.9223,-215.3686,0.04434,0.00000,0.66193,0.33807,True,True,True
109.1892,0.0000,4.9168,-215.3280,0.04100,0.00000,0.66282,0.33718,True,True,True
109.1988,0.0000,4.9110,-215.2851,0.04322,0.00000,0.66376,0.33624,True,True,True
109.2079,0.0000,4.9057,-215.2453,0.04019,0.00000,0.66464,0.33536,True,True,True
109.2174,0.0000,4.9003,-215.2052,0.04049,0.00000,0.66552,0.33448,True,True,True
109.2265,0.0000,4.8951,-215.1671,0.03846,0.00000,0.66635,0.33365,True,True,True
109.2366,0.0000,4.8893,-215.1240,0.04347,0.00000,0.66729,0.33271,True,True,True
109.2452,0.0000,4.8846,-215.0890,0.03529,0.00000,0.66806,0.33194,True,True,True
109.2543,0.0000,4.8796,-215.0521,0.03721,0.00000,0.66887,0.33113,True,True,True
109.2638,0.0000,4.8746,-215.0147,0.03780,0.00000,0.66968,0.33032,True,True,True
109.2735,0.0000,4.8695,-214.9772,0.03784,0.00000,0.67050,0.32950,True,True,True
109.2820,0.0000,4.8652,-214.9445,0.03293,0.00000,0.67122,0.32878,True,True,True
109.2912,0.0000,4.8605,-214.9099,0.03495,0.00000,0.67197,0.32803,True,True,True
109.3007,0.0000,4.8559,-214.8753,0.03490,0.00000,0.67273,0.32727,True,True,True
109.3098,0.0000,4.8515,-214.8426,0.03302,0.00000,0.67344,0.32656,True,True,True
109.3200,0.0000,4.8467,-214.8066,0.03630,0.00000,0.67422,0.32578,True,True,True
109.3285,0.0000,4.8428,-214.7768,0.03002,0.00000,0.67487,0.32513,True,True,True
109.3375,0.0000,4.8387,-214.7462,0.03091,0.00000,0.67554,0.32446,True,True,True
109.3471,0.0000,4.8344,-214.7141,0.03233,0.00000,0.67624,0.32376,True,True,True
109.3562,0.0000,4.8304,-214.6842,0.03017,0.00000,0.67689,0.32311,True,True,True
109.3659,0.0000,4.8263,-214.6535,0.03105,0.00000,0.67756,0.32244,True,True,True
109.3758,0.0000,4.8221,-214.6226,0.03110,0.00000,0.67823,0.32177,True,True,True
109.3867,0.0000,4.8177,-214.5893,0.03361,0.00000,0.67895,0.32105,True,True,True
109.3949,0.0000,4.8144,-214.5648,0.02475,0.00000,0.67948,0.32052,True,True,True
109.4037,0.0000,4.8110,-214.5392,0.02585,0.00000,0.68004,0.31996,True,True,True
109.4134,0.0000,4.8073,-214.5120,0.02737,0.00000,0.68063,0.31937,True,True,True
109.4228,0.0000,4.8038,-214.4854,0.02692,0.00000,0.68120,0.31880,True,True,True
109.4325,0.0000,4.8004,-214.4595,0.02609,0.00000,0.68176,0.31824,True,True,True
109.4414,0.0000,4.7972,-214.4358,0.02389,0.00000,0.68228,0.31772,True,True,True
109.4508,0.0000,4.7940,-214.4116,0.02444,0.00000,0.68280,0.31720,True,True,True
109.4600,0.0000,4.7910,-214.3888,0.02297,0.00000,0.68330,0.31671,True,True,True
109.4702,0.0000,4.7877,-214.3642,0.02484,0.00000,0.68383,0.31617,True,True,True
109.4789,0.0000,4.7850,-214.3437,0.02069,0.00000,0.68427,0.31573,True,True,True
109.4878,0.0000,4.7823,-214.3233,0.02059,0.00000,0.68471,0.31529,True,True,True
109.4977,0.0000,4.7794,-214.3014,0.02203,0.00000,0.68518,0.31482,True,True,True
109.5067,0.0000,4.7768,-214.2821,0.01953,0.00000,0.68560,0.31440,True,True,True
109.5159,0.0000,4.7743,-214.2628,0.01943,0.00000,0.68602,0.31398,True,True,True
109.5254,0.0000,4.7718,-214.2440,0.01895,0.00000,0.68642,0.31358,True,True,True
109.5346,0.0000,4.7694,-214.2262,0.01799,0.00000,0.68681,0.31319,True,True,True
109.5440,0.0000,4.7672,-214.2093,0.01705,0.00000,0.68717,0.31283,True,True,True
109.5540,0.0000,4.7647,-214.1905,0.01895,0.00000,0.68758,0.31242,True,True,True
109.5624,0.0000,4.7628,-214.1758,0.01487,0.00000,0.68790,0.31210,True,True,True
109.5714,0.0000,4.7608,-214.1608,0.01510,0.00000,0.68822,0.31178,True,True,True
109.5812,0.0000,4.7587,-214.1453,0.01562,0.00000,0.68855,0.31145,True,True,True
109.5910,0.0000,4.7568,-214.1305,0.01493,0.00000,0.68887,0.31113,True,True,True
109.5994,0.0000,4.7551,-214.1180,0.01258,0.00000,0.68914,0.31086,True,True,True
109.6087,0.0000,4.7534,-214.1052,0.01298,0.00000,0.68942,0.31058,True,True,True
109.6178,0.0000,4.7518,-214.0930,0.01227,0.00000,0.68968,0.31032,True,True,True
109.6269,0.0000,4.7503,-214.0816,0.01154,0.00000,0.68993,0.31007,True,True,True
109.6371,0.0000,4.7487,-214.0694,0.01222,0.00000,0.69019,0.30981,True,True,True
109.6461,0.0000,4.7473,-214.0594,0.01016,0.00000,0.69040,0.30960,True,True,True
109.6549,0.0000,4.7460,-214.0497,0.00980,0.00000,0.69061,0.30939,True,True,True
109.6647,0.0000,4.7447,-214.0394,0.01030,0.00000,0.69083,0.30917,True,True,True
109.6738,0.0000,4.7435,-214.0303,0.00927,0.00000,0.69103,0.30897,True,True,True
109.6832,0.0000,4.7423,-214.0212,0.00917,0.00000,0.69123,0.30877,True,True,True
109.6929,0.0000,4.7423,-214.0212,0.00000,0.00000,0.69123,0.30877,True,True,True
109.7039,0.0000,4.7421,-214.0203,0.00088,0.00000,0.69125,0.30876,True,True,True
109.7122,0.0000,4.7420,-214.0191,0.00119,0.00000,0.69127,0.30873,True,True,True
109.7205,0.0000,4.7418,-214.0174,0.00171,0.00000,0.69131,0.30869,True,True,True
109.7299,0.0000,4.7414,-214.0148,0.00262,0.00000,0.69136,0.30864,True,True,True
109.7389,0.0000,4.7410,-214.0117,0.00312,0.00000,0.69143,0.30857,True,True,True
109.7487,0.0000,4.7405,-214.0078,0.00396,0.00000,0.69151,0.30849,True,True,True
109.7578,0.0000,4.7399,-214.0033,0.00459,0.00000,0.69161,0.30839,True,True,True
109.7669,0.0000,4.7392,-213.9983,0.00497,0.00000,0.69172,0.30828,True,True,True
109.7760,0.0000,4.7385,-213.9926,0.00577,0.00000,0.69184,0.30816,True,True,True
109.7852,0.0000,4.7377,-213.9865,0.00620,0.00000,0.69197,0.30803,True,True,True
109.7944,0.0000,4.7368,-213.9795,0.00706,0.00000,0.69212,0.30788,True,True,True
109.8046,0.0000,4.7357,-213.9711,0.00848,0.00000,0.69230,0.30770,True,True,True
109.8128,0.0000,4.7347,-213.9636,0.00749,0.00000,0.69246,0.30754,True,True,True
109.8218,0.0000,4.7335,-213.9549,0.00880,0.00000,0.69265,0.30735,True,True,True
109.8313,0.0000,4.7322,-213.9451,0.00983,0.00000,0.69286,0.30714,True,True,True
109.8403,0.0000,4.7309,-213.9353,0.00997,0.00000,0.69307,0.30693,True,True,True
109.8499,0.0000,4.7295,-213.9240,0.01137,0.00000,0.69331,0.30669,True,True,True
109.8590,0.0000,4.7280,-213.9128,0.01131,0.00000,0.69356,0.30644,True,True,True
109.8681,0.0000,4.7264,-213.9008,0.01207,0.00000,0.69381,0.30619,True,True,True
109.8776,0.0000,4.7248,-213.8883,0.01260,0.00000,0.69408,0.30592,True,True,True
109.8876,0.0000,4.7228,-213.8733,0.01513,0.00000,0.69440,0.30560,True,True,True
109.8964,0.0000,4.7210,-213.8599,0.01356,0.00000,0.69469,0.30531,True,True,True
109.9055,0.0000,4.7192,-213.8456,0.01441,0.00000,0.69500,0.30500,True,True,True
109.9150,0.0000,4.7171,-213.8298,0.01594,0.00000,0.69534,0.30466,True,True,True
109.9242,0.0000,4.7150,-213.8140,0.01591,0.00000,0.69567,0.30433,True,True,True
109.9341,0.0000,4.7127,-213.7964,0.01779,0.00000,0.69605,0.30395,True,True,True
109.9432,0.0000,4.7105,-213.7794,0.01711,0.00000,0.69642,0.30358,True,True,True
109.9529,0.0000,4.7081,-213.7611,0.01844,0.00000,0.69681,0.30319,True,True,True
109.9618,0.0000,4.7057,-213.7433,0.01796,0.00000,0.69719,0.30281,True,True,True
109.9716,0.0000,4.7030,-213.7222,0.02125,0.00000,0.69764,0.30236,True,True,True
109.9799,0.0000,4.7006,-213.7045,0.01790,0.00000,0.69802,0.30198,True,True,True
109.9889,0.0000,4.6981,-213.6849,0.01976,0.00000,0.69844,0.30156,True,True,True
109.9984,0.0000,4.6952,-213.6634,0.02168,0.00000,0.69890,0.30110,True,True,True
110.0080,0.0000,4.6923,-213.6408,0.02282,0.00000,0.69938,0.30062,True,True,True
110.0168,0.0000,4.6895,-213.6199,0.02108,0.00000,0.69983,0.30017,True,True,True
110.0258,0.0000,4.6865,-213.5972,0.02290,0.00000,0.70031,0.29969,True,True,True
110.0353,0.0000,4.6834,-213.5733,0.02401,0.00000,0.70082,0.29918,True,True,True
110.0445,0.0000,4.6802,-213.5493,0.02427,0.00000,0.70133,0.29867,True,True,True
110.0550,0.0000,4.6765,-213.5205,0.02899,0.00000,0.70195,0.29805,True,True,True
110.0633,0.0000,4.6735,-213.4980,0.02268,0.00000,0.70242,0.29758,True,True,True
110.0724,0.0000,4.6702,-213.4724,0.02588,0.00000,0.70297,0.29703,True,True,True
110.0820,0.0000,4.6666,-213.4448,0.02781,0.00000,0.70356,0.29644,True,True,True
110.0913,0.0000,4.6629,-213.4169,0.02816,0.00000,0.70415,0.29585,True,True,True
110.1010,0.0000,4.6591,-213.3873,0.02981,0.00000,0.70478,0.29522,True,True,True
110.1110,0.0000,4.6550,-213.3563,0.03130,0.00000,0.70544,0.29456,True,True,True
110.1217,0.0000,4.6506,-213.3221,0.03448,0.00000,0.70617,0.29383,True,True,True
110.1300,0.0000,4.6471,-213.2954,0.02690,0.00000,0.70673,0.29327,True,True,True
110.1389,0.0000,4.6432,-213.2655,0.03021,0.00000,0.70737,0.29263,True,True,True
110.1486,0.0000,4.6389,-213.2326,0.03311,0.00000,0.70807,0.29193,True,True,True
110.1577,0.0000,4.6349,-213.2014,0.03147,0.00000,0.70873,0.29127,True,True,True
110.1674,0.0000,4.6305,-213.1674,0.03430,0.00000,0.70945,0.29055,True,True,True
110.1765,0.0000,4.6261,-213.1343,0.03341,0.00000,0.71015,0.28985,True,True,True
110.1858,0.0000,4.6217,-213.1002,0.03436,0.00000,0.71087,0.28913,True,True,True
110.1954,0.0000,4.6172,-213.0654,0.03507,0.00000,0.71160,0.28840,True,True,True
110.2052,0.0000,4.6122,-213.0270,0.03881,0.00000,0.71242,0.28758,True,True,True
110.2140,0.0000,4.6077,-212.9928,0.03442,0.00000,0.71314,0.28686,True,True,True
110.2232,0.0000,4.6031,-212.9567,0.03643,0.00000,0.71390,0.28610,True,True,True
110.2327,0.0000,4.5981,-212.9181,0.03896,0.00000,0.71471,0.28529,True,True,True
110.2421,0.0000,4.5932,-212.8801,0.03825,0.00000,0.71551,0.28449,True,True,True
110.2526,0.0000,4.5879,-212.8393,0.04112,0.00000,0.71637,0.28363,True,True,True
110.2615,0.0000,4.5828,-212.7996,0.04008,0.00000,0.71721,0.28279,True,True,True
110.2720,0.0000,4.5768,-212.7534,0.04660,0.00000,0.71818,0.28182,True,True,True
110.2807,0.0000,4.5720,-212.7157,0.03799,0.00000,0.71897,0.28103,True,True,True
110.2899,0.0000,4.5667,-212.6748,0.04128,0.00000,0.71983,0.28017,True,True,True
110.2994,0.0000,4.5612,-212.6320,0.04308,0.00000,0.72072,0.27928,True,True,True
110.3086,0.0000,4.5557,-212.5891,0.04328,0.00000,0.72162,0.27838,True,True,True
110.3191,0.0000,4.5496,-212.5421,0.04745,0.00000,0.72261,0.27739,True,True,True
110.3291,0.0000,4.5434,-212.4939,0.04859,0.00000,0.72361,0.27639,True,True,True
110.3392,0.0000,4.5372,-212.4451,0.04918,0.00000,0.72463,0.27537,True,True,True
110.3478,0.0000,4.5317,-212.4023,0.04316,0.00000,0.72553,0.27447,True,True,True
110.3572,0.0000,4.5258,-212.3561,0.04656,0.00000,0.72649,0.27351,True,True,True
110.3672,0.0000,4.5197,-212.3082,0.04829,0.00000,0.72749,0.27251,True,True,True
110.3765,0.0000,4.5134,-212.2589,0.04967,0.00000,0.72851,0.27149,True,True,True
110.3858,0.0000,4.5072,-212.2107,0.04856,0.00000,0.72951,0.27049,True,True,True
110.3954,0.0000,4.5008,-212.1604,0.05073,0.00000,0.73056,0.26944,True,True,True
110.4058,0.0000,4.4938,-212.1053,0.05555,0.00000,0.73170,0.26830,True,True,True
110.4147,0.0000,4.4876,-212.0574,0.04835,0.00000,0.73269,0.26731,True,True,True
110.4239,0.0000,4.4813,-212.0082,0.04952,0.00000,0.73371,0.26629,True,True,True
110.4339,0.0000,4.4746,-211.9547,0.05396,0.00000,0.73481,0.26519,True,True,True
110.4438,0.0000,4.4679,-211.9018,0.05332,0.00000,0.73590,0.26410,True,True,True
110.4526,0.0000,4.4619,-211.8546,0.04754,0.00000,0.73688,0.26312,True,True,True
110.4622,0.0000,4.4555,-211.8040,0.05106,0.00000,0.73792,0.26208,True,True,True
110.4725,0.0000,4.4485,-211.7485,0.05592,0.00000,0.73906,0.26094,True,True,True
110.4817,0.0000,4.4422,-211.6989,0.05000,0.00000,0.74008,0.25992,True,True,True
110.4911,0.0000,4.4358,-211.6483,0.05102,0.00000,0.74112,0.25888,True,True,True
110.5009,0.0000,4.4292,-211.5959,0.05282,0.00000,0.74219,0.25781,True,True,True
110.5102,0.0000,4.4229,-211.5461,0.05016,0.00000,0.74321,0.25679,True,True,True
110.5202,0.0000,4.4163,-211.4939,0.05269,0.00000,0.74428,0.25572,True,True,True
110.5298,0.0000,4.4098,-211.4417,0.05252,0.00000,0.74534,0.25466,True,True,True
110.5398,0.0000,4.4030,-211.3875,0.05462,0.00000,0.74645,0.25355,True,True,True
110.5490,0.0000,4.3968,-211.3383,0.04961,0.00000,0.74745,0.25255,True,True,True
110.5583,0.0000,4.3906,-211.2884,0.05027,0.00000,0.74847,0.25153,True,True,True
110.5682,0.0000,4.3839,-211.2354,0.05350,0.00000,0.74954,0.25046,True,True,True
110.5773,0.0000,4.3778,-211.1865,0.04921,0.00000,0.75053,0.24947,True,True,True
110.5872,0.0000,4.3712,-211.1336,0.05333,0.00000,0.75161,0.24839,True,True,True
110.5967,0.0000,4.3648,-211.0822,0.05181,0.00000,0.75265,0.24735,True,True,True
110.6069,0.0000,4.3580,-211.0280,0.05461,0.00000,0.75374,0.24626,True,True,True
110.6166,0.0000,4.3516,-210.9765,0.05193,0.00000,0.75478,0.24522,True,True,True
110.6257,0.0000,4.3455,-210.9278,0.04905,0.00000,0.75576,0.24424,True,True,True
110.6347,0.0000,4.3395,-210.8788,0.04936,0.00000,0.75675,0.24325,True,True,True
110.6448,0.0000,4.3328,-210.8248,0.05441,0.00000,0.75784,0.24216,True,True,True
110.6556,0.0000,4.3258,-210.7685,0.05675,0.00000,0.75897,0.24103,True,True,True
110.6653,0.0000,4.3191,-210.7146,0.05432,0.00000,0.76005,0.23995,True,True,True
110.6746,0.0000,4.3129,-210.6647,0.05026,0.00000,0.76105,0.23895,True,True,True
110.6840,0.0000,4.3068,-210.6152,0.04992,0.00000,0.76204,0.23796,True,True,True
110.6936,0.0000,4.3004,-210.5633,0.05229,0.00000,0.76308,0.23692,True,True,True
110.7028,0.0000,4.2943,-210.5140,0.04968,0.00000,0.76406,0.23594,True,True,True
110.7140,0.0000,4.2874,-210.4585,0.05593,0.00000,0.76517,0.23483,True,True,True
110.7229,0.0000,4.2811,-210.4065,0.05238,0.00000,0.76620,0.23380,True,True,True
110.7329,0.0000,4.2745,-210.3531,0.05379,0.00000,0.76726,0.23274,True,True,True
110.7423,0.0000,4.2684,-210.3031,0.05036,0.00000,0.76825,0.23175,True,True,True
110.7514,0.0000,4.2624,-210.2538,0.04969,0.00000,0.76923,0.23077,True,True,True
110.7613,0.0000,4.2559,-210.2015,0.05271,0.00000,0.77027,0.22973,True,True,True
110.7711,0.0000,4.2494,-210.1480,0.05388,0.00000,0.77132,0.22868,True,True,True
110.7804,0.0000,4.2433,-210.0982,0.05016,0.00000,0.77230,0.22770,True,True,True
110.7897,0.0000,4.2372,-210.0482,0.05039,0.00000,0.77329,0.22671,True,True,True
110.7998,0.0000,4.2305,-209.9940,0.05454,0.00000,0.77435,0.22565,True,True,True
110.8091,0.0000,4.2245,-209.9442,0.05022,0.00000,0.77533,0.22467,True,True,True
110.8183,0.0000,4.2185,-209.8947,0.04989,0.00000,0.77631,0.22369,True,True,True
110.8280,0.0000,4.2123,-209.8434,0.05164,0.00000,0.77731,0.22269,True,True,True
110.8375,0.0000,4.2063,-209.7939,0.04980,0.00000,0.77828,0.22172,True,True,True
110.8473,0.0000,4.2002,-209.7434,0.05092,0.00000,0.77927,0.22073,True,True,True
110.8567,0.0000,4.1944,-209.6959,0.04780,0.00000,0.78019,0.21981,True,True,True
110.8668,0.0000,4.1882,-209.6452,0.05112,0.00000,0.78118,0.21882,True,True,True
110.8762,0.0000,4.1826,-209.5985,0.04706,0.00000,0.78209,0.21791,True,True,True
110.8853,0.0000,4.1772,-209.5539,0.04490,0.00000,0.78295,0.21705,True,True,True
110.8951,0.0000,4.1715,-209.5067,0.04754,0.00000,0.78387,0.21613,True,True,True
110.9043,0.0000,4.1662,-209.4631,0.04388,0.00000,0.78471,0.21529,True,True,True
110.9143,0.0000,4.1607,-209.4169,0.04656,0.00000,0.78561,0.21439,True,True,True
110.9238,0.0000,4.1555,-209.3737,0.04351,0.00000,0.78644,0.21356,True,True,True
110.9339,0.0000,4.1500,-209.3275,0.04649,0.00000,0.78733,0.21267,True,True,True
110.9427,0.0000,4.1453,-209.2885,0.03930,0.00000,0.78809,0.21191,True,True,True
110.9520,0.0000,4.1404,-209.2475,0.04137,0.00000,0.78888,0.21112,True,True,True
110.9617,0.0000,4.1354,-209.2056,0.04214,0.00000,0.78968,0.21032,True,True,True
110.9710,0.0000,4.1307,-209.1665,0.03939,0.00000,0.79043,0.20957,True,True,True
110.9807,0.0000,4.1259,-209.1262,0.04060,0.00000,0.79121,0.20879,True,True,True
110.9907,0.0000,4.1209,-209.0847,0.04175,0.00000,0.79200,0.20800,True,True,True
111.0011,0.0000,4.1159,-209.0434,0.04162,0.00000,0.79279,0.20721,True,True,True
111.0097,0.0000,4.1119,-209.0094,0.03429,0.00000,0.79344,0.20656,True,True,True
111.0189,0.0000,4.1077,-208.9741,0.03554,0.00000,0.79412,0.20588,True,True,True
111.0287,0.0000,4.1032,-208.9362,0.03809,0.00000,0.79484,0.20516,True,True,True
111.0378,0.0000,4.0992,-208.9024,0.03407,0.00000,0.79548,0.20452,True,True,True
111.0479,0.0000,4.0949,-208.8663,0.03635,0.00000,0.79617,0.20383,True,True,True
111.0568,0.0000,4.0910,-208.8332,0.03331,0.00000,0.79680,0.20320,True,True,True
111.0679,0.0000,4.0864,-208.7948,0.03869,0.00000,0.79753,0.20247,True,True,True
111.0759,0.0000,4.0831,-208.7665,0.02852,0.00000,0.79806,0.20194,True,True,True
111.0846,0.0000,4.0796,-208.7372,0.02950,0.00000,0.79862,0.20138,True,True,True
111.0943,0.0000,4.0758,-208.7052,0.03222,0.00000,0.79922,0.20078,True,True,True
111.1033,0.0000,4.0723,-208.6756,0.02976,0.00000,0.79978,0.20022,True,True,True
111.1128,0.0000,4.0687,-208.6451,0.03073,0.00000,0.80036,0.19964,True,True,True
111.1218,0.0000,4.0654,-208.6170,0.02830,0.00000,0.80089,0.19911,True,True,True
111.1316,0.0000,4.0619,-208.5872,0.02999,0.00000,0.80145,0.19855,True,True,True
111.1411,0.0000,4.0586,-208.5593,0.02813,0.00000,0.80198,0.19802,True,True,True
111.1510,0.0000,4.0551,-208.5304,0.02909,0.00000,0.80252,0.19748,True,True,True
111.1604,0.0000,4.0520,-208.5039,0.02669,0.00000,0.80302,0.19698,True,True,True
111.1695,0.0000,4.0491,-208.4789,0.02518,0.00000,0.80349,0.19651,True,True,True
111.1792,0.0000,4.0460,-208.4528,0.02627,0.00000,0.80398,0.19602,True,True,True
111.1886,0.0000,4.0431,-208.4280,0.02500,0.00000,0.80445,0.19555,True,True,True
111.1979,0.0000,4.0403,-208.4043,0.02383,0.00000,0.80489,0.19511,True,True,True
111.2076,0.0000,4.0376,-208.3811,0.02334,0.00000,0.80532,0.19468,True,True,True
111.2178,0.0000,4.0347,-208.3560,0.02526,0.00000,0.80579,0.19421,True,True,True
111.2264,0.0000,4.0323,-208.3358,0.02042,0.00000,0.80617,0.19383,True,True,True
111.2356,0.0000,4.0299,-208.3150,0.02086,0.00000,0.80656,0.19344,True,True,True
111.2455,0.0000,4.0274,-208.2933,0.02186,0.00000,0.80696,0.19304,True,True,True
111.2545,0.0000,4.0251,-208.2741,0.01937,0.00000,0.80732,0.19268,True,True,True
111.2643,0.0000,4.0228,-208.2540,0.02026,0.00000,0.80770,0.19230,True,True,True
111.2737,0.0000,4.0206,-208.2355,0.01859,0.00000,0.80804,0.19196,True,True,True
111.2844,0.0000,4.0182,-208.2150,0.02063,0.00000,0.80842,0.19158,True,True,True
111.2928,0.0000,4.0164,-208.1997,0.01546,0.00000,0.80871,0.19129,True,True,True
111.3021,0.0000,4.0145,-208.1831,0.01664,0.00000,0.80902,0.19098,True,True,True
111.3118,0.0000,4.0125,-208.1666,0.01668,0.00000,0.80933,0.19067,True,True,True
111.3216,0.0000,4.0107,-208.1506,0.01610,0.00000,0.80962,0.19038,True,True,True
111.3304,0.0000,4.0091,-208.1369,0.01375,0.00000,0.80988,0.19012,True,True,True
111.3395,0.0000,4.0075,-208.1232,0.01377,0.00000,0.81013,0.18987,True,True,True
111.3490,0.0000,4.0059,-208.1098,0.01352,0.00000,0.81038,0.18962,True,True,True
111.3585,0.0000,4.0044,-208.0968,0.01312,0.00000,0.81062,0.18938,True,True,True
111.3684,0.0000,4.0028,-208.0836,0.01327,0.00000,0.81087,0.18913,True,True,True
111.3776,0.0000,4.0015,-208.0721,0.01160,0.00000,0.81108,0.18892,True,True,True
111.3867,0.0000,4.0002,-208.0610,0.01112,0.00000,0.81128,0.18872,True,True,True
111.3967,0.0000,3.9988,-208.0496,0.01154,0.00000,0.81150,0.18850,True,True,True
111.4057,0.0000,3.9976,-208.0391,0.01054,0.00000,0.81169,0.18831,True,True,True
111.4153,0.0000,3.9964,-208.0285,0.01072,0.00000,0.81189,0.18811,True,True,True
111.4254,0.0000,3.9951,-208.0179,0.01065,0.00000,0.81208,0.18792,True,True,True
111.4353,0.0000,3.9951,-208.0179,0.00000,0.00000,0.81208,0.18792,True,True,True
