time,x,y,z,step,clearWeight,rainWeight,snowWeight,support,bodyClear
5.6763,0.0000,0.8000,-0.0011,0.00113,1.0000,0.0000,0.0000,True,True
5.6826,0.0000,0.8000,-0.0024,0.00126,1.0000,0.0000,0.0000,True,True
5.6913,-0.0003,0.8000,-0.0041,0.00178,1.0000,0.0000,0.0000,True,True
5.6993,-0.0008,0.8000,-0.0064,0.00230,1.0000,0.0000,0.0000,True,True
5.7076,-0.0014,0.8000,-0.0092,0.00282,1.0000,0.0000,0.0000,True,True
5.7160,-0.0020,0.8000,-0.0124,0.00334,1.0000,0.0000,0.0000,True,True
5.7243,-0.0028,0.8000,-0.0162,0.00386,1.0000,0.0000,0.0000,True,True
5.7326,-0.0036,0.8000,-0.0205,0.00438,1.0000,0.0000,0.0000,True,True
5.7414,-0.0046,0.8000,-0.0253,0.00491,1.0000,0.0000,0.0000,True,True
5.7493,-0.0056,0.8000,-0.0306,0.00542,1.0000,0.0000,0.0000,True,True
5.7576,-0.0068,0.8000,-0.0365,0.00594,1.0000,0.0000,0.0000,True,True
5.7659,-0.0081,0.8000,-0.0428,0.00647,1.0000,0.0000,0.0000,True,True
5.7743,-0.0094,0.8000,-0.0497,0.00699,1.0000,0.0000,0.0000,True,True
5.7826,-0.0109,0.8000,-0.0570,0.00751,1.0000,0.0000,0.0000,True,True
5.7913,-0.0125,0.8000,-0.0649,0.00805,1.0000,0.0000,0.0000,True,True
5.7993,-0.0142,0.8000,-0.0733,0.00855,1.0000,0.0000,0.0000,True,True
5.8077,-0.0159,0.8000,-0.0822,0.00907,1.0000,0.0000,0.0000,True,True
5.8160,-0.0178,0.8000,-0.0916,0.00959,1.0000,0.0000,0.0000,True,True
5.8243,-0.0198,0.8000,-0.1015,0.01011,1.0000,0.0000,0.0000,True,True
5.8326,-0.0219,0.8000,-0.1120,0.01064,1.0000,0.0000,0.0000,True,True
5.8412,-0.0240,0.8000,-0.1229,0.01115,1.0000,0.0000,0.0000,True,True
5.8493,-0.0263,0.8000,-0.1344,0.01168,1.0000,0.0000,0.0000,True,True
5.8576,-0.0287,0.8000,-0.1463,0.01219,1.0000,0.0000,0.0000,True,True
5.8659,-0.0312,0.8000,-0.1588,0.01272,1.0000,0.0000,0.0000,True,True
5.8746,-0.0338,0.8000,-0.1718,0.01324,1.0000,0.0000,0.0000,True,True
5.8826,-0.0365,0.8000,-0.1853,0.01376,1.0000,0.0000,0.0000,True,True
5.8913,-0.0393,0.8000,-0.1993,0.01428,1.0000,0.0000,0.0000,True,True
5.8993,-0.0422,0.8000,-0.2138,0.01480,1.0000,0.0000,0.0000,True,True
5.9077,-0.0452,0.8000,-0.2288,0.01532,1.0000,0.0000,0.0000,True,True
5.9160,-0.0483,0.8000,-0.2443,0.01584,1.0000,0.0000,0.0000,True,True
5.9245,-0.0515,0.8000,-0.2604,0.01636,1.0000,0.0000,0.0000,True,True
5.9327,-0.0548,0.8000,-0.2770,0.01689,1.0000,0.0000,0.0000,True,True
5.9412,-0.0582,0.8000,-0.2940,0.01741,1.0000,0.0000,0.0000,True,True
5.9493,-0.0617,0.8000,-0.3116,0.01792,1.0000,0.0000,0.0000,True,True
5.9577,-0.0653,0.8000,-0.3297,0.01845,1.0000,0.0000,0.0000,True,True
5.9661,-0.0690,0.8000,-0.3483,0.01899,1.0000,0.0000,0.0000,True,True
5.9745,-0.0728,0.8000,-0.3674,0.01948,1.0000,0.0000,0.0000,True,True
5.9826,-0.0767,0.8000,-0.3870,0.02001,1.0000,0.0000,0.0000,True,True
5.9913,-0.0808,0.8000,-0.4072,0.02053,1.0000,0.0000,0.0000,True,True
5.9993,-0.0849,0.8000,-0.4278,0.02106,1.0000,0.0000,0.0000,True,True
6.0079,-0.0891,0.8000,-0.4490,0.02157,1.0000,0.0000,0.0000,True,True
6.0160,-0.0934,0.8000,-0.4706,0.02209,1.0000,0.0000,0.0000,True,True
6.0244,-0.0978,0.8000,-0.4928,0.02261,1.0000,0.0000,0.0000,True,True
6.0326,-0.1024,0.8000,-0.5155,0.02314,1.0000,0.0000,0.0000,True,True
6.0412,-0.1070,0.8000,-0.5387,0.02365,1.0000,0.0000,0.0000,True,True
6.0494,-0.1117,0.8000,-0.5624,0.02418,1.0000,0.0000,0.0000,True,True
6.0578,-0.1166,0.8000,-0.5866,0.02469,1.0000,0.0000,0.0000,True,True
6.0660,-0.1215,0.8000,-0.6114,0.02522,1.0000,0.0000,0.0000,True,True
6.0747,-0.1265,0.8000,-0.6367,0.02581,1.0000,0.0000,0.0000,True,True
6.0826,-0.1317,0.8000,-0.6624,0.02625,1.0000,0.0000,0.0000,True,True
6.0913,-0.1369,0.8000,-0.6887,0.02678,1.0000,0.0000,0.0000,True,True
6.0993,-0.1423,0.8000,-0.7155,0.02730,1.0000,0.0000,0.0000,True,True
6.1077,-0.1477,0.8000,-0.7427,0.02782,1.0000,0.0000,0.0000,True,True
6.1160,-0.1533,0.8000,-0.7705,0.02834,1.0000,0.0000,0.0000,True,True
6.1245,-0.1589,0.8000,-0.7989,0.02887,1.0000,0.0000,0.0000,True,True
6.1327,-0.1647,0.8000,-0.8277,0.02939,1.0000,0.0000,0.0000,True,True
6.1413,-0.1705,0.8000,-0.8570,0.02991,1.0000,0.0000,0.0000,True,True
6.1493,-0.1765,0.8000,-0.8868,0.03043,1.0000,0.0000,0.0000,True,True
6.1579,-0.1825,0.8000,-0.9172,0.03095,1.0000,0.0000,0.0000,True,True
6.1660,-0.1887,0.8000,-0.9481,0.03147,1.0000,0.0000,0.0000,True,True
6.1746,-0.1949,0.8000,-0.9794,0.03199,1.0000,0.0000,0.0000,True,True
6.1827,-0.2013,0.8000,-1.0113,0.03251,1.0000,0.0000,0.0000,True,True
6.1911,-0.2078,0.8000,-1.0437,0.03303,1.0000,0.0000,0.0000,True,True
6.1993,-0.2143,0.8000,-1.0766,0.03356,1.0000,0.0000,0.0000,True,True
6.2081,-0.2210,0.8000,-1.1100,0.03407,1.0000,0.0000,0.0000,True,True
6.2160,-0.2278,0.8000,-1.1440,0.03461,1.0000,0.0000,0.0000,True,True
6.2245,-0.2346,0.8000,-1.1784,0.03511,1.0000,0.0000,0.0000,True,True
6.2327,-0.2416,0.8000,-1.2133,0.03563,1.0000,0.0000,0.0000,True,True
6.2410,-0.2487,0.8000,-1.2488,0.03616,1.0000,0.0000,0.0000,True,True
6.2493,-0.2559,0.8000,-1.2848,0.03669,1.0000,0.0000,0.0000,True,True
6.2579,-0.2631,0.8000,-1.3213,0.03720,1.0000,0.0000,0.0000,True,True
6.2660,-0.2705,0.8000,-1.3583,0.03773,1.0000,0.0000,0.0000,True,True
6.2745,-0.2780,0.8000,-1.3957,0.03823,1.0000,0.0000,0.0000,True,True
6.2827,-0.2856,0.8000,-1.4338,0.03876,1.0000,0.0000,0.0000,True,True
6.2914,-0.2933,0.8000,-1.4723,0.03929,1.0000,0.0000,0.0000,True,True
6.2993,-0.3011,0.8000,-1.5113,0.03980,1.0000,0.0000,0.0000,True,True
6.3080,-0.3089,0.8000,-1.5509,0.04032,1.0000,0.0000,0.0000,True,True
6.3160,-0.3169,0.8000,-1.5909,0.04086,1.0000,0.0000,0.0000,True,True
6.3247,-0.3250,0.8000,-1.6315,0.04137,1.0000,0.0000,0.0000,True,True
6.3327,-0.3332,0.8000,-1.6726,0.04188,1.0000,0.0000,0.0000,True,True
6.3412,-0.3415,0.8000,-1.7142,0.04240,1.0000,0.0000,0.0000,True,True
6.3494,-0.3499,0.8000,-1.7563,0.04293,1.0000,0.0000,0.0000,True,True
6.3578,-0.3584,0.8000,-1.7989,0.04344,1.0000,0.0000,0.0000,True,True
6.3660,-0.3670,0.8000,-1.8420,0.04398,1.0000,0.0000,0.0000,True,True
6.3746,-0.3757,0.8000,-1.8856,0.04450,1.0000,0.0000,0.0000,True,True
6.3827,-0.3845,0.8000,-1.9298,0.04500,1.0000,0.0000,0.0000,True,True
6.3912,-0.3933,0.8000,-1.9739,0.04500,1.0000,0.0000,0.0000,True,True
6.3993,-0.4021,0.8000,-2.0180,0.04499,1.0000,0.0000,0.0000,True,True
6.4079,-0.4109,0.8000,-2.0621,0.04501,1.0000,0.0000,0.0000,True,True
6.4160,-0.4198,0.8000,-2.1063,0.04500,1.0000,0.0000,0.0000,True,True
6.4248,-0.4286,0.8000,-2.1504,0.04501,1.0000,0.0000,0.0000,True,True
6.4327,-0.4374,0.8000,-2.1945,0.04500,1.0000,0.0000,0.0000,True,True
6.4412,-0.4462,0.8000,-2.2387,0.04499,1.0000,0.0000,0.0000,True,True
6.4494,-0.4550,0.8000,-2.2828,0.04501,1.0000,0.0000,0.0000,True,True
6.4580,-0.4638,0.8000,-2.3269,0.04500,1.0000,0.0000,0.0000,True,True
6.4660,-0.4726,0.8000,-2.3711,0.04500,1.0000,0.0000,0.0000,True,True
6.4745,-0.4814,0.8000,-2.4152,0.04500,1.0000,0.0000,0.0000,True,True
6.4827,-0.4902,0.8000,-2.4593,0.04500,1.0000,0.0000,0.0000,True,True
6.4911,-0.4990,0.8000,-2.5035,0.04501,1.0000,0.0000,0.0000,True,True
6.4993,-0.5078,0.8000,-2.5476,0.04499,1.0000,0.0000,0.0000,True,True
6.5081,-0.5166,0.8000,-2.5917,0.04499,1.0000,0.0000,0.0000,True,True
6.5160,-0.5254,0.8000,-2.6359,0.04501,1.0000,0.0000,0.0000,True,True
6.5247,-0.5342,0.8000,-2.6801,0.04510,1.0000,0.0000,0.0000,True,True
6.5327,-0.5430,0.8000,-2.7242,0.04501,1.0000,0.0000,0.0000,True,True
6.5415,-0.5518,0.8000,-2.7684,0.04501,1.0000,0.0000,0.0000,True,True
6.5494,-0.5606,0.8000,-2.8125,0.04500,1.0000,0.0000,0.0000,True,True
6.5581,-0.5695,0.8000,-2.8566,0.04500,1.0000,0.0000,0.0000,True,True
6.5660,-0.5783,0.8000,-2.9007,0.04500,1.0000,0.0000,0.0000,True,True
6.5745,-0.5871,0.8000,-2.9449,0.04501,1.0000,0.0000,0.0000,True,True
6.5827,-0.5959,0.8000,-2.9890,0.04501,1.0000,0.0000,0.0000,True,True
6.5912,-0.6047,0.8000,-3.0332,0.04500,1.0000,0.0000,0.0000,True,True
6.5994,-0.6135,0.8000,-3.0773,0.04499,1.0000,0.0000,0.0000,True,True
6.6080,-0.6223,0.8000,-3.1214,0.04502,1.0000,0.0000,0.0000,True,True
6.6160,-0.6310,0.8000,-3.1652,0.04468,1.0000,0.0000,0.0000,True,True
6.6246,-0.6397,0.8000,-3.2086,0.04417,1.0000,0.0000,0.0000,True,True
6.6327,-0.6482,0.8000,-3.2514,0.04364,1.0000,0.0000,0.0000,True,True
6.6413,-0.6566,0.8000,-3.2936,0.04311,1.0000,0.0000,0.0000,True,True
6.6494,-0.6650,0.8000,-3.3354,0.04260,1.0000,0.0000,0.0000,True,True
6.6578,-0.6732,0.8000,-3.3767,0.04208,1.0000,0.0000,0.0000,True,True
6.6661,-0.6813,0.8000,-3.4175,0.04158,1.0000,0.0000,0.0000,True,True
6.6748,-0.6894,0.8000,-3.4577,0.04103,1.0000,0.0000,0.0000,True,True
6.6829,-0.6973,0.8000,-3.4975,0.04054,1.0000,0.0000,0.0000,True,True
6.6915,-0.7051,0.8000,-3.5367,0.03998,1.0000,0.0000,0.0000,True,True
6.6994,-0.7129,0.8000,-3.5754,0.03946,1.0000,0.0000,0.0000,True,True
6.7079,-0.7205,0.8000,-3.6136,0.03895,1.0000,0.0000,0.0000,True,True
6.7161,-0.7280,0.8000,-3.6513,0.03844,1.0000,0.0000,0.0000,True,True
6.7246,-0.7354,0.8000,-3.6884,0.03792,1.0000,0.0000,0.0000,True,True
6.7327,-0.7427,0.8000,-3.7251,0.03738,1.0000,0.0000,0.0000,True,True
6.7413,-0.7499,0.8000,-3.7613,0.03687,1.0000,0.0000,0.0000,True,True
6.7494,-0.7571,0.8000,-3.7969,0.03636,1.0000,0.0000,0.0000,True,True
6.7580,-0.7641,0.8000,-3.8321,0.03583,1.0000,0.0000,0.0000,True,True
6.7661,-0.7710,0.8000,-3.8667,0.03532,1.0000,0.0000,0.0000,True,True
6.7746,-0.7778,0.8000,-3.9008,0.03479,1.0000,0.0000,0.0000,True,True
6.7827,-0.7845,0.8000,-3.9344,0.03427,1.0000,0.0000,0.0000,True,True
6.7915,-0.7911,0.8000,-3.9675,0.03375,1.0000,0.0000,0.0000,True,True
6.7994,-0.7976,0.8000,-4.0001,0.03322,1.0000,0.0000,0.0000,True,True
6.8082,-0.8040,0.8000,-4.0322,0.03271,1.0000,0.0000,0.0000,True,True
6.8161,-0.8103,0.8000,-4.0637,0.03219,1.0000,0.0000,0.0000,True,True
6.8251,-0.8165,0.8000,-4.0948,0.03166,1.0000,0.0000,0.0000,True,True
6.8327,-0.8226,0.8000,-4.1253,0.03115,1.0000,0.0000,0.0000,True,True
6.8414,-0.8286,0.8000,-4.1553,0.03062,1.0000,0.0000,0.0000,True,True
6.8494,-0.8345,0.8000,-4.1849,0.03011,1.0000,0.0000,0.0000,True,True
6.8580,-0.8402,0.8000,-4.2139,0.02957,1.0000,0.0000,0.0000,True,True
6.8661,-0.8459,0.8000,-4.2424,0.02906,1.0000,0.0000,0.0000,True,True
6.8746,-0.8515,0.8000,-4.2704,0.02854,1.0000,0.0000,0.0000,True,True
6.8827,-0.8570,0.8000,-4.2978,0.02800,1.0000,0.0000,0.0000,True,True
6.8913,-0.8624,0.8000,-4.3248,0.02750,1.0000,0.0000,0.0000,True,True
6.8994,-0.8677,0.8000,-4.3515,0.02723,1.0000,0.0000,0.0000,True,True
6.9080,-0.8729,0.8000,-4.3774,0.02644,1.0000,0.0000,0.0000,True,True
6.9161,-0.8779,0.8000,-4.4029,0.02594,1.0000,0.0000,0.0000,True,True
6.9250,-0.8829,0.8000,-4.4278,0.02540,1.0000,0.0000,0.0000,True,True
6.9328,-0.8878,0.8000,-4.4522,0.02489,1.0000,0.0000,0.0000,True,True
6.9415,-0.8926,0.8000,-4.4761,0.02436,1.0000,0.0000,0.0000,True,True
6.9495,-0.8972,0.8000,-4.4995,0.02385,1.0000,0.0000,0.0000,True,True
6.9582,-0.9018,0.8000,-4.5223,0.02332,1.0000,0.0000,0.0000,True,True
6.9661,-0.9062,0.8000,-4.5447,0.02281,1.0000,0.0000,0.0000,True,True
6.9748,-0.9106,0.8000,-4.5666,0.02227,1.0000,0.0000,0.0000,True,True
6.9828,-0.9149,0.8000,-4.5879,0.02177,1.0000,0.0000,0.0000,True,True
6.9919,-0.9190,0.8000,-4.6087,0.02124,1.0000,0.0000,0.0000,True,True
6.9995,-0.9231,0.8000,-4.6290,0.02072,1.0000,0.0000,0.0000,True,True
7.0082,-0.9270,0.8000,-4.6489,0.02020,1.0000,0.0000,0.0000,True,True
7.0161,-0.9309,0.8000,-4.6682,0.01968,1.0000,0.0000,0.0000,True,True
7.0247,-0.9346,0.8000,-4.6869,0.01916,1.0000,0.0000,0.0000,True,True
7.0328,-0.9383,0.8000,-4.7052,0.01864,1.0000,0.0000,0.0000,True,True
7.0414,-0.9418,0.8000,-4.7230,0.01812,1.0000,0.0000,0.0000,True,True
7.0495,-0.9453,0.8000,-4.7402,0.01760,1.0000,0.0000,0.0000,True,True
7.0581,-0.9486,0.8000,-4.7570,0.01707,1.0000,0.0000,0.0000,True,True
7.0661,-0.9518,0.8000,-4.7732,0.01656,1.0000,0.0000,0.0000,True,True
7.0749,-0.9550,0.8000,-4.7890,0.01607,1.0000,0.0000,0.0000,True,True
7.0828,-0.9580,0.8000,-4.8042,0.01549,1.0000,0.0000,0.0000,True,True
7.0916,-0.9610,0.8000,-4.8189,0.01503,1.0000,0.0000,0.0000,True,True
7.0995,-0.9638,0.8000,-4.8331,0.01447,1.0000,0.0000,0.0000,True,True
7.1081,-0.9665,0.8000,-4.8468,0.01395,1.0000,0.0000,0.0000,True,True
7.1162,-0.9691,0.8000,-4.8599,0.01343,1.0000,0.0000,0.0000,True,True
7.1247,-0.9717,0.8000,-4.8727,0.01299,1.0000,0.0000,0.0000,True,True
7.1329,-0.9741,0.8000,-4.8848,0.01238,1.0000,0.0000,0.0000,True,True
7.1415,-0.9765,0.8000,-4.8967,0.01208,1.0000,0.0000,0.0000,True,True
7.1497,-0.9787,0.8000,-4.9079,0.01143,1.0000,0.0000,0.0000,True,True
7.1581,-0.9809,0.8000,-4.9187,0.01100,1.0000,0.0000,0.0000,True,True
7.1663,-0.9829,0.8000,-4.9290,0.01057,1.0000,0.0000,0.0000,True,True
7.1750,-0.9849,0.8000,-4.9390,0.01021,1.0000,0.0000,0.0000,True,True
7.1830,-0.9868,0.8000,-4.9486,0.00976,1.0000,0.0000,0.0000,True,True
7.1914,-0.9887,0.8000,-4.9579,0.00946,1.0000,0.0000,0.0000,True,True
7.1997,-0.9905,0.8000,-4.9669,0.00916,1.0000,0.0000,0.0000,True,True
7.2086,-0.9922,0.8000,-4.9757,0.00895,1.0000,0.0000,0.0000,True,True
7.2164,-0.9922,0.8000,-4.9757,0.00000,1.0000,0.0000,0.0000,True,True
7.2249,-0.9925,0.8000,-4.9761,0.00052,1.0000,0.0000,0.0000,True,True
7.2331,-0.9929,0.8000,-4.9770,0.00104,1.0000,0.0000,0.0000,True,True
7.2415,-0.9937,0.8000,-4.9784,0.00156,1.0000,0.0000,0.0000,True,True
7.2498,-0.9946,0.8000,-4.9803,0.00208,1.0000,0.0000,0.0000,True,True
7.2583,-0.9958,0.8000,-4.9826,0.00262,1.0000,0.0000,0.0000,True,True
7.2664,-0.9972,0.8000,-4.9854,0.00313,1.0000,0.0000,0.0000,True,True
7.2750,-0.9989,0.8000,-4.9886,0.00365,1.0000,0.0000,0.0000,True,True
7.2831,-1.0008,0.8000,-4.9924,0.00417,1.0000,0.0000,0.0000,True,True
7.2917,-1.0029,0.8000,-4.9965,0.00470,1.0000,0.0000,0.0000,True,True
7.2998,-1.0053,0.8000,-5.0012,0.00521,1.0000,0.0000,0.0000,True,True
7.3084,-1.0079,0.8000,-5.0063,0.00578,1.0000,0.0000,0.0000,True,True
7.3165,-1.0108,0.8000,-5.0119,0.00625,1.0000,0.0000,0.0000,True,True
7.3251,-1.0139,0.8000,-5.0179,0.00679,1.0000,0.0000,0.0000,True,True
7.3332,-1.0172,0.8000,-5.0244,0.00730,1.0000,0.0000,0.0000,True,True
7.3418,-1.0208,0.8000,-5.0314,0.00782,1.0000,0.0000,0.0000,True,True
7.3498,-1.0246,0.8000,-5.0388,0.00834,1.0000,0.0000,0.0000,True,True
7.3583,-1.0286,0.8000,-5.0467,0.00886,1.0000,0.0000,0.0000,True,True
7.3665,-1.0329,0.8000,-5.0550,0.00938,1.0000,0.0000,0.0000,True,True
7.3752,-1.0374,0.8000,-5.0638,0.00991,1.0000,0.0000,0.0000,True,True
7.3832,-1.0422,0.8000,-5.0731,0.01045,1.0000,0.0000,0.0000,True,True
7.3917,-1.0472,0.8000,-5.0829,0.01095,1.0000,0.0000,0.0000,True,True
7.3999,-1.0524,0.8000,-5.0931,0.01146,1.0000,0.0000,0.0000,True,True
7.4083,-1.0579,0.8000,-5.1038,0.01202,1.0000,0.0000,0.0000,True,True
7.4165,-1.0636,0.8000,-5.1149,0.01249,1.0000,0.0000,0.0000,True,True
7.4251,-1.0696,0.8000,-5.1265,0.01303,1.0000,0.0000,0.0000,True,True
7.4332,-1.0758,0.8000,-5.1386,0.01356,1.0000,0.0000,0.0000,True,True
7.4418,-1.0823,0.8000,-5.1512,0.01427,1.0000,0.0000,0.0000,True,True
7.4500,-1.0889,0.8000,-5.1642,0.01457,1.0000,0.0000,0.0000,True,True
7.4585,-1.0958,0.8000,-5.1777,0.01512,1.0000,0.0000,0.0000,True,True
7.4666,-1.1029,0.8000,-5.1916,0.01564,1.0000,0.0000,0.0000,True,True
7.4751,-1.1103,0.8000,-5.2060,0.01617,1.0000,0.0000,0.0000,True,True
7.4833,-1.1179,0.8000,-5.2208,0.01668,1.0000,0.0000,0.0000,True,True
7.4925,-1.1259,0.8000,-5.2363,0.01737,1.0000,0.0000,0.0000,True,True
7.5000,-1.1339,0.8000,-5.2519,0.01759,1.0000,0.0000,0.0000,True,True
7.5085,-1.1422,0.8000,-5.2682,0.01826,1.0000,0.0000,0.0000,True,True
7.5167,-1.1508,0.8000,-5.2849,0.01876,1.0000,0.0000,0.0000,True,True
7.5253,-1.1596,0.8000,-5.3020,0.01930,1.0000,0.0000,0.0000,True,True
7.5334,-1.1686,0.8000,-5.3197,0.01980,1.0000,0.0000,0.0000,True,True
7.5417,-1.1779,0.8000,-5.3378,0.02034,1.0000,0.0000,0.0000,True,True
7.5500,-1.1874,0.8000,-5.3563,0.02085,1.0000,0.0000,0.0000,True,True
7.5587,-1.1972,0.8000,-5.3753,0.02140,1.0000,0.0000,0.0000,True,True
7.5667,-1.2071,0.8000,-5.3948,0.02187,1.0000,0.0000,0.0000,True,True
7.5752,-1.2174,0.8000,-5.4148,0.02242,1.0000,0.0000,0.0000,True,True
7.5833,-1.2278,0.8000,-5.4352,0.02293,1.0000,0.0000,0.0000,True,True
7.5919,-1.2386,0.8000,-5.4561,0.02355,1.0000,0.0000,0.0000,True,True
7.6000,-1.2495,0.8000,-5.4774,0.02395,1.0000,0.0000,0.0000,True,True
7.6085,-1.2607,0.8000,-5.4992,0.02451,1.0000,0.0000,0.0000,True,True
7.6167,-1.2721,0.8000,-5.5215,0.02501,1.0000,0.0000,0.0000,True,True
7.6251,-1.2838,0.8000,-5.5442,0.02556,1.0000,0.0000,0.0000,True,True
7.6334,-1.2957,0.8000,-5.5674,0.02605,1.0000,0.0000,0.0000,True,True
7.6420,-1.3078,0.8000,-5.5911,0.02660,1.0000,0.0000,0.0000,True,True
7.6500,-1.3202,0.8000,-5.6152,0.02709,1.0000,0.0000,0.0000,True,True
7.6586,-1.3328,0.8000,-5.6398,0.02766,1.0000,0.0000,0.0000,True,True
7.6667,-1.3456,0.8000,-5.6648,0.02811,1.0000,0.0000,0.0000,True,True
7.6752,-1.3587,0.8000,-5.6903,0.02867,1.0000,0.0000,0.0000,True,True
7.6834,-1.3720,0.8000,-5.7163,0.02919,1.0000,0.0000,0.0000,True,True
7.6920,-1.3856,0.8000,-5.7427,0.02971,1.0000,0.0000,0.0000,True,True
7.7000,-1.3993,0.8000,-5.7696,0.03022,1.0000,0.0000,0.0000,True,True
7.7086,-1.4134,0.8000,-5.7971,0.03089,1.0000,0.0000,0.0000,True,True
7.7168,-1.4277,0.8000,-5.8249,0.03124,1.0000,0.0000,0.0000,True,True
7.7256,-1.4422,0.8000,-5.8532,0.03181,1.0000,0.0000,0.0000,True,True
7.7334,-1.4569,0.8000,-5.8820,0.03230,1.0000,0.0000,0.0000,True,True
7.7422,-1.4719,0.8000,-5.9112,0.03285,1.0000,0.0000,0.0000,True,True
7.7501,-1.4871,0.8000,-5.9409,0.03335,1.0000,0.0000,0.0000,True,True
7.7587,-1.5026,0.8000,-5.9710,0.03388,1.0000,0.0000,0.0000,True,True
7.7668,-1.5183,0.8000,-6.0016,0.03439,1.0000,0.0000,0.0000,True,True
7.7753,-1.5342,0.8000,-6.0327,0.03496,1.0000,0.0000,0.0000,True,True
7.7834,-1.5504,0.8000,-6.0642,0.03540,1.0000,0.0000,0.0000,True,True
7.7920,-1.5668,0.8000,-6.0962,0.03597,1.0000,0.0000,0.0000,True,True
7.8001,-1.5835,0.8000,-6.1287,0.03648,1.0000,0.0000,0.0000,True,True
7.8086,-1.6004,0.8000,-6.1617,0.03705,1.0000,0.0000,0.0000,True,True
7.8167,-1.6175,0.8000,-6.1950,0.03750,1.0000,0.0000,0.0000,True,True
7.8254,-1.6348,0.8000,-6.2289,0.03806,1.0000,0.0000,0.0000,True,True
7.8334,-1.6524,0.8000,-6.2632,0.03855,1.0000,0.0000,0.0000,True,True
7.8420,-1.6703,0.8000,-6.2980,0.03912,1.0000,0.0000,0.0000,True,True
7.8501,-1.6883,0.8000,-6.3332,0.03961,1.0000,0.0000,0.0000,True,True
7.8587,-1.7066,0.8000,-6.3689,0.04011,1.0000,0.0000,0.0000,True,True
7.8670,-1.7256,0.8000,-6.4059,0.04155,1.0000,0.0000,0.0000,True,True
7.8757,-1.7444,0.8000,-6.4425,0.04118,1.0000,0.0000,0.0000,True,True
7.8838,-1.7634,0.8000,-6.4796,0.04165,1.0000,0.0000,0.0000,True,True
7.8922,-1.7827,0.8000,-6.5172,0.04225,1.0000,0.0000,0.0000,True,True
7.9002,-1.8022,0.8000,-6.5552,0.04272,1.0000,0.0000,0.0000,True,True
7.9088,-1.8219,0.8000,-6.5938,0.04331,1.0000,0.0000,0.0000,True,True
7.9169,-1.8419,0.8000,-6.6327,0.04375,1.0000,0.0000,0.0000,True,True
7.9254,-1.8624,0.8000,-6.6726,0.04492,1.0000,0.0000,0.0000,True,True
7.9337,-1.8828,0.8000,-6.7125,0.04481,1.0000,0.0000,0.0000,True,True
7.9422,-1.9034,0.8000,-6.7526,0.04506,1.0000,0.0000,0.0000,True,True
7.9504,-1.9239,0.8000,-6.7926,0.04495,1.0000,0.0000,0.0000,True,True
7.9590,-1.9447,0.8000,-6.8332,0.04564,1.0000,0.0000,0.0000,True,True
7.9670,-1.9650,0.8000,-6.8727,0.04436,1.0000,0.0000,0.0000,True,True
7.9758,-1.9855,0.8000,-6.9128,0.04504,1.0000,0.0000,0.0000,True,True
7.9837,-2.0060,0.8000,-6.9528,0.04498,1.0000,0.0000,0.0000,True,True
7.9923,-2.0266,0.8000,-6.9929,0.04502,1.0000,0.0000,0.0000,True,True
8.0004,-2.0471,0.8000,-7.0329,0.04500,1.0000,0.0000,0.0000,True,True
8.0087,-2.0676,0.8000,-7.0730,0.04500,1.0000,0.0000,0.0000,True,True
8.0171,-2.0882,0.8000,-7.1130,0.04499,1.0000,0.0000,0.0000,True,True
8.0255,-2.1087,0.8000,-7.1530,0.04501,1.0000,0.0000,0.0000,True,True
8.0337,-2.1292,0.8000,-7.1931,0.04499,1.0000,0.0000,0.0000,True,True
8.0422,-2.1498,0.8000,-7.2331,0.04502,1.0000,0.0000,0.0000,True,True
8.0504,-2.1703,0.8000,-7.2732,0.04499,1.0000,0.0000,0.0000,True,True
8.0587,-2.1908,0.8000,-7.3132,0.04501,1.0000,0.0000,0.0000,True,True
8.0670,-2.2114,0.8000,-7.3533,0.04499,1.0000,0.0000,0.0000,True,True
8.0756,-2.2319,0.8000,-7.3933,0.04503,1.0000,0.0000,0.0000,True,True
8.0837,-2.2524,0.8000,-7.4334,0.04499,1.0000,0.0000,0.0000,True,True
8.0923,-2.2730,0.8000,-7.4735,0.04514,1.0000,0.0000,0.0000,True,True
8.1004,-2.2935,0.8000,-7.5135,0.04486,1.0000,0.0000,0.0000,True,True
8.1089,-2.3141,0.8000,-7.5536,0.04517,1.0000,0.0000,0.0000,True,True
8.1171,-2.3346,0.8000,-7.5936,0.04486,1.0000,0.0000,0.0000,True,True
8.1254,-2.3551,0.8000,-7.6336,0.04502,1.0000,0.0000,0.0000,True,True
8.1337,-2.3757,0.8000,-7.6737,0.04499,1.0000,0.0000,0.0000,True,True
8.1423,-2.3963,0.8000,-7.7140,0.04533,1.0000,0.0000,0.0000,True,True
8.1504,-2.4169,0.8000,-7.7540,0.04497,1.0000,0.0000,0.0000,True,True
8.1589,-2.4374,0.8000,-7.7941,0.04503,1.0000,0.0000,0.0000,True,True
8.1671,-2.4579,0.8000,-7.8341,0.04497,1.0000,0.0000,0.0000,True,True
8.1757,-2.4785,0.8000,-7.8742,0.04503,1.0000,0.0000,0.0000,True,True
8.1838,-2.4990,0.8000,-7.9142,0.04498,1.0000,0.0000,0.0000,True,True
8.1925,-2.5195,0.8000,-7.9543,0.04501,1.0000,0.0000,0.0000,True,True
8.2004,-2.5401,0.8000,-7.9943,0.04499,1.0000,0.0000,0.0000,True,True
8.2089,-2.5607,0.8000,-8.0346,0.04527,1.0000,0.0000,0.0000,True,True
8.2171,-2.5812,0.8000,-8.0744,0.04479,1.0000,0.0000,0.0000,True,True
8.2256,-2.6017,0.8000,-8.1145,0.04503,1.0000,0.0000,0.0000,True,True
8.2338,-2.6222,0.8000,-8.1545,0.04497,1.0000,0.0000,0.0000,True,True
8.2422,-2.6428,0.8000,-8.1946,0.04503,1.0000,0.0000,0.0000,True,True
8.2505,-2.6633,0.8000,-8.2346,0.04497,1.0000,0.0000,0.0000,True,True
8.2588,-2.6838,0.8000,-8.2747,0.04503,1.0000,0.0000,0.0000,True,True
8.2671,-2.7043,0.8000,-8.3147,0.04494,1.0000,0.0000,0.0000,True,True
8.2756,-2.7246,0.8000,-8.3542,0.04448,1.0000,0.0000,0.0000,True,True
8.2838,-2.7447,0.8000,-8.3933,0.04392,1.0000,0.0000,0.0000,True,True
8.2922,-2.7645,0.8000,-8.4320,0.04344,1.0000,0.0000,0.0000,True,True
8.3004,-2.7841,0.8000,-8.4701,0.04288,1.0000,0.0000,0.0000,True,True
8.3088,-2.8034,0.8000,-8.5079,0.04240,1.0000,0.0000,0.0000,True,True
8.3171,-2.8225,0.8000,-8.5451,0.04183,1.0000,0.0000,0.0000,True,True
8.3256,-2.8414,0.8000,-8.5819,0.04135,1.0000,0.0000,0.0000,True,True
8.3338,-2.8600,0.8000,-8.6182,0.04081,1.0000,0.0000,0.0000,True,True
8.3424,-2.8784,0.8000,-8.6541,0.04031,1.0000,0.0000,0.0000,True,True
8.3505,-2.8965,0.8000,-8.6894,0.03976,1.0000,0.0000,0.0000,True,True
8.3591,-2.9146,0.8000,-8.7247,0.03962,1.0000,0.0000,0.0000,True,True
8.3672,-2.9323,0.8000,-8.7591,0.03871,1.0000,0.0000,0.0000,True,True
8.3758,-2.9497,0.8000,-8.7931,0.03821,1.0000,0.0000,0.0000,True,True
8.3839,-2.9669,0.8000,-8.8267,0.03767,1.0000,0.0000,0.0000,True,True
8.3924,-2.9838,0.8000,-8.8597,0.03718,1.0000,0.0000,0.0000,True,True
8.4007,-3.0006,0.8000,-8.8923,0.03663,1.0000,0.0000,0.0000,True,True
8.4090,-3.0171,0.8000,-8.9246,0.03622,1.0000,0.0000,0.0000,True,True
8.4172,-3.0333,0.8000,-8.9562,0.03550,1.0000,0.0000,0.0000,True,True
8.4256,-3.0493,0.8000,-8.9874,0.03509,1.0000,0.0000,0.0000,True,True
8.4339,-3.0651,0.8000,-9.0181,0.03455,1.0000,0.0000,0.0000,True,True
8.4422,-3.0806,0.8000,-9.0484,0.03403,1.0000,0.0000,0.0000,True,True
8.4506,-3.0959,0.8000,-9.0782,0.03351,1.0000,0.0000,0.0000,True,True
8.4589,-3.1109,0.8000,-9.1076,0.03301,1.0000,0.0000,0.0000,True,True
8.4672,-3.1257,0.8000,-9.1365,0.03246,1.0000,0.0000,0.0000,True,True
8.4756,-3.1403,0.8000,-9.1649,0.03197,1.0000,0.0000,0.0000,True,True
8.4839,-3.1547,0.8000,-9.1929,0.03143,1.0000,0.0000,0.0000,True,True
8.4923,-3.1688,0.8000,-9.2204,0.03091,1.0000,0.0000,0.0000,True,True
8.5005,-3.1826,0.8000,-9.2475,0.03038,1.0000,0.0000,0.0000,True,True
8.5090,-3.1963,0.8000,-9.2741,0.02989,1.0000,0.0000,0.0000,True,True
8.5172,-3.2097,0.8000,-9.3002,0.02934,1.0000,0.0000,0.0000,True,True
8.5257,-3.2229,0.8000,-9.3260,0.02903,1.0000,0.0000,0.0000,True,True
8.5339,-3.2358,0.8000,-9.3511,0.02818,1.0000,0.0000,0.0000,True,True
8.5423,-3.2485,0.8000,-9.3758,0.02781,1.0000,0.0000,0.0000,True,True
8.5506,-3.2609,0.8000,-9.4001,0.02725,1.0000,0.0000,0.0000,True,True
8.5590,-3.2732,0.8000,-9.4240,0.02687,1.0000,0.0000,0.0000,True,True
8.5672,-3.2851,0.8000,-9.4472,0.02611,1.0000,0.0000,0.0000,True,True
8.5757,-3.2968,0.8000,-9.4701,0.02572,1.0000,0.0000,0.0000,True,True
8.5839,-3.3083,0.8000,-9.4925,0.02518,1.0000,0.0000,0.0000,True,True
8.5923,-3.3196,0.8000,-9.5145,0.02469,1.0000,0.0000,0.0000,True,True
8.6006,-3.3306,0.8000,-9.5359,0.02411,1.0000,0.0000,0.0000,True,True
8.6089,-3.3413,0.8000,-9.5569,0.02363,1.0000,0.0000,0.0000,True,True
8.6173,-3.3519,0.8000,-9.5775,0.02309,1.0000,0.0000,0.0000,True,True
8.6257,-3.3622,0.8000,-9.5976,0.02259,1.0000,0.0000,0.0000,True,True
8.6339,-3.3722,0.8000,-9.6172,0.02205,1.0000,0.0000,0.0000,True,True
8.6422,-3.3821,0.8000,-9.6364,0.02154,1.0000,0.0000,0.0000,True,True
8.6506,-3.3917,0.8000,-9.6551,0.02100,1.0000,0.0000,0.0000,True,True
8.6591,-3.4010,0.8000,-9.6733,0.02052,1.0000,0.0000,0.0000,True,True
8.6672,-3.4101,0.8000,-9.6911,0.01997,1.0000,0.0000,0.0000,True,True
8.6757,-3.4190,0.8000,-9.7084,0.01949,1.0000,0.0000,0.0000,True,True
8.6839,-3.4277,0.8000,-9.7253,0.01897,1.0000,0.0000,0.0000,True,True
8.6923,-3.4361,0.8000,-9.7418,0.01850,1.0000,0.0000,0.0000,True,True
8.7006,-3.4443,0.8000,-9.7578,0.01796,1.0000,0.0000,0.0000,True,True
8.7090,-3.4523,0.8000,-9.7733,0.01751,1.0000,0.0000,0.0000,True,True
8.7172,-3.4600,0.8000,-9.7885,0.01700,1.0000,0.0000,0.0000,True,True
8.7258,-3.4676,0.8000,-9.8032,0.01662,1.0000,0.0000,0.0000,True,True
8.7339,-3.4749,0.8000,-9.8174,0.01595,1.0000,0.0000,0.0000,True,True
8.7424,-3.4820,0.8000,-9.8313,0.01559,1.0000,0.0000,0.0000,True,True
8.7506,-3.4889,0.8000,-9.8448,0.01510,1.0000,0.0000,0.0000,True,True
8.7590,-3.4956,0.8000,-9.8578,0.01468,1.0000,0.0000,0.0000,True,True
8.7672,-3.5021,0.8000,-9.8705,0.01421,1.0000,0.0000,0.0000,True,True
8.7757,-3.5084,0.8000,-9.8827,0.01380,1.0000,0.0000,0.0000,True,True
8.7839,-3.5145,0.8000,-9.8946,0.01337,1.0000,0.0000,0.0000,True,True
8.7924,-3.5204,0.8000,-9.9062,0.01299,1.0000,0.0000,0.0000,True,True
8.8006,-3.5262,0.8000,-9.9174,0.01260,1.0000,0.0000,0.0000,True,True
8.8090,-3.5318,0.8000,-9.9283,0.01227,1.0000,0.0000,0.0000,True,True
8.8173,-3.5372,0.8000,-9.9389,0.01192,1.0000,0.0000,0.0000,True,True
8.8261,-3.5425,0.8000,-9.9493,0.01167,1.0000,0.0000,0.0000,True,True
8.8340,-3.5477,0.8000,-9.9594,0.01137,1.0000,0.0000,0.0000,True,True
8.8423,-3.5528,0.8000,-9.9694,0.01116,1.0000,0.0000,0.0000,True,True
8.8506,-3.5578,0.8000,-9.9791,0.01097,1.0000,0.0000,0.0000,True,True
8.8590,-3.5578,0.8000,-9.9791,0.00000,1.0000,0.0000,0.0000,True,True
8.8673,-3.5581,0.8000,-9.9796,0.00052,1.0000,0.0000,0.0000,True,True
8.8756,-3.5587,0.8000,-9.9804,0.00104,1.0000,0.0000,0.0000,True,True
8.8839,-3.5596,0.8000,-9.9817,0.00156,1.0000,0.0000,0.0000,True,True
8.8923,-3.5608,0.8000,-9.9834,0.00208,1.0000,0.0000,0.0000,True,True
8.9006,-3.5623,0.8000,-9.9855,0.00260,1.0000,0.0000,0.0000,True,True
8.9090,-3.5641,0.8000,-9.9881,0.00313,1.0000,0.0000,0.0000,True,True
8.9173,-3.5662,0.8000,-9.9911,0.00364,1.0000,0.0000,0.0000,True,True
8.9257,-3.5686,0.8000,-9.9945,0.00417,1.0000,0.0000,0.0000,True,True
8.9339,-3.5713,0.8000,-9.9983,0.00469,1.0000,0.0000,0.0000,True,True
8.9423,-3.5743,0.8000,-10.0026,0.00521,1.0000,0.0000,0.0000,True,True
8.9506,-3.5776,0.8000,-10.0073,0.00573,1.0000,0.0000,0.0000,True,True
8.9590,-3.5812,0.8000,-10.0124,0.00626,1.0000,0.0000,0.0000,True,True
8.9673,-3.5851,0.8000,-10.0179,0.00677,1.0000,0.0000,0.0000,True,True
8.9758,-3.5893,0.8000,-10.0239,0.00730,1.0000,0.0000,0.0000,True,True
8.9839,-3.5937,0.8000,-10.0303,0.00781,1.0000,0.0000,0.0000,True,True
8.9924,-3.5985,0.8000,-10.0371,0.00834,1.0000,0.0000,0.0000,True,True
9.0006,-3.6036,0.8000,-10.0444,0.00885,1.0000,0.0000,0.0000,True,True
9.0091,-3.6090,0.8000,-10.0520,0.00938,1.0000,0.0000,0.0000,True,True
9.0173,-3.6147,0.8000,-10.0601,0.00989,1.0000,0.0000,0.0000,True,True
9.0257,-3.6207,0.8000,-10.0687,0.01042,1.0000,0.0000,0.0000,True,True
9.0339,-3.6270,0.8000,-10.0776,0.01093,1.0000,0.0000,0.0000,True,True
9.0424,-3.6336,0.8000,-10.0870,0.01148,1.0000,0.0000,0.0000,True,True
9.0506,-3.6405,0.8000,-10.0968,0.01196,1.0000,0.0000,0.0000,True,True
9.0591,-3.6476,0.8000,-10.1070,0.01251,1.0000,0.0000,0.0000,True,True
9.0673,-3.6551,0.8000,-10.1177,0.01301,1.0000,0.0000,0.0000,True,True
9.0756,-3.6629,0.8000,-10.1288,0.01356,1.0000,0.0000,0.0000,True,True
9.0839,-3.6710,0.8000,-10.1403,0.01405,1.0000,0.0000,0.0000,True,True
9.0924,-3.6794,0.8000,-10.1522,0.01463,1.0000,0.0000,0.0000,True,True
9.1006,-3.6881,0.8000,-10.1646,0.01510,1.0000,0.0000,0.0000,True,True
9.1092,-3.6971,0.8000,-10.1774,0.01569,1.0000,0.0000,0.0000,True,True
9.1173,-3.7064,0.8000,-10.1906,0.01609,1.0000,0.0000,0.0000,True,True
9.1258,-3.7159,0.8000,-10.2042,0.01668,1.0000,0.0000,0.0000,True,True
9.1340,-3.7258,0.8000,-10.2183,0.01718,1.0000,0.0000,0.0000,True,True
9.1424,-3.7360,0.8000,-10.2328,0.01772,1.0000,0.0000,0.0000,True,True
9.1506,-3.7465,0.8000,-10.2477,0.01822,1.0000,0.0000,0.0000,True,True
9.1592,-3.7573,0.8000,-10.2631,0.01880,1.0000,0.0000,0.0000,True,True
9.1673,-3.7683,0.8000,-10.2788,0.01923,1.0000,0.0000,0.0000,True,True
9.1759,-3.7798,0.8000,-10.2952,0.01998,1.0000,0.0000,0.0000,True,True
9.1840,-3.7915,0.8000,-10.3118,0.02031,1.0000,0.0000,0.0000,True,True
9.1924,-3.8035,0.8000,-10.3289,0.02085,1.0000,0.0000,0.0000,True,True
9.2007,-3.8158,0.8000,-10.3463,0.02136,1.0000,0.0000,0.0000,True,True
9.2091,-3.8283,0.8000,-10.3643,0.02190,1.0000,0.0000,0.0000,True,True
9.2174,-3.8412,0.8000,-10.3826,0.02239,1.0000,0.0000,0.0000,True,True
9.2259,-3.8544,0.8000,-10.4014,0.02293,1.0000,0.0000,0.0000,True,True
9.2340,-3.8679,0.8000,-10.4205,0.02344,1.0000,0.0000,0.0000,True,True
9.2424,-3.8816,0.8000,-10.4402,0.02398,1.0000,0.0000,0.0000,True,True
9.2508,-3.8957,0.8000,-10.4602,0.02447,1.0000,0.0000,0.0000,True,True
9.2591,-3.9101,0.8000,-10.4807,0.02502,1.0000,0.0000,0.0000,True,True
9.2674,-3.9248,0.8000,-10.5015,0.02551,1.0000,0.0000,0.0000,True,True
9.2758,-3.9397,0.8000,-10.5229,0.02606,1.0000,0.0000,0.0000,True,True
9.2840,-3.9550,0.8000,-10.5446,0.02656,1.0000,0.0000,0.0000,True,True
9.2926,-3.9706,0.8000,-10.5668,0.02711,1.0000,0.0000,0.0000,True,True
9.3007,-3.9865,0.8000,-10.5894,0.02761,1.0000,0.0000,0.0000,True,True
9.3091,-4.0027,0.8000,-10.6124,0.02822,1.0000,0.0000,0.0000,True,True
9.3174,-4.0191,0.8000,-10.6358,0.02856,1.0000,0.0000,0.0000,True,True
9.3258,-4.0359,0.8000,-10.6597,0.02919,1.0000,0.0000,0.0000,True,True
9.3341,-4.0529,0.8000,-10.6840,0.02968,1.0000,0.0000,0.0000,True,True
9.3426,-4.0703,0.8000,-10.7087,0.03024,1.0000,0.0000,0.0000,True,True
9.3508,-4.0880,0.8000,-10.7339,0.03073,1.0000,0.0000,0.0000,True,True
9.3592,-4.1060,0.8000,-10.7595,0.03132,1.0000,0.0000,0.0000,True,True
9.3674,-4.1242,0.8000,-10.7855,0.03177,1.0000,0.0000,0.0000,True,True
9.3758,-4.1428,0.8000,-10.8119,0.03231,1.0000,0.0000,0.0000,True,True
9.3841,-4.1617,0.8000,-10.8388,0.03282,1.0000,0.0000,0.0000,True,True
9.3925,-4.1808,0.8000,-10.8661,0.03336,1.0000,0.0000,0.0000,True,True
9.4010,-4.2003,0.8000,-10.8938,0.03387,1.0000,0.0000,0.0000,True,True
9.4093,-4.2201,0.8000,-10.9220,0.03440,1.0000,0.0000,0.0000,True,True
9.4175,-4.2401,0.8000,-10.9505,0.03490,1.0000,0.0000,0.0000,True,True
9.4261,-4.2606,0.8000,-10.9796,0.03552,1.0000,0.0000,0.0000,True,True
9.4341,-4.2812,0.8000,-11.0090,0.03588,1.0000,0.0000,0.0000,True,True
9.4425,-4.3022,0.8000,-11.0388,0.03648,1.0000,0.0000,0.0000,True,True
9.4508,-4.3234,0.8000,-11.0691,0.03698,1.0000,0.0000,0.0000,True,True
9.4592,-4.3450,0.8000,-11.0998,0.03760,1.0000,0.0000,0.0000,True,True
9.4674,-4.3668,0.8000,-11.1309,0.03793,1.0000,0.0000,0.0000,True,True
9.4760,-4.3891,0.8000,-11.1625,0.03869,1.0000,0.0000,0.0000,True,True
9.4841,-4.4115,0.8000,-11.1945,0.03907,1.0000,0.0000,0.0000,True,True
9.4927,-4.4345,0.8000,-11.2272,0.03994,1.0000,0.0000,0.0000,True,True
9.5009,-4.4575,0.8000,-11.2600,0.04011,1.0000,0.0000,0.0000,True,True
9.5093,-4.4809,0.8000,-11.2933,0.04066,1.0000,0.0000,0.0000,True,True
9.5176,-4.5045,0.8000,-11.3269,0.04114,1.0000,0.0000,0.0000,True,True
9.5261,-4.5285,0.8000,-11.3611,0.04170,1.0000,0.0000,0.0000,True,True
9.5343,-4.5528,0.8000,-11.3956,0.04221,1.0000,0.0000,0.0000,True,True
9.5426,-4.5773,0.8000,-11.4306,0.04273,1.0000,0.0000,0.0000,True,True
9.5509,-4.6022,0.8000,-11.4660,0.04323,1.0000,0.0000,0.0000,True,True
9.5593,-4.6274,0.8000,-11.5019,0.04388,1.0000,0.0000,0.0000,True,True
9.5675,-4.6528,0.8000,-11.5380,0.04419,1.0000,0.0000,0.0000,True,True
9.5759,-4.6786,0.8000,-11.5747,0.04482,1.0000,0.0000,0.0000,True,True
9.5842,-4.7045,0.8000,-11.6116,0.04511,1.0000,0.0000,0.0000,True,True
9.5928,-4.7304,0.8000,-11.6484,0.04502,1.0000,0.0000,0.0000,True,True
9.6009,-4.7562,0.8000,-11.6853,0.04500,1.0000,0.0000,0.0000,True,True
9.6095,-4.7821,0.8000,-11.7221,0.04500,1.0000,0.0000,0.0000,True,True
9.6177,-4.8080,0.8000,-11.7589,0.04502,1.0000,0.0000,0.0000,True,True
9.6265,-4.8350,0.8000,-11.7974,0.04701,1.0000,0.0000,0.0000,True,True
9.6346,-4.8609,0.8000,-11.8342,0.04501,1.0000,0.0000,0.0000,True,True
9.6433,-4.8867,0.8000,-11.8711,0.04501,1.0000,0.0000,0.0000,True,True
9.6513,-4.9126,0.8000,-11.9079,0.04500,1.0000,0.0000,0.0000,True,True
9.6597,-4.9385,0.8000,-11.9447,0.04500,1.0000,0.0000,0.0000,True,True
9.6679,-4.9643,0.8000,-11.9815,0.04498,1.0000,0.0000,0.0000,True,True
9.6763,-4.9902,0.8000,-12.0184,0.04502,1.0000,0.0000,0.0000,True,True
9.6846,-5.0161,0.8000,-12.0552,0.04501,1.0000,0.0000,0.0000,True,True
9.6931,-5.0419,0.8000,-12.0920,0.04501,1.0000,0.0000,0.0000,True,True
9.7013,-5.0678,0.8000,-12.1288,0.04500,1.0000,0.0000,0.0000,True,True
9.7096,-5.0937,0.8000,-12.1657,0.04500,1.0000,0.0000,0.0000,True,True
9.7180,-5.1195,0.8000,-12.2025,0.04501,1.0000,0.0000,0.0000,True,True
9.7265,-5.1454,0.8000,-12.2393,0.04500,1.0000,0.0000,0.0000,True,True
9.7346,-5.1713,0.8000,-12.2761,0.04500,1.0000,0.0000,0.0000,True,True
9.7430,-5.1971,0.8000,-12.3130,0.04501,1.0000,0.0000,0.0000,True,True
9.7513,-5.2230,0.8000,-12.3498,0.04498,1.0000,0.0000,0.0000,True,True
9.7597,-5.2489,0.8000,-12.3866,0.04501,1.0000,0.0000,0.0000,True,True
9.7680,-5.2747,0.8000,-12.4234,0.04498,1.0000,0.0000,0.0000,True,True
9.7763,-5.3006,0.8000,-12.4603,0.04503,1.0000,0.0000,0.0000,True,True
9.7846,-5.3265,0.8000,-12.4971,0.04498,1.0000,0.0000,0.0000,True,True
9.7931,-5.3524,0.8000,-12.5339,0.04504,1.0000,0.0000,0.0000,True,True
9.8013,-5.3782,0.8000,-12.5707,0.04497,1.0000,0.0000,0.0000,True,True
9.8097,-5.4041,0.8000,-12.6076,0.04502,1.0000,0.0000,0.0000,True,True
9.8179,-5.4299,0.8000,-12.6444,0.04498,1.0000,0.0000,0.0000,True,True
9.8264,-5.4562,0.8000,-12.6817,0.04565,1.0000,0.0000,0.0000,True,True
9.8348,-5.4820,0.8000,-12.7186,0.04501,1.0000,0.0000,0.0000,True,True
9.8431,-5.5079,0.8000,-12.7554,0.04501,1.0000,0.0000,0.0000,True,True
9.8515,-5.5338,0.8000,-12.7922,0.04498,1.0000,0.0000,0.0000,True,True
9.8597,-5.5596,0.8000,-12.8290,0.04502,1.0000,0.0000,0.0000,True,True
9.8681,-5.5855,0.8000,-12.8659,0.04499,1.0000,0.0000,0.0000,True,True
9.8765,-5.6116,0.8000,-12.9030,0.04537,1.0000,0.0000,0.0000,True,True
9.8848,-5.6374,0.8000,-12.9398,0.04498,1.0000,0.0000,0.0000,True,True
9.8932,-5.6633,0.8000,-12.9766,0.04502,1.0000,0.0000,0.0000,True,True
9.9015,-5.6892,0.8000,-13.0134,0.04498,1.0000,0.0000,0.0000,True,True
9.9099,-5.7150,0.8000,-13.0503,0.04502,1.0000,0.0000,0.0000,True,True
9.9181,-5.7409,0.8000,-13.0871,0.04499,1.0000,0.0000,0.0000,True,True
9.9265,-5.7668,0.8000,-13.1239,0.04503,1.0000,0.0000,0.0000,True,True
9.9348,-5.7926,0.8000,-13.1607,0.04497,1.0000,0.0000,0.0000,True,True
9.9431,-5.8185,0.8000,-13.1976,0.04501,1.0000,0.0000,0.0000,True,True
9.9515,-5.8444,0.8000,-13.2344,0.04499,1.0000,0.0000,0.0000,True,True
9.9598,-5.8702,0.8000,-13.2712,0.04501,1.0000,0.0000,0.0000,True,True
9.9682,-5.8961,0.8000,-13.3080,0.04499,1.0000,0.0000,0.0000,True,True
9.9765,-5.9220,0.8000,-13.3449,0.04502,1.0000,0.0000,0.0000,True,True
9.9848,-5.9479,0.8000,-13.3817,0.04500,1.0000,0.0000,0.0000,True,True
9.9932,-5.9738,0.8000,-13.4186,0.04507,1.0000,0.0000,0.0000,True,True
10.0015,-5.9996,0.8000,-13.4553,0.04489,1.0000,0.0000,0.0000,True,True
10.0099,-6.0251,0.8000,-13.4916,0.04438,1.0000,0.0000,0.0000,True,True
10.0182,-6.0503,0.8000,-13.5275,0.04383,1.0000,0.0000,0.0000,True,True
10.0265,-6.0752,0.8000,-13.5630,0.04334,1.0000,0.0000,0.0000,True,True
10.0349,-6.0998,0.8000,-13.5980,0.04280,1.0000,0.0000,0.0000,True,True
10.0432,-6.1241,0.8000,-13.6326,0.04228,1.0000,0.0000,0.0000,True,True
10.0515,-6.1481,0.8000,-13.6668,0.04176,1.0000,0.0000,0.0000,True,True
10.0599,-6.1718,0.8000,-13.7005,0.04124,1.0000,0.0000,0.0000,True,True
10.0682,-6.1952,0.8000,-13.7338,0.04072,1.0000,0.0000,0.0000,True,True
10.0765,-6.2183,0.8000,-13.7667,0.04020,1.0000,0.0000,0.0000,True,True
10.0848,-6.2411,0.8000,-13.7992,0.03968,1.0000,0.0000,0.0000,True,True
10.0932,-6.2636,0.8000,-13.8313,0.03917,1.0000,0.0000,0.0000,True,True
10.1015,-6.2858,0.8000,-13.8629,0.03863,1.0000,0.0000,0.0000,True,True
10.1098,-6.3077,0.8000,-13.8941,0.03813,1.0000,0.0000,0.0000,True,True
10.1182,-6.3293,0.8000,-13.9248,0.03759,1.0000,0.0000,0.0000,True,True
10.1265,-6.3507,0.8000,-13.9552,0.03709,1.0000,0.0000,0.0000,True,True
10.1348,-6.3717,0.8000,-13.9851,0.03654,1.0000,0.0000,0.0000,True,True
10.1432,-6.3924,0.8000,-14.0146,0.03604,1.0000,0.0000,0.0000,True,True
10.1515,-6.4128,0.8000,-14.0436,0.03551,1.0000,0.0000,0.0000,True,True
10.1598,-6.4329,0.8000,-14.0723,0.03499,1.0000,0.0000,0.0000,True,True
10.1682,-6.4527,0.8000,-14.1005,0.03446,1.0000,0.0000,0.0000,True,True
10.1770,-6.4735,0.8000,-14.1300,0.03608,1.0000,0.0000,0.0000,True,True
10.1853,-6.4925,0.8000,-14.1572,0.03322,1.0000,0.0000,0.0000,True,True
10.1937,-6.5114,0.8000,-14.1841,0.03288,1.0000,0.0000,0.0000,True,True
10.2020,-6.5300,0.8000,-14.2106,0.03235,1.0000,0.0000,0.0000,True,True
10.2103,-6.5483,0.8000,-14.2366,0.03184,1.0000,0.0000,0.0000,True,True
10.2186,-6.5663,0.8000,-14.2622,0.03131,1.0000,0.0000,0.0000,True,True
10.2270,-6.5840,0.8000,-14.2874,0.03080,1.0000,0.0000,0.0000,True,True
10.2353,-6.6014,0.8000,-14.3122,0.03027,1.0000,0.0000,0.0000,True,True
10.2437,-6.6185,0.8000,-14.3366,0.02976,1.0000,0.0000,0.0000,True,True
10.2520,-6.6353,0.8000,-14.3605,0.02923,1.0000,0.0000,0.0000,True,True
10.2603,-6.6519,0.8000,-14.3840,0.02871,1.0000,0.0000,0.0000,True,True
10.2686,-6.6681,0.8000,-14.4070,0.02819,1.0000,0.0000,0.0000,True,True
10.2770,-6.6840,0.8000,-14.4297,0.02767,1.0000,0.0000,0.0000,True,True
10.2853,-6.6996,0.8000,-14.4519,0.02714,1.0000,0.0000,0.0000,True,True
10.2937,-6.7149,0.8000,-14.4737,0.02663,1.0000,0.0000,0.0000,True,True
10.3020,-6.7299,0.8000,-14.4950,0.02610,1.0000,0.0000,0.0000,True,True
10.3103,-6.7446,0.8000,-14.5160,0.02560,1.0000,0.0000,0.0000,True,True
10.3186,-6.7590,0.8000,-14.5365,0.02506,1.0000,0.0000,0.0000,True,True
10.3270,-6.7731,0.8000,-14.5566,0.02455,1.0000,0.0000,0.0000,True,True
10.3353,-6.7869,0.8000,-14.5762,0.02402,1.0000,0.0000,0.0000,True,True
10.3436,-6.8004,0.8000,-14.5955,0.02351,1.0000,0.0000,0.0000,True,True
10.3520,-6.8136,0.8000,-14.6143,0.02297,1.0000,0.0000,0.0000,True,True
10.3603,-6.8265,0.8000,-14.6327,0.02247,1.0000,0.0000,0.0000,True,True
10.3687,-6.8391,0.8000,-14.6506,0.02194,1.0000,0.0000,0.0000,True,True
10.3770,-6.8515,0.8000,-14.6681,0.02142,1.0000,0.0000,0.0000,True,True
10.3853,-6.8635,0.8000,-14.6852,0.02089,1.0000,0.0000,0.0000,True,True
10.3937,-6.8752,0.8000,-14.7019,0.02038,1.0000,0.0000,0.0000,True,True
10.4020,-6.8866,0.8000,-14.7182,0.01985,1.0000,0.0000,0.0000,True,True
10.4103,-6.8977,0.8000,-14.7340,0.01934,1.0000,0.0000,0.0000,True,True
10.4187,-6.9085,0.8000,-14.7494,0.01881,1.0000,0.0000,0.0000,True,True
10.4270,-6.9190,0.8000,-14.7644,0.01830,1.0000,0.0000,0.0000,True,True
10.4353,-6.9293,0.8000,-14.7789,0.01776,1.0000,0.0000,0.0000,True,True
10.4436,-6.9392,0.8000,-14.7930,0.01726,1.0000,0.0000,0.0000,True,True
10.4520,-6.9488,0.8000,-14.8067,0.01672,1.0000,0.0000,0.0000,True,True
10.4603,-6.9581,0.8000,-14.8200,0.01622,1.0000,0.0000,0.0000,True,True
10.4686,-6.9671,0.8000,-14.8328,0.01568,1.0000,0.0000,0.0000,True,True
10.4770,-6.9758,0.8000,-14.8452,0.01517,1.0000,0.0000,0.0000,True,True
10.4853,-6.9843,0.8000,-14.8572,0.01464,1.0000,0.0000,0.0000,True,True
10.4937,-6.9924,0.8000,-14.8688,0.01416,1.0000,0.0000,0.0000,True,True
10.5020,-7.0003,0.8000,-14.8800,0.01368,1.0000,0.0000,0.0000,True,True
10.5103,-7.0079,0.8000,-14.8908,0.01322,1.0000,0.0000,0.0000,True,True
10.5186,-7.0152,0.8000,-14.9012,0.01275,1.0000,0.0000,0.0000,True,True
10.5270,-7.0223,0.8000,-14.9113,0.01232,1.0000,0.0000,0.0000,True,True
10.5353,-7.0291,0.8000,-14.9210,0.01187,1.0000,0.0000,0.0000,True,True
10.5436,-7.0357,0.8000,-14.9304,0.01147,1.0000,0.0000,0.0000,True,True
10.5520,-7.0420,0.8000,-14.9395,0.01106,1.0000,0.0000,0.0000,True,True
10.5603,-7.0482,0.8000,-14.9482,0.01070,1.0000,0.0000,0.0000,True,True
10.5686,-7.0541,0.8000,-14.9567,0.01035,1.0000,0.0000,0.0000,True,True
10.5770,-7.0599,0.8000,-14.9649,0.01006,1.0000,0.0000,0.0000,True,True
10.5853,-7.0655,0.8000,-14.9729,0.00978,1.0000,0.0000,0.0000,True,True
10.5937,-7.0710,0.8000,-14.9808,0.00956,1.0000,0.0000,0.0000,True,True
10.6020,-7.0710,0.8000,-14.9808,0.00000,1.0000,0.0000,0.0000,True,True
10.6103,-7.0714,0.8000,-14.9812,0.00052,1.0000,0.0000,0.0000,True,True
10.6187,-7.0720,0.8000,-14.9820,0.00104,1.0000,0.0000,0.0000,True,True
10.6271,-7.0729,0.8000,-14.9832,0.00156,1.0000,0.0000,0.0000,True,True
10.6353,-7.0742,0.8000,-14.9849,0.00208,1.0000,0.0000,0.0000,True,True
10.6437,-7.0758,0.8000,-14.9870,0.00261,1.0000,0.0000,0.0000,True,True
10.6520,-7.0777,0.8000,-14.9894,0.00312,1.0000,0.0000,0.0000,True,True
10.6604,-7.0799,0.8000,-14.9923,0.00366,1.0000,0.0000,0.0000,True,True
10.6686,-7.0825,0.8000,-14.9956,0.00417,1.0000,0.0000,0.0000,True,True
10.6770,-7.0853,0.8000,-14.9994,0.00469,1.0000,0.0000,0.0000,True,True
10.6854,-7.0885,0.8000,-15.0035,0.00521,1.0000,0.0000,0.0000,True,True
10.6938,-7.0920,0.8000,-15.0081,0.00573,1.0000,0.0000,0.0000,True,True
10.7021,-7.0958,0.8000,-15.0130,0.00625,1.0000,0.0000,0.0000,True,True
10.7104,-7.0999,0.8000,-15.0184,0.00681,1.0000,0.0000,0.0000,True,True
10.7188,-7.1043,0.8000,-15.0242,0.00729,1.0000,0.0000,0.0000,True,True
10.7271,-7.1091,0.8000,-15.0304,0.00782,1.0000,0.0000,0.0000,True,True
10.7354,-7.1142,0.8000,-15.0370,0.00833,1.0000,0.0000,0.0000,True,True
10.7438,-7.1195,0.8000,-15.0441,0.00887,1.0000,0.0000,0.0000,True,True
10.7521,-7.1252,0.8000,-15.0515,0.00938,1.0000,0.0000,0.0000,True,True
10.7604,-7.1313,0.8000,-15.0594,0.00990,1.0000,0.0000,0.0000,True,True
10.7687,-7.1376,0.8000,-15.0677,0.01042,1.0000,0.0000,0.0000,True,True
10.7771,-7.1443,0.8000,-15.0763,0.01094,1.0000,0.0000,0.0000,True,True
10.7854,-7.1512,0.8000,-15.0854,0.01146,1.0000,0.0000,0.0000,True,True
10.7938,-7.1585,0.8000,-15.0950,0.01199,1.0000,0.0000,0.0000,True,True
10.8021,-7.1661,0.8000,-15.1049,0.01251,1.0000,0.0000,0.0000,True,True
10.8104,-7.1740,0.8000,-15.1152,0.01303,1.0000,0.0000,0.0000,True,True
10.8187,-7.1823,0.8000,-15.1260,0.01355,1.0000,0.0000,0.0000,True,True
10.8271,-7.1909,0.8000,-15.1372,0.01409,1.0000,0.0000,0.0000,True,True
10.8354,-7.1997,0.8000,-15.1487,0.01456,1.0000,0.0000,0.0000,True,True
10.8437,-7.2089,0.8000,-15.1607,0.01512,1.0000,0.0000,0.0000,True,True
10.8521,-7.2184,0.8000,-15.1731,0.01563,1.0000,0.0000,0.0000,True,True
10.8605,-7.2282,0.8000,-15.1860,0.01616,1.0000,0.0000,0.0000,True,True
10.8688,-7.2384,0.8000,-15.1992,0.01667,1.0000,0.0000,0.0000,True,True
10.8771,-7.2488,0.8000,-15.2129,0.01720,1.0000,0.0000,0.0000,True,True
10.8854,-7.2596,0.8000,-15.2269,0.01771,1.0000,0.0000,0.0000,True,True
10.8937,-7.2707,0.8000,-15.2414,0.01824,1.0000,0.0000,0.0000,True,True
10.9021,-7.2821,0.8000,-15.2563,0.01875,1.0000,0.0000,0.0000,True,True
10.9105,-7.2938,0.8000,-15.2716,0.01928,1.0000,0.0000,0.0000,True,True
10.9187,-7.3058,0.8000,-15.2873,0.01979,1.0000,0.0000,0.0000,True,True
10.9271,-7.3182,0.8000,-15.3034,0.02033,1.0000,0.0000,0.0000,True,True
10.9354,-7.3309,0.8000,-15.3200,0.02083,1.0000,0.0000,0.0000,True,True
10.9437,-7.3439,0.8000,-15.3369,0.02137,1.0000,0.0000,0.0000,True,True
10.9520,-7.3572,0.8000,-15.3543,0.02187,1.0000,0.0000,0.0000,True,True
10.9604,-7.3708,0.8000,-15.3721,0.02242,1.0000,0.0000,0.0000,True,True
10.9687,-7.3847,0.8000,-15.3903,0.02291,1.0000,0.0000,0.0000,True,True
10.9771,-7.3990,0.8000,-15.4089,0.02345,1.0000,0.0000,0.0000,True,True
10.9854,-7.4135,0.8000,-15.4279,0.02396,1.0000,0.0000,0.0000,True,True
10.9938,-7.4284,0.8000,-15.4474,0.02450,1.0000,0.0000,0.0000,True,True
11.0022,-7.4436,0.8000,-15.4672,0.02499,1.0000,0.0000,0.0000,True,True
11.0104,-7.4592,0.8000,-15.4875,0.02554,1.0000,0.0000,0.0000,True,True
11.0187,-7.4750,0.8000,-15.5082,0.02604,1.0000,0.0000,0.0000,True,True
11.0271,-7.4912,0.8000,-15.5293,0.02658,1.0000,0.0000,0.0000,True,True
11.0354,-7.5076,0.8000,-15.5508,0.02708,1.0000,0.0000,0.0000,True,True
11.0437,-7.5244,0.8000,-15.5727,0.02762,1.0000,0.0000,0.0000,True,True
11.0520,-7.5415,0.8000,-15.5950,0.02812,1.0000,0.0000,0.0000,True,True
11.0604,-7.5589,0.8000,-15.6178,0.02867,1.0000,0.0000,0.0000,True,True
11.0687,-7.5767,0.8000,-15.6409,0.02916,1.0000,0.0000,0.0000,True,True
11.0771,-7.5947,0.8000,-15.6645,0.02971,1.0000,0.0000,0.0000,True,True
11.0854,-7.6131,0.8000,-15.6885,0.03020,1.0000,0.0000,0.0000,True,True
11.0938,-7.6318,0.8000,-15.7129,0.03075,1.0000,0.0000,0.0000,True,True
11.1021,-7.6508,0.8000,-15.7377,0.03124,1.0000,0.0000,0.0000,True,True
11.1105,-7.6701,0.8000,-15.7629,0.03180,1.0000,0.0000,0.0000,True,True
11.1187,-7.6898,0.8000,-15.7886,0.03228,1.0000,0.0000,0.0000,True,True
11.1271,-7.7097,0.8000,-15.8146,0.03284,1.0000,0.0000,0.0000,True,True
11.1354,-7.7300,0.8000,-15.8411,0.03332,1.0000,0.0000,0.0000,True,True
11.1437,-7.7506,0.8000,-15.8680,0.03388,1.0000,0.0000,0.0000,True,True
11.1521,-7.7715,0.8000,-15.8953,0.03436,1.0000,0.0000,0.0000,True,True
11.1604,-7.7927,0.8000,-15.9230,0.03493,1.0000,0.0000,0.0000,True,True
11.1687,-7.8142,0.8000,-15.9511,0.03540,1.0000,0.0000,0.0000,True,True
11.1771,-7.8361,0.8000,-15.9796,0.03596,1.0000,0.0000,0.0000,True,True
11.1853,-7.8583,0.8000,-16.0086,0.03645,1.0000,0.0000,0.0000,True,True
11.1938,-7.8808,0.8000,-16.0379,0.03700,1.0000,0.0000,0.0000,True,True
11.2020,-7.9036,0.8000,-16.0677,0.03748,1.0000,0.0000,0.0000,True,True
11.2104,-7.9267,0.8000,-16.0979,0.03805,1.0000,0.0000,0.0000,True,True
11.2187,-7.9501,0.8000,-16.1285,0.03853,1.0000,0.0000,0.0000,True,True
11.2271,-7.9739,0.8000,-16.1595,0.03909,1.0000,0.0000,0.0000,True,True
11.2354,-7.9980,0.8000,-16.1909,0.03957,1.0000,0.0000,0.0000,True,True
11.2437,-8.0224,0.8000,-16.2228,0.04013,1.0000,0.0000,0.0000,True,True
11.2521,-8.0471,0.8000,-16.2550,0.04061,1.0000,0.0000,0.0000,True,True
11.2604,-8.0721,0.8000,-16.2877,0.04117,1.0000,0.0000,0.0000,True,True
11.2687,-8.0974,0.8000,-16.3208,0.04168,1.0000,0.0000,0.0000,True,True
11.2771,-8.1231,0.8000,-16.3543,0.04220,1.0000,0.0000,0.0000,True,True
11.2854,-8.1491,0.8000,-16.3882,0.04269,1.0000,0.0000,0.0000,True,True
11.2937,-8.1754,0.8000,-16.4226,0.04326,1.0000,0.0000,0.0000,True,True
11.3020,-8.2020,0.8000,-16.4573,0.04375,1.0000,0.0000,0.0000,True,True
11.3105,-8.2289,0.8000,-16.4924,0.04428,1.0000,0.0000,0.0000,True,True
11.3187,-8.2561,0.8000,-16.5280,0.04479,1.0000,0.0000,0.0000,True,True
11.3271,-8.2835,0.8000,-16.5637,0.04502,1.0000,0.0000,0.0000,True,True
11.3354,-8.3108,0.8000,-16.5995,0.04498,1.0000,0.0000,0.0000,True,True
11.3437,-8.3382,0.8000,-16.6352,0.04502,1.0000,0.0000,0.0000,True,True
11.3521,-8.3656,0.8000,-16.6709,0.04498,1.0000,0.0000,0.0000,True,True
11.3604,-8.3930,0.8000,-16.7066,0.04503,1.0000,0.0000,0.0000,True,True
11.3687,-8.4203,0.8000,-16.7424,0.04497,1.0000,0.0000,0.0000,True,True
11.3772,-8.4477,0.8000,-16.7781,0.04504,1.0000,0.0000,0.0000,True,True
11.3854,-8.4750,0.8000,-16.8138,0.04497,1.0000,0.0000,0.0000,True,True
11.3938,-8.5024,0.8000,-16.8496,0.04503,1.0000,0.0000,0.0000,True,True
11.4021,-8.5298,0.8000,-16.8853,0.04498,1.0000,0.0000,0.0000,True,True
11.4104,-8.5571,0.8000,-16.9210,0.04501,1.0000,0.0000,0.0000,True,True
11.4187,-8.5845,0.8000,-16.9567,0.04498,1.0000,0.0000,0.0000,True,True
11.4272,-8.6119,0.8000,-16.9925,0.04509,1.0000,0.0000,0.0000,True,True
11.4354,-8.6392,0.8000,-17.0282,0.04497,1.0000,0.0000,0.0000,True,True
11.4438,-8.6666,0.8000,-17.0639,0.04501,1.0000,0.0000,0.0000,True,True
11.4521,-8.6940,0.8000,-17.0997,0.04499,1.0000,0.0000,0.0000,True,True
11.4604,-8.7213,0.8000,-17.1354,0.04502,1.0000,0.0000,0.0000,True,True
11.4687,-8.7487,0.8000,-17.1711,0.04498,1.0000,0.0000,0.0000,True,True
11.4771,-8.7761,0.8000,-17.2069,0.04502,1.0000,0.0000,0.0000,True,True
11.4855,-8.8034,0.8000,-17.2426,0.04499,1.0000,0.0000,0.0000,True,True
11.4938,-8.8308,0.8000,-17.2783,0.04501,1.0000,0.0000,0.0000,True,True
11.5021,-8.8582,0.8000,-17.3140,0.04500,1.0000,0.0000,0.0000,True,True
11.5105,-8.8855,0.8000,-17.3498,0.04500,1.0000,0.0000,0.0000,True,True
11.5188,-8.9129,0.8000,-17.3855,0.04501,1.0000,0.0000,0.0000,True,True
11.5271,-8.9403,0.8000,-17.4212,0.04499,1.0000,0.0000,0.0000,True,True
11.5354,-8.9676,0.8000,-17.4569,0.04499,1.0000,0.0000,0.0000,True,True
11.5438,-8.9950,0.8000,-17.4927,0.04502,1.0000,0.0000,0.0000,True,True
11.5521,-9.0224,0.8000,-17.5284,0.04500,1.0000,0.0000,0.0000,True,True
11.5604,-9.0497,0.8000,-17.5641,0.04500,1.0000,0.0000,0.0000,True,True
11.5688,-9.0771,0.8000,-17.5998,0.04500,1.0000,0.0000,0.0000,True,True
11.5771,-9.1044,0.8000,-17.6356,0.04501,1.0000,0.0000,0.0000,True,True
11.5854,-9.1318,0.8000,-17.6713,0.04499,1.0000,0.0000,0.0000,True,True
11.5938,-9.1592,0.8000,-17.7070,0.04502,1.0000,0.0000,0.0000,True,True
11.6021,-9.1865,0.8000,-17.7427,0.04498,1.0000,0.0000,0.0000,True,True
11.6105,-9.2139,0.8000,-17.7785,0.04502,1.0000,0.0000,0.0000,True,True
11.6188,-9.2413,0.8000,-17.8142,0.04499,1.0000,0.0000,0.0000,True,True
11.6273,-9.2686,0.8000,-17.8499,0.04501,1.0000,0.0000,0.0000,True,True
11.6356,-9.2960,0.8000,-17.8856,0.04499,1.0000,0.0000,0.0000,True,True
11.6438,-9.3234,0.8000,-17.9214,0.04502,1.0000,0.0000,0.0000,True,True
11.6521,-9.3507,0.8000,-17.9571,0.04499,1.0000,0.0000,0.0000,True,True
11.6604,-9.3781,0.8000,-17.9928,0.04501,1.0000,0.0000,0.0000,True,True
11.6687,-9.4054,0.8000,-18.0285,0.04497,1.0000,0.0000,0.0000,True,True
11.6771,-9.4328,0.8000,-18.0643,0.04503,1.0000,0.0000,0.0000,True,True
11.6854,-9.4602,0.8000,-18.1000,0.04499,1.0000,0.0000,0.0000,True,True
11.6938,-9.4875,0.8000,-18.1357,0.04502,1.0000,0.0000,0.0000,True,True
11.7021,-9.5149,0.8000,-18.1715,0.04501,1.0000,0.0000,0.0000,True,True
11.7105,-9.5423,0.8000,-18.2072,0.04501,1.0000,0.0000,0.0000,True,True
11.7188,-9.5696,0.8000,-18.2429,0.04500,1.0000,0.0000,0.0000,True,True
11.7274,-9.5970,0.8000,-18.2787,0.04501,1.0000,0.0000,0.0000,True,True
11.7354,-9.6244,0.8000,-18.3144,0.04500,1.0000,0.0000,0.0000,True,True
11.7438,-9.6517,0.8000,-18.3501,0.04504,1.0000,0.0000,0.0000,True,True
11.7521,-9.6791,0.8000,-18.3859,0.04500,1.0000,0.0000,0.0000,True,True
11.7605,-9.7065,0.8000,-18.4216,0.04501,1.0000,0.0000,0.0000,True,True
11.7689,-9.7338,0.8000,-18.4573,0.04500,1.0000,0.0000,0.0000,True,True
11.7771,-9.7612,0.8000,-18.4930,0.04501,1.0000,0.0000,0.0000,True,True
11.7855,-9.7882,0.8000,-18.5284,0.04447,1.0000,0.0000,0.0000,True,True
11.7938,-9.8150,0.8000,-18.5632,0.04396,1.0000,0.0000,0.0000,True,True
11.8021,-9.8414,0.8000,-18.5977,0.04344,1.0000,0.0000,0.0000,True,True
11.8105,-9.8675,0.8000,-18.6318,0.04295,1.0000,0.0000,0.0000,True,True
11.8187,-9.8933,0.8000,-18.6655,0.04236,1.0000,0.0000,0.0000,True,True
11.8271,-9.9187,0.8000,-18.6987,0.04190,1.0000,0.0000,0.0000,True,True
11.8354,-9.9439,0.8000,-18.7315,0.04134,1.0000,0.0000,0.0000,True,True
11.8438,-9.9687,0.8000,-18.7640,0.04085,1.0000,0.0000,0.0000,True,True
11.8521,-9.9932,0.8000,-18.7959,0.04028,1.0000,0.0000,0.0000,True,True
11.8605,-10.0174,0.8000,-18.8276,0.03981,1.0000,0.0000,0.0000,True,True
11.8687,-10.0413,0.8000,-18.8587,0.03924,1.0000,0.0000,0.0000,True,True
11.8771,-10.0649,0.8000,-18.8895,0.03877,1.0000,0.0000,0.0000,True,True
11.8854,-10.0881,0.8000,-18.9198,0.03820,1.0000,0.0000,0.0000,True,True
11.8938,-10.1110,0.8000,-18.9498,0.03773,1.0000,0.0000,0.0000,True,True
11.9021,-10.1336,0.8000,-18.9793,0.03717,1.0000,0.0000,0.0000,True,True
11.9105,-10.1559,0.8000,-19.0084,0.03667,1.0000,0.0000,0.0000,True,True
11.9187,-10.1779,0.8000,-19.0371,0.03613,1.0000,0.0000,0.0000,True,True
11.9271,-10.1996,0.8000,-19.0654,0.03564,1.0000,0.0000,0.0000,True,True
11.9354,-10.2209,0.8000,-19.0932,0.03508,1.0000,0.0000,0.0000,True,True
11.9438,-10.2419,0.8000,-19.1207,0.03459,1.0000,0.0000,0.0000,True,True
11.9521,-10.2626,0.8000,-19.1477,0.03404,1.0000,0.0000,0.0000,True,True
11.9606,-10.2830,0.8000,-19.1743,0.03356,1.0000,0.0000,0.0000,True,True
11.9688,-10.3031,0.8000,-19.2005,0.03301,1.0000,0.0000,0.0000,True,True
11.9772,-10.3229,0.8000,-19.2264,0.03251,1.0000,0.0000,0.0000,True,True
11.9855,-10.3423,0.8000,-19.2517,0.03197,1.0000,0.0000,0.0000,True,True
11.9939,-10.3614,0.8000,-19.2767,0.03146,1.0000,0.0000,0.0000,True,True
12.0021,-10.3802,0.8000,-19.3013,0.03093,1.0000,0.0000,0.0000,True,True
12.0105,-10.3987,0.8000,-19.3254,0.03042,1.0000,0.0000,0.0000,True,True
12.0188,-10.4169,0.8000,-19.3491,0.02988,1.0000,0.0000,0.0000,True,True
12.0272,-10.4348,0.8000,-19.3725,0.02938,1.0000,0.0000,0.0000,True,True
12.0354,-10.4523,0.8000,-19.3953,0.02884,1.0000,0.0000,0.0000,True,True
12.0439,-10.4695,0.8000,-19.4178,0.02835,1.0000,0.0000,0.0000,True,True
12.0521,-10.4864,0.8000,-19.4399,0.02779,1.0000,0.0000,0.0000,True,True
12.0605,-10.5030,0.8000,-19.4616,0.02730,1.0000,0.0000,0.0000,True,True
12.0688,-10.5193,0.8000,-19.4828,0.02676,1.0000,0.0000,0.0000,True,True
12.0771,-10.5353,0.8000,-19.5037,0.02625,1.0000,0.0000,0.0000,True,True
12.0854,-10.5509,0.8000,-19.5241,0.02571,1.0000,0.0000,0.0000,True,True
12.0938,-10.5662,0.8000,-19.5441,0.02522,1.0000,0.0000,0.0000,True,True
12.1021,-10.5812,0.8000,-19.5637,0.02467,1.0000,0.0000,0.0000,True,True
12.1105,-10.5959,0.8000,-19.5829,0.02417,1.0000,0.0000,0.0000,True,True
12.1188,-10.6103,0.8000,-19.6017,0.02363,1.0000,0.0000,0.0000,True,True
12.1271,-10.6244,0.8000,-19.6200,0.02313,1.0000,0.0000,0.0000,True,True
12.1354,-10.6381,0.8000,-19.6379,0.02259,1.0000,0.0000,0.0000,True,True
12.1438,-10.6515,0.8000,-19.6555,0.02209,1.0000,0.0000,0.0000,True,True
12.1521,-10.6647,0.8000,-19.6726,0.02155,1.0000,0.0000,0.0000,True,True
12.1605,-10.6774,0.8000,-19.6893,0.02105,1.0000,0.0000,0.0000,True,True
12.1688,-10.6899,0.8000,-19.7056,0.02052,1.0000,0.0000,0.0000,True,True
12.1772,-10.7021,0.8000,-19.7215,0.02000,1.0000,0.0000,0.0000,True,True
12.1854,-10.7139,0.8000,-19.7369,0.01946,1.0000,0.0000,0.0000,True,True
12.1938,-10.7254,0.8000,-19.7520,0.01896,1.0000,0.0000,0.0000,True,True
12.2021,-10.7366,0.8000,-19.7666,0.01842,1.0000,0.0000,0.0000,True,True
12.2105,-10.7475,0.8000,-19.7808,0.01792,1.0000,0.0000,0.0000,True,True
12.2188,-10.7581,0.8000,-19.7946,0.01738,1.0000,0.0000,0.0000,True,True
12.2272,-10.7684,0.8000,-19.8080,0.01687,1.0000,0.0000,0.0000,True,True
12.2354,-10.7783,0.8000,-19.8210,0.01634,1.0000,0.0000,0.0000,True,True
12.2438,-10.7879,0.8000,-19.8336,0.01583,1.0000,0.0000,0.0000,True,True
12.2521,-10.7972,0.8000,-19.8457,0.01530,1.0000,0.0000,0.0000,True,True
12.2605,-10.8062,0.8000,-19.8574,0.01480,1.0000,0.0000,0.0000,True,True
12.2688,-10.8149,0.8000,-19.8688,0.01426,1.0000,0.0000,0.0000,True,True
12.2772,-10.8233,0.8000,-19.8797,0.01375,1.0000,0.0000,0.0000,True,True
12.2854,-10.8313,0.8000,-19.8902,0.01322,1.0000,0.0000,0.0000,True,True
12.2938,-10.8390,0.8000,-19.9003,0.01271,1.0000,0.0000,0.0000,True,True
12.3021,-10.8464,0.8000,-19.9099,0.01218,1.0000,0.0000,0.0000,True,True
12.3105,-10.8535,0.8000,-19.9192,0.01167,1.0000,0.0000,0.0000,True,True
12.3188,-10.8603,0.8000,-19.9280,0.01113,1.0000,0.0000,0.0000,True,True
12.3272,-10.8668,0.8000,-19.9365,0.01063,1.0000,0.0000,0.0000,True,True
12.3354,-10.8729,0.8000,-19.9445,0.01010,1.0000,0.0000,0.0000,True,True
12.3438,-10.8787,0.8000,-19.9521,0.00959,1.0000,0.0000,0.0000,True,True
12.3521,-10.8843,0.8000,-19.9593,0.00906,1.0000,0.0000,0.0000,True,True
12.3605,-10.8894,0.8000,-19.9661,0.00854,1.0000,0.0000,0.0000,True,True
12.3689,-10.8943,0.8000,-19.9724,0.00801,1.0000,0.0000,0.0000,True,True
12.3772,-10.8989,0.8000,-19.9784,0.00750,1.0000,0.0000,0.0000,True,True
12.3855,-10.9032,0.8000,-19.9840,0.00710,1.0000,0.0000,0.0000,True,True
12.3939,-10.9032,0.8000,-19.9840,0.00000,1.0000,0.0000,0.0000,True,True
12.4021,-10.9035,0.8000,-19.9845,0.00052,1.0000,0.0000,0.0000,True,True
12.4105,-10.9041,0.8000,-19.9853,0.00104,1.0000,0.0000,0.0000,True,True
12.4188,-10.9050,0.8000,-19.9866,0.00158,1.0000,0.0000,0.0000,True,True
12.4272,-10.9062,0.8000,-19.9883,0.00209,1.0000,0.0000,0.0000,True,True
12.4355,-10.9077,0.8000,-19.9904,0.00261,1.0000,0.0000,0.0000,True,True
12.4439,-10.9095,0.8000,-19.9930,0.00313,1.0000,0.0000,0.0000,True,True
12.4522,-10.9116,0.8000,-19.9960,0.00365,1.0000,0.0000,0.0000,True,True
12.4606,-10.9140,0.8000,-19.9994,0.00417,1.0000,0.0000,0.0000,True,True
12.4688,-10.9167,0.8000,-20.0032,0.00469,1.0000,0.0000,0.0000,True,True
12.4772,-10.9197,0.8000,-20.0075,0.00521,1.0000,0.0000,0.0000,True,True
12.4855,-10.9230,0.8000,-20.0122,0.00573,1.0000,0.0000,0.0000,True,True
12.4939,-10.9266,0.8000,-20.0173,0.00626,1.0000,0.0000,0.0000,True,True
12.5022,-10.9305,0.8000,-20.0228,0.00677,1.0000,0.0000,0.0000,True,True
12.5105,-10.9347,0.8000,-20.0288,0.00730,1.0000,0.0000,0.0000,True,True
12.5188,-10.9392,0.8000,-20.0352,0.00781,1.0000,0.0000,0.0000,True,True
12.5272,-10.9440,0.8000,-20.0420,0.00834,1.0000,0.0000,0.0000,True,True
12.5355,-10.9491,0.8000,-20.0493,0.00885,1.0000,0.0000,0.0000,True,True
12.5439,-10.9545,0.8000,-20.0569,0.00938,1.0000,0.0000,0.0000,True,True
12.5522,-10.9602,0.8000,-20.0650,0.00989,1.0000,0.0000,0.0000,True,True
12.5605,-10.9662,0.8000,-20.0736,0.01043,1.0000,0.0000,0.0000,True,True
12.5688,-10.9725,0.8000,-20.0825,0.01094,1.0000,0.0000,0.0000,True,True
12.5772,-10.9791,0.8000,-20.0919,0.01147,1.0000,0.0000,0.0000,True,True
12.5855,-10.9859,0.8000,-20.1017,0.01198,1.0000,0.0000,0.0000,True,True
12.5939,-10.9931,0.8000,-20.1119,0.01251,1.0000,0.0000,0.0000,True,True
12.6022,-11.0006,0.8000,-20.1226,0.01302,1.0000,0.0000,0.0000,True,True
12.6105,-11.0084,0.8000,-20.1336,0.01356,1.0000,0.0000,0.0000,True,True
12.6189,-11.0165,0.8000,-20.1451,0.01406,1.0000,0.0000,0.0000,True,True
12.6273,-11.0249,0.8000,-20.1571,0.01460,1.0000,0.0000,0.0000,True,True
12.6355,-11.0336,0.8000,-20.1694,0.01510,1.0000,0.0000,0.0000,True,True
12.6439,-11.0426,0.8000,-20.1822,0.01564,1.0000,0.0000,0.0000,True,True
12.6522,-11.0519,0.8000,-20.1954,0.01614,1.0000,0.0000,0.0000,True,True
12.6605,-11.0615,0.8000,-20.2091,0.01668,1.0000,0.0000,0.0000,True,True
12.6689,-11.0714,0.8000,-20.2231,0.01718,1.0000,0.0000,0.0000,True,True
12.6773,-11.0816,0.8000,-20.2376,0.01773,1.0000,0.0000,0.0000,True,True
12.6855,-11.0921,0.8000,-20.2525,0.01824,1.0000,0.0000,0.0000,True,True
12.6939,-11.1029,0.8000,-20.2679,0.01876,1.0000,0.0000,0.0000,True,True
12.7022,-11.1139,0.8000,-20.2836,0.01927,1.0000,0.0000,0.0000,True,True
12.7106,-11.1253,0.8000,-20.2998,0.01980,1.0000,0.0000,0.0000,True,True
12.7189,-11.1370,0.8000,-20.3164,0.02031,1.0000,0.0000,0.0000,True,True
12.7272,-11.1490,0.8000,-20.3335,0.02085,1.0000,0.0000,0.0000,True,True
12.7355,-11.1613,0.8000,-20.3510,0.02135,1.0000,0.0000,0.0000,True,True
12.7439,-11.1739,0.8000,-20.3689,0.02189,1.0000,0.0000,0.0000,True,True
12.7522,-11.1868,0.8000,-20.3872,0.02239,1.0000,0.0000,0.0000,True,True
12.7605,-11.2000,0.8000,-20.4059,0.02293,1.0000,0.0000,0.0000,True,True
12.7689,-11.2134,0.8000,-20.4251,0.02343,1.0000,0.0000,0.0000,True,True
12.7772,-11.2272,0.8000,-20.4447,0.02398,1.0000,0.0000,0.0000,True,True
12.7855,-11.2413,0.8000,-20.4647,0.02447,1.0000,0.0000,0.0000,True,True
12.7939,-11.2557,0.8000,-20.4852,0.02502,1.0000,0.0000,0.0000,True,True
12.8022,-11.2704,0.8000,-20.5060,0.02551,1.0000,0.0000,0.0000,True,True
12.8106,-11.2854,0.8000,-20.5274,0.02607,1.0000,0.0000,0.0000,True,True
12.8189,-11.3007,0.8000,-20.5491,0.02655,1.0000,0.0000,0.0000,True,True
12.8272,-11.3163,0.8000,-20.5713,0.02710,1.0000,0.0000,0.0000,True,True
12.8355,-11.3321,0.8000,-20.5938,0.02759,1.0000,0.0000,0.0000,True,True
12.8439,-11.3483,0.8000,-20.6168,0.02814,1.0000,0.0000,0.0000,True,True
12.8522,-11.3648,0.8000,-20.6403,0.02864,1.0000,0.0000,0.0000,True,True
12.8606,-11.3816,0.8000,-20.6641,0.02918,1.0000,0.0000,0.0000,True,True
12.8689,-11.3987,0.8000,-20.6884,0.02968,1.0000,0.0000,0.0000,True,True
12.8772,-11.4161,0.8000,-20.7131,0.03023,1.0000,0.0000,0.0000,True,True
12.8855,-11.4337,0.8000,-20.7383,0.03071,1.0000,0.0000,0.0000,True,True
12.8939,-11.4517,0.8000,-20.7638,0.03126,1.0000,0.0000,0.0000,True,True
12.9022,-11.4700,0.8000,-20.7898,0.03176,1.0000,0.0000,0.0000,True,True
12.9106,-11.4886,0.8000,-20.8162,0.03231,1.0000,0.0000,0.0000,True,True
12.9189,-11.5075,0.8000,-20.8431,0.03280,1.0000,0.0000,0.0000,True,True
12.9272,-11.5266,0.8000,-20.8703,0.03335,1.0000,0.0000,0.0000,True,True
12.9355,-11.5461,0.8000,-20.8980,0.03384,1.0000,0.0000,0.0000,True,True
12.9439,-11.5659,0.8000,-20.9262,0.03439,1.0000,0.0000,0.0000,True,True
12.9522,-11.5860,0.8000,-20.9547,0.03488,1.0000,0.0000,0.0000,True,True
12.9605,-11.6064,0.8000,-20.9837,0.03544,1.0000,0.0000,0.0000,True,True
12.9689,-11.6270,0.8000,-21.0131,0.03593,1.0000,0.0000,0.0000,True,True
12.9773,-11.6480,0.8000,-21.0429,0.03648,1.0000,0.0000,0.0000,True,True
12.9856,-11.6693,0.8000,-21.0731,0.03697,1.0000,0.0000,0.0000,True,True
12.9939,-11.6909,0.8000,-21.1038,0.03752,1.0000,0.0000,0.0000,True,True
13.0022,-11.7127,0.8000,-21.1349,0.03801,1.0000,0.0000,0.0000,True,True
13.0106,-11.7349,0.8000,-21.1664,0.03855,1.0000,0.0000,0.0000,True,True
13.0188,-11.7574,0.8000,-21.1984,0.03906,1.0000,0.0000,0.0000,True,True
13.0272,-11.7802,0.8000,-21.2308,0.03960,1.0000,0.0000,0.0000,True,True
13.0355,-11.8032,0.8000,-21.2636,0.04009,1.0000,0.0000,0.0000,True,True
13.0439,-11.8266,0.8000,-21.2968,0.04065,1.0000,0.0000,0.0000,True,True
13.0522,-11.8503,0.8000,-21.3304,0.04112,1.0000,0.0000,0.0000,True,True
13.0606,-11.8743,0.8000,-21.3646,0.04170,1.0000,0.0000,0.0000,True,True
13.0689,-11.8985,0.8000,-21.3990,0.04217,1.0000,0.0000,0.0000,True,True
13.0772,-11.9231,0.8000,-21.4340,0.04274,1.0000,0.0000,0.0000,True,True
13.0855,-11.9480,0.8000,-21.4693,0.04321,1.0000,0.0000,0.0000,True,True
13.0939,-11.9732,0.8000,-21.5052,0.04378,1.0000,0.0000,0.0000,True,True
13.1022,-11.9986,0.8000,-21.5413,0.04425,1.0000,0.0000,0.0000,True,True
13.1106,-12.0244,0.8000,-21.5780,0.04481,1.0000,0.0000,0.0000,True,True
13.1189,-12.0503,0.8000,-21.6148,0.04498,1.0000,0.0000,0.0000,True,True
13.1273,-12.0762,0.8000,-21.6516,0.04503,1.0000,0.0000,0.0000,True,True
13.1356,-12.1021,0.8000,-21.6884,0.04499,1.0000,0.0000,0.0000,True,True
13.1439,-12.1280,0.8000,-21.7252,0.04501,1.0000,0.0000,0.0000,True,True
13.1522,-12.1539,0.8000,-21.7620,0.04499,1.0000,0.0000,0.0000,True,True
13.1606,-12.1798,0.8000,-21.7989,0.04501,1.0000,0.0000,0.0000,True,True
13.1689,-12.2057,0.8000,-21.8357,0.04500,1.0000,0.0000,0.0000,True,True
13.1773,-12.2316,0.8000,-21.8725,0.04500,1.0000,0.0000,0.0000,True,True
13.1856,-12.2574,0.8000,-21.9093,0.04500,1.0000,0.0000,0.0000,True,True
13.1939,-12.2833,0.8000,-21.9461,0.04501,1.0000,0.0000,0.0000,True,True
13.2023,-12.3092,0.8000,-21.9829,0.04499,1.0000,0.0000,0.0000,True,True
13.2106,-12.3351,0.8000,-22.0197,0.04501,1.0000,0.0000,0.0000,True,True
13.2189,-12.3610,0.8000,-22.0565,0.04500,1.0000,0.0000,0.0000,True,True
13.2273,-12.3869,0.8000,-22.0933,0.04500,1.0000,0.0000,0.0000,True,True
13.2355,-12.4128,0.8000,-22.1301,0.04498,1.0000,0.0000,0.0000,True,True
13.2439,-12.4387,0.8000,-22.1669,0.04502,1.0000,0.0000,0.0000,True,True
13.2523,-12.4646,0.8000,-22.2037,0.04498,1.0000,0.0000,0.0000,True,True
13.2606,-12.4905,0.8000,-22.2405,0.04503,1.0000,0.0000,0.0000,True,True
13.2689,-12.5163,0.8000,-22.2773,0.04497,1.0000,0.0000,0.0000,True,True
13.2773,-12.5423,0.8000,-22.3142,0.04504,1.0000,0.0000,0.0000,True,True
13.2855,-12.5681,0.8000,-22.3509,0.04497,1.0000,0.0000,0.0000,True,True
13.2939,-12.5940,0.8000,-22.3878,0.04502,1.0000,0.0000,0.0000,True,True
13.3022,-12.6199,0.8000,-22.4246,0.04498,1.0000,0.0000,0.0000,True,True
13.3106,-12.6458,0.8000,-22.4614,0.04503,1.0000,0.0000,0.0000,True,True
13.3190,-12.6717,0.8000,-22.4982,0.04498,1.0000,0.0000,0.0000,True,True
13.3272,-12.6976,0.8000,-22.5350,0.04503,1.0000,0.0000,0.0000,True,True
13.3355,-12.7235,0.8000,-22.5718,0.04498,1.0000,0.0000,0.0000,True,True
13.3439,-12.7494,0.8000,-22.6086,0.04502,1.0000,0.0000,0.0000,True,True
13.3522,-12.7753,0.8000,-22.6454,0.04497,1.0000,0.0000,0.0000,True,True
13.3606,-12.8012,0.8000,-22.6823,0.04511,1.0000,0.0000,0.0000,True,True
13.3689,-12.8271,0.8000,-22.7191,0.04499,1.0000,0.0000,0.0000,True,True
13.3774,-12.8530,0.8000,-22.7559,0.04504,1.0000,0.0000,0.0000,True,True
13.3856,-12.8789,0.8000,-22.7927,0.04496,1.0000,0.0000,0.0000,True,True
13.3940,-12.9048,0.8000,-22.8295,0.04502,1.0000,0.0000,0.0000,True,True
13.4022,-12.9306,0.8000,-22.8663,0.04497,1.0000,0.0000,0.0000,True,True
13.4106,-12.9566,0.8000,-22.9031,0.04503,1.0000,0.0000,0.0000,True,True
13.4189,-12.9824,0.8000,-22.9399,0.04497,1.0000,0.0000,0.0000,True,True
13.4273,-13.0083,0.8000,-22.9768,0.04503,1.0000,0.0000,0.0000,True,True
13.4356,-13.0342,0.8000,-23.0135,0.04497,1.0000,0.0000,0.0000,True,True
13.4439,-13.0601,0.8000,-23.0504,0.04503,1.0000,0.0000,0.0000,True,True
13.4522,-13.0860,0.8000,-23.0872,0.04497,1.0000,0.0000,0.0000,True,True
13.4606,-13.1120,0.8000,-23.1241,0.04516,1.0000,0.0000,0.0000,True,True
13.4689,-13.1379,0.8000,-23.1609,0.04497,1.0000,0.0000,0.0000,True,True
13.4773,-13.1638,0.8000,-23.1977,0.04502,1.0000,0.0000,0.0000,True,True
13.4856,-13.1896,0.8000,-23.2345,0.04499,1.0000,0.0000,0.0000,True,True
13.4940,-13.2155,0.8000,-23.2713,0.04501,1.0000,0.0000,0.0000,True,True
13.5024,-13.2415,0.8000,-23.3082,0.04508,1.0000,0.0000,0.0000,True,True
13.5107,-13.2674,0.8000,-23.3450,0.04502,1.0000,0.0000,0.0000,True,True
13.5190,-13.2933,0.8000,-23.3818,0.04498,1.0000,0.0000,0.0000,True,True
13.5273,-13.3192,0.8000,-23.4186,0.04503,1.0000,0.0000,0.0000,True,True
13.5356,-13.3450,0.8000,-23.4553,0.04485,1.0000,0.0000,0.0000,True,True
13.5440,-13.3705,0.8000,-23.4916,0.04437,1.0000,0.0000,0.0000,True,True
13.5523,-13.3957,0.8000,-23.5275,0.04383,1.0000,0.0000,0.0000,True,True
13.5606,-13.4206,0.8000,-23.5629,0.04334,1.0000,0.0000,0.0000,True,True
13.5690,-13.4453,0.8000,-23.5979,0.04278,1.0000,0.0000,0.0000,True,True
13.5773,-13.4696,0.8000,-23.6325,0.04229,1.0000,0.0000,0.0000,True,True
13.5856,-13.4936,0.8000,-23.6666,0.04174,1.0000,0.0000,0.0000,True,True
13.5940,-13.5173,0.8000,-23.7004,0.04125,1.0000,0.0000,0.0000,True,True
13.6023,-13.5408,0.8000,-23.7337,0.04071,1.0000,0.0000,0.0000,True,True
13.6107,-13.5639,0.8000,-23.7666,0.04021,1.0000,0.0000,0.0000,True,True
13.6190,-13.5867,0.8000,-23.7990,0.03965,1.0000,0.0000,0.0000,True,True
13.6273,-13.6092,0.8000,-23.8310,0.03917,1.0000,0.0000,0.0000,True,True
13.6356,-13.6315,0.8000,-23.8626,0.03861,1.0000,0.0000,0.0000,True,True
13.6440,-13.6534,0.8000,-23.8938,0.03813,1.0000,0.0000,0.0000,True,True
13.6523,-13.6750,0.8000,-23.9245,0.03757,1.0000,0.0000,0.0000,True,True
13.6607,-13.6966,0.8000,-23.9552,0.03754,1.0000,0.0000,0.0000,True,True
13.6690,-13.7176,0.8000,-23.9851,0.03653,1.0000,0.0000,0.0000,True,True
13.6774,-13.7384,0.8000,-24.0146,0.03604,1.0000,0.0000,0.0000,True,True
13.6857,-13.7588,0.8000,-24.0436,0.03549,1.0000,0.0000,0.0000,True,True
13.6941,-13.7789,0.8000,-24.0722,0.03498,1.0000,0.0000,0.0000,True,True
13.7024,-13.7987,0.8000,-24.1004,0.03444,1.0000,0.0000,0.0000,True,True
13.7108,-13.8183,0.8000,-24.1282,0.03396,1.0000,0.0000,0.0000,True,True
13.7190,-13.8375,0.8000,-24.1555,0.03340,1.0000,0.0000,0.0000,True,True
13.7274,-13.8564,0.8000,-24.1824,0.03292,1.0000,0.0000,0.0000,True,True
13.7357,-13.8750,0.8000,-24.2089,0.03236,1.0000,0.0000,0.0000,True,True
13.7441,-13.8934,0.8000,-24.2350,0.03187,1.0000,0.0000,0.0000,True,True
13.7525,-13.9114,0.8000,-24.2606,0.03141,1.0000,0.0000,0.0000,True,True
13.7608,-13.9292,0.8000,-24.2859,0.03082,1.0000,0.0000,0.0000,True,True
13.7691,-13.9466,0.8000,-24.3106,0.03028,1.0000,0.0000,0.0000,True,True
13.7774,-13.9637,0.8000,-24.3350,0.02979,1.0000,0.0000,0.0000,True,True
13.7857,-13.9806,0.8000,-24.3589,0.02924,1.0000,0.0000,0.0000,True,True
13.7941,-13.9971,0.8000,-24.3824,0.02874,1.0000,0.0000,0.0000,True,True
13.8024,-14.0133,0.8000,-24.4055,0.02820,1.0000,0.0000,0.0000,True,True
13.8108,-14.0293,0.8000,-24.4281,0.02771,1.0000,0.0000,0.0000,True,True
13.8191,-14.0449,0.8000,-24.4503,0.02715,1.0000,0.0000,0.0000,True,True
13.8274,-14.0602,0.8000,-24.4721,0.02666,1.0000,0.0000,0.0000,True,True
13.8357,-14.0752,0.8000,-24.4935,0.02611,1.0000,0.0000,0.0000,True,True
13.8441,-14.0900,0.8000,-24.5145,0.02562,1.0000,0.0000,0.0000,True,True
13.8525,-14.1044,0.8000,-24.5350,0.02508,1.0000,0.0000,0.0000,True,True
13.8608,-14.1185,0.8000,-24.5551,0.02456,1.0000,0.0000,0.0000,True,True
13.8691,-14.1324,0.8000,-24.5747,0.02404,1.0000,0.0000,0.0000,True,True
13.8775,-14.1459,0.8000,-24.5940,0.02354,1.0000,0.0000,0.0000,True,True
13.8857,-14.1591,0.8000,-24.6128,0.02299,1.0000,0.0000,0.0000,True,True
13.8941,-14.1721,0.8000,-24.6312,0.02249,1.0000,0.0000,0.0000,True,True
13.9024,-14.1847,0.8000,-24.6491,0.02195,1.0000,0.0000,0.0000,True,True
13.9108,-14.1970,0.8000,-24.6667,0.02145,1.0000,0.0000,0.0000,True,True
13.9191,-14.2091,0.8000,-24.6838,0.02091,1.0000,0.0000,0.0000,True,True
13.9274,-14.2208,0.8000,-24.7005,0.02041,1.0000,0.0000,0.0000,True,True
13.9357,-14.2322,0.8000,-24.7167,0.01987,1.0000,0.0000,0.0000,True,True
13.9441,-14.2434,0.8000,-24.7326,0.01936,1.0000,0.0000,0.0000,True,True
13.9524,-14.2542,0.8000,-24.7480,0.01883,1.0000,0.0000,0.0000,True,True
13.9608,-14.2648,0.8000,-24.7629,0.01832,1.0000,0.0000,0.0000,True,True
13.9691,-14.2750,0.8000,-24.7775,0.01779,1.0000,0.0000,0.0000,True,True
13.9774,-14.2849,0.8000,-24.7916,0.01728,1.0000,0.0000,0.0000,True,True
13.9857,-14.2946,0.8000,-24.8053,0.01674,1.0000,0.0000,0.0000,True,True
13.9941,-14.3039,0.8000,-24.8186,0.01624,1.0000,0.0000,0.0000,True,True
14.0024,-14.3129,0.8000,-24.8314,0.01570,1.0000,0.0000,0.0000,True,True
14.0108,-14.3217,0.8000,-24.8439,0.01520,1.0000,0.0000,0.0000,True,True
14.0191,-14.3301,0.8000,-24.8559,0.01466,1.0000,0.0000,0.0000,True,True
14.0275,-14.3383,0.8000,-24.8674,0.01415,1.0000,0.0000,0.0000,True,True
14.0358,-14.3461,0.8000,-24.8786,0.01362,1.0000,0.0000,0.0000,True,True
14.0441,-14.3536,0.8000,-24.8893,0.01311,1.0000,0.0000,0.0000,True,True
14.0525,-14.3609,0.8000,-24.8996,0.01258,1.0000,0.0000,0.0000,True,True
14.0608,-14.3678,0.8000,-24.9095,0.01207,1.0000,0.0000,0.0000,True,True
14.0691,-14.3745,0.8000,-24.9189,0.01154,1.0000,0.0000,0.0000,True,True
14.0775,-14.3808,0.8000,-24.9279,0.01103,1.0000,0.0000,0.0000,True,True
14.0858,-14.3869,0.8000,-24.9365,0.01050,1.0000,0.0000,0.0000,True,True
14.0941,-14.3926,0.8000,-24.9447,0.00999,1.0000,0.0000,0.0000,True,True
14.1024,-14.3980,0.8000,-24.9524,0.00946,1.0000,0.0000,0.0000,True,True
14.1108,-14.4032,0.8000,-24.9597,0.00895,1.0000,0.0000,0.0000,True,True
14.1191,-14.4080,0.8000,-24.9666,0.00841,1.0000,0.0000,0.0000,True,True
14.1275,-14.4126,0.8000,-24.9731,0.00790,1.0000,0.0000,0.0000,True,True
14.1358,-14.4168,0.8000,-24.9791,0.00738,1.0000,0.0000,0.0000,True,True
14.1441,-14.4209,0.8000,-24.9849,0.00703,1.0000,0.0000,0.0000,True,True
14.1524,-14.4209,0.8000,-24.9849,0.00000,1.0000,0.0000,0.0000,True,True
14.1608,-14.4211,0.8000,-24.9853,0.00052,1.0000,0.0000,0.0000,True,True
14.1691,-14.4216,0.8000,-24.9862,0.00104,1.0000,0.0000,0.0000,True,True
14.1775,-14.4223,0.8000,-24.9876,0.00156,1.0000,0.0000,0.0000,True,True
14.1858,-14.4232,0.8000,-24.9895,0.00208,1.0000,0.0000,0.0000,True,True
14.1941,-14.4244,0.8000,-24.9918,0.00260,1.0000,0.0000,0.0000,True,True
14.2024,-14.4259,0.8000,-24.9946,0.00312,1.0000,0.0000,0.0000,True,True
14.2108,-14.4275,0.8000,-24.9978,0.00365,1.0000,0.0000,0.0000,True,True
14.2191,-14.4294,0.8000,-25.0015,0.00416,1.0000,0.0000,0.0000,True,True
14.2275,-14.4316,0.8000,-25.0057,0.00469,1.0000,0.0000,0.0000,True,True
14.2358,-14.4340,0.8000,-25.0103,0.00520,1.0000,0.0000,0.0000,True,True
14.2441,-14.4366,0.8000,-25.0154,0.00573,1.0000,0.0000,0.0000,True,True
14.2525,-14.4395,0.8000,-25.0210,0.00624,1.0000,0.0000,0.0000,True,True
14.2608,-14.4426,0.8000,-25.0270,0.00677,1.0000,0.0000,0.0000,True,True
14.2691,-14.4459,0.8000,-25.0335,0.00729,1.0000,0.0000,0.0000,True,True
14.2775,-14.4495,0.8000,-25.0404,0.00781,1.0000,0.0000,0.0000,True,True
14.2858,-14.4533,0.8000,-25.0478,0.00833,1.0000,0.0000,0.0000,True,True
14.2941,-14.4573,0.8000,-25.0557,0.00886,1.0000,0.0000,0.0000,True,True
14.3024,-14.4616,0.8000,-25.0640,0.00937,1.0000,0.0000,0.0000,True,True
14.3109,-14.4662,0.8000,-25.0729,0.01002,1.0000,0.0000,0.0000,True,True
14.3192,-14.4710,0.8000,-25.0822,0.01042,1.0000,0.0000,0.0000,True,True
14.3276,-14.4760,0.8000,-25.0919,0.01095,1.0000,0.0000,0.0000,True,True
14.3359,-14.4812,0.8000,-25.1021,0.01146,1.0000,0.0000,0.0000,True,True
14.3443,-14.4867,0.8000,-25.1128,0.01199,1.0000,0.0000,0.0000,True,True
14.3525,-14.4924,0.8000,-25.1239,0.01250,1.0000,0.0000,0.0000,True,True
14.3609,-14.4984,0.8000,-25.1355,0.01303,1.0000,0.0000,0.0000,True,True
14.3692,-14.5046,0.8000,-25.1475,0.01354,1.0000,0.0000,0.0000,True,True
14.3776,-14.5110,0.8000,-25.1600,0.01407,1.0000,0.0000,0.0000,True,True
14.3859,-14.5177,0.8000,-25.1730,0.01459,1.0000,0.0000,0.0000,True,True
14.3943,-14.5246,0.8000,-25.1864,0.01512,1.0000,0.0000,0.0000,True,True
14.4025,-14.5318,0.8000,-25.2003,0.01562,1.0000,0.0000,0.0000,True,True
14.4109,-14.5392,0.8000,-25.2147,0.01617,1.0000,0.0000,0.0000,True,True
14.4192,-14.5468,0.8000,-25.2295,0.01666,1.0000,0.0000,0.0000,True,True
14.4276,-14.5548,0.8000,-25.2450,0.01739,1.0000,0.0000,0.0000,True,True
14.4360,-14.5629,0.8000,-25.2607,0.01771,1.0000,0.0000,0.0000,True,True
14.4444,-14.5712,0.8000,-25.2769,0.01825,1.0000,0.0000,0.0000,True,True
14.4526,-14.5798,0.8000,-25.2936,0.01875,1.0000,0.0000,0.0000,True,True
14.4610,-14.5887,0.8000,-25.3108,0.01929,1.0000,0.0000,0.0000,True,True
14.4693,-14.5977,0.8000,-25.3284,0.01979,1.0000,0.0000,0.0000,True,True
14.4777,-14.6070,0.8000,-25.3464,0.02034,1.0000,0.0000,0.0000,True,True
14.4859,-14.6166,0.8000,-25.3650,0.02083,1.0000,0.0000,0.0000,True,True
14.4943,-14.6263,0.8000,-25.3840,0.02138,1.0000,0.0000,0.0000,True,True
14.5027,-14.6364,0.8000,-25.4034,0.02187,1.0000,0.0000,0.0000,True,True
14.5110,-14.6466,0.8000,-25.4234,0.02242,1.0000,0.0000,0.0000,True,True
14.5193,-14.6571,0.8000,-25.4437,0.02292,1.0000,0.0000,0.0000,True,True
14.5277,-14.6679,0.8000,-25.4646,0.02346,1.0000,0.0000,0.0000,True,True
14.5360,-14.6788,0.8000,-25.4859,0.02396,1.0000,0.0000,0.0000,True,True
14.5443,-14.6900,0.8000,-25.5077,0.02451,1.0000,0.0000,0.0000,True,True
14.5527,-14.7015,0.8000,-25.5299,0.02499,1.0000,0.0000,0.0000,True,True
14.5610,-14.7132,0.8000,-25.5526,0.02554,1.0000,0.0000,0.0000,True,True
14.5693,-14.7251,0.8000,-25.5758,0.02605,1.0000,0.0000,0.0000,True,True
14.5777,-14.7373,0.8000,-25.5994,0.02659,1.0000,0.0000,0.0000,True,True
14.5860,-14.7497,0.8000,-25.6235,0.02709,1.0000,0.0000,0.0000,True,True
14.5943,-14.7623,0.8000,-25.6481,0.02763,1.0000,0.0000,0.0000,True,True
14.6026,-14.7752,0.8000,-25.6731,0.02813,1.0000,0.0000,0.0000,True,True
14.6111,-14.7885,0.8000,-25.6989,0.02908,1.0000,0.0000,0.0000,True,True
14.6194,-14.8019,0.8000,-25.7249,0.02917,1.0000,0.0000,0.0000,True,True
14.6278,-14.8155,0.8000,-25.7513,0.02973,1.0000,0.0000,0.0000,True,True
14.6361,-14.8293,0.8000,-25.7782,0.03021,1.0000,0.0000,0.0000,True,True
14.6445,-14.8434,0.8000,-25.8055,0.03077,1.0000,0.0000,0.0000,True,True
14.6528,-14.8577,0.8000,-25.8333,0.03126,1.0000,0.0000,0.0000,True,True
14.6611,-14.8722,0.8000,-25.8616,0.03181,1.0000,0.0000,0.0000,True,True
14.6694,-14.8870,0.8000,-25.8903,0.03230,1.0000,0.0000,0.0000,True,True
14.6778,-14.9021,0.8000,-25.9195,0.03284,1.0000,0.0000,0.0000,True,True
14.6861,-14.9173,0.8000,-25.9491,0.03334,1.0000,0.0000,0.0000,True,True
14.6945,-14.9328,0.8000,-25.9793,0.03389,1.0000,0.0000,0.0000,True,True
14.7028,-14.9486,0.8000,-26.0098,0.03438,1.0000,0.0000,0.0000,True,True
14.7111,-14.9646,0.8000,-26.0409,0.03494,1.0000,0.0000,0.0000,True,True
14.7194,-14.9808,0.8000,-26.0724,0.03541,1.0000,0.0000,0.0000,True,True
14.7278,-14.9973,0.8000,-26.1044,0.03597,1.0000,0.0000,0.0000,True,True
14.7361,-15.0139,0.8000,-26.1368,0.03647,1.0000,0.0000,0.0000,True,True
14.7445,-15.0309,0.8000,-26.1697,0.03702,1.0000,0.0000,0.0000,True,True
14.7528,-15.0481,0.8000,-26.2031,0.03751,1.0000,0.0000,0.0000,True,True
14.7611,-15.0655,0.8000,-26.2369,0.03806,1.0000,0.0000,0.0000,True,True
14.7695,-15.0831,0.8000,-26.2712,0.03853,1.0000,0.0000,0.0000,True,True
14.7778,-15.1010,0.8000,-26.3059,0.03911,1.0000,0.0000,0.0000,True,True
14.7861,-15.1191,0.8000,-26.3411,0.03958,1.0000,0.0000,0.0000,True,True
14.7945,-15.1375,0.8000,-26.3768,0.04014,1.0000,0.0000,0.0000,True,True
14.8027,-15.1561,0.8000,-26.4129,0.04063,1.0000,0.0000,0.0000,True,True
14.8111,-15.1750,0.8000,-26.4495,0.04118,1.0000,0.0000,0.0000,True,True
14.8194,-15.1940,0.8000,-26.4866,0.04168,1.0000,0.0000,0.0000,True,True
14.8278,-15.2134,0.8000,-26.5241,0.04223,1.0000,0.0000,0.0000,True,True
14.8361,-15.2329,0.8000,-26.5621,0.04272,1.0000,0.0000,0.0000,True,True
14.8444,-15.2527,0.8000,-26.6006,0.04326,1.0000,0.0000,0.0000,True,True
14.8528,-15.2728,0.8000,-26.6395,0.04376,1.0000,0.0000,0.0000,True,True
14.8612,-15.2930,0.8000,-26.6789,0.04432,1.0000,0.0000,0.0000,True,True
14.8694,-15.3135,0.8000,-26.7187,0.04478,1.0000,0.0000,0.0000,True,True
14.8778,-15.3342,0.8000,-26.7587,0.04503,1.0000,0.0000,0.0000,True,True
14.8861,-15.3547,0.8000,-26.7987,0.04498,1.0000,0.0000,0.0000,True,True
14.8945,-15.3754,0.8000,-26.8388,0.04503,1.0000,0.0000,0.0000,True,True
14.9028,-15.3959,0.8000,-26.8787,0.04497,1.0000,0.0000,0.0000,True,True
14.9111,-15.4165,0.8000,-26.9188,0.04502,1.0000,0.0000,0.0000,True,True
14.9194,-15.4371,0.8000,-26.9588,0.04498,1.0000,0.0000,0.0000,True,True
14.9278,-15.4577,0.8000,-26.9988,0.04503,1.0000,0.0000,0.0000,True,True
14.9361,-15.4783,0.8000,-27.0388,0.04497,1.0000,0.0000,0.0000,True,True
14.9445,-15.4989,0.8000,-27.0788,0.04503,1.0000,0.0000,0.0000,True,True
14.9528,-15.5195,0.8000,-27.1188,0.04497,1.0000,0.0000,0.0000,True,True
14.9611,-15.5401,0.8000,-27.1588,0.04503,1.0000,0.0000,0.0000,True,True
14.9694,-15.5607,0.8000,-27.1988,0.04497,1.0000,0.0000,0.0000,True,True
14.9778,-15.5813,0.8000,-27.2389,0.04503,1.0000,0.0000,0.0000,True,True
14.9861,-15.6019,0.8000,-27.2788,0.04498,1.0000,0.0000,0.0000,True,True
14.9945,-15.6225,0.8000,-27.3189,0.04503,1.0000,0.0000,0.0000,True,True
15.0028,-15.6431,0.8000,-27.3589,0.04498,1.0000,0.0000,0.0000,True,True
15.0111,-15.6637,0.8000,-27.3989,0.04502,1.0000,0.0000,0.0000,True,True
15.0194,-15.6843,0.8000,-27.4389,0.04499,1.0000,0.0000,0.0000,True,True
15.0278,-15.7049,0.8000,-27.4789,0.04501,1.0000,0.0000,0.0000,True,True
15.0361,-15.7255,0.8000,-27.5189,0.04498,1.0000,0.0000,0.0000,True,True
15.0445,-15.7461,0.8000,-27.5589,0.04503,1.0000,0.0000,0.0000,True,True
15.0528,-15.7667,0.8000,-27.5989,0.04497,1.0000,0.0000,0.0000,True,True
15.0611,-15.7873,0.8000,-27.6390,0.04503,1.0000,0.0000,0.0000,True,True
15.0695,-15.8079,0.8000,-27.6789,0.04498,1.0000,0.0000,0.0000,True,True
15.0778,-15.8285,0.8000,-27.7190,0.04502,1.0000,0.0000,0.0000,True,True
15.0861,-15.8491,0.8000,-27.7590,0.04498,1.0000,0.0000,0.0000,True,True
15.0945,-15.8697,0.8000,-27.7990,0.04502,1.0000,0.0000,0.0000,True,True
15.1028,-15.8903,0.8000,-27.8390,0.04499,1.0000,0.0000,0.0000,True,True
15.1112,-15.9109,0.8000,-27.8790,0.04502,1.0000,0.0000,0.0000,True,True
15.1194,-15.9315,0.8000,-27.9190,0.04498,1.0000,0.0000,0.0000,True,True
15.1278,-15.9521,0.8000,-27.9590,0.04502,1.0000,0.0000,0.0000,True,True
15.1361,-15.9727,0.8000,-27.9990,0.04498,1.0000,0.0000,0.0000,True,True
15.1445,-15.9933,0.8000,-28.0391,0.04503,1.0000,0.0000,0.0000,True,True
15.1528,-16.0139,0.8000,-28.0790,0.04498,1.0000,0.0000,0.0000,True,True
15.1611,-16.0345,0.8000,-28.1191,0.04504,1.0000,0.0000,0.0000,True,True
15.1694,-16.0551,0.8000,-28.1591,0.04497,1.0000,0.0000,0.0000,True,True
15.1778,-16.0757,0.8000,-28.1991,0.04503,1.0000,0.0000,0.0000,True,True
15.1861,-16.0963,0.8000,-28.2391,0.04498,1.0000,0.0000,0.0000,True,True
15.1945,-16.1169,0.8000,-28.2791,0.04502,1.0000,0.0000,0.0000,True,True
15.2027,-16.1375,0.8000,-28.3190,0.04488,1.0000,0.0000,0.0000,True,True
15.2112,-16.1578,0.8000,-28.3585,0.04443,1.0000,0.0000,0.0000,True,True
15.2194,-16.1779,0.8000,-28.3975,0.04383,1.0000,0.0000,0.0000,True,True
15.2278,-16.1977,0.8000,-28.4361,0.04337,1.0000,0.0000,0.0000,True,True
15.2361,-16.2173,0.8000,-28.4741,0.04281,1.0000,0.0000,0.0000,True,True
15.2445,-16.2367,0.8000,-28.5117,0.04232,1.0000,0.0000,0.0000,True,True
15.2528,-16.2558,0.8000,-28.5489,0.04179,1.0000,0.0000,0.0000,True,True
15.2612,-16.2747,0.8000,-28.5856,0.04127,1.0000,0.0000,0.0000,True,True
15.2695,-16.2934,0.8000,-28.6218,0.04073,1.0000,0.0000,0.0000,True,True
15.2778,-16.3118,0.8000,-28.6576,0.04024,1.0000,0.0000,0.0000,True,True
15.2862,-16.3300,0.8000,-28.6929,0.03970,1.0000,0.0000,0.0000,True,True
15.2946,-16.3479,0.8000,-28.7277,0.03919,1.0000,0.0000,0.0000,True,True
15.3028,-16.3656,0.8000,-28.7621,0.03865,1.0000,0.0000,0.0000,True,True
15.3112,-16.3831,0.8000,-28.7960,0.03815,1.0000,0.0000,0.0000,True,True
15.3195,-16.4003,0.8000,-28.8294,0.03761,1.0000,0.0000,0.0000,True,True
15.3278,-16.4172,0.8000,-28.8624,0.03711,1.0000,0.0000,0.0000,True,True
15.3362,-16.4340,0.8000,-28.8949,0.03658,1.0000,0.0000,0.0000,True,True
15.3445,-16.4505,0.8000,-28.9270,0.03607,1.0000,0.0000,0.0000,True,True
15.3528,-16.4668,0.8000,-28.9586,0.03553,1.0000,0.0000,0.0000,True,True
15.3612,-16.4828,0.8000,-28.9897,0.03501,1.0000,0.0000,0.0000,True,True
15.3695,-16.4986,0.8000,-29.0204,0.03447,1.0000,0.0000,0.0000,True,True
15.3778,-16.5141,0.8000,-29.0506,0.03400,1.0000,0.0000,0.0000,True,True
15.3861,-16.5294,0.8000,-29.0803,0.03344,1.0000,0.0000,0.0000,True,True
15.3945,-16.5445,0.8000,-29.1096,0.03295,1.0000,0.0000,0.0000,True,True
15.4028,-16.5594,0.8000,-29.1384,0.03240,1.0000,0.0000,0.0000,True,True
15.4112,-16.5740,0.8000,-29.1668,0.03191,1.0000,0.0000,0.0000,True,True
15.4194,-16.5883,0.8000,-29.1947,0.03135,1.0000,0.0000,0.0000,True,True
15.4278,-16.6024,0.8000,-29.2221,0.03087,1.0000,0.0000,0.0000,True,True
15.4361,-16.6163,0.8000,-29.2491,0.03032,1.0000,0.0000,0.0000,True,True
15.4445,-16.6300,0.8000,-29.2756,0.02982,1.0000,0.0000,0.0000,True,True
15.4528,-16.6434,0.8000,-29.3016,0.02927,1.0000,0.0000,0.0000,True,True
15.4611,-16.6565,0.8000,-29.3272,0.02878,1.0000,0.0000,0.0000,True,True
15.4694,-16.6695,0.8000,-29.3523,0.02823,1.0000,0.0000,0.0000,True,True
15.4778,-16.6822,0.8000,-29.3770,0.02774,1.0000,0.0000,0.0000,True,True
15.4861,-16.6946,0.8000,-29.4011,0.02719,1.0000,0.0000,0.0000,True,True
15.4945,-16.7068,0.8000,-29.4249,0.02670,1.0000,0.0000,0.0000,True,True
15.5028,-16.7188,0.8000,-29.4481,0.02615,1.0000,0.0000,0.0000,True,True
15.5112,-16.7305,0.8000,-29.4709,0.02565,1.0000,0.0000,0.0000,True,True
15.5195,-16.7420,0.8000,-29.4933,0.02511,1.0000,0.0000,0.0000,True,True
15.5278,-16.7533,0.8000,-29.5151,0.02462,1.0000,0.0000,0.0000,True,True
15.5361,-16.7643,0.8000,-29.5365,0.02406,1.0000,0.0000,0.0000,True,True
15.5445,-16.7751,0.8000,-29.5575,0.02357,1.0000,0.0000,0.0000,True,True
15.5528,-16.7856,0.8000,-29.5780,0.02303,1.0000,0.0000,0.0000,True,True
15.5612,-16.7960,0.8000,-29.5980,0.02253,1.0000,0.0000,0.0000,True,True
15.5695,-16.8060,0.8000,-29.6175,0.02198,1.0000,0.0000,0.0000,True,True
15.5778,-16.8159,0.8000,-29.6366,0.02148,1.0000,0.0000,0.0000,True,True
15.5861,-16.8254,0.8000,-29.6553,0.02095,1.0000,0.0000,0.0000,True,True
15.5945,-16.8348,0.8000,-29.6734,0.02044,1.0000,0.0000,0.0000,True,True
15.6028,-16.8439,0.8000,-29.6911,0.01991,1.0000,0.0000,0.0000,True,True
15.6112,-16.8528,0.8000,-29.7084,0.01939,1.0000,0.0000,0.0000,True,True
15.6195,-16.8614,0.8000,-29.7252,0.01886,1.0000,0.0000,0.0000,True,True
15.6278,-16.8698,0.8000,-29.7415,0.01836,1.0000,0.0000,0.0000,True,True
15.6361,-16.8780,0.8000,-29.7573,0.01782,1.0000,0.0000,0.0000,True,True
15.6445,-16.8859,0.8000,-29.7727,0.01732,1.0000,0.0000,0.0000,True,True
15.6528,-16.8936,0.8000,-29.7876,0.01678,1.0000,0.0000,0.0000,True,True
15.6612,-16.9010,0.8000,-29.8021,0.01627,1.0000,0.0000,0.0000,True,True
15.6695,-16.9083,0.8000,-29.8161,0.01574,1.0000,0.0000,0.0000,True,True
15.6778,-16.9152,0.8000,-29.8296,0.01523,1.0000,0.0000,0.0000,True,True
15.6861,-16.9220,0.8000,-29.8427,0.01470,1.0000,0.0000,0.0000,True,True
15.6945,-16.9285,0.8000,-29.8553,0.01419,1.0000,0.0000,0.0000,True,True
15.7028,-16.9347,0.8000,-29.8675,0.01367,1.0000,0.0000,0.0000,True,True
15.7112,-16.9407,0.8000,-29.8792,0.01314,1.0000,0.0000,0.0000,True,True
15.7195,-16.9465,0.8000,-29.8904,0.01262,1.0000,0.0000,0.0000,True,True
15.7278,-16.9520,0.8000,-29.9011,0.01211,1.0000,0.0000,0.0000,True,True
15.7361,-16.9573,0.8000,-29.9114,0.01157,1.0000,0.0000,0.0000,True,True
15.7445,-16.9624,0.8000,-29.9213,0.01106,1.0000,0.0000,0.0000,True,True
15.7528,-16.9672,0.8000,-29.9306,0.01054,1.0000,0.0000,0.0000,True,True
15.7612,-16.9718,0.8000,-29.9395,0.01002,1.0000,0.0000,0.0000,True,True
15.7695,-16.9762,0.8000,-29.9480,0.00949,1.0000,0.0000,0.0000,True,True
15.7778,-16.9803,0.8000,-29.9560,0.00903,1.0000,0.0000,0.0000,True,True
15.7862,-16.9842,0.8000,-29.9637,0.00864,1.0000,0.0000,0.0000,True,True
15.7946,-16.9880,0.8000,-29.9711,0.00830,1.0000,0.0000,0.0000,True,True
15.8028,-16.9917,0.8000,-29.9782,0.00798,1.0000,0.0000,0.0000,True,True
15.8112,-16.9917,0.8000,-29.9782,0.00000,1.0000,0.0000,0.0000,True,True
15.8195,-16.9918,0.8000,-29.9787,0.00052,1.0000,0.0000,0.0000,True,True
15.8278,-16.9920,0.8000,-29.9797,0.00104,1.0000,0.0000,0.0000,True,True
15.8362,-16.9923,0.8000,-29.9812,0.00156,1.0000,0.0000,0.0000,True,True
15.8445,-16.9927,0.8000,-29.9833,0.00209,1.0000,0.0000,0.0000,True,True
15.8528,-16.9932,0.8000,-29.9858,0.00260,1.0000,0.0000,0.0000,True,True
15.8612,-16.9938,0.8000,-29.9889,0.00313,1.0000,0.0000,0.0000,True,True
15.8695,-16.9946,0.8000,-29.9925,0.00365,1.0000,0.0000,0.0000,True,True
15.8778,-16.9954,0.8000,-29.9966,0.00417,1.0000,0.0000,0.0000,True,True
15.8861,-16.9963,0.8000,-30.0012,0.00469,1.0000,0.0000,0.0000,True,True
15.8945,-16.9973,0.8000,-30.0063,0.00521,1.0000,0.0000,0.0000,True,True
15.9028,-16.9985,0.8000,-30.0119,0.00573,1.0000,0.0000,0.0000,True,True
15.9112,-16.9997,0.8000,-30.0180,0.00626,1.0000,0.0000,0.0000,True,True
15.9195,-17.0010,0.8000,-30.0246,0.00677,1.0000,0.0000,0.0000,True,True
15.9278,-17.0025,0.8000,-30.0318,0.00730,1.0000,0.0000,0.0000,True,True
15.9361,-17.0040,0.8000,-30.0395,0.00781,1.0000,0.0000,0.0000,True,True
15.9445,-17.0056,0.8000,-30.0476,0.00835,1.0000,0.0000,0.0000,True,True
15.9528,-17.0074,0.8000,-30.0563,0.00885,1.0000,0.0000,0.0000,True,True
15.9612,-17.0092,0.8000,-30.0655,0.00938,1.0000,0.0000,0.0000,True,True
15.9695,-17.0112,0.8000,-30.0752,0.00989,1.0000,0.0000,0.0000,True,True
15.9778,-17.0132,0.8000,-30.0854,0.01042,1.0000,0.0000,0.0000,True,True
15.9861,-17.0154,0.8000,-30.0962,0.01094,1.0000,0.0000,0.0000,True,True
15.9945,-17.0176,0.8000,-30.1074,0.01146,1.0000,0.0000,0.0000,True,True
16.0028,-17.0200,0.8000,-30.1191,0.01198,1.0000,0.0000,0.0000,True,True
16.0112,-17.0225,0.8000,-30.1314,0.01251,1.0000,0.0000,0.0000,True,True
16.0195,-17.0250,0.8000,-30.1442,0.01302,1.0000,0.0000,0.0000,True,True
16.0278,-17.0277,0.8000,-30.1574,0.01355,1.0000,0.0000,0.0000,True,True
16.0361,-17.0305,0.8000,-30.1712,0.01405,1.0000,0.0000,0.0000,True,True
16.0445,-17.0333,0.8000,-30.1855,0.01459,1.0000,0.0000,0.0000,True,True
16.0528,-17.0363,0.8000,-30.2003,0.01509,1.0000,0.0000,0.0000,True,True
16.0612,-17.0394,0.8000,-30.2157,0.01563,1.0000,0.0000,0.0000,True,True
16.0695,-17.0426,0.8000,-30.2315,0.01614,1.0000,0.0000,0.0000,True,True
16.0779,-17.0458,0.8000,-30.2478,0.01667,1.0000,0.0000,0.0000,True,True
16.0861,-17.0492,0.8000,-30.2647,0.01718,1.0000,0.0000,0.0000,True,True
16.0945,-17.0527,0.8000,-30.2820,0.01771,1.0000,0.0000,0.0000,True,True
16.1028,-17.0563,0.8000,-30.2999,0.01822,1.0000,0.0000,0.0000,True,True
16.1112,-17.0600,0.8000,-30.3183,0.01876,1.0000,0.0000,0.0000,True,True
16.1195,-17.0638,0.8000,-30.3372,0.01927,1.0000,0.0000,0.0000,True,True
16.1279,-17.0677,0.8000,-30.3566,0.01980,1.0000,0.0000,0.0000,True,True
16.1362,-17.0717,0.8000,-30.3765,0.02031,1.0000,0.0000,0.0000,True,True
16.1445,-17.0758,0.8000,-30.3969,0.02084,1.0000,0.0000,0.0000,True,True
16.1528,-17.0800,0.8000,-30.4179,0.02135,1.0000,0.0000,0.0000,True,True
16.1612,-17.0843,0.8000,-30.4393,0.02189,1.0000,0.0000,0.0000,True,True
16.1695,-17.0887,0.8000,-30.4613,0.02238,1.0000,0.0000,0.0000,True,True
16.1779,-17.0932,0.8000,-30.4838,0.02293,1.0000,0.0000,0.0000,True,True
16.1862,-17.0978,0.8000,-30.5067,0.02343,1.0000,0.0000,0.0000,True,True
16.1946,-17.1025,0.8000,-30.5302,0.02397,1.0000,0.0000,0.0000,True,True
16.2028,-17.1074,0.8000,-30.5542,0.02447,1.0000,0.0000,0.0000,True,True
16.2112,-17.1123,0.8000,-30.5787,0.02501,1.0000,0.0000,0.0000,True,True
16.2195,-17.1173,0.8000,-30.6037,0.02550,1.0000,0.0000,0.0000,True,True
16.2279,-17.1224,0.8000,-30.6293,0.02605,1.0000,0.0000,0.0000,True,True
16.2362,-17.1277,0.8000,-30.6553,0.02655,1.0000,0.0000,0.0000,True,True
16.2445,-17.1330,0.8000,-30.6819,0.02709,1.0000,0.0000,0.0000,True,True
16.2528,-17.1384,0.8000,-30.7089,0.02759,1.0000,0.0000,0.0000,True,True
16.2612,-17.1440,0.8000,-30.7365,0.02813,1.0000,0.0000,0.0000,True,True
16.2696,-17.1496,0.8000,-30.7646,0.02863,1.0000,0.0000,0.0000,True,True
16.2779,-17.1553,0.8000,-30.7932,0.02918,1.0000,0.0000,0.0000,True,True
16.2862,-17.1612,0.8000,-30.8223,0.02968,1.0000,0.0000,0.0000,True,True
16.2945,-17.1671,0.8000,-30.8519,0.03022,1.0000,0.0000,0.0000,True,True
16.3028,-17.1732,0.8000,-30.8820,0.03071,1.0000,0.0000,0.0000,True,True
16.3112,-17.1793,0.8000,-30.9127,0.03126,1.0000,0.0000,0.0000,True,True
16.3195,-17.1856,0.8000,-30.9438,0.03175,1.0000,0.0000,0.0000,True,True
16.3279,-17.1919,0.8000,-30.9755,0.03230,1.0000,0.0000,0.0000,True,True
16.3362,-17.1984,0.8000,-31.0076,0.03280,1.0000,0.0000,0.0000,True,True
16.3445,-17.2050,0.8000,-31.0403,0.03335,1.0000,0.0000,0.0000,True,True
16.3528,-17.2116,0.8000,-31.0735,0.03382,1.0000,0.0000,0.0000,True,True
16.3612,-17.2184,0.8000,-31.1072,0.03440,1.0000,0.0000,0.0000,True,True
16.3695,-17.2253,0.8000,-31.1414,0.03488,1.0000,0.0000,0.0000,True,True
16.3779,-17.2322,0.8000,-31.1761,0.03543,1.0000,0.0000,0.0000,True,True
16.3862,-17.2393,0.8000,-31.2113,0.03591,1.0000,0.0000,0.0000,True,True
16.3946,-17.2465,0.8000,-31.2471,0.03647,1.0000,0.0000,0.0000,True,True
16.4028,-17.2538,0.8000,-31.2833,0.03696,1.0000,0.0000,0.0000,True,True
16.4112,-17.2611,0.8000,-31.3201,0.03752,1.0000,0.0000,0.0000,True,True
16.4195,-17.2686,0.8000,-31.3574,0.03800,1.0000,0.0000,0.0000,True,True
16.4279,-17.2762,0.8000,-31.3952,0.03855,1.0000,0.0000,0.0000,True,True
16.4362,-17.2839,0.8000,-31.4334,0.03904,1.0000,0.0000,0.0000,True,True
16.4445,-17.2917,0.8000,-31.4723,0.03960,1.0000,0.0000,0.0000,True,True
16.4529,-17.2996,0.8000,-31.5116,0.04009,1.0000,0.0000,0.0000,True,True
16.4612,-17.3076,0.8000,-31.5514,0.04064,1.0000,0.0000,0.0000,True,True
16.4695,-17.3157,0.8000,-31.5917,0.04113,1.0000,0.0000,0.0000,True,True
16.4779,-17.3239,0.8000,-31.6326,0.04168,1.0000,0.0000,0.0000,True,True
16.4862,-17.3322,0.8000,-31.6739,0.04217,1.0000,0.0000,0.0000,True,True
16.4946,-17.3406,0.8000,-31.7158,0.04273,1.0000,0.0000,0.0000,True,True
16.5028,-17.3491,0.8000,-31.7582,0.04320,1.0000,0.0000,0.0000,True,True
16.5112,-17.3577,0.8000,-31.8011,0.04377,1.0000,0.0000,0.0000,True,True
16.5195,-17.3664,0.8000,-31.8445,0.04424,1.0000,0.0000,0.0000,True,True
16.5279,-17.3752,0.8000,-31.8884,0.04482,1.0000,0.0000,0.0000,True,True
16.5362,-17.3841,0.8000,-31.9325,0.04498,1.0000,0.0000,0.0000,True,True
16.5445,-17.3930,0.8000,-31.9767,0.04502,1.0000,0.0000,0.0000,True,True
16.5528,-17.4018,0.8000,-32.0208,0.04498,1.0000,0.0000,0.0000,True,True
16.5612,-17.4107,0.8000,-32.0649,0.04502,1.0000,0.0000,0.0000,True,True
16.5695,-17.4195,0.8000,-32.1090,0.04498,1.0000,0.0000,0.0000,True,True
16.5779,-17.4284,0.8000,-32.1531,0.04502,1.0000,0.0000,0.0000,True,True
16.5862,-17.4373,0.8000,-32.1972,0.04497,1.0000,0.0000,0.0000,True,True
16.5945,-17.4461,0.8000,-32.2414,0.04503,1.0000,0.0000,0.0000,True,True
16.6028,-17.4550,0.8000,-32.2855,0.04498,1.0000,0.0000,0.0000,True,True
16.6112,-17.4638,0.8000,-32.3296,0.04502,1.0000,0.0000,0.0000,True,True
16.6195,-17.4727,0.8000,-32.3737,0.04499,1.0000,0.0000,0.0000,True,True
16.6279,-17.4815,0.8000,-32.4179,0.04501,1.0000,0.0000,0.0000,True,True
16.6362,-17.4904,0.8000,-32.4620,0.04498,1.0000,0.0000,0.0000,True,True
16.6445,-17.4993,0.8000,-32.5061,0.04503,1.0000,0.0000,0.0000,True,True
16.6529,-17.5081,0.8000,-32.5502,0.04498,1.0000,0.0000,0.0000,True,True
16.6612,-17.5170,0.8000,-32.5944,0.04502,1.0000,0.0000,0.0000,True,True
16.6695,-17.5258,0.8000,-32.6385,0.04498,1.0000,0.0000,0.0000,True,True
16.6779,-17.5347,0.8000,-32.6826,0.04502,1.0000,0.0000,0.0000,True,True
16.6862,-17.5436,0.8000,-32.7267,0.04498,1.0000,0.0000,0.0000,True,True
16.6946,-17.5524,0.8000,-32.7708,0.04503,1.0000,0.0000,0.0000,True,True
16.7029,-17.5613,0.8000,-32.8150,0.04503,1.0000,0.0000,0.0000,True,True
16.7112,-17.5701,0.8000,-32.8591,0.04495,1.0000,0.0000,0.0000,True,True
16.7229,-17.5825,0.8000,-32.9204,0.06254,1.0000,0.0000,0.0000,True,True
16.7328,-17.5931,0.8000,-32.9734,0.05404,1.0000,0.0000,0.0000,True,True
16.7460,-17.6069,0.8000,-33.0423,0.07029,1.0000,0.0000,0.0000,True,True
16.7545,-17.6159,0.8000,-33.0869,0.04548,1.0000,0.0000,0.0000,True,True
16.7626,-17.6247,0.8000,-33.1310,0.04502,1.0000,0.0000,0.0000,True,True
16.7709,-17.6335,0.8000,-33.1747,0.04453,1.0000,0.0000,0.0000,True,True
16.7792,-17.6422,0.8000,-33.2179,0.04407,1.0000,0.0000,0.0000,True,True
16.7875,-17.6508,0.8000,-33.2606,0.04353,1.0000,0.0000,0.0000,True,True
16.7959,-17.6592,0.8000,-33.3027,0.04303,1.0000,0.0000,0.0000,True,True
16.8042,-17.6676,0.8000,-33.3444,0.04247,1.0000,0.0000,0.0000,True,True
16.8126,-17.6759,0.8000,-33.3858,0.04225,1.0000,0.0000,0.0000,True,True
16.8209,-17.6841,0.8000,-33.4264,0.04142,1.0000,0.0000,0.0000,True,True
16.8295,-17.6921,0.8000,-33.4666,0.04095,1.0000,0.0000,0.0000,True,True
16.8376,-17.7001,0.8000,-33.5062,0.04038,1.0000,0.0000,0.0000,True,True
16.8460,-17.7079,0.8000,-33.5453,0.03991,1.0000,0.0000,0.0000,True,True
16.8543,-17.7157,0.8000,-33.5839,0.03934,1.0000,0.0000,0.0000,True,True
16.8627,-17.7233,0.8000,-33.6220,0.03887,1.0000,0.0000,0.0000,True,True
16.8709,-17.7309,0.8000,-33.6595,0.03830,1.0000,0.0000,0.0000,True,True
16.8793,-17.7383,0.8000,-33.6966,0.03781,1.0000,0.0000,0.0000,True,True
16.8876,-17.7456,0.8000,-33.7331,0.03726,1.0000,0.0000,0.0000,True,True
16.8960,-17.7529,0.8000,-33.7692,0.03677,1.0000,0.0000,0.0000,True,True
16.9042,-17.7600,0.8000,-33.8047,0.03622,1.0000,0.0000,0.0000,True,True
16.9127,-17.7670,0.8000,-33.8397,0.03573,1.0000,0.0000,0.0000,True,True
16.9210,-17.7740,0.8000,-33.8742,0.03519,1.0000,0.0000,0.0000,True,True
16.9293,-17.7808,0.8000,-33.9082,0.03468,1.0000,0.0000,0.0000,True,True
16.9377,-17.7875,0.8000,-33.9417,0.03414,1.0000,0.0000,0.0000,True,True
16.9460,-17.7941,0.8000,-33.9746,0.03364,1.0000,0.0000,0.0000,True,True
16.9543,-17.8007,0.8000,-34.0071,0.03310,1.0000,0.0000,0.0000,True,True
16.9626,-17.8071,0.8000,-34.0391,0.03259,1.0000,0.0000,0.0000,True,True
16.9710,-17.8134,0.8000,-34.0705,0.03206,1.0000,0.0000,0.0000,True,True
16.9793,-17.8196,0.8000,-34.1014,0.03155,1.0000,0.0000,0.0000,True,True
16.9876,-17.8257,0.8000,-34.1318,0.03102,1.0000,0.0000,0.0000,True,True
16.9960,-17.8317,0.8000,-34.1617,0.03051,1.0000,0.0000,0.0000,True,True
17.0043,-17.8376,0.8000,-34.1911,0.02997,1.0000,0.0000,0.0000,True,True
17.0128,-17.8434,0.8000,-34.2200,0.02947,1.0000,0.0000,0.0000,True,True
17.0210,-17.8491,0.8000,-34.2484,0.02893,1.0000,0.0000,0.0000,True,True
17.0293,-17.8547,0.8000,-34.2763,0.02842,1.0000,0.0000,0.0000,True,True
17.0376,-17.8602,0.8000,-34.3036,0.02789,1.0000,0.0000,0.0000,True,True
17.0460,-17.8656,0.8000,-34.3304,0.02739,1.0000,0.0000,0.0000,True,True
17.0543,-17.8709,0.8000,-34.3568,0.02684,1.0000,0.0000,0.0000,True,True
17.0626,-17.8761,0.8000,-34.3826,0.02636,1.0000,0.0000,0.0000,True,True
17.0710,-17.8811,0.8000,-34.4079,0.02580,1.0000,0.0000,0.0000,True,True
17.0793,-17.8861,0.8000,-34.4327,0.02531,1.0000,0.0000,0.0000,True,True
17.0876,-17.8910,0.8000,-34.4570,0.02476,1.0000,0.0000,0.0000,True,True
17.0960,-17.8958,0.8000,-34.4808,0.02427,1.0000,0.0000,0.0000,True,True
17.1043,-17.9004,0.8000,-34.5040,0.02373,1.0000,0.0000,0.0000,True,True
17.1127,-17.9050,0.8000,-34.5268,0.02322,1.0000,0.0000,0.0000,True,True
17.1210,-17.9095,0.8000,-34.5491,0.02269,1.0000,0.0000,0.0000,True,True
17.1293,-17.9138,0.8000,-34.5708,0.02218,1.0000,0.0000,0.0000,True,True
17.1376,-17.9181,0.8000,-34.5920,0.02164,1.0000,0.0000,0.0000,True,True
17.1460,-17.9223,0.8000,-34.6127,0.02113,1.0000,0.0000,0.0000,True,True
17.1543,-17.9263,0.8000,-34.6329,0.02060,1.0000,0.0000,0.0000,True,True
17.1626,-17.9303,0.8000,-34.6527,0.02010,1.0000,0.0000,0.0000,True,True
17.1710,-17.9341,0.8000,-34.6718,0.01956,1.0000,0.0000,0.0000,True,True
17.1793,-17.9379,0.8000,-34.6905,0.01906,1.0000,0.0000,0.0000,True,True
17.1876,-17.9415,0.8000,-34.7087,0.01851,1.0000,0.0000,0.0000,True,True
17.1960,-17.9451,0.8000,-34.7263,0.01801,1.0000,0.0000,0.0000,True,True
17.2043,-17.9485,0.8000,-34.7435,0.01748,1.0000,0.0000,0.0000,True,True
17.2127,-17.9519,0.8000,-34.7601,0.01697,1.0000,0.0000,0.0000,True,True
17.2209,-17.9551,0.8000,-34.7762,0.01643,1.0000,0.0000,0.0000,True,True
17.2293,-17.9582,0.8000,-34.7918,0.01593,1.0000,0.0000,0.0000,True,True
17.2376,-17.9613,0.8000,-34.8069,0.01539,1.0000,0.0000,0.0000,True,True
17.2460,-17.9642,0.8000,-34.8215,0.01488,1.0000,0.0000,0.0000,True,True
17.2543,-17.9670,0.8000,-34.8356,0.01435,1.0000,0.0000,0.0000,True,True
17.2627,-17.9697,0.8000,-34.8491,0.01384,1.0000,0.0000,0.0000,True,True
17.2710,-17.9724,0.8000,-34.8622,0.01330,1.0000,0.0000,0.0000,True,True
17.2793,-17.9749,0.8000,-34.8747,0.01280,1.0000,0.0000,0.0000,True,True
17.2876,-17.9773,0.8000,-34.8867,0.01226,1.0000,0.0000,0.0000,True,True
17.2960,-17.9796,0.8000,-34.8983,0.01175,1.0000,0.0000,0.0000,True,True
17.3043,-17.9818,0.8000,-34.9093,0.01123,1.0000,0.0000,0.0000,True,True
17.3127,-17.9839,0.8000,-34.9199,0.01080,1.0000,0.0000,0.0000,True,True
17.3210,-17.9860,0.8000,-34.9300,0.01035,1.0000,0.0000,0.0000,True,True
17.3294,-17.9879,0.8000,-34.9398,0.00998,1.0000,0.0000,0.0000,True,True
17.3376,-17.9898,0.8000,-34.9491,0.00954,1.0000,0.0000,0.0000,True,True
17.3460,-17.9916,0.8000,-34.9582,0.00921,1.0000,0.0000,0.0000,True,True
17.3543,-17.9934,0.8000,-34.9669,0.00888,1.0000,0.0000,0.0000,True,True
17.3627,-17.9951,0.8000,-34.9753,0.00862,1.0000,0.0000,0.0000,True,True
17.3709,-17.9967,0.8000,-34.9835,0.00838,1.0000,0.0000,0.0000,True,True
17.3793,-17.9967,0.8000,-34.9835,0.00000,1.0000,0.0000,0.0000,True,True
17.3876,-17.9966,0.8000,-34.9840,0.00052,1.0000,0.0000,0.0000,True,True
17.3960,-17.9962,0.8000,-34.9850,0.00104,1.0000,0.0000,0.0000,True,True
17.4043,-17.9957,0.8000,-34.9865,0.00156,1.0000,0.0000,0.0000,True,True
17.4127,-17.9951,0.8000,-34.9885,0.00208,1.0000,0.0000,0.0000,True,True
17.4209,-17.9943,0.8000,-34.9910,0.00260,1.0000,0.0000,0.0000,True,True
17.4294,-17.9933,0.8000,-34.9939,0.00313,1.0000,0.0000,0.0000,True,True
17.4376,-17.9921,0.8000,-34.9974,0.00364,1.0000,0.0000,0.0000,True,True
17.4460,-17.9908,0.8000,-35.0013,0.00417,1.0000,0.0000,0.0000,True,True
17.4543,-17.9894,0.8000,-35.0058,0.00468,1.0000,0.0000,0.0000,True,True
17.4627,-17.9877,0.8000,-35.0107,0.00521,1.0000,0.0000,0.0000,True,True
17.4710,-17.9859,0.8000,-35.0162,0.00573,1.0000,0.0000,0.0000,True,True
17.4793,-17.9840,0.8000,-35.0221,0.00625,1.0000,0.0000,0.0000,True,True
17.4876,-17.9819,0.8000,-35.0285,0.00677,1.0000,0.0000,0.0000,True,True
17.4960,-17.9796,0.8000,-35.0354,0.00730,1.0000,0.0000,0.0000,True,True
17.5043,-17.9771,0.8000,-35.0429,0.00781,1.0000,0.0000,0.0000,True,True
17.5127,-17.9745,0.8000,-35.0508,0.00834,1.0000,0.0000,0.0000,True,True
17.5210,-17.9717,0.8000,-35.0592,0.00885,1.0000,0.0000,0.0000,True,True
17.5293,-17.9688,0.8000,-35.0681,0.00938,1.0000,0.0000,0.0000,True,True
17.5376,-17.9657,0.8000,-35.0775,0.00990,1.0000,0.0000,0.0000,True,True
17.5460,-17.9624,0.8000,-35.0874,0.01043,1.0000,0.0000,0.0000,True,True
17.5544,-17.9590,0.8000,-35.0978,0.01094,1.0000,0.0000,0.0000,True,True
17.5627,-17.9554,0.8000,-35.1087,0.01147,1.0000,0.0000,0.0000,True,True
17.5710,-17.9516,0.8000,-35.1200,0.01198,1.0000,0.0000,0.0000,True,True
17.5793,-17.9477,0.8000,-35.1319,0.01251,1.0000,0.0000,0.0000,True,True
17.5876,-17.9436,0.8000,-35.1443,0.01302,1.0000,0.0000,0.0000,True,True
17.5961,-17.9393,0.8000,-35.1571,0.01355,1.0000,0.0000,0.0000,True,True
17.6043,-17.9349,0.8000,-35.1705,0.01406,1.0000,0.0000,0.0000,True,True
17.6127,-17.9303,0.8000,-35.1843,0.01459,1.0000,0.0000,0.0000,True,True
17.6210,-17.9256,0.8000,-35.1987,0.01510,1.0000,0.0000,0.0000,True,True
17.6293,-17.9207,0.8000,-35.2135,0.01564,1.0000,0.0000,0.0000,True,True
17.6376,-17.9156,0.8000,-35.2289,0.01614,1.0000,0.0000,0.0000,True,True
17.6460,-17.9104,0.8000,-35.2447,0.01669,1.0000,0.0000,0.0000,True,True
17.6543,-17.9050,0.8000,-35.2610,0.01718,1.0000,0.0000,0.0000,True,True
17.6627,-17.8994,0.8000,-35.2778,0.01772,1.0000,0.0000,0.0000,True,True
17.6710,-17.8937,0.8000,-35.2951,0.01823,1.0000,0.0000,0.0000,True,True
17.6794,-17.8878,0.8000,-35.3130,0.01877,1.0000,0.0000,0.0000,True,True
17.6876,-17.8818,0.8000,-35.3313,0.01927,1.0000,0.0000,0.0000,True,True
17.6960,-17.8755,0.8000,-35.3501,0.01981,1.0000,0.0000,0.0000,True,True
17.7043,-17.8692,0.8000,-35.3694,0.02031,1.0000,0.0000,0.0000,True,True
17.7127,-17.8626,0.8000,-35.3891,0.02085,1.0000,0.0000,0.0000,True,True
17.7210,-17.8559,0.8000,-35.4095,0.02139,1.0000,0.0000,0.0000,True,True
17.7294,-17.8490,0.8000,-35.4302,0.02189,1.0000,0.0000,0.0000,True,True
17.7377,-17.8420,0.8000,-35.4515,0.02239,1.0000,0.0000,0.0000,True,True
17.7460,-17.8348,0.8000,-35.4733,0.02293,1.0000,0.0000,0.0000,True,True
17.7543,-17.8275,0.8000,-35.4955,0.02343,1.0000,0.0000,0.0000,True,True
17.7627,-17.8199,0.8000,-35.5183,0.02397,1.0000,0.0000,0.0000,True,True
17.7710,-17.8123,0.8000,-35.5415,0.02447,1.0000,0.0000,0.0000,True,True
17.7794,-17.8044,0.8000,-35.5653,0.02501,1.0000,0.0000,0.0000,True,True
17.7877,-17.7964,0.8000,-35.5895,0.02551,1.0000,0.0000,0.0000,True,True
17.7961,-17.7882,0.8000,-35.6142,0.02606,1.0000,0.0000,0.0000,True,True
17.8044,-17.7799,0.8000,-35.6394,0.02655,1.0000,0.0000,0.0000,True,True
17.8127,-17.7714,0.8000,-35.6652,0.02710,1.0000,0.0000,0.0000,True,True
17.8210,-17.7627,0.8000,-35.6914,0.02759,1.0000,0.0000,0.0000,True,True
17.8294,-17.7539,0.8000,-35.7181,0.02814,1.0000,0.0000,0.0000,True,True
17.8377,-17.7449,0.8000,-35.7453,0.02863,1.0000,0.0000,0.0000,True,True
17.8460,-17.7357,0.8000,-35.7730,0.02918,1.0000,0.0000,0.0000,True,True
17.8543,-17.7264,0.8000,-35.8011,0.02967,1.0000,0.0000,0.0000,True,True
17.8627,-17.7169,0.8000,-35.8298,0.03022,1.0000,0.0000,0.0000,True,True
17.8710,-17.7073,0.8000,-35.8590,0.03072,1.0000,0.0000,0.0000,True,True
17.8794,-17.6975,0.8000,-35.8887,0.03127,1.0000,0.0000,0.0000,True,True
17.8878,-17.6875,0.8000,-35.9189,0.03184,1.0000,0.0000,0.0000,True,True
17.8961,-17.6773,0.8000,-35.9496,0.03232,1.0000,0.0000,0.0000,True,True
17.9044,-17.6670,0.8000,-35.9807,0.03279,1.0000,0.0000,0.0000,True,True
17.9127,-17.6566,0.8000,-36.0124,0.03335,1.0000,0.0000,0.0000,True,True
17.9210,-17.6459,0.8000,-36.0445,0.03385,1.0000,0.0000,0.0000,True,True
17.9294,-17.6352,0.8000,-36.0772,0.03439,1.0000,0.0000,0.0000,True,True
17.9377,-17.6242,0.8000,-36.1103,0.03487,1.0000,0.0000,0.0000,True,True
17.9461,-17.6131,0.8000,-36.1439,0.03543,1.0000,0.0000,0.0000,True,True
17.9544,-17.6018,0.8000,-36.1780,0.03592,1.0000,0.0000,0.0000,True,True
17.9627,-17.5904,0.8000,-36.2127,0.03647,1.0000,0.0000,0.0000,True,True
17.9710,-17.5788,0.8000,-36.2478,0.03696,1.0000,0.0000,0.0000,True,True
17.9794,-17.5670,0.8000,-36.2834,0.03751,1.0000,0.0000,0.0000,True,True
17.9877,-17.5551,0.8000,-36.3195,0.03800,1.0000,0.0000,0.0000,True,True
17.9961,-17.5429,0.8000,-36.3561,0.03856,1.0000,0.0000,0.0000,True,True
18.0043,-17.5307,0.8000,-36.3931,0.03905,1.0000,0.0000,0.0000,True,True
18.0127,-17.5183,0.8000,-36.4307,0.03960,1.0000,0.0000,0.0000,True,True
18.0210,-17.5057,0.8000,-36.4688,0.04009,1.0000,0.0000,0.0000,True,True
18.0294,-17.4929,0.8000,-36.5074,0.04064,1.0000,0.0000,0.0000,True,True
18.0377,-17.4800,0.8000,-36.5465,0.04114,1.0000,0.0000,0.0000,True,True
18.0461,-17.4669,0.8000,-36.5860,0.04169,1.0000,0.0000,0.0000,True,True
18.0544,-17.4537,0.8000,-36.6261,0.04217,1.0000,0.0000,0.0000,True,True
18.0627,-17.4403,0.8000,-36.6667,0.04273,1.0000,0.0000,0.0000,True,True
18.0710,-17.4267,0.8000,-36.7077,0.04320,1.0000,0.0000,0.0000,True,True
18.0794,-17.4130,0.8000,-36.7492,0.04379,1.0000,0.0000,0.0000,True,True
18.0877,-17.3991,0.8000,-36.7913,0.04425,1.0000,0.0000,0.0000,True,True
18.0961,-17.3850,0.8000,-36.8338,0.04482,1.0000,0.0000,0.0000,True,True
18.1044,-17.3709,0.8000,-36.8765,0.04498,1.0000,0.0000,0.0000,True,True
18.1127,-17.3567,0.8000,-36.9193,0.04503,1.0000,0.0000,0.0000,True,True
18.1210,-17.3426,0.8000,-36.9620,0.04498,1.0000,0.0000,0.0000,True,True
18.1294,-17.3285,0.8000,-37.0047,0.04502,1.0000,0.0000,0.0000,True,True
18.1377,-17.3144,0.8000,-37.0474,0.04498,1.0000,0.0000,0.0000,True,True
18.1461,-17.3002,0.8000,-37.0902,0.04502,1.0000,0.0000,0.0000,True,True
18.1544,-17.2861,0.8000,-37.1329,0.04499,1.0000,0.0000,0.0000,True,True
18.1627,-17.2720,0.8000,-37.1756,0.04502,1.0000,0.0000,0.0000,True,True
18.1711,-17.2579,0.8000,-37.2183,0.04498,1.0000,0.0000,0.0000,True,True
18.1794,-17.2437,0.8000,-37.2611,0.04503,1.0000,0.0000,0.0000,True,True
18.1877,-17.2296,0.8000,-37.3038,0.04498,1.0000,0.0000,0.0000,True,True
18.1961,-17.2155,0.8000,-37.3465,0.04503,1.0000,0.0000,0.0000,True,True
18.2044,-17.2014,0.8000,-37.3892,0.04498,1.0000,0.0000,0.0000,True,True
18.2128,-17.1872,0.8000,-37.4321,0.04510,1.0000,0.0000,0.0000,True,True
18.2211,-17.1731,0.8000,-37.4747,0.04490,1.0000,0.0000,0.0000,True,True
18.2294,-17.1590,0.8000,-37.5174,0.04502,1.0000,0.0000,0.0000,True,True
18.2377,-17.1449,0.8000,-37.5602,0.04498,1.0000,0.0000,0.0000,True,True
18.2461,-17.1307,0.8000,-37.6029,0.04502,1.0000,0.0000,0.0000,True,True
18.2544,-17.1166,0.8000,-37.6456,0.04500,1.0000,0.0000,0.0000,True,True
18.2627,-17.1025,0.8000,-37.6884,0.04501,1.0000,0.0000,0.0000,True,True
18.2710,-17.0884,0.8000,-37.7311,0.04498,1.0000,0.0000,0.0000,True,True
18.2794,-17.0742,0.8000,-37.7738,0.04502,1.0000,0.0000,0.0000,True,True
18.2877,-17.0601,0.8000,-37.8165,0.04499,1.0000,0.0000,0.0000,True,True
18.2961,-17.0460,0.8000,-37.8593,0.04502,1.0000,0.0000,0.0000,True,True
18.3044,-17.0318,0.8000,-37.9020,0.04498,1.0000,0.0000,0.0000,True,True
18.3127,-17.0177,0.8000,-37.9447,0.04502,1.0000,0.0000,0.0000,True,True
18.3210,-17.0036,0.8000,-37.9874,0.04499,1.0000,0.0000,0.0000,True,True
18.3294,-16.9895,0.8000,-38.0302,0.04502,1.0000,0.0000,0.0000,True,True
18.3378,-16.9753,0.8000,-38.0729,0.04499,1.0000,0.0000,0.0000,True,True
18.3461,-16.9612,0.8000,-38.1156,0.04502,1.0000,0.0000,0.0000,True,True
18.3544,-16.9471,0.8000,-38.1583,0.04498,1.0000,0.0000,0.0000,True,True
18.3627,-16.9330,0.8000,-38.2010,0.04498,1.0000,0.0000,0.0000,True,True
18.3711,-16.9190,0.8000,-38.2432,0.04442,1.0000,0.0000,0.0000,True,True
18.3794,-16.9052,0.8000,-38.2849,0.04393,1.0000,0.0000,0.0000,True,True
18.3877,-16.8916,0.8000,-38.3261,0.04338,1.0000,0.0000,0.0000,True,True
18.3961,-16.8782,0.8000,-38.3668,0.04289,1.0000,0.0000,0.0000,True,True
18.4044,-16.8649,0.8000,-38.4070,0.04235,1.0000,0.0000,0.0000,True,True
18.4128,-16.8517,0.8000,-38.4468,0.04186,1.0000,0.0000,0.0000,True,True
18.4210,-16.8388,0.8000,-38.4860,0.04129,1.0000,0.0000,0.0000,True,True
18.4294,-16.8259,0.8000,-38.5247,0.04081,1.0000,0.0000,0.0000,True,True
18.4377,-16.8133,0.8000,-38.5629,0.04025,1.0000,0.0000,0.0000,True,True
18.4461,-16.8008,0.8000,-38.6007,0.03977,1.0000,0.0000,0.0000,True,True
18.4544,-16.7885,0.8000,-38.6379,0.03922,1.0000,0.0000,0.0000,True,True
18.4628,-16.7764,0.8000,-38.6747,0.03873,1.0000,0.0000,0.0000,True,True
18.4711,-16.7644,0.8000,-38.7109,0.03816,1.0000,0.0000,0.0000,True,True
18.4794,-16.7526,0.8000,-38.7467,0.03769,1.0000,0.0000,0.0000,True,True
18.4878,-16.7409,0.8000,-38.7820,0.03714,1.0000,0.0000,0.0000,True,True
18.4962,-16.7294,0.8000,-38.8168,0.03664,1.0000,0.0000,0.0000,True,True
18.5044,-16.7181,0.8000,-38.8511,0.03611,1.0000,0.0000,0.0000,True,True
18.5128,-16.7069,0.8000,-38.8849,0.03560,1.0000,0.0000,0.0000,True,True
18.5211,-16.6959,0.8000,-38.9182,0.03506,1.0000,0.0000,0.0000,True,True
18.5295,-16.6850,0.8000,-38.9510,0.03455,1.0000,0.0000,0.0000,True,True
18.5377,-16.6744,0.8000,-38.9833,0.03402,1.0000,0.0000,0.0000,True,True
18.5461,-16.6638,0.8000,-39.0151,0.03352,1.0000,0.0000,0.0000,True,True
18.5544,-16.6535,0.8000,-39.0464,0.03297,1.0000,0.0000,0.0000,True,True
18.5628,-16.6433,0.8000,-39.0772,0.03247,1.0000,0.0000,0.0000,True,True
18.5711,-16.6333,0.8000,-39.1075,0.03194,1.0000,0.0000,0.0000,True,True
18.5794,-16.6234,0.8000,-39.1374,0.03143,1.0000,0.0000,0.0000,True,True
18.5877,-16.6137,0.8000,-39.1667,0.03089,1.0000,0.0000,0.0000,True,True
18.5961,-16.6042,0.8000,-39.1956,0.03039,1.0000,0.0000,0.0000,True,True
18.6044,-16.5948,0.8000,-39.2239,0.02986,1.0000,0.0000,0.0000,True,True
18.6128,-16.5856,0.8000,-39.2518,0.02935,1.0000,0.0000,0.0000,True,True
18.6210,-16.5765,0.8000,-39.2791,0.02882,1.0000,0.0000,0.0000,True,True
18.6295,-16.5676,0.8000,-39.3060,0.02831,1.0000,0.0000,0.0000,True,True
18.6377,-16.5589,0.8000,-39.3324,0.02777,1.0000,0.0000,0.0000,True,True
18.6461,-16.5504,0.8000,-39.3583,0.02727,1.0000,0.0000,0.0000,True,True
18.6544,-16.5420,0.8000,-39.3837,0.02672,1.0000,0.0000,0.0000,True,True
18.6628,-16.5337,0.8000,-39.4086,0.02624,1.0000,0.0000,0.0000,True,True
18.6711,-16.5257,0.8000,-39.4329,0.02568,1.0000,0.0000,0.0000,True,True
18.6795,-16.5178,0.8000,-39.4569,0.02519,1.0000,0.0000,0.0000,True,True
18.6877,-16.5100,0.8000,-39.4803,0.02464,1.0000,0.0000,0.0000,True,True
18.6961,-16.5025,0.8000,-39.5032,0.02414,1.0000,0.0000,0.0000,True,True
18.7044,-16.4951,0.8000,-39.5256,0.02360,1.0000,0.0000,0.0000,True,True
18.7128,-16.4878,0.8000,-39.5475,0.02310,1.0000,0.0000,0.0000,True,True
18.7211,-16.4807,0.8000,-39.5689,0.02256,1.0000,0.0000,0.0000,True,True
18.7294,-16.4738,0.8000,-39.5899,0.02205,1.0000,0.0000,0.0000,True,True
18.7377,-16.4670,0.8000,-39.6103,0.02152,1.0000,0.0000,0.0000,True,True
18.7461,-16.4604,0.8000,-39.6303,0.02101,1.0000,0.0000,0.0000,True,True
18.7544,-16.4540,0.8000,-39.6497,0.02047,1.0000,0.0000,0.0000,True,True
18.7628,-16.4477,0.8000,-39.6687,0.01997,1.0000,0.0000,0.0000,True,True
18.7712,-16.4416,0.8000,-39.6872,0.01956,1.0000,0.0000,0.0000,True,True
18.7795,-16.4357,0.8000,-39.7052,0.01892,1.0000,0.0000,0.0000,True,True
18.7878,-16.4299,0.8000,-39.7226,0.01839,1.0000,0.0000,0.0000,True,True
18.7962,-16.4243,0.8000,-39.7396,0.01789,1.0000,0.0000,0.0000,True,True
18.8044,-16.4188,0.8000,-39.7561,0.01735,1.0000,0.0000,0.0000,True,True
18.8128,-16.4136,0.8000,-39.7721,0.01684,1.0000,0.0000,0.0000,True,True
18.8211,-16.4084,0.8000,-39.7876,0.01631,1.0000,0.0000,0.0000,True,True
18.8295,-16.4035,0.8000,-39.8026,0.01580,1.0000,0.0000,0.0000,True,True
18.8378,-16.3987,0.8000,-39.8171,0.01526,1.0000,0.0000,0.0000,True,True
18.8462,-16.3940,0.8000,-39.8311,0.01476,1.0000,0.0000,0.0000,True,True
18.8545,-16.3896,0.8000,-39.8446,0.01423,1.0000,0.0000,0.0000,True,True
18.8628,-16.3853,0.8000,-39.8576,0.01372,1.0000,0.0000,0.0000,True,True
18.8711,-16.3811,0.8000,-39.8701,0.01318,1.0000,0.0000,0.0000,True,True
18.8795,-16.3772,0.8000,-39.8822,0.01267,1.0000,0.0000,0.0000,True,True
18.8878,-16.3733,0.8000,-39.8937,0.01214,1.0000,0.0000,0.0000,True,True
18.8962,-16.3697,0.8000,-39.9047,0.01163,1.0000,0.0000,0.0000,True,True
18.9045,-16.3662,0.8000,-39.9153,0.01110,1.0000,0.0000,0.0000,True,True
18.9129,-16.3629,0.8000,-39.9253,0.01059,1.0000,0.0000,0.0000,True,True
18.9211,-16.3597,0.8000,-39.9349,0.01006,1.0000,0.0000,0.0000,True,True
18.9295,-16.3567,0.8000,-39.9439,0.00955,1.0000,0.0000,0.0000,True,True
18.9378,-16.3539,0.8000,-39.9525,0.00902,1.0000,0.0000,0.0000,True,True
18.9462,-16.3512,0.8000,-39.9606,0.00852,1.0000,0.0000,0.0000,True,True
18.9545,-16.3487,0.8000,-39.9683,0.00815,1.0000,0.0000,0.0000,True,True
18.9628,-16.3462,0.8000,-39.9758,0.00783,1.0000,0.0000,0.0000,True,True
18.9711,-16.3438,0.8000,-39.9829,0.00755,1.0000,0.0000,0.0000,True,True
18.9795,-16.3438,0.8000,-39.9829,0.00000,1.0000,0.0000,0.0000,True,True
18.9878,-16.3433,0.8000,-39.9830,0.00052,1.0000,0.0000,0.0000,True,True
18.9962,-16.3423,0.8000,-39.9831,0.00104,1.0000,0.0000,0.0000,True,True
19.0044,-16.3408,0.8000,-39.9834,0.00156,1.0000,0.0000,0.0000,True,True
19.0128,-16.3387,0.8000,-39.9837,0.00208,1.0000,0.0000,0.0000,True,True
19.0211,-16.3361,0.8000,-39.9841,0.00260,1.0000,0.0000,0.0000,True,True
19.0296,-16.3330,0.8000,-39.9845,0.00312,1.0000,0.0000,0.0000,True,True
19.0378,-16.3294,0.8000,-39.9850,0.00364,1.0000,0.0000,0.0000,True,True
19.0462,-16.3253,0.8000,-39.9857,0.00416,1.0000,0.0000,0.0000,True,True
19.0545,-16.3207,0.8000,-39.9863,0.00468,1.0000,0.0000,0.0000,True,True
19.0628,-16.3155,0.8000,-39.9871,0.00521,1.0000,0.0000,0.0000,True,True
19.0712,-16.3099,0.8000,-39.9879,0.00572,1.0000,0.0000,0.0000,True,True
19.0795,-16.3037,0.8000,-39.9888,0.00625,1.0000,0.0000,0.0000,True,True
19.0878,-16.2970,0.8000,-39.9898,0.00677,1.0000,0.0000,0.0000,True,True
19.0962,-16.2898,0.8000,-39.9909,0.00729,1.0000,0.0000,0.0000,True,True
19.1045,-16.2820,0.8000,-39.9920,0.00781,1.0000,0.0000,0.0000,True,True
19.1128,-16.2738,0.8000,-39.9932,0.00834,1.0000,0.0000,0.0000,True,True
19.1211,-16.2650,0.8000,-39.9945,0.00885,1.0000,0.0000,0.0000,True,True
19.1295,-16.2558,0.8000,-39.9959,0.00938,1.0000,0.0000,0.0000,True,True
19.1378,-16.2460,0.8000,-39.9973,0.00989,1.0000,0.0000,0.0000,True,True
19.1462,-16.2357,0.8000,-39.9989,0.01042,1.0000,0.0000,0.0000,True,True
19.1545,-16.2248,0.8000,-40.0005,0.01093,1.0000,0.0000,0.0000,True,True
19.1628,-16.2135,0.8000,-40.0021,0.01147,1.0000,0.0000,0.0000,True,True
19.1711,-16.2017,0.8000,-40.0039,0.01197,1.0000,0.0000,0.0000,True,True
19.1795,-16.1893,0.8000,-40.0057,0.01251,1.0000,0.0000,0.0000,True,True
19.1878,-16.1764,0.8000,-40.0076,0.01301,1.0000,0.0000,0.0000,True,True
19.1962,-16.1630,0.8000,-40.0096,0.01355,1.0000,0.0000,0.0000,True,True
19.2045,-16.1491,0.8000,-40.0116,0.01405,1.0000,0.0000,0.0000,True,True
19.2129,-16.1347,0.8000,-40.0138,0.01459,1.0000,0.0000,0.0000,True,True
19.2211,-16.1197,0.8000,-40.0160,0.01509,1.0000,0.0000,0.0000,True,True
19.2295,-16.1043,0.8000,-40.0182,0.01563,1.0000,0.0000,0.0000,True,True
19.2378,-16.0883,0.8000,-40.0206,0.01614,1.0000,0.0000,0.0000,True,True
19.2462,-16.0718,0.8000,-40.0230,0.01668,1.0000,0.0000,0.0000,True,True
19.2545,-16.0548,0.8000,-40.0255,0.01717,1.0000,0.0000,0.0000,True,True
19.2628,-16.0373,0.8000,-40.0281,0.01772,1.0000,0.0000,0.0000,True,True
19.2711,-16.0193,0.8000,-40.0308,0.01822,1.0000,0.0000,0.0000,True,True
19.2795,-16.0007,0.8000,-40.0335,0.01876,1.0000,0.0000,0.0000,True,True
19.2878,-15.9817,0.8000,-40.0363,0.01926,1.0000,0.0000,0.0000,True,True
19.2962,-15.9621,0.8000,-40.0392,0.01980,1.0000,0.0000,0.0000,True,True
19.3045,-15.9420,0.8000,-40.0421,0.02030,1.0000,0.0000,0.0000,True,True
19.3128,-15.9214,0.8000,-40.0452,0.02084,1.0000,0.0000,0.0000,True,True
19.3211,-15.9003,0.8000,-40.0483,0.02134,1.0000,0.0000,0.0000,True,True
19.3295,-15.8786,0.8000,-40.0515,0.02188,1.0000,0.0000,0.0000,True,True
19.3378,-15.8565,0.8000,-40.0548,0.02238,1.0000,0.0000,0.0000,True,True
19.3462,-15.8338,0.8000,-40.0581,0.02292,1.0000,0.0000,0.0000,True,True
19.3545,-15.8106,0.8000,-40.0615,0.02344,1.0000,0.0000,0.0000,True,True
19.3629,-15.7869,0.8000,-40.0650,0.02396,1.0000,0.0000,0.0000,True,True
19.3712,-15.7627,0.8000,-40.0686,0.02447,1.0000,0.0000,0.0000,True,True
19.3795,-15.7380,0.8000,-40.0722,0.02501,1.0000,0.0000,0.0000,True,True
19.3878,-15.7127,0.8000,-40.0759,0.02550,1.0000,0.0000,0.0000,True,True
19.3962,-15.6870,0.8000,-40.0797,0.02605,1.0000,0.0000,0.0000,True,True
19.4045,-15.6607,0.8000,-40.0836,0.02655,1.0000,0.0000,0.0000,True,True
19.4129,-15.6339,0.8000,-40.0876,0.02709,1.0000,0.0000,0.0000,True,True
19.4211,-15.6066,0.8000,-40.0916,0.02758,1.0000,0.0000,0.0000,True,True
19.4295,-15.5788,0.8000,-40.0957,0.02813,1.0000,0.0000,0.0000,True,True
19.4378,-15.5504,0.8000,-40.0999,0.02863,1.0000,0.0000,0.0000,True,True
19.4462,-15.5216,0.8000,-40.1041,0.02918,1.0000,0.0000,0.0000,True,True
19.4545,-15.4922,0.8000,-40.1084,0.02967,1.0000,0.0000,0.0000,True,True
19.4629,-15.4623,0.8000,-40.1128,0.03022,1.0000,0.0000,0.0000,True,True
19.4712,-15.4319,0.8000,-40.1173,0.03071,1.0000,0.0000,0.0000,True,True
19.4796,-15.4010,0.8000,-40.1219,0.03126,1.0000,0.0000,0.0000,True,True
19.4878,-15.3696,0.8000,-40.1265,0.03175,1.0000,0.0000,0.0000,True,True
19.4962,-15.3376,0.8000,-40.1312,0.03231,1.0000,0.0000,0.0000,True,True
19.5045,-15.3052,0.8000,-40.1360,0.03279,1.0000,0.0000,0.0000,True,True
19.5129,-15.2722,0.8000,-40.1409,0.03335,1.0000,0.0000,0.0000,True,True
19.5212,-15.2387,0.8000,-40.1458,0.03383,1.0000,0.0000,0.0000,True,True
19.5295,-15.2047,0.8000,-40.1508,0.03439,1.0000,0.0000,0.0000,True,True
19.5378,-15.1702,0.8000,-40.1559,0.03488,1.0000,0.0000,0.0000,True,True
19.5462,-15.1352,0.8000,-40.1611,0.03543,1.0000,0.0000,0.0000,True,True
19.5545,-15.0996,0.8000,-40.1663,0.03591,1.0000,0.0000,0.0000,True,True
19.5628,-15.0635,0.8000,-40.1716,0.03648,1.0000,0.0000,0.0000,True,True
19.5712,-15.0270,0.8000,-40.1770,0.03696,1.0000,0.0000,0.0000,True,True
19.5795,-14.9899,0.8000,-40.1825,0.03751,1.0000,0.0000,0.0000,True,True
19.5878,-14.9523,0.8000,-40.1880,0.03800,1.0000,0.0000,0.0000,True,True
19.5962,-14.9141,0.8000,-40.1936,0.03855,1.0000,0.0000,0.0000,True,True
19.6045,-14.8754,0.8000,-40.1994,0.03916,1.0000,0.0000,0.0000,True,True
19.6129,-14.8362,0.8000,-40.2051,0.03958,1.0000,0.0000,0.0000,True,True
19.6212,-14.7966,0.8000,-40.2110,0.04009,1.0000,0.0000,0.0000,True,True
19.6296,-14.7564,0.8000,-40.2169,0.04064,1.0000,0.0000,0.0000,True,True
19.6378,-14.7157,0.8000,-40.2229,0.04113,1.0000,0.0000,0.0000,True,True
19.6462,-14.6744,0.8000,-40.2290,0.04169,1.0000,0.0000,0.0000,True,True
19.6545,-14.6327,0.8000,-40.2351,0.04217,1.0000,0.0000,0.0000,True,True
19.6629,-14.5904,0.8000,-40.2413,0.04273,1.0000,0.0000,0.0000,True,True
19.6712,-14.5477,0.8000,-40.2476,0.04321,1.0000,0.0000,0.0000,True,True
19.6795,-14.5044,0.8000,-40.2540,0.04379,1.0000,0.0000,0.0000,True,True
19.6878,-14.4606,0.8000,-40.2605,0.04424,1.0000,0.0000,0.0000,True,True
19.6962,-14.4163,0.8000,-40.2670,0.04482,1.0000,0.0000,0.0000,True,True
19.7045,-14.3718,0.8000,-40.2736,0.04498,1.0000,0.0000,0.0000,True,True
19.7129,-14.3272,0.8000,-40.2801,0.04503,1.0000,0.0000,0.0000,True,True
19.7212,-14.2827,0.8000,-40.2867,0.04497,1.0000,0.0000,0.0000,True,True
19.7296,-14.2382,0.8000,-40.2933,0.04503,1.0000,0.0000,0.0000,True,True
19.7378,-14.1937,0.8000,-40.2998,0.04497,1.0000,0.0000,0.0000,True,True
19.7462,-14.1491,0.8000,-40.3064,0.04503,1.0000,0.0000,0.0000,True,True
19.7545,-14.1046,0.8000,-40.3129,0.04497,1.0000,0.0000,0.0000,True,True
19.7629,-14.0601,0.8000,-40.3195,0.04503,1.0000,0.0000,0.0000,True,True
19.7711,-14.0156,0.8000,-40.3261,0.04497,1.0000,0.0000,0.0000,True,True
19.7795,-13.9711,0.8000,-40.3326,0.04502,1.0000,0.0000,0.0000,True,True
19.7879,-13.9266,0.8000,-40.3392,0.04498,1.0000,0.0000,0.0000,True,True
19.7962,-13.8820,0.8000,-40.3458,0.04503,1.0000,0.0000,0.0000,True,True
19.8045,-13.8375,0.8000,-40.3523,0.04498,1.0000,0.0000,0.0000,True,True
19.8129,-13.7930,0.8000,-40.3589,0.04503,1.0000,0.0000,0.0000,True,True
19.8212,-13.7485,0.8000,-40.3654,0.04497,1.0000,0.0000,0.0000,True,True
19.8296,-13.7039,0.8000,-40.3720,0.04502,1.0000,0.0000,0.0000,True,True
19.8378,-13.6594,0.8000,-40.3786,0.04498,1.0000,0.0000,0.0000,True,True
19.8462,-13.6149,0.8000,-40.3851,0.04502,1.0000,0.0000,0.0000,True,True
19.8545,-13.5704,0.8000,-40.3917,0.04498,1.0000,0.0000,0.0000,True,True
19.8629,-13.5258,0.8000,-40.3982,0.04503,1.0000,0.0000,0.0000,True,True
19.8712,-13.4814,0.8000,-40.4048,0.04497,1.0000,0.0000,0.0000,True,True
19.8795,-13.4368,0.8000,-40.4114,0.04503,1.0000,0.0000,0.0000,True,True
19.8879,-13.3923,0.8000,-40.4179,0.04498,1.0000,0.0000,0.0000,True,True
19.8962,-13.3478,0.8000,-40.4245,0.04502,1.0000,0.0000,0.0000,True,True
19.9045,-13.3033,0.8000,-40.4310,0.04498,1.0000,0.0000,0.0000,True,True
19.9129,-13.2587,0.8000,-40.4376,0.04503,1.0000,0.0000,0.0000,True,True
19.9212,-13.2142,0.8000,-40.4442,0.04498,1.0000,0.0000,0.0000,True,True
19.9296,-13.1697,0.8000,-40.4507,0.04502,1.0000,0.0000,0.0000,True,True
19.9378,-13.1252,0.8000,-40.4573,0.04498,1.0000,0.0000,0.0000,True,True
19.9462,-13.0807,0.8000,-40.4639,0.04502,1.0000,0.0000,0.0000,True,True
19.9545,-13.0361,0.8000,-40.4704,0.04499,1.0000,0.0000,0.0000,True,True
19.9629,-12.9916,0.8000,-40.4770,0.04502,1.0000,0.0000,0.0000,True,True
19.9712,-12.9471,0.8000,-40.4835,0.04497,1.0000,0.0000,0.0000,True,True
19.9796,-12.9026,0.8000,-40.4901,0.04503,1.0000,0.0000,0.0000,True,True
19.9878,-12.8581,0.8000,-40.4967,0.04498,1.0000,0.0000,0.0000,True,True
19.9962,-12.8135,0.8000,-40.5032,0.04503,1.0000,0.0000,0.0000,True,True
20.0045,-12.7690,0.8000,-40.5098,0.04499,1.0000,0.0000,0.0000,True,True
20.0129,-12.7245,0.8000,-40.5164,0.04502,1.0000,0.0000,0.0000,True,True
20.0212,-12.6800,0.8000,-40.5229,0.04498,1.0000,0.0000,0.0000,True,True
20.0296,-12.6354,0.8000,-40.5295,0.04502,1.0000,0.0000,0.0000,True,True
20.0378,-12.5910,0.8000,-40.5360,0.04497,1.0000,0.0000,0.0000,True,True
20.0462,-12.5464,0.8000,-40.5426,0.04503,1.0000,0.0000,0.0000,True,True
20.0545,-12.5019,0.8000,-40.5492,0.04498,1.0000,0.0000,0.0000,True,True
20.0629,-12.4572,0.8000,-40.5557,0.04516,1.0000,0.0000,0.0000,True,True
20.0714,-12.4127,0.8000,-40.5623,0.04498,1.0000,0.0000,0.0000,True,True
20.0796,-12.3682,0.8000,-40.5689,0.04503,1.0000,0.0000,0.0000,True,True
20.0879,-12.3237,0.8000,-40.5754,0.04500,1.0000,0.0000,0.0000,True,True
20.0963,-12.2791,0.8000,-40.5820,0.04501,1.0000,0.0000,0.0000,True,True
20.1046,-12.2346,0.8000,-40.5886,0.04499,1.0000,0.0000,0.0000,True,True
20.1130,-12.1900,0.8000,-40.5951,0.04512,1.0000,0.0000,0.0000,True,True
20.1213,-12.1455,0.8000,-40.6017,0.04500,1.0000,0.0000,0.0000,True,True
20.1296,-12.1009,0.8000,-40.6083,0.04501,1.0000,0.0000,0.0000,True,True
20.1379,-12.0564,0.8000,-40.6148,0.04499,1.0000,0.0000,0.0000,True,True
20.1463,-12.0119,0.8000,-40.6214,0.04501,1.0000,0.0000,0.0000,True,True
20.1546,-11.9674,0.8000,-40.6279,0.04500,1.0000,0.0000,0.0000,True,True
20.1631,-11.9228,0.8000,-40.6345,0.04502,1.0000,0.0000,0.0000,True,True
20.1713,-11.8783,0.8000,-40.6411,0.04499,1.0000,0.0000,0.0000,True,True
20.1796,-11.8338,0.8000,-40.6476,0.04500,1.0000,0.0000,0.0000,True,True
20.1879,-11.7893,0.8000,-40.6542,0.04498,1.0000,0.0000,0.0000,True,True
20.1963,-11.7448,0.8000,-40.6608,0.04502,1.0000,0.0000,0.0000,True,True
20.2046,-11.7003,0.8000,-40.6673,0.04499,1.0000,0.0000,0.0000,True,True
20.2130,-11.6557,0.8000,-40.6739,0.04502,1.0000,0.0000,0.0000,True,True
20.2213,-11.6112,0.8000,-40.6804,0.04498,1.0000,0.0000,0.0000,True,True
20.2296,-11.5667,0.8000,-40.6870,0.04502,1.0000,0.0000,0.0000,True,True
20.2379,-11.5222,0.8000,-40.6936,0.04498,1.0000,0.0000,0.0000,True,True
20.2463,-11.4776,0.8000,-40.7001,0.04503,1.0000,0.0000,0.0000,True,True
20.2546,-11.4331,0.8000,-40.7067,0.04498,1.0000,0.0000,0.0000,True,True
20.2629,-11.3886,0.8000,-40.7132,0.04502,1.0000,0.0000,0.0000,True,True
20.2712,-11.3441,0.8000,-40.7198,0.04498,1.0000,0.0000,0.0000,True,True
20.2796,-11.2996,0.8000,-40.7264,0.04502,1.0000,0.0000,0.0000,True,True
20.2879,-11.2551,0.8000,-40.7329,0.04498,1.0000,0.0000,0.0000,True,True
20.2963,-11.2105,0.8000,-40.7395,0.04503,1.0000,0.0000,0.0000,True,True
20.3046,-11.1660,0.8000,-40.7461,0.04497,1.0000,0.0000,0.0000,True,True
20.3129,-11.1215,0.8000,-40.7526,0.04503,1.0000,0.0000,0.0000,True,True
20.3212,-11.0770,0.8000,-40.7592,0.04498,1.0000,0.0000,0.0000,True,True
20.3296,-11.0324,0.8000,-40.7657,0.04503,1.0000,0.0000,0.0000,True,True
20.3379,-10.9879,0.8000,-40.7723,0.04498,1.0000,0.0000,0.0000,True,True
20.3463,-10.9434,0.8000,-40.7789,0.04503,1.0000,0.0000,0.0000,True,True
20.3546,-10.8989,0.8000,-40.7854,0.04499,1.0000,0.0000,0.0000,True,True
20.3629,-10.8544,0.8000,-40.7920,0.04501,1.0000,0.0000,0.0000,True,True
20.3713,-10.8098,0.8000,-40.7986,0.04500,1.0000,0.0000,0.0000,True,True
20.3796,-10.7742,0.8000,-40.8258,0.04486,1.0000,0.0000,0.0000,True,True
20.3879,-10.7428,0.8000,-40.8572,0.04434,1.0000,0.0000,0.0000,True,True
20.3963,-10.7118,0.8000,-40.8882,0.04385,1.0000,0.0000,0.0000,True,True
20.4046,-10.6812,0.8000,-40.9188,0.04328,1.0000,0.0000,0.0000,True,True
20.4130,-10.6510,0.8000,-40.9490,0.04280,1.0000,0.0000,0.0000,True,True
20.4213,-10.6211,0.8000,-40.9789,0.04225,1.0000,0.0000,0.0000,True,True
20.4296,-10.5916,0.8000,-41.0084,0.04176,1.0000,0.0000,0.0000,True,True
20.4379,-10.5624,0.8000,-41.0376,0.04120,1.0000,0.0000,0.0000,True,True
20.4463,-10.5331,0.8000,-41.0669,0.04155,1.0000,0.0000,0.0000,True,True
20.4546,-10.5033,0.8000,-41.0967,0.04204,1.0000,0.0000,0.0000,True,True
20.4630,-10.4732,0.8000,-41.1268,0.04260,1.0000,0.0000,0.0000,True,True
20.4713,-10.4428,0.8000,-41.1572,0.04307,1.0000,0.0000,0.0000,True,True
20.4796,-10.4119,0.8000,-41.1881,0.04364,1.0000,0.0000,0.0000,True,True
20.4879,-10.3807,0.8000,-41.2193,0.04411,1.0000,0.0000,0.0000,True,True
20.4963,-10.3491,0.8000,-41.2509,0.04469,1.0000,0.0000,0.0000,True,True
20.5046,-10.3180,0.8000,-41.2833,0.04487,1.0000,0.0000,0.0000,True,True
20.5130,-10.2949,0.8000,-41.3212,0.04442,1.0000,0.0000,0.0000,True,True
20.5212,-10.2721,0.8000,-41.3586,0.04384,1.0000,0.0000,0.0000,True,True
20.5296,-10.2495,0.8000,-41.3957,0.04338,1.0000,0.0000,0.0000,True,True
20.5379,-10.2268,0.8000,-41.4330,0.04373,1.0000,0.0000,0.0000,True,True
20.5463,-10.2037,0.8000,-41.4708,0.04430,1.0000,0.0000,0.0000,True,True
20.5546,-10.1804,0.8000,-41.5091,0.04476,1.0000,0.0000,0.0000,True,True
20.5629,-10.1570,0.8000,-41.5475,0.04503,1.0000,0.0000,0.0000,True,True
20.5713,-10.1336,0.8000,-41.5859,0.04498,1.0000,0.0000,0.0000,True,True
20.5796,-10.1102,0.8000,-41.6244,0.04502,1.0000,0.0000,0.0000,True,True
20.5879,-10.0868,0.8000,-41.6628,0.04498,1.0000,0.0000,0.0000,True,True
20.5963,-10.0633,0.8000,-41.7012,0.04501,1.0000,0.0000,0.0000,True,True
20.6046,-10.0399,0.8000,-41.7397,0.04502,1.0000,0.0000,0.0000,True,True
20.6130,-10.0165,0.8000,-41.7781,0.04502,1.0000,0.0000,0.0000,True,True
20.6213,-9.9931,0.8000,-41.8165,0.04499,1.0000,0.0000,0.0000,True,True
20.6297,-9.9695,0.8000,-41.8552,0.04527,1.0000,0.0000,0.0000,True,True
20.6380,-9.9461,0.8000,-41.8936,0.04497,1.0000,0.0000,0.0000,True,True
20.6465,-9.9223,0.8000,-41.9326,0.04573,1.0000,0.0000,0.0000,True,True
20.6548,-9.8989,0.8000,-41.9711,0.04498,1.0000,0.0000,0.0000,True,True
20.6632,-9.8755,0.8000,-42.0095,0.04502,1.0000,0.0000,0.0000,True,True
20.6714,-9.8521,0.8000,-42.0479,0.04497,1.0000,0.0000,0.0000,True,True
20.6798,-9.8287,0.8000,-42.0864,0.04504,1.0000,0.0000,0.0000,True,True
20.6881,-9.8053,0.8000,-42.1248,0.04497,1.0000,0.0000,0.0000,True,True
20.6966,-9.7818,0.8000,-42.1632,0.04502,1.0000,0.0000,0.0000,True,True
20.7048,-9.7584,0.8000,-42.2016,0.04500,1.0000,0.0000,0.0000,True,True
20.7132,-9.7350,0.8000,-42.2401,0.04502,1.0000,0.0000,0.0000,True,True
20.7215,-9.7116,0.8000,-42.2785,0.04500,1.0000,0.0000,0.0000,True,True
20.7298,-9.6882,0.8000,-42.3169,0.04499,1.0000,0.0000,0.0000,True,True
20.7381,-9.6648,0.8000,-42.3553,0.04499,1.0000,0.0000,0.0000,True,True
20.7465,-9.6413,0.8000,-42.3938,0.04502,1.0000,0.0000,0.0000,True,True
20.7548,-9.6179,0.8000,-42.4322,0.04500,1.0000,0.0000,0.0000,True,True
20.7631,-9.5945,0.8000,-42.4707,0.04501,1.0000,0.0000,0.0000,True,True
20.7715,-9.5711,0.8000,-42.5091,0.04498,1.0000,0.0000,0.0000,True,True
20.7798,-9.5477,0.8000,-42.5475,0.04501,1.0000,0.0000,0.0000,True,True
20.7881,-9.5243,0.8000,-42.5859,0.04497,1.0000,0.0000,0.0000,True,True
20.7965,-9.5008,0.8000,-42.6244,0.04504,1.0000,0.0000,0.0000,True,True
20.8047,-9.4774,0.8000,-42.6628,0.04497,1.0000,0.0000,0.0000,True,True
20.8132,-9.4540,0.8000,-42.7012,0.04502,1.0000,0.0000,0.0000,True,True
20.8214,-9.4306,0.8000,-42.7396,0.04498,1.0000,0.0000,0.0000,True,True
20.8298,-9.4072,0.8000,-42.7781,0.04503,1.0000,0.0000,0.0000,True,True
20.8381,-9.3838,0.8000,-42.8165,0.04497,1.0000,0.0000,0.0000,True,True
20.8465,-9.3603,0.8000,-42.8549,0.04502,1.0000,0.0000,0.0000,True,True
20.8548,-9.3369,0.8000,-42.8934,0.04498,1.0000,0.0000,0.0000,True,True
20.8632,-9.3135,0.8000,-42.9318,0.04502,1.0000,0.0000,0.0000,True,True
20.8715,-9.2901,0.8000,-42.9702,0.04498,1.0000,0.0000,0.0000,True,True
20.8798,-9.2667,0.8000,-43.0087,0.04502,1.0000,0.0000,0.0000,True,True
20.8881,-9.2433,0.8000,-43.0471,0.04498,1.0000,0.0000,0.0000,True,True
20.8965,-9.2198,0.8000,-43.0855,0.04502,1.0000,0.0000,0.0000,True,True
20.9048,-9.1964,0.8000,-43.1239,0.04498,1.0000,0.0000,0.0000,True,True
20.9132,-9.1730,0.8000,-43.1624,0.04502,1.0000,0.0000,0.0000,True,True
20.9215,-9.1496,0.8000,-43.2008,0.04498,1.0000,0.0000,0.0000,True,True
20.9299,-9.1262,0.8000,-43.2392,0.04502,1.0000,0.0000,0.0000,True,True
20.9381,-9.1028,0.8000,-43.2777,0.04498,1.0000,0.0000,0.0000,True,True
20.9465,-9.0793,0.8000,-43.3161,0.04503,1.0000,0.0000,0.0000,True,True
20.9548,-9.0559,0.8000,-43.3545,0.04498,1.0000,0.0000,0.0000,True,True
20.9632,-9.0326,0.8000,-43.3928,0.04483,1.0000,0.0000,0.0000,True,True
20.9715,-9.0096,0.8000,-43.4306,0.04427,1.0000,0.0000,0.0000,True,True
20.9798,-8.9868,0.8000,-43.4680,0.04378,1.0000,0.0000,0.0000,True,True
20.9882,-8.9643,0.8000,-43.5049,0.04323,1.0000,0.0000,0.0000,True,True
20.9965,-8.9421,0.8000,-43.5414,0.04275,1.0000,0.0000,0.0000,True,True
21.0048,-8.9201,0.8000,-43.5774,0.04218,1.0000,0.0000,0.0000,True,True
21.0132,-8.8984,0.8000,-43.6130,0.04170,1.0000,0.0000,0.0000,True,True
21.0215,-8.8770,0.8000,-43.6482,0.04115,1.0000,0.0000,0.0000,True,True
21.0299,-8.8558,0.8000,-43.6829,0.04065,1.0000,0.0000,0.0000,True,True
21.0381,-8.8350,0.8000,-43.7171,0.04011,1.0000,0.0000,0.0000,True,True
21.0465,-8.8144,0.8000,-43.7510,0.03962,1.0000,0.0000,0.0000,True,True
21.0548,-8.7940,0.8000,-43.7843,0.03906,1.0000,0.0000,0.0000,True,True
21.0632,-8.7740,0.8000,-43.8173,0.03857,1.0000,0.0000,0.0000,True,True
21.0715,-8.7542,0.8000,-43.8497,0.03802,1.0000,0.0000,0.0000,True,True
21.0799,-8.7346,0.8000,-43.8818,0.03754,1.0000,0.0000,0.0000,True,True
21.0881,-8.7154,0.8000,-43.9134,0.03698,1.0000,0.0000,0.0000,True,True
21.0965,-8.6964,0.8000,-43.9446,0.03656,1.0000,0.0000,0.0000,True,True
21.1048,-8.6777,0.8000,-43.9752,0.03587,1.0000,0.0000,0.0000,True,True
21.1132,-8.6593,0.8000,-44.0055,0.03544,1.0000,0.0000,0.0000,True,True
21.1214,-8.6411,0.8000,-44.0353,0.03490,1.0000,0.0000,0.0000,True,True
21.1298,-8.6232,0.8000,-44.0647,0.03441,1.0000,0.0000,0.0000,True,True
21.1381,-8.6056,0.8000,-44.0936,0.03385,1.0000,0.0000,0.0000,True,True
21.1465,-8.5882,0.8000,-44.1221,0.03336,1.0000,0.0000,0.0000,True,True
21.1548,-8.5712,0.8000,-44.1501,0.03281,1.0000,0.0000,0.0000,True,True
21.1632,-8.5543,0.8000,-44.1777,0.03233,1.0000,0.0000,0.0000,True,True
21.1714,-8.5378,0.8000,-44.2048,0.03176,1.0000,0.0000,0.0000,True,True
21.1798,-8.5215,0.8000,-44.2315,0.03128,1.0000,0.0000,0.0000,True,True
21.1881,-8.5055,0.8000,-44.2578,0.03073,1.0000,0.0000,0.0000,True,True
21.1965,-8.4898,0.8000,-44.2836,0.03023,1.0000,0.0000,0.0000,True,True
21.2048,-8.4744,0.8000,-44.3089,0.02968,1.0000,0.0000,0.0000,True,True
21.2132,-8.4592,0.8000,-44.3339,0.02919,1.0000,0.0000,0.0000,True,True
21.2215,-8.4443,0.8000,-44.3583,0.02865,1.0000,0.0000,0.0000,True,True
21.2299,-8.4295,0.8000,-44.3826,0.02840,1.0000,0.0000,0.0000,True,True
21.2382,-8.4151,0.8000,-44.4061,0.02759,1.0000,0.0000,0.0000,True,True
21.2466,-8.4010,0.8000,-44.4293,0.02710,1.0000,0.0000,0.0000,True,True
21.2549,-8.3872,0.8000,-44.4520,0.02656,1.0000,0.0000,0.0000,True,True
21.2632,-8.3737,0.8000,-44.4742,0.02606,1.0000,0.0000,0.0000,True,True
21.2715,-8.3604,0.8000,-44.4960,0.02551,1.0000,0.0000,0.0000,True,True
21.2799,-8.3474,0.8000,-44.5174,0.02502,1.0000,0.0000,0.0000,True,True
21.2882,-8.3346,0.8000,-44.5383,0.02447,1.0000,0.0000,0.0000,True,True
21.2966,-8.3222,0.8000,-44.5587,0.02397,1.0000,0.0000,0.0000,True,True
21.3049,-8.3100,0.8000,-44.5787,0.02343,1.0000,0.0000,0.0000,True,True
21.3133,-8.2980,0.8000,-44.5983,0.02292,1.0000,0.0000,0.0000,True,True
21.3215,-8.2864,0.8000,-44.6174,0.02239,1.0000,0.0000,0.0000,True,True
21.3299,-8.2750,0.8000,-44.6361,0.02188,1.0000,0.0000,0.0000,True,True
21.3382,-8.2639,0.8000,-44.6543,0.02135,1.0000,0.0000,0.0000,True,True
21.3466,-8.2531,0.8000,-44.6721,0.02084,1.0000,0.0000,0.0000,True,True
21.3549,-8.2425,0.8000,-44.6895,0.02030,1.0000,0.0000,0.0000,True,True
21.3635,-8.2322,0.8000,-44.7064,0.01983,1.0000,0.0000,0.0000,True,True
21.3716,-8.2222,0.8000,-44.7229,0.01926,1.0000,0.0000,0.0000,True,True
21.3800,-8.2124,0.8000,-44.7389,0.01875,1.0000,0.0000,0.0000,True,True
21.3882,-8.2029,0.8000,-44.7544,0.01822,1.0000,0.0000,0.0000,True,True
21.3966,-8.1937,0.8000,-44.7696,0.01772,1.0000,0.0000,0.0000,True,True
21.4049,-8.1848,0.8000,-44.7842,0.01718,1.0000,0.0000,0.0000,True,True
21.4133,-8.1761,0.8000,-44.7985,0.01667,1.0000,0.0000,0.0000,True,True
21.4216,-8.1677,0.8000,-44.8123,0.01614,1.0000,0.0000,0.0000,True,True
21.4299,-8.1596,0.8000,-44.8256,0.01562,1.0000,0.0000,0.0000,True,True
21.4382,-8.1517,0.8000,-44.8385,0.01509,1.0000,0.0000,0.0000,True,True
21.4466,-8.1441,0.8000,-44.8509,0.01459,1.0000,0.0000,0.0000,True,True
21.4549,-8.1368,0.8000,-44.8629,0.01405,1.0000,0.0000,0.0000,True,True
21.4632,-8.1298,0.8000,-44.8745,0.01354,1.0000,0.0000,0.0000,True,True
21.4716,-8.1230,0.8000,-44.8856,0.01301,1.0000,0.0000,0.0000,True,True
21.4799,-8.1165,0.8000,-44.8963,0.01251,1.0000,0.0000,0.0000,True,True
21.4882,-8.1102,0.8000,-44.9065,0.01197,1.0000,0.0000,0.0000,True,True
21.4966,-8.1043,0.8000,-44.9163,0.01146,1.0000,0.0000,0.0000,True,True
21.5049,-8.0986,0.8000,-44.9256,0.01093,1.0000,0.0000,0.0000,True,True
21.5133,-8.0932,0.8000,-44.9345,0.01042,1.0000,0.0000,0.0000,True,True
21.5215,-8.0880,0.8000,-44.9430,0.00989,1.0000,0.0000,0.0000,True,True
21.5299,-8.0832,0.8000,-44.9510,0.00938,1.0000,0.0000,0.0000,True,True
21.5382,-8.0786,0.8000,-44.9585,0.00885,1.0000,0.0000,0.0000,True,True
21.5466,-8.0742,0.8000,-44.9657,0.00834,1.0000,0.0000,0.0000,True,True
21.5549,-8.0702,0.8000,-44.9723,0.00781,1.0000,0.0000,0.0000,True,True
21.5633,-8.0663,0.8000,-44.9786,0.00733,1.0000,0.0000,0.0000,True,True
21.5716,-8.0627,0.8000,-44.9846,0.00701,1.0000,0.0000,0.0000,True,True
21.5799,-8.0627,0.8000,-44.9846,0.00000,1.0000,0.0000,0.0000,True,True
21.5989,-8.0627,0.8000,-44.9851,0.00052,1.0000,0.0000,0.0000,True,True
21.6072,-8.0627,0.8000,-44.9861,0.00104,1.0000,0.0000,0.0000,True,True
21.6156,-8.0627,0.8000,-44.9877,0.00156,1.0000,0.0000,0.0000,True,True
21.6239,-8.0627,0.8000,-44.9898,0.00208,1.0000,0.0000,0.0000,True,True
21.6323,-8.0627,0.8000,-44.9924,0.00261,1.0000,0.0000,0.0000,True,True
21.6406,-8.0627,0.8000,-44.9955,0.00312,1.0000,0.0000,0.0000,True,True
21.6489,-8.0627,0.8000,-44.9992,0.00365,1.0000,0.0000,0.0000,True,True
21.6573,-8.0627,0.8000,-45.0033,0.00417,1.0000,0.0000,0.0000,True,True
21.6656,-8.0626,0.8000,-45.0080,0.00469,1.0000,0.0000,0.0000,True,True
21.6739,-8.0626,0.8000,-45.0132,0.00521,1.0000,0.0000,0.0000,True,True
21.6823,-8.0626,0.8000,-45.0189,0.00573,1.0000,0.0000,0.0000,True,True
21.6906,-8.0626,0.8000,-45.0252,0.00624,1.0000,0.0000,0.0000,True,True
21.6989,-8.0626,0.8000,-45.0320,0.00677,1.0000,0.0000,0.0000,True,True
21.7073,-8.0626,0.8000,-45.0392,0.00729,1.0000,0.0000,0.0000,True,True
21.7156,-8.0626,0.8000,-45.0471,0.00781,1.0000,0.0000,0.0000,True,True
21.7239,-8.0626,0.8000,-45.0554,0.00833,1.0000,0.0000,0.0000,True,True
21.7323,-8.0625,0.8000,-45.0642,0.00885,1.0000,0.0000,0.0000,True,True
21.7406,-8.0625,0.8000,-45.0736,0.00937,1.0000,0.0000,0.0000,True,True
21.7490,-8.0625,0.8000,-45.0835,0.00989,1.0000,0.0000,0.0000,True,True
21.7573,-8.0625,0.8000,-45.0939,0.01041,1.0000,0.0000,0.0000,True,True
21.7656,-8.0625,0.8000,-45.1048,0.01093,1.0000,0.0000,0.0000,True,True
21.7739,-8.0624,0.8000,-45.1163,0.01146,1.0000,0.0000,0.0000,True,True
21.7823,-8.0624,0.8000,-45.1283,0.01197,1.0000,0.0000,0.0000,True,True
21.7907,-8.0624,0.8000,-45.1408,0.01250,1.0000,0.0000,0.0000,True,True
21.7990,-8.0624,0.8000,-45.1538,0.01302,1.0000,0.0000,0.0000,True,True
21.8073,-8.0624,0.8000,-45.1673,0.01353,1.0000,0.0000,0.0000,True,True
21.8156,-8.0623,0.8000,-45.1814,0.01406,1.0000,0.0000,0.0000,True,True
21.8239,-8.0623,0.8000,-45.1959,0.01458,1.0000,0.0000,0.0000,True,True
21.8323,-8.0623,0.8000,-45.2110,0.01510,1.0000,0.0000,0.0000,True,True
21.8406,-8.0622,0.8000,-45.2267,0.01562,1.0000,0.0000,0.0000,True,True
21.8490,-8.0622,0.8000,-45.2428,0.01615,1.0000,0.0000,0.0000,True,True
21.8572,-8.0622,0.8000,-45.2595,0.01666,1.0000,0.0000,0.0000,True,True
21.8656,-8.0621,0.8000,-45.2767,0.01719,1.0000,0.0000,0.0000,True,True
21.8739,-8.0621,0.8000,-45.2944,0.01770,1.0000,0.0000,0.0000,True,True
21.8823,-8.0621,0.8000,-45.3126,0.01823,1.0000,0.0000,0.0000,True,True
21.8906,-8.0620,0.8000,-45.3313,0.01875,1.0000,0.0000,0.0000,True,True
21.8989,-8.0620,0.8000,-45.3506,0.01926,1.0000,0.0000,0.0000,True,True
21.9072,-8.0620,0.8000,-45.3704,0.01978,1.0000,0.0000,0.0000,True,True
21.9156,-8.0619,0.8000,-45.3907,0.02031,1.0000,0.0000,0.0000,True,True
21.9240,-8.0619,0.8000,-45.4115,0.02083,1.0000,0.0000,0.0000,True,True
21.9323,-8.0619,0.8000,-45.4329,0.02134,1.0000,0.0000,0.0000,True,True
21.9406,-8.0618,0.8000,-45.4547,0.02187,1.0000,0.0000,0.0000,True,True
21.9489,-8.0618,0.8000,-45.4771,0.02239,1.0000,0.0000,0.0000,True,True
21.9573,-8.0617,0.8000,-45.5001,0.02291,1.0000,0.0000,0.0000,True,True
21.9656,-8.0617,0.8000,-45.5235,0.02344,1.0000,0.0000,0.0000,True,True
21.9740,-8.0616,0.8000,-45.5474,0.02395,1.0000,0.0000,0.0000,True,True
21.9823,-8.0616,0.8000,-45.5719,0.02448,1.0000,0.0000,0.0000,True,True
21.9907,-8.0615,0.8000,-45.5969,0.02500,1.0000,0.0000,0.0000,True,True
21.9990,-8.0615,0.8000,-45.6224,0.02551,1.0000,0.0000,0.0000,True,True
22.0072,-8.0614,0.8000,-45.6485,0.02603,1.0000,0.0000,0.0000,True,True
22.0156,-8.0614,0.8000,-45.6750,0.02657,1.0000,0.0000,0.0000,True,True
22.0240,-8.0613,0.8000,-45.7021,0.02708,1.0000,0.0000,0.0000,True,True
22.0323,-8.0613,0.8000,-45.7297,0.02760,1.0000,0.0000,0.0000,True,True
22.0406,-8.0612,0.8000,-45.7578,0.02813,1.0000,0.0000,0.0000,True,True
22.0490,-8.0612,0.8000,-45.7865,0.02865,1.0000,0.0000,0.0000,True,True
22.0572,-8.0611,0.8000,-45.8156,0.02916,1.0000,0.0000,0.0000,True,True
22.0656,-8.0611,0.8000,-45.8453,0.02969,1.0000,0.0000,0.0000,True,True
22.0740,-8.0610,0.8000,-45.8755,0.03020,1.0000,0.0000,0.0000,True,True
22.0823,-8.0610,0.8000,-45.9063,0.03074,1.0000,0.0000,0.0000,True,True
22.0906,-8.0609,0.8000,-45.9375,0.03125,1.0000,0.0000,0.0000,True,True
22.0989,-8.0609,0.8000,-45.9693,0.03178,1.0000,0.0000,0.0000,True,True
22.1073,-8.0608,0.8000,-46.0016,0.03229,1.0000,0.0000,0.0000,True,True
22.1156,-8.0607,0.8000,-46.0344,0.03283,1.0000,0.0000,0.0000,True,True
22.1239,-8.0607,0.8000,-46.0677,0.03333,1.0000,0.0000,0.0000,True,True
22.1323,-8.0606,0.8000,-46.1016,0.03386,1.0000,0.0000,0.0000,True,True
22.1407,-8.0605,0.8000,-46.1360,0.03439,1.0000,0.0000,0.0000,True,True
22.1490,-8.0605,0.8000,-46.1709,0.03489,1.0000,0.0000,0.0000,True,True
22.1573,-8.0604,0.8000,-46.2063,0.03541,1.0000,0.0000,0.0000,True,True
22.1656,-8.0603,0.8000,-46.2422,0.03595,1.0000,0.0000,0.0000,True,True
22.1744,-8.0603,0.8000,-46.2787,0.03647,1.0000,0.0000,0.0000,True,True
22.1823,-8.0602,0.8000,-46.3157,0.03698,1.0000,0.0000,0.0000,True,True
22.1906,-8.0601,0.8000,-46.3532,0.03750,1.0000,0.0000,0.0000,True,True
22.1990,-8.0601,0.8000,-46.3912,0.03803,1.0000,0.0000,0.0000,True,True
22.2073,-8.0600,0.8000,-46.4298,0.03855,1.0000,0.0000,0.0000,True,True
22.2156,-8.0599,0.8000,-46.4688,0.03908,1.0000,0.0000,0.0000,True,True
22.2239,-8.0598,0.8000,-46.5084,0.03957,1.0000,0.0000,0.0000,True,True
22.2323,-8.0598,0.8000,-46.5485,0.04011,1.0000,0.0000,0.0000,True,True
22.2406,-8.0597,0.8000,-46.5892,0.04063,1.0000,0.0000,0.0000,True,True
22.2489,-8.0596,0.8000,-46.6303,0.04115,1.0000,0.0000,0.0000,True,True
22.2573,-8.0595,0.8000,-46.6720,0.04168,1.0000,0.0000,0.0000,True,True
22.2656,-8.0595,0.8000,-46.7142,0.04220,1.0000,0.0000,0.0000,True,True
22.2740,-8.0594,0.8000,-46.7569,0.04272,1.0000,0.0000,0.0000,True,True
22.2823,-8.0593,0.8000,-46.8002,0.04325,1.0000,0.0000,0.0000,True,True
22.2912,-8.0592,0.8000,-46.8439,0.04377,1.0000,0.0000,0.0000,True,True
22.2990,-8.0591,0.8000,-46.8882,0.04428,1.0000,0.0000,0.0000,True,True
22.3073,-8.0590,0.8000,-46.9330,0.04480,1.0000,0.0000,0.0000,True,True
22.3157,-8.0590,0.8000,-46.9780,0.04501,1.0000,0.0000,0.0000,True,True
22.3239,-8.0589,0.8000,-47.0230,0.04500,1.0000,0.0000,0.0000,True,True
22.3323,-8.0588,0.8000,-47.0680,0.04501,1.0000,0.0000,0.0000,True,True
22.3406,-8.0587,0.8000,-47.1130,0.04499,1.0000,0.0000,0.0000,True,True
22.3490,-8.0586,0.8000,-47.1580,0.04501,1.0000,0.0000,0.0000,True,True
22.3572,-8.0585,0.8000,-47.2030,0.04499,1.0000,0.0000,0.0000,True,True
22.3656,-8.0585,0.8000,-47.2480,0.04502,1.0000,0.0000,0.0000,True,True
22.3740,-8.0584,0.8000,-47.2930,0.04501,1.0000,0.0000,0.0000,True,True
22.3823,-8.0583,0.8000,-47.3380,0.04499,1.0000,0.0000,0.0000,True,True
22.3907,-8.0582,0.8000,-47.3830,0.04500,1.0000,0.0000,0.0000,True,True
22.3990,-8.0581,0.8000,-47.4280,0.04500,1.0000,0.0000,0.0000,True,True
22.4073,-8.0580,0.8000,-47.4730,0.04501,1.0000,0.0000,0.0000,True,True
22.4156,-8.0580,0.8000,-47.5180,0.04499,1.0000,0.0000,0.0000,True,True
22.4240,-8.0579,0.8000,-47.5630,0.04500,1.0000,0.0000,0.0000,True,True
22.4323,-8.0578,0.8000,-47.6080,0.04500,1.0000,0.0000,0.0000,True,True
22.4407,-8.0577,0.8000,-47.6530,0.04500,1.0000,0.0000,0.0000,True,True
22.4490,-8.0576,0.8000,-47.6980,0.04500,1.0000,0.0000,0.0000,True,True
22.4573,-8.0575,0.8000,-47.7430,0.04499,1.0000,0.0000,0.0000,True,True
22.4656,-8.0574,0.8000,-47.7880,0.04501,1.0000,0.0000,0.0000,True,True
22.4740,-8.0574,0.8000,-47.8330,0.04499,1.0000,0.0000,0.0000,True,True
22.4823,-8.0573,0.8000,-47.8780,0.04501,1.0000,0.0000,0.0000,True,True
22.4906,-8.0572,0.8000,-47.9230,0.04501,1.0000,0.0000,0.0000,True,True
22.4990,-8.0571,0.8000,-47.9680,0.04501,1.0000,0.0000,0.0000,True,True
22.5073,-8.0570,0.8000,-48.0130,0.04499,1.0000,0.0000,0.0000,True,True
22.5157,-8.0569,0.8000,-48.0580,0.04501,1.0000,0.0000,0.0000,True,True
22.5239,-8.0569,0.8000,-48.1030,0.04497,1.0000,0.0000,0.0000,True,True
22.5323,-8.0568,0.8000,-48.1475,0.04446,1.0000,0.0000,0.0000,True,True
22.5406,-8.0567,0.8000,-48.1914,0.04394,1.0000,0.0000,0.0000,True,True
22.5490,-8.0566,0.8000,-48.2348,0.04342,1.0000,0.0000,0.0000,True,True
22.5573,-8.0565,0.8000,-48.2777,0.04290,1.0000,0.0000,0.0000,True,True
22.5656,-8.0565,0.8000,-48.3201,0.04239,1.0000,0.0000,0.0000,True,True
22.5740,-8.0564,0.8000,-48.3620,0.04185,1.0000,0.0000,0.0000,True,True
22.5823,-8.0563,0.8000,-48.4033,0.04134,1.0000,0.0000,0.0000,True,True
22.5913,-8.0562,0.8000,-48.4441,0.04082,1.0000,0.0000,0.0000,True,True
22.5990,-8.0561,0.8000,-48.4844,0.04030,1.0000,0.0000,0.0000,True,True
22.6073,-8.0561,0.8000,-48.5242,0.03978,1.0000,0.0000,0.0000,True,True
22.6157,-8.0560,0.8000,-48.5635,0.03926,1.0000,0.0000,0.0000,True,True
22.6239,-8.0559,0.8000,-48.6022,0.03873,1.0000,0.0000,0.0000,True,True
22.6323,-8.0559,0.8000,-48.6404,0.03822,1.0000,0.0000,0.0000,True,True
22.6407,-8.0558,0.8000,-48.6781,0.03769,1.0000,0.0000,0.0000,True,True
22.6490,-8.0557,0.8000,-48.7153,0.03717,1.0000,0.0000,0.0000,True,True
22.6573,-8.0556,0.8000,-48.7519,0.03665,1.0000,0.0000,0.0000,True,True
22.6656,-8.0556,0.8000,-48.7881,0.03614,1.0000,0.0000,0.0000,True,True
22.6740,-8.0555,0.8000,-48.8237,0.03562,1.0000,0.0000,0.0000,True,True
22.6823,-8.0554,0.8000,-48.8588,0.03509,1.0000,0.0000,0.0000,True,True
22.6907,-8.0554,0.8000,-48.8934,0.03457,1.0000,0.0000,0.0000,True,True
22.6990,-8.0553,0.8000,-48.9274,0.03405,1.0000,0.0000,0.0000,True,True
22.7073,-8.0553,0.8000,-48.9609,0.03352,1.0000,0.0000,0.0000,True,True
22.7157,-8.0552,0.8000,-48.9939,0.03300,1.0000,0.0000,0.0000,True,True
22.7240,-8.0551,0.8000,-49.0264,0.03250,1.0000,0.0000,0.0000,True,True
22.7324,-8.0551,0.8000,-49.0584,0.03196,1.0000,0.0000,0.0000,True,True
22.7407,-8.0550,0.8000,-49.0898,0.03145,1.0000,0.0000,0.0000,True,True
22.7490,-8.0550,0.8000,-49.1208,0.03092,1.0000,0.0000,0.0000,True,True
22.7573,-8.0549,0.8000,-49.1512,0.03040,1.0000,0.0000,0.0000,True,True
22.7657,-8.0548,0.8000,-49.1810,0.02988,1.0000,0.0000,0.0000,True,True
22.7740,-8.0548,0.8000,-49.2104,0.02937,1.0000,0.0000,0.0000,True,True
22.7823,-8.0547,0.8000,-49.2392,0.02882,1.0000,0.0000,0.0000,True,True
22.7906,-8.0547,0.8000,-49.2676,0.02832,1.0000,0.0000,0.0000,True,True
22.7990,-8.0546,0.8000,-49.2954,0.02780,1.0000,0.0000,0.0000,True,True
22.8073,-8.0546,0.8000,-49.3226,0.02728,1.0000,0.0000,0.0000,True,True
22.8157,-8.0545,0.8000,-49.3494,0.02676,1.0000,0.0000,0.0000,True,True
22.8240,-8.0545,0.8000,-49.3756,0.02625,1.0000,0.0000,0.0000,True,True
22.8323,-8.0544,0.8000,-49.4013,0.02571,1.0000,0.0000,0.0000,True,True
22.8407,-8.0544,0.8000,-49.4265,0.02520,1.0000,0.0000,0.0000,True,True
22.8490,-8.0543,0.8000,-49.4512,0.02467,1.0000,0.0000,0.0000,True,True
22.8573,-8.0543,0.8000,-49.4754,0.02415,1.0000,0.0000,0.0000,True,True
22.8656,-8.0542,0.8000,-49.4990,0.02364,1.0000,0.0000,0.0000,True,True
22.8740,-8.0542,0.8000,-49.5221,0.02311,1.0000,0.0000,0.0000,True,True
22.8823,-8.0542,0.8000,-49.5447,0.02259,1.0000,0.0000,0.0000,True,True
22.8910,-8.0541,0.8000,-49.5668,0.02208,1.0000,0.0000,0.0000,True,True
22.8990,-8.0541,0.8000,-49.5883,0.02155,1.0000,0.0000,0.0000,True,True
22.9073,-8.0540,0.8000,-49.6094,0.02103,1.0000,0.0000,0.0000,True,True
22.9157,-8.0540,0.8000,-49.6299,0.02052,1.0000,0.0000,0.0000,True,True
22.9240,-8.0540,0.8000,-49.6499,0.01999,1.0000,0.0000,0.0000,True,True
22.9323,-8.0539,0.8000,-49.6694,0.01947,1.0000,0.0000,0.0000,True,True
22.9406,-8.0539,0.8000,-49.6883,0.01896,1.0000,0.0000,0.0000,True,True
22.9490,-8.0539,0.8000,-49.7067,0.01843,1.0000,0.0000,0.0000,True,True
22.9573,-8.0538,0.8000,-49.7247,0.01791,1.0000,0.0000,0.0000,True,True
22.9656,-8.0538,0.8000,-49.7421,0.01740,1.0000,0.0000,0.0000,True,True
22.9740,-8.0538,0.8000,-49.7589,0.01687,1.0000,0.0000,0.0000,True,True
22.9824,-8.0537,0.8000,-49.7753,0.01635,1.0000,0.0000,0.0000,True,True
22.9906,-8.0537,0.8000,-49.7911,0.01583,1.0000,0.0000,0.0000,True,True
22.9990,-8.0537,0.8000,-49.8064,0.01531,1.0000,0.0000,0.0000,True,True
23.0073,-8.0536,0.8000,-49.8212,0.01479,1.0000,0.0000,0.0000,True,True
23.0157,-8.0536,0.8000,-49.8355,0.01427,1.0000,0.0000,0.0000,True,True
23.0240,-8.0536,0.8000,-49.8492,0.01375,1.0000,0.0000,0.0000,True,True
23.0323,-8.0536,0.8000,-49.8624,0.01323,1.0000,0.0000,0.0000,True,True
23.0407,-8.0535,0.8000,-49.8751,0.01270,1.0000,0.0000,0.0000,True,True
23.0490,-8.0535,0.8000,-49.8873,0.01218,1.0000,0.0000,0.0000,True,True
23.0573,-8.0535,0.8000,-49.8990,0.01166,1.0000,0.0000,0.0000,True,True
23.0657,-8.0535,0.8000,-49.9101,0.01114,1.0000,0.0000,0.0000,True,True
23.0740,-8.0535,0.8000,-49.9207,0.01062,1.0000,0.0000,0.0000,True,True
23.0823,-8.0534,0.8000,-49.9308,0.01010,1.0000,0.0000,0.0000,True,True
23.0911,-8.0534,0.8000,-49.9404,0.00960,1.0000,0.0000,0.0000,True,True
23.0990,-8.0534,0.8000,-49.9495,0.00904,1.0000,0.0000,0.0000,True,True
23.1073,-8.0534,0.8000,-49.9580,0.00853,1.0000,0.0000,0.0000,True,True
23.1157,-8.0534,0.8000,-49.9660,0.00801,1.0000,0.0000,0.0000,True,True
23.1240,-8.0534,0.8000,-49.9735,0.00749,1.0000,0.0000,0.0000,True,True
23.1323,-8.0533,0.8000,-49.9806,0.00707,1.0000,0.0000,0.0000,True,True
23.1407,-8.0533,0.8000,-49.9806,0.00000,1.0000,0.0000,0.0000,True,True
23.1490,-8.0533,0.8000,-49.9811,0.00052,1.0000,0.0000,0.0000,True,True
23.1573,-8.0533,0.8000,-49.9822,0.00104,1.0000,0.0000,0.0000,True,True
23.1657,-8.0533,0.8000,-49.9837,0.00156,1.0000,0.0000,0.0000,True,True
23.1740,-8.0533,0.8000,-49.9858,0.00208,1.0000,0.0000,0.0000,True,True
23.1823,-8.0533,0.8000,-49.9884,0.00261,1.0000,0.0000,0.0000,True,True
23.1908,-8.0533,0.8000,-49.9915,0.00313,1.0000,0.0000,0.0000,True,True
23.1990,-8.0533,0.8000,-49.9952,0.00365,1.0000,0.0000,0.0000,True,True
23.2073,-8.0533,0.8000,-49.9993,0.00417,1.0000,0.0000,0.0000,True,True
23.2157,-8.0533,0.8000,-50.0040,0.00469,1.0000,0.0000,0.0000,True,True
23.2240,-8.0533,0.8000,-50.0092,0.00521,1.0000,0.0000,0.0000,True,True
23.2324,-8.0533,0.8000,-50.0150,0.00573,1.0000,0.0000,0.0000,True,True
23.2407,-8.0533,0.8000,-50.0212,0.00626,1.0000,0.0000,0.0000,True,True
23.2490,-8.0533,0.8000,-50.0280,0.00677,1.0000,0.0000,0.0000,True,True
23.2573,-8.0533,0.8000,-50.0353,0.00730,1.0000,0.0000,0.0000,True,True
23.2657,-8.0533,0.8000,-50.0431,0.00782,1.0000,0.0000,0.0000,True,True
23.2741,-8.0533,0.8000,-50.0515,0.00834,1.0000,0.0000,0.0000,True,True
23.2823,-8.0533,0.8000,-50.0603,0.00886,1.0000,0.0000,0.0000,True,True
23.2907,-8.0533,0.8000,-50.0697,0.00938,1.0000,0.0000,0.0000,True,True
23.2990,-8.0533,0.8000,-50.0796,0.00990,1.0000,0.0000,0.0000,True,True
23.3073,-8.0533,0.8000,-50.0900,0.01042,1.0000,0.0000,0.0000,True,True
23.3157,-8.0533,0.8000,-50.1010,0.01095,1.0000,0.0000,0.0000,True,True
23.3240,-8.0533,0.8000,-50.1124,0.01146,1.0000,0.0000,0.0000,True,True
23.3323,-8.0533,0.8000,-50.1244,0.01198,1.0000,0.0000,0.0000,True,True
23.3407,-8.0533,0.8000,-50.1369,0.01250,1.0000,0.0000,0.0000,True,True
23.3490,-8.0533,0.8000,-50.1500,0.01303,1.0000,0.0000,0.0000,True,True
23.3573,-8.0533,0.8000,-50.1635,0.01355,1.0000,0.0000,0.0000,True,True
23.3657,-8.0533,0.8000,-50.1776,0.01407,1.0000,0.0000,0.0000,True,True
23.3740,-8.0533,0.8000,-50.1922,0.01459,1.0000,0.0000,0.0000,True,True
23.3824,-8.0533,0.8000,-50.2073,0.01511,1.0000,0.0000,0.0000,True,True
23.3907,-8.0533,0.8000,-50.2229,0.01562,1.0000,0.0000,0.0000,True,True
23.3990,-8.0533,0.8000,-50.2391,0.01615,1.0000,0.0000,0.0000,True,True
23.4073,-8.0533,0.8000,-50.2557,0.01667,1.0000,0.0000,0.0000,True,True
23.4157,-8.0533,0.8000,-50.2729,0.01719,1.0000,0.0000,0.0000,True,True
23.4240,-8.0533,0.8000,-50.2906,0.01772,1.0000,0.0000,0.0000,True,True
23.4323,-8.0533,0.8000,-50.3089,0.01822,1.0000,0.0000,0.0000,True,True
23.4407,-8.0533,0.8000,-50.3276,0.01876,1.0000,0.0000,0.0000,True,True
23.4490,-8.0533,0.8000,-50.3469,0.01927,1.0000,0.0000,0.0000,True,True
23.4574,-8.0533,0.8000,-50.3667,0.01980,1.0000,0.0000,0.0000,True,True
23.4657,-8.0533,0.8000,-50.3870,0.02031,1.0000,0.0000,0.0000,True,True
23.4740,-8.0533,0.8000,-50.4078,0.02083,1.0000,0.0000,0.0000,True,True
23.4823,-8.0533,0.8000,-50.4292,0.02135,1.0000,0.0000,0.0000,True,True
23.4907,-8.0533,0.8000,-50.4511,0.02188,1.0000,0.0000,0.0000,True,True
23.4990,-8.0533,0.8000,-50.4735,0.02240,1.0000,0.0000,0.0000,True,True
23.5073,-8.0533,0.8000,-50.4964,0.02291,1.0000,0.0000,0.0000,True,True
23.5157,-8.0533,0.8000,-50.5198,0.02345,1.0000,0.0000,0.0000,True,True
23.5240,-8.0533,0.8000,-50.5438,0.02396,1.0000,0.0000,0.0000,True,True
23.5324,-8.0533,0.8000,-50.5683,0.02448,1.0000,0.0000,0.0000,True,True
23.5407,-8.0533,0.8000,-50.5933,0.02500,1.0000,0.0000,0.0000,True,True
23.5490,-8.0533,0.8000,-50.6188,0.02552,1.0000,0.0000,0.0000,True,True
23.5577,-8.0533,0.8000,-50.6448,0.02604,1.0000,0.0000,0.0000,True,True
23.5657,-8.0533,0.8000,-50.6714,0.02657,1.0000,0.0000,0.0000,True,True
23.5740,-8.0533,0.8000,-50.6985,0.02708,1.0000,0.0000,0.0000,True,True
23.5823,-8.0533,0.8000,-50.7261,0.02761,1.0000,0.0000,0.0000,True,True
23.5907,-8.0533,0.8000,-50.7542,0.02813,1.0000,0.0000,0.0000,True,True
23.5990,-8.0533,0.8000,-50.7829,0.02865,1.0000,0.0000,0.0000,True,True
23.6074,-8.0533,0.8000,-50.8120,0.02917,1.0000,0.0000,0.0000,True,True
23.6157,-8.0533,0.8000,-50.8418,0.02973,1.0000,0.0000,0.0000,True,True
23.6241,-8.0533,0.8000,-50.8720,0.03021,1.0000,0.0000,0.0000,True,True
23.6324,-8.0533,0.8000,-50.9027,0.03074,1.0000,0.0000,0.0000,True,True
23.6407,-8.0533,0.8000,-50.9340,0.03125,1.0000,0.0000,0.0000,True,True
23.6490,-8.0533,0.8000,-50.9657,0.03178,1.0000,0.0000,0.0000,True,True
23.6574,-8.0533,0.8000,-50.9980,0.03230,1.0000,0.0000,0.0000,True,True
23.6657,-8.0533,0.8000,-51.0309,0.03283,1.0000,0.0000,0.0000,True,True
23.6740,-8.0533,0.8000,-51.0642,0.03333,1.0000,0.0000,0.0000,True,True
23.6824,-8.0533,0.8000,-51.0981,0.03387,1.0000,0.0000,0.0000,True,True
23.6907,-8.0533,0.8000,-51.1324,0.03438,1.0000,0.0000,0.0000,True,True
23.6990,-8.0533,0.8000,-51.1674,0.03491,1.0000,0.0000,0.0000,True,True
23.7073,-8.0533,0.8000,-51.2028,0.03542,1.0000,0.0000,0.0000,True,True
23.7157,-8.0533,0.8000,-51.2387,0.03594,1.0000,0.0000,0.0000,True,True
23.7240,-8.0533,0.8000,-51.2752,0.03646,1.0000,0.0000,0.0000,True,True
23.7324,-8.0533,0.8000,-51.3122,0.03699,1.0000,0.0000,0.0000,True,True
23.7407,-8.0533,0.8000,-51.3497,0.03750,1.0000,0.0000,0.0000,True,True
23.7490,-8.0533,0.8000,-51.3877,0.03803,1.0000,0.0000,0.0000,True,True
23.7573,-8.0533,0.8000,-51.4262,0.03854,1.0000,0.0000,0.0000,True,True
23.7657,-8.0533,0.8000,-51.4653,0.03908,1.0000,0.0000,0.0000,True,True
23.7741,-8.0533,0.8000,-51.5049,0.03960,1.0000,0.0000,0.0000,True,True
23.7823,-8.0533,0.8000,-51.5450,0.04011,1.0000,0.0000,0.0000,True,True
23.7909,-8.0533,0.8000,-51.5857,0.04063,1.0000,0.0000,0.0000,True,True
23.7990,-8.0533,0.8000,-51.6268,0.04115,1.0000,0.0000,0.0000,True,True
23.8077,-8.0533,0.8000,-51.6685,0.04168,1.0000,0.0000,0.0000,True,True
23.8157,-8.0533,0.8000,-51.7107,0.04220,1.0000,0.0000,0.0000,True,True
23.8240,-8.0533,0.8000,-51.7534,0.04271,1.0000,0.0000,0.0000,True,True
23.8324,-8.0533,0.8000,-51.7966,0.04325,1.0000,0.0000,0.0000,True,True
23.8407,-8.0533,0.8000,-51.8404,0.04375,1.0000,0.0000,0.0000,True,True
23.8490,-8.0533,0.8000,-51.8847,0.04428,1.0000,0.0000,0.0000,True,True
23.8574,-8.0533,0.8000,-51.9295,0.04481,1.0000,0.0000,0.0000,True,True
23.8657,-8.0533,0.8000,-51.9745,0.04499,1.0000,0.0000,0.0000,True,True
23.8743,-8.0533,0.8000,-52.0195,0.04501,1.0000,0.0000,0.0000,True,True
23.8824,-8.0533,0.8000,-52.0645,0.04500,1.0000,0.0000,0.0000,True,True
23.8907,-8.0533,0.8000,-52.1095,0.04499,1.0000,0.0000,0.0000,True,True
23.8990,-8.0533,0.8000,-52.1545,0.04502,1.0000,0.0000,0.0000,True,True
23.9074,-8.0533,0.8000,-52.1995,0.04499,1.0000,0.0000,0.0000,True,True
23.9157,-8.0533,0.8000,-52.2445,0.04500,1.0000,0.0000,0.0000,True,True
23.9240,-8.0533,0.8000,-52.2895,0.04499,1.0000,0.0000,0.0000,True,True
23.9324,-8.0533,0.8000,-52.3345,0.04500,1.0000,0.0000,0.0000,True,True
23.9407,-8.0533,0.8000,-52.3795,0.04501,1.0000,0.0000,0.0000,True,True
23.9490,-8.0533,0.8000,-52.4245,0.04500,1.0000,0.0000,0.0000,True,True
23.9574,-8.0533,0.8000,-52.4695,0.04500,1.0000,0.0000,0.0000,True,True
23.9657,-8.0533,0.8000,-52.5145,0.04500,1.0000,0.0000,0.0000,True,True
23.9740,-8.0533,0.8000,-52.5595,0.04501,1.0000,0.0000,0.0000,True,True
23.9824,-8.0533,0.8000,-52.6045,0.04500,1.0000,0.0000,0.0000,True,True
23.9907,-8.0533,0.8000,-52.6495,0.04499,1.0000,0.0000,0.0000,True,True
23.9991,-8.0533,0.8000,-52.6945,0.04502,1.0000,0.0000,0.0000,True,True
24.0077,-8.0533,0.8000,-52.7395,0.04499,1.0000,0.0000,0.0000,True,True
24.0157,-8.0533,0.8000,-52.7845,0.04500,1.0000,0.0000,0.0000,True,True
24.0244,-8.0533,0.8000,-52.8295,0.04501,1.0000,0.0000,0.0000,True,True
24.0324,-8.0533,0.8000,-52.8745,0.04501,1.0000,0.0000,0.0000,True,True
24.0407,-8.0533,0.8000,-52.9195,0.04498,1.0000,0.0000,0.0000,True,True
24.0491,-8.0533,0.8000,-52.9645,0.04501,1.0000,0.0000,0.0000,True,True
24.0573,-8.0533,0.8000,-53.0095,0.04500,1.0000,0.0000,0.0000,True,True
24.0657,-8.0533,0.8000,-53.0545,0.04500,1.0000,0.0000,0.0000,True,True
24.0742,-8.0533,0.8000,-53.0995,0.04501,1.0000,0.0000,0.0000,True,True
24.0824,-8.0533,0.8000,-53.1440,0.04450,1.0000,0.0000,0.0000,True,True
24.0909,-8.0533,0.8000,-53.1880,0.04398,1.0000,0.0000,0.0000,True,True
24.0990,-8.0533,0.8000,-53.2315,0.04346,1.0000,0.0000,0.0000,True,True
24.1074,-8.0533,0.8000,-53.2744,0.04294,1.0000,0.0000,0.0000,True,True
24.1157,-8.0533,0.8000,-53.3168,0.04243,1.0000,0.0000,0.0000,True,True
24.1243,-8.0533,0.8000,-53.3587,0.04189,1.0000,0.0000,0.0000,True,True
24.1324,-8.0533,0.8000,-53.4001,0.04137,1.0000,0.0000,0.0000,True,True
24.1410,-8.0533,0.8000,-53.4409,0.04086,1.0000,0.0000,0.0000,True,True
24.1491,-8.0533,0.8000,-53.4813,0.04034,1.0000,0.0000,0.0000,True,True
24.1574,-8.0533,0.8000,-53.5211,0.03981,1.0000,0.0000,0.0000,True,True
24.1657,-8.0533,0.8000,-53.5604,0.03930,1.0000,0.0000,0.0000,True,True
24.1742,-8.0533,0.8000,-53.5992,0.03878,1.0000,0.0000,0.0000,True,True
24.1824,-8.0533,0.8000,-53.6374,0.03826,1.0000,0.0000,0.0000,True,True
24.1909,-8.0533,0.8000,-53.6752,0.03773,1.0000,0.0000,0.0000,True,True
24.1991,-8.0533,0.8000,-53.7124,0.03721,1.0000,0.0000,0.0000,True,True
24.2076,-8.0533,0.8000,-53.7491,0.03669,1.0000,0.0000,0.0000,True,True
24.2157,-8.0533,0.8000,-53.7852,0.03618,1.0000,0.0000,0.0000,True,True
24.2241,-8.0533,0.8000,-53.8209,0.03566,1.0000,0.0000,0.0000,True,True
24.2324,-8.0533,0.8000,-53.8560,0.03513,1.0000,0.0000,0.0000,True,True
24.2414,-8.0533,0.8000,-53.8906,0.03460,1.0000,0.0000,0.0000,True,True
24.2491,-8.0533,0.8000,-53.9247,0.03411,1.0000,0.0000,0.0000,True,True
24.2576,-8.0533,0.8000,-53.9583,0.03355,1.0000,0.0000,0.0000,True,True
24.2657,-8.0533,0.8000,-53.9913,0.03304,1.0000,0.0000,0.0000,True,True
24.2744,-8.0533,0.8000,-54.0238,0.03253,1.0000,0.0000,0.0000,True,True
24.2824,-8.0533,0.8000,-54.0558,0.03199,1.0000,0.0000,0.0000,True,True
24.2911,-8.0533,0.8000,-54.0873,0.03149,1.0000,0.0000,0.0000,True,True
24.2991,-8.0533,0.8000,-54.1183,0.03096,1.0000,0.0000,0.0000,True,True
24.3077,-8.0533,0.8000,-54.1487,0.03045,1.0000,0.0000,0.0000,True,True
24.3158,-8.0533,0.8000,-54.1786,0.02991,1.0000,0.0000,0.0000,True,True
24.3244,-8.0533,0.8000,-54.2080,0.02940,1.0000,0.0000,0.0000,True,True
24.3324,-8.0533,0.8000,-54.2369,0.02887,1.0000,0.0000,0.0000,True,True
24.3410,-8.0533,0.8000,-54.2653,0.02836,1.0000,0.0000,0.0000,True,True
24.3491,-8.0533,0.8000,-54.2931,0.02784,1.0000,0.0000,0.0000,True,True
24.3574,-8.0533,0.8000,-54.3204,0.02730,1.0000,0.0000,0.0000,True,True
24.3657,-8.0533,0.8000,-54.3472,0.02680,1.0000,0.0000,0.0000,True,True
24.3742,-8.0533,0.8000,-54.3735,0.02628,1.0000,0.0000,0.0000,True,True
24.3824,-8.0533,0.8000,-54.3993,0.02576,1.0000,0.0000,0.0000,True,True
24.3909,-8.0533,0.8000,-54.4245,0.02523,1.0000,0.0000,0.0000,True,True
24.3991,-8.0533,0.8000,-54.4492,0.02473,1.0000,0.0000,0.0000,True,True
24.4074,-8.0533,0.8000,-54.4734,0.02418,1.0000,0.0000,0.0000,True,True
24.4157,-8.0533,0.8000,-54.4971,0.02369,1.0000,0.0000,0.0000,True,True
24.4244,-8.0533,0.8000,-54.5202,0.02316,1.0000,0.0000,0.0000,True,True
24.4324,-8.0533,0.8000,-54.5429,0.02265,1.0000,0.0000,0.0000,True,True
24.4407,-8.0533,0.8000,-54.5650,0.02210,1.0000,0.0000,0.0000,True,True
24.4491,-8.0533,0.8000,-54.5866,0.02160,1.0000,0.0000,0.0000,True,True
24.4575,-8.0533,0.8000,-54.6077,0.02108,1.0000,0.0000,0.0000,True,True
24.4658,-8.0533,0.8000,-54.6282,0.02056,1.0000,0.0000,0.0000,True,True
24.4744,-8.0533,0.8000,-54.6482,0.02003,1.0000,0.0000,0.0000,True,True
24.4824,-8.0533,0.8000,-54.6678,0.01951,1.0000,0.0000,0.0000,True,True
24.4909,-8.0533,0.8000,-54.6867,0.01899,1.0000,0.0000,0.0000,True,True
24.4990,-8.0533,0.8000,-54.7052,0.01847,1.0000,0.0000,0.0000,True,True
24.5076,-8.0533,0.8000,-54.7232,0.01796,1.0000,0.0000,0.0000,True,True
24.5157,-8.0533,0.8000,-54.7406,0.01743,1.0000,0.0000,0.0000,True,True
24.5244,-8.0533,0.8000,-54.7575,0.01691,1.0000,0.0000,0.0000,True,True
24.5324,-8.0533,0.8000,-54.7739,0.01639,1.0000,0.0000,0.0000,True,True
24.5410,-8.0533,0.8000,-54.7898,0.01587,1.0000,0.0000,0.0000,True,True
24.5491,-8.0533,0.8000,-54.8051,0.01535,1.0000,0.0000,0.0000,True,True
24.5576,-8.0533,0.8000,-54.8200,0.01483,1.0000,0.0000,0.0000,True,True
24.5657,-8.0533,0.8000,-54.8343,0.01431,1.0000,0.0000,0.0000,True,True
24.5744,-8.0533,0.8000,-54.8481,0.01379,1.0000,0.0000,0.0000,True,True
24.5824,-8.0533,0.8000,-54.8613,0.01326,1.0000,0.0000,0.0000,True,True
24.5910,-8.0533,0.8000,-54.8741,0.01274,1.0000,0.0000,0.0000,True,True
24.5991,-8.0533,0.8000,-54.8863,0.01222,1.0000,0.0000,0.0000,True,True
24.6075,-8.0533,0.8000,-54.8980,0.01170,1.0000,0.0000,0.0000,True,True
24.6157,-8.0533,0.8000,-54.9092,0.01118,1.0000,0.0000,0.0000,True,True
24.6242,-8.0533,0.8000,-54.9198,0.01066,1.0000,0.0000,0.0000,True,True
24.6325,-8.0533,0.8000,-54.9300,0.01014,1.0000,0.0000,0.0000,True,True
24.6411,-8.0533,0.8000,-54.9396,0.00961,1.0000,0.0000,0.0000,True,True
24.6491,-8.0533,0.8000,-54.9487,0.00909,1.0000,0.0000,0.0000,True,True
24.6575,-8.0533,0.8000,-54.9572,0.00857,1.0000,0.0000,0.0000,True,True
24.6657,-8.0533,0.8000,-54.9653,0.00805,1.0000,0.0000,0.0000,True,True
24.6744,-8.0533,0.8000,-54.9728,0.00753,1.0000,0.0000,0.0000,True,True
24.6824,-8.0533,0.8000,-54.9799,0.00710,1.0000,0.0000,0.0000,True,True
24.6912,-8.0533,0.8000,-54.9799,0.00000,1.0000,0.0000,0.0000,True,True
24.6991,-8.0528,0.8000,-54.9801,0.00052,1.0000,0.0000,0.0000,True,True
24.7077,-8.0519,0.8000,-54.9805,0.00104,1.0000,0.0000,0.0000,True,True
24.7158,-8.0504,0.8000,-54.9811,0.00156,1.0000,0.0000,0.0000,True,True
24.7243,-8.0485,0.8000,-54.9820,0.00208,1.0000,0.0000,0.0000,True,True
24.7325,-8.0461,0.8000,-54.9830,0.00260,1.0000,0.0000,0.0000,True,True
24.7410,-8.0432,0.8000,-54.9842,0.00312,1.0000,0.0000,0.0000,True,True
24.7491,-8.0399,0.8000,-54.9856,0.00364,1.0000,0.0000,0.0000,True,True
24.7578,-8.0361,0.8000,-54.9873,0.00416,1.0000,0.0000,0.0000,True,True
24.7658,-8.0318,0.8000,-54.9891,0.00469,1.0000,0.0000,0.0000,True,True
24.7744,-8.0270,0.8000,-54.9911,0.00521,1.0000,0.0000,0.0000,True,True
24.7824,-8.0217,0.8000,-54.9934,0.00572,1.0000,0.0000,0.0000,True,True
24.7911,-8.0159,0.8000,-54.9958,0.00625,1.0000,0.0000,0.0000,True,True
24.7991,-8.0097,0.8000,-54.9985,0.00677,1.0000,0.0000,0.0000,True,True
24.8077,-8.0030,0.8000,-55.0013,0.00729,1.0000,0.0000,0.0000,True,True
24.8158,-7.9958,0.8000,-55.0044,0.00781,1.0000,0.0000,0.0000,True,True
24.8245,-7.9882,0.8000,-55.0076,0.00833,1.0000,0.0000,0.0000,True,True
24.8324,-7.9800,0.8000,-55.0111,0.00885,1.0000,0.0000,0.0000,True,True
24.8411,-7.9714,0.8000,-55.0148,0.00937,1.0000,0.0000,0.0000,True,True
24.8492,-7.9623,0.8000,-55.0186,0.00989,1.0000,0.0000,0.0000,True,True
24.8578,-7.9527,0.8000,-55.0227,0.01041,1.0000,0.0000,0.0000,True,True
24.8658,-7.9426,0.8000,-55.0270,0.01093,1.0000,0.0000,0.0000,True,True
24.8744,-7.9321,0.8000,-55.0315,0.01146,1.0000,0.0000,0.0000,True,True
24.8824,-7.9211,0.8000,-55.0362,0.01198,1.0000,0.0000,0.0000,True,True
24.8912,-7.9096,0.8000,-55.0411,0.01250,1.0000,0.0000,0.0000,True,True
24.8991,-7.8976,0.8000,-55.0462,0.01302,1.0000,0.0000,0.0000,True,True
24.9077,-7.8851,0.8000,-55.0515,0.01354,1.0000,0.0000,0.0000,True,True
24.9158,-7.8722,0.8000,-55.0570,0.01407,1.0000,0.0000,0.0000,True,True
24.9243,-7.8588,0.8000,-55.0627,0.01458,1.0000,0.0000,0.0000,True,True
24.9324,-7.8449,0.8000,-55.0686,0.01510,1.0000,0.0000,0.0000,True,True
24.9411,-7.8305,0.8000,-55.0747,0.01563,1.0000,0.0000,0.0000,True,True
24.9491,-7.8157,0.8000,-55.0810,0.01615,1.0000,0.0000,0.0000,True,True
24.9579,-7.8003,0.8000,-55.0876,0.01667,1.0000,0.0000,0.0000,True,True
24.9658,-7.7845,0.8000,-55.0943,0.01719,1.0000,0.0000,0.0000,True,True
24.9745,-7.7682,0.8000,-55.1012,0.01771,1.0000,0.0000,0.0000,True,True
24.9825,-7.7514,0.8000,-55.1084,0.01823,1.0000,0.0000,0.0000,True,True
24.9912,-7.7342,0.8000,-55.1157,0.01875,1.0000,0.0000,0.0000,True,True
24.9991,-7.7165,0.8000,-55.1233,0.01927,1.0000,0.0000,0.0000,True,True
25.0079,-7.6982,0.8000,-55.1310,0.01979,1.0000,0.0000,0.0000,True,True
25.0159,-7.6795,0.8000,-55.1390,0.02031,1.0000,0.0000,0.0000,True,True
25.0244,-7.6604,0.8000,-55.1471,0.02083,1.0000,0.0000,0.0000,True,True
25.0324,-7.6407,0.8000,-55.1555,0.02135,1.0000,0.0000,0.0000,True,True
25.0409,-7.6206,0.8000,-55.1640,0.02188,1.0000,0.0000,0.0000,True,True
25.0491,-7.6000,0.8000,-55.1728,0.02239,1.0000,0.0000,0.0000,True,True
25.0576,-7.5789,0.8000,-55.1818,0.02292,1.0000,0.0000,0.0000,True,True
25.0658,-7.5573,0.8000,-55.1910,0.02344,1.0000,0.0000,0.0000,True,True
25.0741,-7.5353,0.8000,-55.2003,0.02396,1.0000,0.0000,0.0000,True,True
25.0825,-7.5128,0.8000,-55.2099,0.02448,1.0000,0.0000,0.0000,True,True
25.0912,-7.4897,0.8000,-55.2197,0.02502,1.0000,0.0000,0.0000,True,True
25.0992,-7.4663,0.8000,-55.2297,0.02550,1.0000,0.0000,0.0000,True,True
25.1077,-7.4423,0.8000,-55.2399,0.02604,1.0000,0.0000,0.0000,True,True
25.1158,-7.4179,0.8000,-55.2503,0.02657,1.0000,0.0000,0.0000,True,True
25.1241,-7.3929,0.8000,-55.2609,0.02708,1.0000,0.0000,0.0000,True,True
25.1325,-7.3675,0.8000,-55.2717,0.02761,1.0000,0.0000,0.0000,True,True
25.1408,-7.3417,0.8000,-55.2827,0.02812,1.0000,0.0000,0.0000,True,True
25.1491,-7.3153,0.8000,-55.2940,0.02865,1.0000,0.0000,0.0000,True,True
25.1577,-7.2885,0.8000,-55.3054,0.02917,1.0000,0.0000,0.0000,True,True
25.1658,-7.2611,0.8000,-55.3170,0.02969,1.0000,0.0000,0.0000,True,True
25.1744,-7.2333,0.8000,-55.3288,0.03021,1.0000,0.0000,0.0000,True,True
25.1824,-7.2051,0.8000,-55.3409,0.03073,1.0000,0.0000,0.0000,True,True
25.1910,-7.1763,0.8000,-55.3531,0.03125,1.0000,0.0000,0.0000,True,True
25.1991,-7.1471,0.8000,-55.3655,0.03178,1.0000,0.0000,0.0000,True,True
25.2076,-7.1174,0.8000,-55.3782,0.03229,1.0000,0.0000,0.0000,True,True
25.2158,-7.0872,0.8000,-55.3910,0.03283,1.0000,0.0000,0.0000,True,True
25.2243,-7.0565,0.8000,-55.4041,0.03333,1.0000,0.0000,0.0000,True,True
25.2324,-7.0253,0.8000,-55.4173,0.03385,1.0000,0.0000,0.0000,True,True
25.2408,-6.9937,0.8000,-55.4308,0.03437,1.0000,0.0000,0.0000,True,True
25.2491,-6.9616,0.8000,-55.4445,0.03490,1.0000,0.0000,0.0000,True,True
25.2577,-6.9290,0.8000,-55.4583,0.03542,1.0000,0.0000,0.0000,True,True
25.2658,-6.8959,0.8000,-55.4724,0.03594,1.0000,0.0000,0.0000,True,True
25.2742,-6.8624,0.8000,-55.4867,0.03646,1.0000,0.0000,0.0000,True,True
25.2825,-6.8283,0.8000,-55.5012,0.03699,1.0000,0.0000,0.0000,True,True
25.2910,-6.7938,0.8000,-55.5158,0.03749,1.0000,0.0000,0.0000,True,True
25.2992,-6.7589,0.8000,-55.5307,0.03803,1.0000,0.0000,0.0000,True,True
25.3078,-6.7234,0.8000,-55.5458,0.03853,1.0000,0.0000,0.0000,True,True
25.3158,-6.6874,0.8000,-55.5611,0.03907,1.0000,0.0000,0.0000,True,True
25.3246,-6.6510,0.8000,-55.5766,0.03958,1.0000,0.0000,0.0000,True,True
25.3325,-6.6141,0.8000,-55.5923,0.04012,1.0000,0.0000,0.0000,True,True
25.3411,-6.5767,0.8000,-55.6082,0.04062,1.0000,0.0000,0.0000,True,True
25.3491,-6.5389,0.8000,-55.6243,0.04116,1.0000,0.0000,0.0000,True,True
25.3577,-6.5005,0.8000,-55.6407,0.04166,1.0000,0.0000,0.0000,True,True
25.3658,-6.4617,0.8000,-55.6572,0.04220,1.0000,0.0000,0.0000,True,True
25.3744,-6.4224,0.8000,-55.6739,0.04270,1.0000,0.0000,0.0000,True,True
25.3825,-6.3826,0.8000,-55.6908,0.04324,1.0000,0.0000,0.0000,True,True
25.3914,-6.3423,0.8000,-55.7080,0.04376,1.0000,0.0000,0.0000,True,True
25.3991,-6.3016,0.8000,-55.7253,0.04427,1.0000,0.0000,0.0000,True,True
25.4078,-6.2604,0.8000,-55.7428,0.04479,1.0000,0.0000,0.0000,True,True
25.4158,-6.2190,0.8000,-55.7605,0.04501,1.0000,0.0000,0.0000,True,True
25.4243,-6.1776,0.8000,-55.7781,0.04500,1.0000,0.0000,0.0000,True,True
25.4325,-6.1362,0.8000,-55.7957,0.04500,1.0000,0.0000,0.0000,True,True
25.4409,-6.0948,0.8000,-55.8133,0.04499,1.0000,0.0000,0.0000,True,True
25.4491,-6.0534,0.8000,-55.8309,0.04501,1.0000,0.0000,0.0000,True,True
25.4579,-6.0118,0.8000,-55.8486,0.04513,1.0000,0.0000,0.0000,True,True
25.4658,-5.9705,0.8000,-55.8662,0.04488,1.0000,0.0000,0.0000,True,True
25.4742,-5.9291,0.8000,-55.8838,0.04500,1.0000,0.0000,0.0000,True,True
25.4825,-5.8877,0.8000,-55.9014,0.04500,1.0000,0.0000,0.0000,True,True
25.4914,-5.8463,0.8000,-55.9190,0.04499,1.0000,0.0000,0.0000,True,True
25.4991,-5.8049,0.8000,-55.9367,0.04500,1.0000,0.0000,0.0000,True,True
25.5079,-5.7635,0.8000,-55.9543,0.04500,1.0000,0.0000,0.0000,True,True
25.5158,-5.7221,0.8000,-55.9719,0.04499,1.0000,0.0000,0.0000,True,True
25.5246,-5.6807,0.8000,-55.9895,0.04501,1.0000,0.0000,0.0000,True,True
25.5325,-5.6393,0.8000,-56.0071,0.04500,1.0000,0.0000,0.0000,True,True
25.5411,-5.5979,0.8000,-56.0248,0.04501,1.0000,0.0000,0.0000,True,True
25.5491,-5.5564,0.8000,-56.0424,0.04501,1.0000,0.0000,0.0000,True,True
25.5577,-5.5150,0.8000,-56.0600,0.04498,1.0000,0.0000,0.0000,True,True
25.5658,-5.4736,0.8000,-56.0776,0.04501,1.0000,0.0000,0.0000,True,True
25.5744,-5.4322,0.8000,-56.0952,0.04500,1.0000,0.0000,0.0000,True,True
25.5825,-5.3908,0.8000,-56.1129,0.04501,1.0000,0.0000,0.0000,True,True
25.5911,-5.3494,0.8000,-56.1305,0.04499,1.0000,0.0000,0.0000,True,True
25.5991,-5.3080,0.8000,-56.1481,0.04501,1.0000,0.0000,0.0000,True,True
25.6078,-5.2662,0.8000,-56.1647,0.04496,1.0000,0.0000,0.0000,True,True
25.6158,-5.2241,0.8000,-56.1790,0.04445,1.0000,0.0000,0.0000,True,True
25.6246,-5.1818,0.8000,-56.1933,0.04468,1.0000,0.0000,0.0000,True,True
25.6324,-5.1392,0.8000,-56.2077,0.04500,1.0000,0.0000,0.0000,True,True
25.6409,-5.0965,0.8000,-56.2222,0.04499,1.0000,0.0000,0.0000,True,True
25.6492,-5.0539,0.8000,-56.2366,0.04503,1.0000,0.0000,0.0000,True,True
25.6576,-5.0113,0.8000,-56.2511,0.04498,1.0000,0.0000,0.0000,True,True
25.6658,-4.9687,0.8000,-56.2655,0.04501,1.0000,0.0000,0.0000,True,True
25.6744,-4.9261,0.8000,-56.2799,0.04499,1.0000,0.0000,0.0000,True,True
25.6825,-4.8834,0.8000,-56.2944,0.04501,1.0000,0.0000,0.0000,True,True
25.6910,-4.8408,0.8000,-56.3088,0.04499,1.0000,0.0000,0.0000,True,True
25.6991,-4.7982,0.8000,-56.3233,0.04500,1.0000,0.0000,0.0000,True,True
25.7077,-4.7556,0.8000,-56.3377,0.04500,1.0000,0.0000,0.0000,True,True
25.7158,-4.7129,0.8000,-56.3522,0.04501,1.0000,0.0000,0.0000,True,True
25.7244,-4.6703,0.8000,-56.3666,0.04500,1.0000,0.0000,0.0000,True,True
25.7325,-4.6277,0.8000,-56.3810,0.04499,1.0000,0.0000,0.0000,True,True
25.7411,-4.5851,0.8000,-56.3955,0.04500,1.0000,0.0000,0.0000,True,True
25.7492,-4.5425,0.8000,-56.4099,0.04500,1.0000,0.0000,0.0000,True,True
25.7577,-4.4998,0.8000,-56.4244,0.04500,1.0000,0.0000,0.0000,True,True
25.7658,-4.4572,0.8000,-56.4388,0.04500,1.0000,0.0000,0.0000,True,True
25.7743,-4.4146,0.8000,-56.4532,0.04500,1.0000,0.0000,0.0000,True,True
25.7825,-4.3720,0.8000,-56.4677,0.04503,1.0000,0.0000,0.0000,True,True
25.7913,-4.3293,0.8000,-56.4821,0.04500,1.0000,0.0000,0.0000,True,True
25.7994,-4.2867,0.8000,-56.4966,0.04501,1.0000,0.0000,0.0000,True,True
25.8078,-4.2441,0.8000,-56.5110,0.04500,1.0000,0.0000,0.0000,True,True
25.8159,-4.2015,0.8000,-56.5255,0.04500,1.0000,0.0000,0.0000,True,True
25.8245,-4.1589,0.8000,-56.5399,0.04500,1.0000,0.0000,0.0000,True,True
25.8325,-4.1163,0.8000,-56.5543,0.04499,1.0000,0.0000,0.0000,True,True
25.8414,-4.0736,0.8000,-56.5688,0.04501,1.0000,0.0000,0.0000,True,True
25.8492,-4.0310,0.8000,-56.5832,0.04500,1.0000,0.0000,0.0000,True,True
25.8580,-3.9884,0.8000,-56.5977,0.04500,1.0000,0.0000,0.0000,True,True
25.8658,-3.9458,0.7998,-56.6121,0.04500,1.0000,0.0000,0.0000,True,True
25.8746,-3.9031,0.7996,-56.6266,0.04499,1.0000,0.0000,0.0000,True,True
25.8825,-3.8605,0.7995,-56.6410,0.04502,1.0000,0.0000,0.0000,True,True
25.8912,-3.8179,0.7993,-56.6554,0.04500,1.0000,0.0000,0.0000,True,True
25.8991,-3.7753,0.7992,-56.6699,0.04498,1.0000,0.0000,0.0000,True,True
25.9076,-3.7327,0.7990,-56.6843,0.04499,1.0000,0.0000,0.0000,True,True
25.9158,-3.6900,0.7988,-56.6988,0.04501,1.0000,0.0000,0.0000,True,True
25.9244,-3.6474,0.7987,-56.7132,0.04500,1.0000,0.0000,0.0000,True,True
25.9325,-3.6048,0.7985,-56.7277,0.04501,1.0000,0.0000,0.0000,True,True
25.9411,-3.5622,0.7984,-56.7421,0.04499,1.0000,0.0000,0.0000,True,True
25.9491,-3.5196,0.7982,-56.7565,0.04500,1.0000,0.0000,0.0000,True,True
25.9579,-3.4769,0.7980,-56.7710,0.04501,1.0000,0.0000,0.0000,True,True
25.9658,-3.4343,0.7979,-56.7854,0.04500,1.0000,0.0000,0.0000,True,True
25.9744,-3.3917,0.7977,-56.7999,0.04499,1.0000,0.0000,0.0000,True,True
25.9825,-3.3491,0.7976,-56.8143,0.04500,1.0000,0.0000,0.0000,True,True
25.9911,-3.3065,0.7974,-56.8287,0.04500,1.0000,0.0000,0.0000,True,True
25.9991,-3.2638,0.7972,-56.8432,0.04500,1.0000,0.0000,0.0000,True,True
26.0078,-3.2212,0.7971,-56.8576,0.04500,1.0000,0.0000,0.0000,True,True
26.0158,-3.1786,0.7969,-56.8721,0.04500,1.0000,0.0000,0.0000,True,True
26.0243,-3.1360,0.7968,-56.8865,0.04499,1.0000,0.0000,0.0000,True,True
26.0325,-3.0933,0.7966,-56.9010,0.04502,1.0000,0.0000,0.0000,True,True
26.0412,-3.0507,0.7966,-56.9154,0.04500,1.0000,0.0000,0.0000,True,True
26.0491,-3.0081,0.7965,-56.9298,0.04501,1.0000,0.0000,0.0000,True,True
26.0577,-2.9655,0.7965,-56.9443,0.04499,1.0000,0.0000,0.0000,True,True
26.0658,-2.9229,0.7964,-56.9587,0.04501,1.0000,0.0000,0.0000,True,True
26.0743,-2.8803,0.7964,-56.9732,0.04499,1.0000,0.0000,0.0000,True,True
26.0825,-2.8376,0.7963,-56.9876,0.04501,1.0000,0.0000,0.0000,True,True
26.0911,-2.7950,0.7962,-57.0020,0.04501,1.0000,0.0000,0.0000,True,True
26.0991,-2.7524,0.7962,-57.0165,0.04500,1.0000,0.0000,0.0000,True,True
26.1078,-2.7098,0.7961,-57.0309,0.04500,1.0000,0.0000,0.0000,True,True
26.1158,-2.6671,0.7961,-57.0454,0.04501,1.0000,0.0000,0.0000,True,True
26.1244,-2.6245,0.7960,-57.0598,0.04500,1.0000,0.0000,0.0000,True,True
26.1325,-2.5819,0.7960,-57.0743,0.04501,1.0000,0.0000,0.0000,True,True
26.1411,-2.5393,0.7959,-57.0887,0.04499,1.0000,0.0000,0.0000,True,True
26.1492,-2.4967,0.7959,-57.1031,0.04501,1.0000,0.0000,0.0000,True,True
26.1576,-2.4540,0.7958,-57.1176,0.04500,1.0000,0.0000,0.0000,True,True
26.1658,-2.4114,0.7958,-57.1320,0.04499,1.0000,0.0000,0.0000,True,True
26.1744,-2.3688,0.7957,-57.1465,0.04501,1.0000,0.0000,0.0000,True,True
26.1825,-2.3262,0.7957,-57.1609,0.04501,1.0000,0.0000,0.0000,True,True
26.1912,-2.2835,0.7956,-57.1753,0.04500,1.0000,0.0000,0.0000,True,True
26.1992,-2.2409,0.7955,-57.1898,0.04500,1.0000,0.0000,0.0000,True,True
26.2077,-2.1983,0.7955,-57.2042,0.04500,1.0000,0.0000,0.0000,True,True
26.2158,-2.1557,0.7954,-57.2187,0.04501,1.0000,0.0000,0.0000,True,True
26.2243,-2.1131,0.7954,-57.2331,0.04499,1.0000,0.0000,0.0000,True,True
26.2325,-2.0704,0.7953,-57.2476,0.04502,1.0000,0.0000,0.0000,True,True
26.2412,-2.0278,0.7953,-57.2620,0.04499,1.0000,0.0000,0.0000,True,True
26.2491,-1.9852,0.7953,-57.2764,0.04500,1.0000,0.0000,0.0000,True,True
26.2578,-1.9426,0.7954,-57.2909,0.04500,1.0000,0.0000,0.0000,True,True
26.2658,-1.9000,0.7955,-57.3053,0.04500,1.0000,0.0000,0.0000,True,True
26.2744,-1.8573,0.7956,-57.3198,0.04502,1.0000,0.0000,0.0000,True,True
26.2825,-1.8147,0.7957,-57.3342,0.04499,1.0000,0.0000,0.0000,True,True
26.2911,-1.7721,0.7958,-57.3487,0.04500,1.0000,0.0000,0.0000,True,True
26.2991,-1.7295,0.7959,-57.3631,0.04500,1.0000,0.0000,0.0000,True,True
26.3078,-1.6868,0.7960,-57.3775,0.04501,1.0000,0.0000,0.0000,True,True
26.3158,-1.6442,0.7961,-57.3920,0.04500,1.0000,0.0000,0.0000,True,True
26.3244,-1.6016,0.7962,-57.4064,0.04500,1.0000,0.0000,0.0000,True,True
26.3325,-1.5590,0.7963,-57.4209,0.04501,1.0000,0.0000,0.0000,True,True
26.3411,-1.5164,0.7964,-57.4353,0.04499,1.0000,0.0000,0.0000,True,True
26.3492,-1.4738,0.7965,-57.4498,0.04501,1.0000,0.0000,0.0000,True,True
26.3585,-1.4293,0.7967,-57.4648,0.04695,1.0000,0.0000,0.0000,True,True
26.3659,-1.3882,0.7968,-57.4787,0.04339,1.0000,0.0000,0.0000,True,True
26.3748,-1.3439,0.7969,-57.4937,0.04674,1.0000,0.0000,0.0000,True,True
26.3827,-1.3025,0.7970,-57.5078,0.04376,1.0000,0.0000,0.0000,True,True
26.3913,-1.2597,0.7971,-57.5223,0.04516,1.0000,0.0000,0.0000,True,True
26.3993,-1.2173,0.7972,-57.5367,0.04480,1.0000,0.0000,0.0000,True,True
26.4078,-1.1747,0.7973,-57.5511,0.04500,1.0000,0.0000,0.0000,True,True
26.4160,-1.1320,0.7974,-57.5655,0.04500,1.0000,0.0000,0.0000,True,True
26.4246,-1.0894,0.7975,-57.5800,0.04501,1.0000,0.0000,0.0000,True,True
26.4327,-1.0468,0.7976,-57.5944,0.04502,1.0000,0.0000,0.0000,True,True
26.4413,-1.0038,0.7977,-57.6090,0.04536,1.0000,0.0000,0.0000,True,True
26.4493,-0.9614,0.7978,-57.6234,0.04479,1.0000,0.0000,0.0000,True,True
26.4578,-0.9186,0.7979,-57.6379,0.04517,1.0000,0.0000,0.0000,True,True
26.4660,-0.8760,0.7980,-57.6523,0.04501,1.0000,0.0000,0.0000,True,True
26.4745,-0.8334,0.7981,-57.6667,0.04501,1.0000,0.0000,0.0000,True,True
26.4827,-0.7907,0.7982,-57.6812,0.04500,1.0000,0.0000,0.0000,True,True
26.4914,-0.7475,0.7983,-57.6958,0.04566,1.0000,0.0000,0.0000,True,True
26.4995,-0.7049,0.7984,-57.7103,0.04499,1.0000,0.0000,0.0000,True,True
26.5081,-0.6622,0.7986,-57.7248,0.04510,1.0000,0.0000,0.0000,True,True
26.5162,-0.6196,0.7987,-57.7392,0.04491,1.0000,0.0000,0.0000,True,True
26.5246,-0.5769,0.7988,-57.7536,0.04511,1.0000,0.0000,0.0000,True,True
26.5329,-0.5343,0.7989,-57.7681,0.04501,1.0000,0.0000,0.0000,True,True
26.5414,-0.4917,0.7990,-57.7825,0.04500,1.0000,0.0000,0.0000,True,True
26.5495,-0.4491,0.7991,-57.7970,0.04500,1.0000,0.0000,0.0000,True,True
26.5580,-0.4064,0.7992,-57.8114,0.04501,1.0000,0.0000,0.0000,True,True
26.5662,-0.3638,0.7993,-57.8258,0.04501,1.0000,0.0000,0.0000,True,True
26.5751,-0.3211,0.7994,-57.8403,0.04504,1.0000,0.0000,0.0000,True,True
26.5828,-0.2785,0.7995,-57.8547,0.04500,1.0000,0.0000,0.0000,True,True
26.5917,-0.2348,0.7996,-57.8696,0.04618,1.0000,0.0000,0.0000,True,True
26.5998,-0.1922,0.7997,-57.8840,0.04499,1.0000,0.0000,0.0000,True,True
26.6089,-0.1467,0.7998,-57.8994,0.04805,1.0000,0.0000,0.0000,True,True
26.6170,-0.1041,0.7999,-57.9139,0.04499,1.0000,0.0000,0.0000,True,True
26.6255,-0.0613,0.8000,-57.9283,0.04511,1.0000,0.0000,0.0000,True,True
26.6336,-0.0187,0.8000,-57.9428,0.04498,1.0000,0.0000,0.0000,True,True
26.6420,0.0239,0.8000,-57.9572,0.04502,1.0000,0.0000,0.0000,True,True
26.6503,0.0665,0.8000,-57.9717,0.04499,1.0000,0.0000,0.0000,True,True
26.6588,0.1092,0.8000,-57.9861,0.04505,1.0000,0.0000,0.0000,True,True
26.6670,0.1518,0.8000,-58.0006,0.04495,1.0000,0.0000,0.0000,True,True
26.6756,0.1944,0.8000,-58.0150,0.04502,1.0000,0.0000,0.0000,True,True
26.6836,0.2370,0.8000,-58.0294,0.04498,1.0000,0.0000,0.0000,True,True
26.6922,0.2796,0.8000,-58.0439,0.04503,1.0000,0.0000,0.0000,True,True
26.7003,0.3222,0.8000,-58.0583,0.04497,1.0000,0.0000,0.0000,True,True
26.7087,0.3649,0.8000,-58.0728,0.04502,1.0000,0.0000,0.0000,True,True
26.7170,0.4075,0.8000,-58.0872,0.04498,1.0000,0.0000,0.0000,True,True
26.7256,0.4503,0.8000,-58.1017,0.04526,1.0000,0.0000,0.0000,True,True
26.7337,0.4928,0.8000,-58.1161,0.04485,1.0000,0.0000,0.0000,True,True
26.7421,0.5355,0.8000,-58.1306,0.04503,1.0000,0.0000,0.0000,True,True
26.7503,0.5781,0.8000,-58.1450,0.04498,1.0000,0.0000,0.0000,True,True
26.7588,0.6207,0.8000,-58.1595,0.04502,1.0000,0.0000,0.0000,True,True
26.7670,0.6633,0.8000,-58.1739,0.04497,1.0000,0.0000,0.0000,True,True
26.7757,0.7061,0.8000,-58.1884,0.04513,1.0000,0.0000,0.0000,True,True
26.7837,0.7486,0.8000,-58.2028,0.04488,1.0000,0.0000,0.0000,True,True
26.7921,0.7912,0.8000,-58.2172,0.04502,1.0000,0.0000,0.0000,True,True
26.8003,0.8338,0.8000,-58.2317,0.04498,1.0000,0.0000,0.0000,True,True
26.8088,0.8765,0.8000,-58.2461,0.04505,1.0000,0.0000,0.0000,True,True
26.8170,0.9191,0.8000,-58.2605,0.04498,1.0000,0.0000,0.0000,True,True
26.8254,0.9617,0.8000,-58.2750,0.04502,1.0000,0.0000,0.0000,True,True
26.8337,1.0043,0.8000,-58.2894,0.04498,1.0000,0.0000,0.0000,True,True
26.8421,1.0469,0.8000,-58.3039,0.04503,1.0000,0.0000,0.0000,True,True
26.8504,1.0895,0.8000,-58.3183,0.04498,1.0000,0.0000,0.0000,True,True
26.8587,1.1322,0.8000,-58.3328,0.04502,1.0000,0.0000,0.0000,True,True
26.8670,1.1748,0.8000,-58.3472,0.04497,1.0000,0.0000,0.0000,True,True
26.8755,1.2174,0.8000,-58.3617,0.04503,1.0000,0.0000,0.0000,True,True
26.8837,1.2600,0.8000,-58.3761,0.04499,1.0000,0.0000,0.0000,True,True
26.8922,1.3030,0.8000,-58.3906,0.04534,1.0000,0.0000,0.0000,True,True
26.9004,1.3456,0.8000,-58.4051,0.04496,1.0000,0.0000,0.0000,True,True
26.9089,1.3882,0.8000,-58.4195,0.04505,1.0000,0.0000,0.0000,True,True
26.9171,1.4308,0.8000,-58.4340,0.04498,1.0000,0.0000,0.0000,True,True
26.9255,1.4735,0.8000,-58.4484,0.04503,1.0000,0.0000,0.0000,True,True
26.9338,1.5161,0.8000,-58.4629,0.04498,1.0000,0.0000,0.0000,True,True
26.9421,1.5587,0.8000,-58.4773,0.04502,1.0000,0.0000,0.0000,True,True
26.9504,1.6013,0.8000,-58.4917,0.04498,1.0000,0.0000,0.0000,True,True
26.9589,1.6440,0.8000,-58.5062,0.04503,1.0000,0.0000,0.0000,True,True
26.9671,1.6866,0.8000,-58.5206,0.04498,1.0000,0.0000,0.0000,True,True
26.9756,1.7292,0.8000,-58.5351,0.04503,1.0000,0.0000,0.0000,True,True
26.9837,1.7718,0.8000,-58.5495,0.04497,1.0000,0.0000,0.0000,True,True
26.9922,1.8145,0.8000,-58.5640,0.04511,1.0000,0.0000,0.0000,True,True
27.0004,1.8570,0.8000,-58.5784,0.04489,1.0000,0.0000,0.0000,True,True
27.0089,1.8997,0.8000,-58.5928,0.04503,1.0000,0.0000,0.0000,True,True
27.0171,1.9423,0.8000,-58.6073,0.04499,1.0000,0.0000,0.0000,True,True
27.0257,1.9850,0.8000,-58.6217,0.04504,1.0000,0.0000,0.0000,True,True
27.0338,2.0275,0.8000,-58.6362,0.04497,1.0000,0.0000,0.0000,True,True
27.0422,2.0702,0.8000,-58.6506,0.04501,1.0000,0.0000,0.0000,True,True
27.0504,2.1128,0.8000,-58.6650,0.04498,1.0000,0.0000,0.0000,True,True
27.0590,2.1554,0.8000,-58.6795,0.04504,1.0000,0.0000,0.0000,True,True
27.0671,2.1980,0.8000,-58.6939,0.04497,1.0000,0.0000,0.0000,True,True
27.0756,2.2407,0.8000,-58.7084,0.04504,1.0000,0.0000,0.0000,True,True
27.0837,2.2833,0.8000,-58.7228,0.04498,1.0000,0.0000,0.0000,True,True
27.0923,2.3261,0.8000,-58.7373,0.04526,1.0000,0.0000,0.0000,True,True
27.1004,2.3686,0.8000,-58.7517,0.04483,1.0000,0.0000,0.0000,True,True
27.1089,2.4112,0.8000,-58.7662,0.04503,1.0000,0.0000,0.0000,True,True
27.1171,2.4538,0.8000,-58.7806,0.04496,1.0000,0.0000,0.0000,True,True
27.1255,2.4965,0.8000,-58.7951,0.04503,1.0000,0.0000,0.0000,True,True
27.1338,2.5391,0.8000,-58.8095,0.04499,1.0000,0.0000,0.0000,True,True
27.1422,2.5817,0.8000,-58.8239,0.04501,1.0000,0.0000,0.0000,True,True
27.1504,2.6243,0.8000,-58.8384,0.04499,1.0000,0.0000,0.0000,True,True
27.1589,2.6670,0.8000,-58.8528,0.04503,1.0000,0.0000,0.0000,True,True
27.1671,2.7096,0.8000,-58.8673,0.04497,1.0000,0.0000,0.0000,True,True
27.1756,2.7525,0.8000,-58.8818,0.04532,1.0000,0.0000,0.0000,True,True
27.1838,2.7950,0.8000,-58.8962,0.04486,1.0000,0.0000,0.0000,True,True
27.1922,2.8376,0.8000,-58.9106,0.04502,1.0000,0.0000,0.0000,True,True
27.2005,2.8802,0.8000,-58.9251,0.04498,1.0000,0.0000,0.0000,True,True
27.2089,2.9228,0.8000,-58.9395,0.04501,1.0000,0.0000,0.0000,True,True
27.2171,2.9655,0.8000,-58.9540,0.04499,1.0000,0.0000,0.0000,True,True
27.2256,3.0081,0.8000,-58.9684,0.04503,1.0000,0.0000,0.0000,True,True
27.2338,3.0507,0.8000,-58.9829,0.04497,1.0000,0.0000,0.0000,True,True
27.2422,3.0933,0.8000,-58.9973,0.04503,1.0000,0.0000,0.0000,True,True
27.2505,3.1359,0.8000,-59.0117,0.04498,1.0000,0.0000,0.0000,True,True
27.2588,3.1787,0.8000,-59.0262,0.04516,1.0000,0.0000,0.0000,True,True
27.2671,3.2212,0.8000,-59.0406,0.04484,1.0000,0.0000,0.0000,True,True
27.2757,3.2638,0.8000,-59.0551,0.04504,1.0000,0.0000,0.0000,True,True
27.2838,3.3064,0.8000,-59.0695,0.04497,1.0000,0.0000,0.0000,True,True
27.2922,3.3491,0.8000,-59.0840,0.04503,1.0000,0.0000,0.0000,True,True
27.3005,3.3917,0.8000,-59.0984,0.04498,1.0000,0.0000,0.0000,True,True
27.3089,3.4343,0.8000,-59.1128,0.04503,1.0000,0.0000,0.0000,True,True
27.3171,3.4769,0.8000,-59.1273,0.04497,1.0000,0.0000,0.0000,True,True
27.3255,3.5196,0.8000,-59.1417,0.04503,1.0000,0.0000,0.0000,True,True
27.3338,3.5622,0.8000,-59.1562,0.04498,1.0000,0.0000,0.0000,True,True
27.3424,3.6050,0.8000,-59.1707,0.04524,1.0000,0.0000,0.0000,True,True
27.3505,3.6475,0.8000,-59.1851,0.04489,1.0000,0.0000,0.0000,True,True
27.3590,3.6902,0.8000,-59.1995,0.04504,1.0000,0.0000,0.0000,True,True
27.3672,3.7328,0.8000,-59.2140,0.04497,1.0000,0.0000,0.0000,True,True
27.3756,3.7754,0.8000,-59.2284,0.04501,1.0000,0.0000,0.0000,True,True
27.3838,3.8180,0.8000,-59.2429,0.04499,1.0000,0.0000,0.0000,True,True
27.3922,3.8607,0.8000,-59.2573,0.04502,1.0000,0.0000,0.0000,True,True
27.4005,3.9033,0.8000,-59.2717,0.04497,1.0000,0.0000,0.0000,True,True
27.4089,3.9460,0.8000,-59.2862,0.04510,1.0000,0.0000,0.0000,True,True
27.4172,3.9886,0.8000,-59.3006,0.04497,1.0000,0.0000,0.0000,True,True
27.4255,4.0312,0.8000,-59.3151,0.04503,1.0000,0.0000,0.0000,True,True
27.4339,4.0738,0.8000,-59.3295,0.04498,1.0000,0.0000,0.0000,True,True
27.4422,4.1164,0.8000,-59.3440,0.04503,1.0000,0.0000,0.0000,True,True
27.4505,4.1591,0.8000,-59.3584,0.04498,1.0000,0.0000,0.0000,True,True
27.4589,4.2017,0.8000,-59.3729,0.04502,1.0000,0.0000,0.0000,True,True
27.4672,4.2443,0.8000,-59.3873,0.04498,1.0000,0.0000,0.0000,True,True
27.4756,4.2865,0.8000,-59.4016,0.04461,1.0000,0.0000,0.0000,True,True
27.4838,4.3283,0.8000,-59.4158,0.04406,1.0000,0.0000,0.0000,True,True
27.4922,4.3696,0.8000,-59.4297,0.04359,1.0000,0.0000,0.0000,True,True
27.5005,4.4103,0.8000,-59.4436,0.04302,1.0000,0.0000,0.0000,True,True
27.5090,4.4506,0.8000,-59.4572,0.04255,1.0000,0.0000,0.0000,True,True
27.5172,4.4904,0.8000,-59.4707,0.04199,1.0000,0.0000,0.0000,True,True
27.5256,4.5297,0.8000,-59.4840,0.04148,1.0000,0.0000,0.0000,True,True
27.5339,4.5684,0.8000,-59.4971,0.04095,1.0000,0.0000,0.0000,True,True
27.5422,4.6067,0.8000,-59.5101,0.04045,1.0000,0.0000,0.0000,True,True
27.5506,4.6445,0.8000,-59.5229,0.03991,1.0000,0.0000,0.0000,True,True
27.5590,4.6819,0.8000,-59.5356,0.03945,1.0000,0.0000,0.0000,True,True
27.5672,4.7187,0.8000,-59.5480,0.03885,1.0000,0.0000,0.0000,True,True
27.5756,4.7550,0.8000,-59.5604,0.03837,1.0000,0.0000,0.0000,True,True
27.5838,4.7909,0.8000,-59.5725,0.03782,1.0000,0.0000,0.0000,True,True
27.5922,4.8262,0.8000,-59.5845,0.03732,1.0000,0.0000,0.0000,True,True
27.6005,4.8610,0.8000,-59.5963,0.03677,1.0000,0.0000,0.0000,True,True
27.6090,4.8955,0.8000,-59.6080,0.03644,1.0000,0.0000,0.0000,True,True
27.6172,4.9292,0.8000,-59.6194,0.03558,1.0000,0.0000,0.0000,True,True
27.6256,4.9626,0.8000,-59.6307,0.03523,1.0000,0.0000,0.0000,True,True
27.6339,4.9955,0.8000,-59.6418,0.03470,1.0000,0.0000,0.0000,True,True
27.6422,5.0279,0.8000,-59.6528,0.03420,1.0000,0.0000,0.0000,True,True
27.6505,5.0597,0.8000,-59.6636,0.03364,1.0000,0.0000,0.0000,True,True
27.6589,5.0911,0.8000,-59.6742,0.03316,1.0000,0.0000,0.0000,True,True
27.6672,5.1220,0.8000,-59.6847,0.03260,1.0000,0.0000,0.0000,True,True
27.6757,5.1524,0.8000,-59.6950,0.03212,1.0000,0.0000,0.0000,True,True
27.6839,5.1823,0.8000,-59.7051,0.03157,1.0000,0.0000,0.0000,True,True
27.6922,5.2118,0.8000,-59.7151,0.03106,1.0000,0.0000,0.0000,True,True
27.7006,5.2407,0.8000,-59.7249,0.03052,1.0000,0.0000,0.0000,True,True
27.7089,5.2691,0.8000,-59.7345,0.03004,1.0000,0.0000,0.0000,True,True
27.7172,5.2970,0.8000,-59.7440,0.02948,1.0000,0.0000,0.0000,True,True
27.7255,5.3245,0.8000,-59.7533,0.02899,1.0000,0.0000,0.0000,True,True
27.7339,5.3514,0.8000,-59.7624,0.02844,1.0000,0.0000,0.0000,True,True
27.7423,5.3779,0.8000,-59.7714,0.02794,1.0000,0.0000,0.0000,True,True
27.7506,5.4039,0.8000,-59.7802,0.02741,1.0000,0.0000,0.0000,True,True
27.7589,5.4293,0.8000,-59.7888,0.02690,1.0000,0.0000,0.0000,True,True
27.7672,5.4543,0.8000,-59.7973,0.02636,1.0000,0.0000,0.0000,True,True
27.7757,5.4788,0.8000,-59.8056,0.02587,1.0000,0.0000,0.0000,True,True
27.7839,5.5028,0.8000,-59.8137,0.02531,1.0000,0.0000,0.0000,True,True
27.7922,5.5263,0.8000,-59.8217,0.02482,1.0000,0.0000,0.0000,True,True
27.8005,5.5493,0.8000,-59.8295,0.02427,1.0000,0.0000,0.0000,True,True
27.8094,5.5720,0.8000,-59.8372,0.02399,1.0000,0.0000,0.0000,True,True
27.8173,5.5940,0.8000,-59.8446,0.02321,1.0000,0.0000,0.0000,True,True
27.8258,5.6155,0.8000,-59.8519,0.02273,1.0000,0.0000,0.0000,True,True
27.8339,5.6365,0.8000,-59.8590,0.02219,1.0000,0.0000,0.0000,True,True
27.8424,5.6571,0.8000,-59.8660,0.02169,1.0000,0.0000,0.0000,True,True
27.8506,5.6771,0.8000,-59.8728,0.02115,1.0000,0.0000,0.0000,True,True
27.8590,5.6966,0.8000,-59.8794,0.02065,1.0000,0.0000,0.0000,True,True
27.8673,5.7157,0.8000,-59.8859,0.02010,1.0000,0.0000,0.0000,True,True
27.8757,5.7343,0.8000,-59.8922,0.01969,1.0000,0.0000,0.0000,True,True
27.8839,5.7523,0.8000,-59.8983,0.01899,1.0000,0.0000,0.0000,True,True
27.8923,5.7699,0.8000,-59.9042,0.01856,1.0000,0.0000,0.0000,True,True
27.9006,5.7870,0.8000,-59.9100,0.01802,1.0000,0.0000,0.0000,True,True
27.9090,5.8036,0.8000,-59.9156,0.01752,1.0000,0.0000,0.0000,True,True
27.9173,5.8196,0.8000,-59.9211,0.01698,1.0000,0.0000,0.0000,True,True
27.9257,5.8352,0.8000,-59.9264,0.01648,1.0000,0.0000,0.0000,True,True
27.9339,5.8503,0.8000,-59.9315,0.01594,1.0000,0.0000,0.0000,True,True
27.9423,5.8650,0.8000,-59.9364,0.01543,1.0000,0.0000,0.0000,True,True
27.9506,5.8791,0.8000,-59.9412,0.01490,1.0000,0.0000,0.0000,True,True
27.9590,5.8927,0.8000,-59.9458,0.01439,1.0000,0.0000,0.0000,True,True
27.9673,5.9058,0.8000,-59.9503,0.01386,1.0000,0.0000,0.0000,True,True
27.9757,5.9185,0.8000,-59.9546,0.01335,1.0000,0.0000,0.0000,True,True
27.9840,5.9306,0.8000,-59.9587,0.01282,1.0000,0.0000,0.0000,True,True
27.9923,5.9423,0.8000,-59.9626,0.01230,1.0000,0.0000,0.0000,True,True
28.0006,5.9534,0.8000,-59.9664,0.01178,1.0000,0.0000,0.0000,True,True
28.0090,5.9641,0.8000,-59.9700,0.01126,1.0000,0.0000,0.0000,True,True
28.0173,5.9742,0.8000,-59.9735,0.01073,1.0000,0.0000,0.0000,True,True
28.0257,5.9839,0.8000,-59.9768,0.01022,1.0000,0.0000,0.0000,True,True
28.0340,5.9931,0.8000,-59.9799,0.00969,1.0000,0.0000,0.0000,True,True
28.0426,6.0018,0.8000,-59.9828,0.00918,1.0000,0.0000,0.0000,True,True
28.0506,6.0100,0.8000,-59.9856,0.00867,1.0000,0.0000,0.0000,True,True
28.0591,6.0179,0.8000,-59.9883,0.00831,1.0000,0.0000,0.0000,True,True
28.0673,6.0254,0.8000,-59.9908,0.00795,1.0000,0.0000,0.0000,True,True
28.0757,6.0327,0.8000,-59.9933,0.00767,1.0000,0.0000,0.0000,True,True
28.0840,6.0327,0.8000,-59.9933,0.00000,1.0000,0.0000,0.0000,True,True
28.0924,6.0330,0.8000,-59.9937,0.00052,1.0000,0.0000,0.0000,True,True
28.1007,6.0337,0.8000,-59.9945,0.00104,1.0000,0.0000,0.0000,True,True
28.1090,6.0347,0.8000,-59.9956,0.00156,1.0000,0.0000,0.0000,True,True
28.1173,6.0361,0.8000,-59.9972,0.00208,1.0000,0.0000,0.0000,True,True
28.1259,6.0378,0.8000,-59.9992,0.00261,1.0000,0.0000,0.0000,True,True
28.1340,6.0398,0.8000,-60.0016,0.00312,1.0000,0.0000,0.0000,True,True
28.1424,6.0422,0.8000,-60.0043,0.00365,1.0000,0.0000,0.0000,True,True
28.1507,6.0449,0.8000,-60.0075,0.00417,1.0000,0.0000,0.0000,True,True
28.1591,6.0480,0.8000,-60.0110,0.00469,1.0000,0.0000,0.0000,True,True
28.1674,6.0514,0.8000,-60.0150,0.00521,1.0000,0.0000,0.0000,True,True
28.1757,6.0551,0.8000,-60.0193,0.00574,1.0000,0.0000,0.0000,True,True
28.1840,6.0592,0.8000,-60.0241,0.00624,1.0000,0.0000,0.0000,True,True
28.1924,6.0636,0.8000,-60.0292,0.00678,1.0000,0.0000,0.0000,True,True
28.2006,6.0683,0.8000,-60.0347,0.00729,1.0000,0.0000,0.0000,True,True
28.2092,6.0734,0.8000,-60.0407,0.00782,1.0000,0.0000,0.0000,True,True
28.2173,6.0789,0.8000,-60.0470,0.00833,1.0000,0.0000,0.0000,True,True
28.2257,6.0847,0.8000,-60.0537,0.00886,1.0000,0.0000,0.0000,True,True
28.2340,6.0908,0.8000,-60.0608,0.00937,1.0000,0.0000,0.0000,True,True
28.2424,6.0972,0.8000,-60.0683,0.00990,1.0000,0.0000,0.0000,True,True
28.2507,6.1040,0.8000,-60.0762,0.01042,1.0000,0.0000,0.0000,True,True
28.2590,6.1112,0.8000,-60.0845,0.01095,1.0000,0.0000,0.0000,True,True
28.2673,6.1186,0.8000,-60.0932,0.01145,1.0000,0.0000,0.0000,True,True
28.2759,6.1264,0.8000,-60.1023,0.01199,1.0000,0.0000,0.0000,True,True
28.2840,6.1346,0.8000,-60.1118,0.01250,1.0000,0.0000,0.0000,True,True
28.2925,6.1431,0.8000,-60.1216,0.01304,1.0000,0.0000,0.0000,True,True
28.3007,6.1519,0.8000,-60.1319,0.01354,1.0000,0.0000,0.0000,True,True
28.3092,6.1611,0.8000,-60.1426,0.01408,1.0000,0.0000,0.0000,True,True
28.3173,6.1706,0.8000,-60.1536,0.01458,1.0000,0.0000,0.0000,True,True
28.3257,6.1805,0.8000,-60.1651,0.01512,1.0000,0.0000,0.0000,True,True
28.3340,6.1907,0.8000,-60.1769,0.01562,1.0000,0.0000,0.0000,True,True
28.3424,6.2012,0.8000,-60.1892,0.01616,1.0000,0.0000,0.0000,True,True
28.3507,6.2121,0.8000,-60.2018,0.01666,1.0000,0.0000,0.0000,True,True
28.3591,6.2233,0.8000,-60.2149,0.01720,1.0000,0.0000,0.0000,True,True
28.3673,6.2348,0.8000,-60.2283,0.01771,1.0000,0.0000,0.0000,True,True
28.3757,6.2467,0.8000,-60.2421,0.01824,1.0000,0.0000,0.0000,True,True
28.3840,6.2590,0.8000,-60.2563,0.01875,1.0000,0.0000,0.0000,True,True
28.3924,6.2715,0.8000,-60.2710,0.01929,1.0000,0.0000,0.0000,True,True
28.4007,6.2844,0.8000,-60.2860,0.01979,1.0000,0.0000,0.0000,True,True
28.4090,6.2977,0.8000,-60.3014,0.02033,1.0000,0.0000,0.0000,True,True
28.4173,6.3113,0.8000,-60.3172,0.02083,1.0000,0.0000,0.0000,True,True
28.4259,6.3252,0.8000,-60.3334,0.02138,1.0000,0.0000,0.0000,True,True
28.4340,6.3395,0.8000,-60.3500,0.02186,1.0000,0.0000,0.0000,True,True
28.4424,6.3541,0.8000,-60.3669,0.02241,1.0000,0.0000,0.0000,True,True
28.4507,6.3690,0.8000,-60.3843,0.02291,1.0000,0.0000,0.0000,True,True
28.4591,6.3843,0.8000,-60.4021,0.02346,1.0000,0.0000,0.0000,True,True
28.4673,6.4000,0.8000,-60.4203,0.02395,1.0000,0.0000,0.0000,True,True
28.4757,6.4159,0.8000,-60.4388,0.02450,1.0000,0.0000,0.0000,True,True
28.4840,6.4322,0.8000,-60.4578,0.02499,1.0000,0.0000,0.0000,True,True
28.4925,6.4490,0.8000,-60.4772,0.02566,1.0000,0.0000,0.0000,True,True
28.5007,6.4659,0.8000,-60.4969,0.02594,1.0000,0.0000,0.0000,True,True
28.5091,6.4832,0.8000,-60.5170,0.02657,1.0000,0.0000,0.0000,True,True
28.5173,6.5009,0.8000,-60.5376,0.02709,1.0000,0.0000,0.0000,True,True
28.5257,6.5189,0.8000,-60.5585,0.02762,1.0000,0.0000,0.0000,True,True
28.5340,6.5372,0.8000,-60.5798,0.02812,1.0000,0.0000,0.0000,True,True
28.5424,6.5559,0.8000,-60.6016,0.02867,1.0000,0.0000,0.0000,True,True
28.5507,6.5749,0.8000,-60.6237,0.02916,1.0000,0.0000,0.0000,True,True
28.5591,6.5943,0.8000,-60.6462,0.02971,1.0000,0.0000,0.0000,True,True
28.5673,6.6140,0.8000,-60.6691,0.03020,1.0000,0.0000,0.0000,True,True
28.5759,6.6341,0.8000,-60.6924,0.03076,1.0000,0.0000,0.0000,True,True
28.5840,6.6544,0.8000,-60.7161,0.03125,1.0000,0.0000,0.0000,True,True
28.5924,6.6752,0.8000,-60.7402,0.03179,1.0000,0.0000,0.0000,True,True
28.6007,6.6962,0.8000,-60.7647,0.03229,1.0000,0.0000,0.0000,True,True
28.6091,6.7176,0.8000,-60.7896,0.03284,1.0000,0.0000,0.0000,True,True
28.6173,6.7394,0.8000,-60.8149,0.03333,1.0000,0.0000,0.0000,True,True
28.6258,6.7615,0.8000,-60.8405,0.03388,1.0000,0.0000,0.0000,True,True
28.6340,6.7839,0.8000,-60.8666,0.03438,1.0000,0.0000,0.0000,True,True
28.6424,6.8067,0.8000,-60.8931,0.03492,1.0000,0.0000,0.0000,True,True
28.6507,6.8297,0.8000,-60.9199,0.03540,1.0000,0.0000,0.0000,True,True
28.6591,6.8532,0.8000,-60.9472,0.03597,1.0000,0.0000,0.0000,True,True
28.6673,6.8770,0.8000,-60.9748,0.03644,1.0000,0.0000,0.0000,True,True
28.6757,6.9011,0.8000,-61.0029,0.03701,1.0000,0.0000,0.0000,True,True
28.6840,6.9256,0.8000,-61.0313,0.03750,1.0000,0.0000,0.0000,True,True
28.6924,6.9504,0.8000,-61.0601,0.03803,1.0000,0.0000,0.0000,True,True
28.7007,6.9755,0.8000,-61.0893,0.03854,1.0000,0.0000,0.0000,True,True
28.7092,7.0010,0.8000,-61.1190,0.03911,1.0000,0.0000,0.0000,True,True
28.7174,7.0268,0.8000,-61.1490,0.03956,1.0000,0.0000,0.0000,True,True
28.7257,7.0530,0.8000,-61.1794,0.04014,1.0000,0.0000,0.0000,True,True
28.7340,7.0795,0.8000,-61.2102,0.04061,1.0000,0.0000,0.0000,True,True
28.7424,7.1063,0.8000,-61.2414,0.04118,1.0000,0.0000,0.0000,True,True
28.7507,7.1335,0.8000,-61.2730,0.04166,1.0000,0.0000,0.0000,True,True
28.7592,7.1610,0.8000,-61.3050,0.04224,1.0000,0.0000,0.0000,True,True
28.7673,7.1889,0.8000,-61.3374,0.04270,1.0000,0.0000,0.0000,True,True
28.7758,7.2171,0.8000,-61.3703,0.04333,1.0000,0.0000,0.0000,True,True
28.7840,7.2457,0.8000,-61.4034,0.04375,1.0000,0.0000,0.0000,True,True
28.7924,7.2745,0.8000,-61.4370,0.04431,1.0000,0.0000,0.0000,True,True
28.8007,7.3038,0.8000,-61.4710,0.04479,1.0000,0.0000,0.0000,True,True
28.8091,7.3331,0.8000,-61.5051,0.04502,1.0000,0.0000,0.0000,True,True
28.8174,7.3624,0.8000,-61.5392,0.04498,1.0000,0.0000,0.0000,True,True
28.8257,7.3918,0.8000,-61.5733,0.04503,1.0000,0.0000,0.0000,True,True
28.8340,7.4211,0.8000,-61.6074,0.04497,1.0000,0.0000,0.0000,True,True
28.8424,7.4505,0.8000,-61.6416,0.04503,1.0000,0.0000,0.0000,True,True
28.8507,7.4798,0.8000,-61.6757,0.04498,1.0000,0.0000,0.0000,True,True
28.8591,7.5093,0.8000,-61.7099,0.04511,1.0000,0.0000,0.0000,True,True
28.8674,7.5386,0.8000,-61.7440,0.04497,1.0000,0.0000,0.0000,True,True
28.8758,7.5679,0.8000,-61.7781,0.04503,1.0000,0.0000,0.0000,True,True
28.8840,7.5973,0.8000,-61.8122,0.04498,1.0000,0.0000,0.0000,True,True
28.8925,7.6266,0.8000,-61.8463,0.04502,1.0000,0.0000,0.0000,True,True
28.9007,7.6560,0.8000,-61.8804,0.04497,1.0000,0.0000,0.0000,True,True
28.9091,7.6853,0.8000,-61.9146,0.04504,1.0000,0.0000,0.0000,True,True
28.9174,7.7147,0.8000,-61.9487,0.04496,1.0000,0.0000,0.0000,True,True
28.9259,7.7440,0.8000,-61.9828,0.04503,1.0000,0.0000,0.0000,True,True
28.9340,7.7733,0.8000,-62.0169,0.04497,1.0000,0.0000,0.0000,True,True
28.9424,7.8027,0.8000,-62.0510,0.04503,1.0000,0.0000,0.0000,True,True
28.9507,7.8320,0.8000,-62.0851,0.04498,1.0000,0.0000,0.0000,True,True
28.9591,7.8614,0.8000,-62.1193,0.04504,1.0000,0.0000,0.0000,True,True
28.9674,7.8907,0.8000,-62.1534,0.04497,1.0000,0.0000,0.0000,True,True
28.9758,7.9201,0.8000,-62.1875,0.04502,1.0000,0.0000,0.0000,True,True
28.9840,7.9494,0.8000,-62.2216,0.04499,1.0000,0.0000,0.0000,True,True
28.9924,7.9788,0.8000,-62.2557,0.04501,1.0000,0.0000,0.0000,True,True
29.0007,8.0081,0.8000,-62.2898,0.04499,1.0000,0.0000,0.0000,True,True
29.0091,8.0375,0.8000,-62.3240,0.04501,1.0000,0.0000,0.0000,True,True
29.0174,8.0668,0.8000,-62.3581,0.04498,1.0000,0.0000,0.0000,True,True
29.0257,8.0962,0.8000,-62.3922,0.04503,1.0000,0.0000,0.0000,True,True
29.0340,8.1255,0.8000,-62.4263,0.04498,1.0000,0.0000,0.0000,True,True
29.0424,8.1550,0.8000,-62.4606,0.04520,1.0000,0.0000,0.0000,True,True
29.0507,8.1842,0.8000,-62.4946,0.04486,1.0000,0.0000,0.0000,True,True
29.0594,8.2137,0.8000,-62.5288,0.04521,1.0000,0.0000,0.0000,True,True
29.0674,8.2429,0.8000,-62.5628,0.04478,1.0000,0.0000,0.0000,True,True
29.0758,8.2723,0.8000,-62.5969,0.04503,1.0000,0.0000,0.0000,True,True
29.0841,8.3016,0.8000,-62.6310,0.04497,1.0000,0.0000,0.0000,True,True
29.0924,8.3310,0.8000,-62.6652,0.04503,1.0000,0.0000,0.0000,True,True
29.1007,8.3603,0.8000,-62.6993,0.04496,1.0000,0.0000,0.0000,True,True
29.1091,8.3897,0.8000,-62.7334,0.04504,1.0000,0.0000,0.0000,True,True
29.1174,8.4190,0.8000,-62.7675,0.04498,1.0000,0.0000,0.0000,True,True
29.1257,8.4484,0.8000,-62.8016,0.04502,1.0000,0.0000,0.0000,True,True
29.1341,8.4777,0.8000,-62.8357,0.04498,1.0000,0.0000,0.0000,True,True
29.1425,8.5071,0.8000,-62.8699,0.04502,1.0000,0.0000,0.0000,True,True
29.1508,8.5364,0.8000,-62.9040,0.04498,1.0000,0.0000,0.0000,True,True
29.1591,8.5658,0.8000,-62.9381,0.04503,1.0000,0.0000,0.0000,True,True
29.1674,8.5951,0.8000,-62.9722,0.04498,1.0000,0.0000,0.0000,True,True
29.1758,8.6244,0.8000,-63.0063,0.04502,1.0000,0.0000,0.0000,True,True
29.1841,8.6538,0.8000,-63.0404,0.04499,1.0000,0.0000,0.0000,True,True
29.1924,8.6831,0.8000,-63.0746,0.04502,1.0000,0.0000,0.0000,True,True
29.2007,8.7125,0.8000,-63.1087,0.04498,1.0000,0.0000,0.0000,True,True
29.2091,8.7418,0.8000,-63.1428,0.04501,1.0000,0.0000,0.0000,True,True
29.2174,8.7712,0.8000,-63.1769,0.04500,1.0000,0.0000,0.0000,True,True
29.2259,8.8005,0.8000,-63.2110,0.04500,1.0000,0.0000,0.0000,True,True
29.2341,8.8299,0.8000,-63.2451,0.04499,1.0000,0.0000,0.0000,True,True
29.2425,8.8592,0.8000,-63.2793,0.04502,1.0000,0.0000,0.0000,True,True
29.2508,8.8886,0.8000,-63.3134,0.04499,1.0000,0.0000,0.0000,True,True
29.2592,8.9179,0.8000,-63.3475,0.04501,1.0000,0.0000,0.0000,True,True
29.2674,8.9473,0.8000,-63.3816,0.04498,1.0000,0.0000,0.0000,True,True
29.2758,8.9766,0.8000,-63.4157,0.04502,1.0000,0.0000,0.0000,True,True
29.2841,9.0060,0.8000,-63.4498,0.04500,1.0000,0.0000,0.0000,True,True
29.2924,9.0353,0.8000,-63.4840,0.04500,1.0000,0.0000,0.0000,True,True
29.3007,9.0646,0.8000,-63.5181,0.04498,1.0000,0.0000,0.0000,True,True
29.3091,9.0940,0.8000,-63.5522,0.04503,1.0000,0.0000,0.0000,True,True
29.3174,9.1230,0.8000,-63.5860,0.04453,1.0000,0.0000,0.0000,True,True
29.3259,9.1518,0.8000,-63.6194,0.04407,1.0000,0.0000,0.0000,True,True
29.3341,9.1802,0.8000,-63.6524,0.04351,1.0000,0.0000,0.0000,True,True
29.3424,9.2082,0.8000,-63.6850,0.04302,1.0000,0.0000,0.0000,True,True
29.3507,9.2359,0.8000,-63.7172,0.04247,1.0000,0.0000,0.0000,True,True
29.3591,9.2633,0.8000,-63.7490,0.04199,1.0000,0.0000,0.0000,True,True
29.3674,9.2903,0.8000,-63.7804,0.04142,1.0000,0.0000,0.0000,True,True
29.3758,9.3170,0.8000,-63.8114,0.04093,1.0000,0.0000,0.0000,True,True
29.3841,9.3433,0.8000,-63.8420,0.04039,1.0000,0.0000,0.0000,True,True
29.3924,9.3693,0.8000,-63.8723,0.03990,1.0000,0.0000,0.0000,True,True
29.4007,9.3950,0.8000,-63.9021,0.03934,1.0000,0.0000,0.0000,True,True
29.4091,9.4203,0.8000,-63.9316,0.03886,1.0000,0.0000,0.0000,True,True
29.4174,9.4453,0.8000,-63.9606,0.03829,1.0000,0.0000,0.0000,True,True
29.4258,9.4700,0.8000,-63.9893,0.03782,1.0000,0.0000,0.0000,True,True
29.4341,9.4943,0.8001,-64.0175,0.03725,1.0000,0.0000,0.0000,True,True
29.4425,9.5182,0.8001,-64.0454,0.03677,1.0000,0.0000,0.0000,True,True
29.4508,9.5419,0.8002,-64.0728,0.03621,1.0000,0.0000,0.0000,True,True
29.4591,9.5652,0.8003,-64.0999,0.03572,1.0000,0.0000,0.0000,True,True
29.4674,9.5881,0.8004,-64.1266,0.03517,1.0000,0.0000,0.0000,True,True
29.4759,9.6107,0.8005,-64.1529,0.03468,1.0000,0.0000,0.0000,True,True
29.4841,9.6330,0.8006,-64.1788,0.03414,1.0000,0.0000,0.0000,True,True
29.4924,9.6549,0.8007,-64.2043,0.03363,1.0000,0.0000,0.0000,True,True
29.5007,9.6765,0.8007,-64.2293,0.03309,1.0000,0.0000,0.0000,True,True
29.5091,9.6977,0.8008,-64.2541,0.03260,1.0000,0.0000,0.0000,True,True
29.5174,9.7186,0.8009,-64.2783,0.03204,1.0000,0.0000,0.0000,True,True
29.5259,9.7394,0.8010,-64.3025,0.03188,1.0000,0.0000,0.0000,True,True
29.5341,9.7594,0.8011,-64.3258,0.03066,1.0000,0.0000,0.0000,True,True
29.5424,9.7793,0.8011,-64.3489,0.03051,1.0000,0.0000,0.0000,True,True
29.5508,9.7989,0.8012,-64.3716,0.02997,1.0000,0.0000,0.0000,True,True
29.5591,9.8181,0.8013,-64.3940,0.02948,1.0000,0.0000,0.0000,True,True
29.5674,9.8369,0.8014,-64.4159,0.02892,1.0000,0.0000,0.0000,True,True
29.5758,9.8555,0.8014,-64.4375,0.02844,1.0000,0.0000,0.0000,True,True
29.5841,9.8737,0.8015,-64.4586,0.02789,1.0000,0.0000,0.0000,True,True
29.5925,9.8915,0.8016,-64.4794,0.02739,1.0000,0.0000,0.0000,True,True
29.6007,9.9090,0.8016,-64.4997,0.02684,1.0000,0.0000,0.0000,True,True
29.6091,9.9262,0.8017,-64.5197,0.02635,1.0000,0.0000,0.0000,True,True
29.6174,9.9430,0.8018,-64.5392,0.02579,1.0000,0.0000,0.0000,True,True
29.6258,9.9595,0.8018,-64.5584,0.02530,1.0000,0.0000,0.0000,True,True
29.6341,9.9757,0.8019,-64.5772,0.02476,1.0000,0.0000,0.0000,True,True
29.6425,9.9915,0.8019,-64.5956,0.02425,1.0000,0.0000,0.0000,True,True
29.6508,10.0070,0.8020,-64.6136,0.02372,1.0000,0.0000,0.0000,True,True
29.6591,10.0221,0.8021,-64.6312,0.02322,1.0000,0.0000,0.0000,True,True
29.6674,10.0369,0.8021,-64.6483,0.02267,1.0000,0.0000,0.0000,True,True
29.6759,10.0515,0.8022,-64.6653,0.02235,1.0000,0.0000,0.0000,True,True
29.6841,10.0655,0.8022,-64.6816,0.02146,1.0000,0.0000,0.0000,True,True
29.6925,10.0793,0.8023,-64.6976,0.02114,1.0000,0.0000,0.0000,True,True
29.7007,10.0927,0.8023,-64.7132,0.02059,1.0000,0.0000,0.0000,True,True
29.7091,10.1058,0.8024,-64.7284,0.02010,1.0000,0.0000,0.0000,True,True
29.7174,10.1185,0.8024,-64.7432,0.01954,1.0000,0.0000,0.0000,True,True
29.7259,10.1310,0.8025,-64.7577,0.01905,1.0000,0.0000,0.0000,True,True
29.7341,10.1430,0.8025,-64.7717,0.01851,1.0000,0.0000,0.0000,True,True
29.7424,10.1548,0.8026,-64.7854,0.01800,1.0000,0.0000,0.0000,True,True
29.7508,10.1662,0.8026,-64.7986,0.01747,1.0000,0.0000,0.0000,True,True
29.7591,10.1772,0.8026,-64.8115,0.01697,1.0000,0.0000,0.0000,True,True
29.7674,10.1879,0.8027,-64.8239,0.01643,1.0000,0.0000,0.0000,True,True
29.7758,10.1983,0.8027,-64.8360,0.01592,1.0000,0.0000,0.0000,True,True
29.7841,10.2083,0.8028,-64.8477,0.01539,1.0000,0.0000,0.0000,True,True
29.7925,10.2181,0.8028,-64.8590,0.01490,1.0000,0.0000,0.0000,True,True
29.8018,10.2279,0.8028,-64.8704,0.01505,1.0000,0.0000,0.0000,True,True
29.8096,10.2369,0.8029,-64.8808,0.01380,1.0000,0.0000,0.0000,True,True
29.8178,10.2455,0.8029,-64.8909,0.01328,1.0000,0.0000,0.0000,True,True
29.8262,10.2539,0.8029,-64.9006,0.01277,1.0000,0.0000,0.0000,True,True
29.8345,10.2618,0.8030,-64.9098,0.01224,1.0000,0.0000,0.0000,True,True
29.8429,10.2695,0.8030,-64.9188,0.01178,1.0000,0.0000,0.0000,True,True
29.8512,10.2769,0.8030,-64.9274,0.01131,1.0000,0.0000,0.0000,True,True
29.8595,10.2840,0.8030,-64.9356,0.01089,1.0000,0.0000,0.0000,True,True
29.8678,10.2908,0.8031,-64.9435,0.01046,1.0000,0.0000,0.0000,True,True
29.8762,10.2974,0.8031,-64.9512,0.01007,1.0000,0.0000,0.0000,True,True
29.8845,10.3037,0.8031,-64.9585,0.00969,1.0000,0.0000,0.0000,True,True
29.8929,10.3098,0.8031,-64.9656,0.00937,1.0000,0.0000,0.0000,True,True
29.9012,10.3157,0.8032,-64.9725,0.00906,1.0000,0.0000,0.0000,True,True
29.9096,10.3215,0.8032,-64.9792,0.00882,1.0000,0.0000,0.0000,True,True
29.9178,10.3215,0.8032,-64.9792,0.00000,1.0000,0.0000,0.0000,True,True
29.9264,10.3217,0.8032,-64.9797,0.00055,1.0000,0.0000,0.0000,True,True
29.9348,10.3220,0.8032,-64.9807,0.00105,1.0000,0.0000,0.0000,True,True
29.9431,10.3225,0.8032,-64.9822,0.00158,1.0000,0.0000,0.0000,True,True
29.9514,10.3232,0.8032,-64.9842,0.00209,1.0000,0.0000,0.0000,True,True
29.9598,10.3240,0.8032,-64.9866,0.00261,1.0000,0.0000,0.0000,True,True
29.9681,10.3250,0.8032,-64.9896,0.00313,1.0000,0.0000,0.0000,True,True
29.9764,10.3261,0.8032,-64.9931,0.00365,1.0000,0.0000,0.0000,True,True
29.9847,10.3275,0.8032,-64.9970,0.00417,1.0000,0.0000,0.0000,True,True
29.9931,10.3289,0.8033,-65.0015,0.00469,1.0000,0.0000,0.0000,True,True
30.0014,10.3306,0.8033,-65.0064,0.00520,1.0000,0.0000,0.0000,True,True
30.0098,10.3324,0.8033,-65.0118,0.00573,1.0000,0.0000,0.0000,True,True
30.0181,10.3344,0.8033,-65.0178,0.00624,1.0000,0.0000,0.0000,True,True
30.0264,10.3365,0.8033,-65.0242,0.00677,1.0000,0.0000,0.0000,True,True
30.0347,10.3388,0.8034,-65.0311,0.00728,1.0000,0.0000,0.0000,True,True
30.0431,10.3413,0.8034,-65.0385,0.00781,1.0000,0.0000,0.0000,True,True
30.0514,10.3440,0.8034,-65.0464,0.00833,1.0000,0.0000,0.0000,True,True
30.0598,10.3468,0.8034,-65.0548,0.00886,1.0000,0.0000,0.0000,True,True
30.0681,10.3497,0.8035,-65.0637,0.00937,1.0000,0.0000,0.0000,True,True
30.0764,10.3529,0.8035,-65.0731,0.00991,1.0000,0.0000,0.0000,True,True
30.0847,10.3562,0.8035,-65.0830,0.01041,1.0000,0.0000,0.0000,True,True
30.0931,10.3597,0.8036,-65.0933,0.01094,1.0000,0.0000,0.0000,True,True
30.1014,10.3633,0.8036,-65.1042,0.01145,1.0000,0.0000,0.0000,True,True
30.1098,10.3671,0.8036,-65.1156,0.01199,1.0000,0.0000,0.0000,True,True
30.1181,10.3710,0.8037,-65.1274,0.01249,1.0000,0.0000,0.0000,True,True
30.1264,10.3752,0.8037,-65.1398,0.01303,1.0000,0.0000,0.0000,True,True
30.1347,10.3795,0.8038,-65.1526,0.01354,1.0000,0.0000,0.0000,True,True
30.1431,10.3839,0.8038,-65.1660,0.01408,1.0000,0.0000,0.0000,True,True
30.1514,10.3886,0.8038,-65.1798,0.01458,1.0000,0.0000,0.0000,True,True
30.1598,10.3933,0.8039,-65.1941,0.01512,1.0000,0.0000,0.0000,True,True
30.1681,10.3983,0.8039,-65.2090,0.01563,1.0000,0.0000,0.0000,True,True
30.1764,10.4034,0.8040,-65.2243,0.01617,1.0000,0.0000,0.0000,True,True
30.1847,10.4087,0.8040,-65.2401,0.01668,1.0000,0.0000,0.0000,True,True
30.1932,10.4142,0.8041,-65.2564,0.01722,1.0000,0.0000,0.0000,True,True
30.2014,10.4198,0.8041,-65.2732,0.01771,1.0000,0.0000,0.0000,True,True
30.2098,10.4256,0.8042,-65.2906,0.01837,1.0000,0.0000,0.0000,True,True
30.2181,10.4316,0.8043,-65.3084,0.01877,1.0000,0.0000,0.0000,True,True
30.2265,10.4377,0.8043,-65.3267,0.01930,1.0000,0.0000,0.0000,True,True
30.2348,10.4440,0.8044,-65.3455,0.01981,1.0000,0.0000,0.0000,True,True
30.2432,10.4504,0.8044,-65.3648,0.02034,1.0000,0.0000,0.0000,True,True
30.2515,10.4570,0.8045,-65.3846,0.02084,1.0000,0.0000,0.0000,True,True
30.2598,10.4638,0.8046,-65.4049,0.02139,1.0000,0.0000,0.0000,True,True
30.2683,10.4707,0.8046,-65.4256,0.02189,1.0000,0.0000,0.0000,True,True
30.2765,10.4779,0.8047,-65.4469,0.02244,1.0000,0.0000,0.0000,True,True
30.2848,10.4851,0.8048,-65.4687,0.02293,1.0000,0.0000,0.0000,True,True
30.2932,10.4926,0.8049,-65.4909,0.02348,1.0000,0.0000,0.0000,True,True
30.3015,10.5002,0.8049,-65.5137,0.02397,1.0000,0.0000,0.0000,True,True
30.3098,10.5079,0.8050,-65.5369,0.02452,1.0000,0.0000,0.0000,True,True
30.3181,10.5159,0.8051,-65.5607,0.02502,1.0000,0.0000,0.0000,True,True
30.3265,10.5240,0.8052,-65.5849,0.02556,1.0000,0.0000,0.0000,True,True
30.3348,10.5322,0.8052,-65.6096,0.02606,1.0000,0.0000,0.0000,True,True
30.3432,10.5407,0.8053,-65.6349,0.02661,1.0000,0.0000,0.0000,True,True
30.3515,10.5493,0.8054,-65.6606,0.02709,1.0000,0.0000,0.0000,True,True
30.3598,10.5580,0.8055,-65.6868,0.02766,1.0000,0.0000,0.0000,True,True
30.3682,10.5670,0.8056,-65.7135,0.02814,1.0000,0.0000,0.0000,True,True
30.3765,10.5761,0.8057,-65.7407,0.02869,1.0000,0.0000,0.0000,True,True
30.3848,10.5853,0.8058,-65.7684,0.02918,1.0000,0.0000,0.0000,True,True
30.3933,10.5947,0.8059,-65.7966,0.02974,1.0000,0.0000,0.0000,True,True
30.4015,10.6043,0.8059,-65.8252,0.03024,1.0000,0.0000,0.0000,True,True
30.4099,10.6141,0.8060,-65.8544,0.03079,1.0000,0.0000,0.0000,True,True
30.4182,10.6240,0.8061,-65.8841,0.03128,1.0000,0.0000,0.0000,True,True
30.4265,10.6341,0.8062,-65.9143,0.03183,1.0000,0.0000,0.0000,True,True
30.4348,10.6443,0.8063,-65.9450,0.03233,1.0000,0.0000,0.0000,True,True
30.4432,10.6548,0.8064,-65.9762,0.03290,1.0000,0.0000,0.0000,True,True
30.4515,10.6654,0.8067,-66.0078,0.03337,1.0000,0.0000,0.0000,True,True
30.4598,10.6761,0.8075,-66.0400,0.03393,1.0000,0.0000,0.0000,True,True
30.4682,10.6870,0.8083,-66.0726,0.03442,1.0000,0.0000,0.0000,True,True
30.4765,10.6981,0.8091,-66.1058,0.03500,1.0000,0.0000,0.0000,True,True
30.4848,10.7094,0.8100,-66.1395,0.03549,1.0000,0.0000,0.0000,True,True
30.4932,10.7208,0.8108,-66.1736,0.03606,1.0000,0.0000,0.0000,True,True
30.5015,10.7324,0.8117,-66.2083,0.03656,1.0000,0.0000,0.0000,True,True
30.5099,10.7442,0.8125,-66.2435,0.03713,1.0000,0.0000,0.0000,True,True
30.5182,10.7561,0.8134,-66.2792,0.03763,1.0000,0.0000,0.0000,True,True
30.5266,10.7683,0.8143,-66.3159,0.03868,1.0000,0.0000,0.0000,True,True
30.5349,10.7806,0.8152,-66.3526,0.03870,1.0000,0.0000,0.0000,True,True
30.5433,10.7930,0.8162,-66.3898,0.03925,1.0000,0.0000,0.0000,True,True
30.5516,10.8057,0.8171,-66.4275,0.03977,1.0000,0.0000,0.0000,True,True
30.5600,10.8184,0.8180,-66.4657,0.04032,1.0000,0.0000,0.0000,True,True
30.5683,10.8314,0.8190,-66.5044,0.04083,1.0000,0.0000,0.0000,True,True
30.5766,10.8445,0.8200,-66.5437,0.04139,1.0000,0.0000,0.0000,True,True
30.5849,10.8578,0.8210,-66.5834,0.04188,1.0000,0.0000,0.0000,True,True
30.5933,10.8712,0.8219,-66.6236,0.04245,1.0000,0.0000,0.0000,True,True
30.6016,10.8848,0.8230,-66.6643,0.04295,1.0000,0.0000,0.0000,True,True
30.6100,10.8986,0.8240,-66.7056,0.04352,1.0000,0.0000,0.0000,True,True
30.6183,10.9126,0.8250,-66.7473,0.04402,1.0000,0.0000,0.0000,True,True
30.6266,10.9267,0.8261,-66.7896,0.04458,1.0000,0.0000,0.0000,True,True
30.6349,10.9410,0.8271,-66.8323,0.04500,1.0000,0.0000,0.0000,True,True
30.6434,10.9553,0.8282,-66.8750,0.04503,1.0000,0.0000,0.0000,True,True
30.6516,10.9695,0.8292,-66.9176,0.04499,1.0000,0.0000,0.0000,True,True
30.6600,10.9838,0.8303,-66.9603,0.04505,1.0000,0.0000,0.0000,True,True
30.6683,10.9981,0.8313,-67.0030,0.04497,1.0000,0.0000,0.0000,True,True
30.6766,11.0123,0.8324,-67.0457,0.04504,1.0000,0.0000,0.0000,True,True
30.6849,11.0266,0.8334,-67.0883,0.04500,1.0000,0.0000,0.0000,True,True
30.6933,11.0409,0.8345,-67.1310,0.04502,1.0000,0.0000,0.0000,True,True
30.7016,11.0551,0.8356,-67.1737,0.04500,1.0000,0.0000,0.0000,True,True
30.7100,11.0694,0.8366,-67.2164,0.04503,1.0000,0.0000,0.0000,True,True
30.7182,11.0837,0.8377,-67.2591,0.04499,1.0000,0.0000,0.0000,True,True
30.7266,11.0980,0.8387,-67.3018,0.04509,1.0000,0.0000,0.0000,True,True
30.7350,11.1122,0.8398,-67.3445,0.04499,1.0000,0.0000,0.0000,True,True
30.7433,11.1265,0.8408,-67.3872,0.04503,1.0000,0.0000,0.0000,True,True
30.7516,11.1408,0.8419,-67.4298,0.04500,1.0000,0.0000,0.0000,True,True
30.7600,11.1550,0.8429,-67.4725,0.04504,1.0000,0.0000,0.0000,True,True
30.7683,11.1693,0.8440,-67.5152,0.04500,1.0000,0.0000,0.0000,True,True
30.7766,11.1836,0.8451,-67.5579,0.04504,1.0000,0.0000,0.0000,True,True
30.7849,11.1978,0.8461,-67.6005,0.04499,1.0000,0.0000,0.0000,True,True
30.7933,11.2121,0.8472,-67.6432,0.04504,1.0000,0.0000,0.0000,True,True
30.8016,11.2264,0.8482,-67.6859,0.04499,1.0000,0.0000,0.0000,True,True
30.8100,11.2406,0.8493,-67.7286,0.04504,1.0000,0.0000,0.0000,True,True
30.8183,11.2549,0.8503,-67.7713,0.04499,1.0000,0.0000,0.0000,True,True
30.8267,11.2692,0.8514,-67.8140,0.04503,1.0000,0.0000,0.0000,True,True
30.8349,11.2834,0.8525,-67.8566,0.04500,1.0000,0.0000,0.0000,True,True
30.8433,11.2977,0.8535,-67.8993,0.04504,1.0000,0.0000,0.0000,True,True
30.8516,11.3120,0.8546,-67.9420,0.04498,1.0000,0.0000,0.0000,True,True
30.8600,11.3263,0.8556,-67.9847,0.04504,1.0000,0.0000,0.0000,True,True
30.8683,11.3405,0.8573,-68.0273,0.04501,1.0000,0.0000,0.0000,True,True
30.8767,11.3548,0.8592,-68.0700,0.04507,1.0000,0.0000,0.0000,True,True
30.8849,11.3690,0.8612,-68.1127,0.04502,1.0000,0.0000,0.0000,True,True
30.8933,11.3833,0.8632,-68.1554,0.04508,1.0000,0.0000,0.0000,True,True
30.9016,11.3976,0.8651,-68.1981,0.04501,1.0000,0.0000,0.0000,True,True
30.9100,11.4117,0.8671,-68.2404,0.04464,1.0000,0.0000,0.0000,True,True
30.9183,11.4257,0.8690,-68.2822,0.04412,1.0000,0.0000,0.0000,True,True
30.9266,11.4395,0.8709,-68.3235,0.04368,1.0000,0.0000,0.0000,True,True
30.9350,11.4532,0.8728,-68.3644,0.04317,1.0000,0.0000,0.0000,True,True
30.9433,11.4667,0.8747,-68.4049,0.04272,1.0000,0.0000,0.0000,True,True
30.9516,11.4801,0.8765,-68.4449,0.04222,1.0000,0.0000,0.0000,True,True
30.9600,11.4933,0.8783,-68.4845,0.04176,1.0000,0.0000,0.0000,True,True
30.9683,11.5064,0.8801,-68.5236,0.04124,1.0000,0.0000,0.0000,True,True
30.9767,11.5193,0.8819,-68.5622,0.04080,1.0000,0.0000,0.0000,True,True
30.9849,11.5321,0.8837,-68.6004,0.04028,1.0000,0.0000,0.0000,True,True
30.9933,11.5447,0.8854,-68.6381,0.03984,1.0000,0.0000,0.0000,True,True
31.0016,11.5572,0.8871,-68.6754,0.03931,1.0000,0.0000,0.0000,True,True
31.0100,11.5695,0.8888,-68.7122,0.03887,1.0000,0.0000,0.0000,True,True
31.0183,11.5816,0.8905,-68.7485,0.03835,1.0000,0.0000,0.0000,True,True
31.0267,11.5936,0.8921,-68.7845,0.03789,1.0000,0.0000,0.0000,True,True
31.0350,11.6055,0.8938,-68.8199,0.03739,1.0000,0.0000,0.0000,True,True
31.0433,11.6172,0.8954,-68.8548,0.03691,1.0000,0.0000,0.0000,True,True
31.0517,11.6287,0.8970,-68.8893,0.03641,1.0000,0.0000,0.0000,True,True
31.0601,11.6401,0.8985,-68.9234,0.03595,1.0000,0.0000,0.0000,True,True
31.0683,11.6513,0.9001,-68.9570,0.03542,1.0000,0.0000,0.0000,True,True
31.0767,11.6624,0.9016,-68.9901,0.03497,1.0000,0.0000,0.0000,True,True
31.0850,11.6733,0.9031,-69.0228,0.03446,1.0000,0.0000,0.0000,True,True
31.0934,11.6841,0.9046,-69.0550,0.03398,1.0000,0.0000,0.0000,True,True
31.1016,11.6947,0.9061,-69.0867,0.03347,1.0000,0.0000,0.0000,True,True
31.1100,11.7051,0.9075,-69.1179,0.03301,1.0000,0.0000,0.0000,True,True
31.1184,11.7154,0.9089,-69.1487,0.03251,1.0000,0.0000,0.0000,True,True
31.1267,11.7256,0.9103,-69.1791,0.03202,1.0000,0.0000,0.0000,True,True
31.1349,11.7355,0.9117,-69.2089,0.03152,1.0000,0.0000,0.0000,True,True
31.1433,11.7454,0.9131,-69.2384,0.03106,1.0000,0.0000,0.0000,True,True
31.1516,11.7550,0.9144,-69.2673,0.03053,1.0000,0.0000,0.0000,True,True
31.1600,11.7646,0.9157,-69.2958,0.03007,1.0000,0.0000,0.0000,True,True
31.1683,11.7739,0.9170,-69.3238,0.02955,1.0000,0.0000,0.0000,True,True
31.1767,11.7831,0.9183,-69.3514,0.02909,1.0000,0.0000,0.0000,True,True
31.1850,11.7922,0.9195,-69.3784,0.02857,1.0000,0.0000,0.0000,True,True
31.1933,11.8011,0.9207,-69.4051,0.02811,1.0000,0.0000,0.0000,True,True
31.2016,11.8098,0.9219,-69.4312,0.02758,1.0000,0.0000,0.0000,True,True
31.2100,11.8184,0.9231,-69.4569,0.02711,1.0000,0.0000,0.0000,True,True
31.2183,11.8269,0.9243,-69.4821,0.02659,1.0000,0.0000,0.0000,True,True
31.2267,11.8351,0.9254,-69.5068,0.02612,1.0000,0.0000,0.0000,True,True
31.2350,11.8432,0.9265,-69.5311,0.02561,1.0000,0.0000,0.0000,True,True
31.2433,11.8512,0.9276,-69.5549,0.02511,1.0000,0.0000,0.0000,True,True
31.2516,11.8590,0.9287,-69.5782,0.02461,1.0000,0.0000,0.0000,True,True
31.2600,11.8666,0.9298,-69.6011,0.02412,1.0000,0.0000,0.0000,True,True
31.2683,11.8741,0.9308,-69.6234,0.02360,1.0000,0.0000,0.0000,True,True
31.2767,11.8814,0.9318,-69.6453,0.02313,1.0000,0.0000,0.0000,True,True
31.2849,11.8886,0.9328,-69.6667,0.02260,1.0000,0.0000,0.0000,True,True
31.2933,11.8956,0.9338,-69.6877,0.02213,1.0000,0.0000,0.0000,True,True
31.3016,11.9024,0.9347,-69.7082,0.02160,1.0000,0.0000,0.0000,True,True
31.3100,11.9091,0.9356,-69.7282,0.02112,1.0000,0.0000,0.0000,True,True
31.3183,11.9157,0.9365,-69.7477,0.02060,1.0000,0.0000,0.0000,True,True
31.3267,11.9220,0.9374,-69.7668,0.02012,1.0000,0.0000,0.0000,True,True
31.3350,11.9282,0.9383,-69.7853,0.01960,1.0000,0.0000,0.0000,True,True
31.3433,11.9343,0.9391,-69.8035,0.01912,1.0000,0.0000,0.0000,True,True
31.3516,11.9402,0.9399,-69.8211,0.01859,1.0000,0.0000,0.0000,True,True
31.3600,11.9459,0.9407,-69.8382,0.01811,1.0000,0.0000,0.0000,True,True
31.3683,11.9515,0.9415,-69.8549,0.01758,1.0000,0.0000,0.0000,True,True
31.3769,11.9569,0.9422,-69.8711,0.01710,1.0000,0.0000,0.0000,True,True
31.3850,11.9622,0.9429,-69.8868,0.01658,1.0000,0.0000,0.0000,True,True
31.3933,11.9673,0.9436,-69.9020,0.01609,1.0000,0.0000,0.0000,True,True
31.4017,11.9722,0.9443,-69.9168,0.01556,1.0000,0.0000,0.0000,True,True
31.4100,11.9770,0.9450,-69.9311,0.01507,1.0000,0.0000,0.0000,True,True
31.4183,11.9816,0.9456,-69.9449,0.01455,1.0000,0.0000,0.0000,True,True
31.4267,11.9860,0.9462,-69.9582,0.01406,1.0000,0.0000,0.0000,True,True
31.4350,11.9903,0.9468,-69.9710,0.01354,1.0000,0.0000,0.0000,True,True
31.4433,11.9944,0.9474,-69.9834,0.01304,1.0000,0.0000,0.0000,True,True
31.4517,11.9944,0.9474,-69.9834,0.00000,1.0000,0.0000,0.0000,True,True
31.4600,11.9943,0.9474,-69.9838,0.00052,1.0000,0.0000,0.0000,True,True
31.4683,11.9939,0.9474,-69.9848,0.00104,1.0000,0.0000,0.0000,True,True
31.4767,11.9933,0.9475,-69.9863,0.00157,1.0000,0.0000,0.0000,True,True
31.4850,11.9926,0.9476,-69.9882,0.00209,1.0000,0.0000,0.0000,True,True
31.4933,11.9917,0.9477,-69.9907,0.00261,1.0000,0.0000,0.0000,True,True
31.5016,11.9906,0.9479,-69.9936,0.00313,1.0000,0.0000,0.0000,True,True
31.5100,11.9893,0.9480,-69.9970,0.00366,1.0000,0.0000,0.0000,True,True
31.5183,11.9878,0.9482,-70.0010,0.00418,1.0000,0.0000,0.0000,True,True
31.5267,11.9862,0.9485,-70.0054,0.00472,1.0000,0.0000,0.0000,True,True
31.5350,11.9844,0.9488,-70.0103,0.00525,1.0000,0.0000,0.0000,True,True
31.5434,11.9823,0.9491,-70.0157,0.00578,1.0000,0.0000,0.0000,True,True
31.5517,11.9801,0.9495,-70.0216,0.00631,1.0000,0.0000,0.0000,True,True
31.5600,11.9777,0.9499,-70.0280,0.00685,1.0000,0.0000,0.0000,True,True
31.5683,11.9751,0.9504,-70.0349,0.00737,1.0000,0.0000,0.0000,True,True
31.5768,11.9723,0.9509,-70.0424,0.00803,1.0000,0.0000,0.0000,True,True
31.5851,11.9694,0.9514,-70.0503,0.00845,1.0000,0.0000,0.0000,True,True
31.5935,11.9662,0.9519,-70.0587,0.00899,1.0000,0.0000,0.0000,True,True
31.6018,11.9629,0.9525,-70.0676,0.00952,1.0000,0.0000,0.0000,True,True
31.6102,11.9594,0.9531,-70.0770,0.01007,1.0000,0.0000,0.0000,True,True
31.6184,11.9556,0.9537,-70.0869,0.01059,1.0000,0.0000,0.0000,True,True
31.6268,11.9517,0.9544,-70.0973,0.01115,1.0000,0.0000,0.0000,True,True
31.6351,11.9477,0.9551,-70.1082,0.01168,1.0000,0.0000,0.0000,True,True
31.6435,11.9434,0.9558,-70.1197,0.01223,1.0000,0.0000,0.0000,True,True
31.6517,11.9389,0.9566,-70.1316,0.01277,1.0000,0.0000,0.0000,True,True
31.6601,11.9342,0.9573,-70.1440,0.01333,1.0000,0.0000,0.0000,True,True
31.6685,11.9294,0.9582,-70.1570,0.01386,1.0000,0.0000,0.0000,True,True
31.6768,11.9243,0.9590,-70.1705,0.01441,1.0000,0.0000,0.0000,True,True
31.6851,11.9191,0.9599,-70.1845,0.01495,1.0000,0.0000,0.0000,True,True
31.6935,11.9137,0.9609,-70.1989,0.01551,1.0000,0.0000,0.0000,True,True
31.7018,11.9080,0.9618,-70.2139,0.01605,1.0000,0.0000,0.0000,True,True
31.7102,11.9022,0.9628,-70.2295,0.01661,1.0000,0.0000,0.0000,True,True
31.7184,11.8962,0.9638,-70.2455,0.01714,1.0000,0.0000,0.0000,True,True
31.7268,11.8900,0.9649,-70.2621,0.01771,1.0000,0.0000,0.0000,True,True
31.7351,11.8836,0.9660,-70.2791,0.01825,1.0000,0.0000,0.0000,True,True
31.7435,11.8770,0.9671,-70.2967,0.01881,1.0000,0.0000,0.0000,True,True
31.7518,11.8703,0.9682,-70.3148,0.01935,1.0000,0.0000,0.0000,True,True
31.7601,11.8633,0.9694,-70.3334,0.01992,1.0000,0.0000,0.0000,True,True
31.7684,11.8561,0.9707,-70.3525,0.02046,1.0000,0.0000,0.0000,True,True
31.7768,11.8487,0.9719,-70.3722,0.02104,1.0000,0.0000,0.0000,True,True
31.7851,11.8412,0.9732,-70.3924,0.02157,1.0000,0.0000,0.0000,True,True
31.7935,11.8334,0.9745,-70.4131,0.02216,1.0000,0.0000,0.0000,True,True
31.8018,11.8255,0.9759,-70.4343,0.02270,1.0000,0.0000,0.0000,True,True
31.8101,11.8173,0.9773,-70.4561,0.02329,1.0000,0.0000,0.0000,True,True
31.8185,11.8090,0.9787,-70.4783,0.02382,1.0000,0.0000,0.0000,True,True
31.8268,11.8004,0.9801,-70.5011,0.02441,1.0000,0.0000,0.0000,True,True
31.8352,11.7917,0.9816,-70.5245,0.02501,1.0000,0.0000,0.0000,True,True
31.8435,11.7827,0.9832,-70.5484,0.02549,1.0000,0.0000,0.0000,True,True
31.8518,11.7736,0.9847,-70.5727,0.02609,1.0000,0.0000,0.0000,True,True
31.8601,11.7643,0.9863,-70.5977,0.02669,1.0000,0.0000,0.0000,True,True
31.8685,11.7547,0.9879,-70.6231,0.02722,1.0000,0.0000,0.0000,True,True
31.8768,11.7450,0.9896,-70.6491,0.02782,1.0000,0.0000,0.0000,True,True
31.8851,11.7350,0.9913,-70.6757,0.02838,1.0000,0.0000,0.0000,True,True
31.8935,11.7249,0.9930,-70.7027,0.02896,1.0000,0.0000,0.0000,True,True
31.9018,11.7146,0.9948,-70.7303,0.02951,1.0000,0.0000,0.0000,True,True
31.9102,11.7040,0.9966,-70.7586,0.03022,1.0000,0.0000,0.0000,True,True
31.9185,11.6932,0.9984,-70.7872,0.03066,1.0000,0.0000,0.0000,True,True
31.9268,11.6823,1.0003,-70.8164,0.03127,1.0000,0.0000,0.0000,True,True
31.9351,11.6711,1.0022,-70.8462,0.03182,1.0000,0.0000,0.0000,True,True
31.9435,11.6598,1.0041,-70.8765,0.03242,1.0000,0.0000,0.0000,True,True
31.9518,11.6482,1.0061,-70.9073,0.03297,1.0000,0.0000,0.0000,True,True
31.9602,11.6365,1.0081,-70.9387,0.03359,1.0000,0.0000,0.0000,True,True
31.9685,11.6245,1.0101,-70.9706,0.03414,1.0000,0.0000,0.0000,True,True
31.9768,11.6124,1.0122,-71.0031,0.03474,1.0000,0.0000,0.0000,True,True
31.9851,11.6000,1.0143,-71.0361,0.03531,1.0000,0.0000,0.0000,True,True
31.9935,11.5874,1.0164,-71.0697,0.03592,1.0000,0.0000,0.0000,True,True
32.0018,11.5746,1.0186,-71.1038,0.03647,1.0000,0.0000,0.0000,True,True
32.0102,11.5616,1.0208,-71.1384,0.03710,1.0000,0.0000,0.0000,True,True
32.0185,11.5485,1.0231,-71.1736,0.03763,1.0000,0.0000,0.0000,True,True
32.0268,11.5351,1.0254,-71.2094,0.03827,1.0000,0.0000,0.0000,True,True
32.0352,11.5215,1.0277,-71.2457,0.03883,1.0000,0.0000,0.0000,True,True
32.0435,11.5076,1.0300,-71.2826,0.03944,1.0000,0.0000,0.0000,True,True
32.0518,11.4936,1.0324,-71.3200,0.04001,1.0000,0.0000,0.0000,True,True
32.0602,11.4794,1.0349,-71.3579,0.04063,1.0000,0.0000,0.0000,True,True
32.0685,11.4650,1.0373,-71.3964,0.04118,1.0000,0.0000,0.0000,True,True
32.0769,11.4503,1.0398,-71.4355,0.04181,1.0000,0.0000,0.0000,True,True
32.0852,11.4355,1.0423,-71.4751,0.04238,1.0000,0.0000,0.0000,True,True
32.0935,11.4204,1.0449,-71.5153,0.04300,1.0000,0.0000,0.0000,True,True
32.1019,11.4050,1.0475,-71.5565,0.04400,1.0000,0.0000,0.0000,True,True
32.1103,11.3895,1.0502,-71.5978,0.04421,1.0000,0.0000,0.0000,True,True
32.1186,11.3739,1.0528,-71.6396,0.04476,1.0000,0.0000,0.0000,True,True
32.1269,11.3581,1.0555,-71.6818,0.04511,1.0000,0.0000,0.0000,True,True
32.1352,11.3423,1.0582,-71.7239,0.04506,1.0000,0.0000,0.0000,True,True
32.1436,11.3265,1.0609,-71.7661,0.04510,1.0000,0.0000,0.0000,True,True
32.1519,11.3107,1.0636,-71.8082,0.04505,1.0000,0.0000,0.0000,True,True
32.1603,11.2949,1.0663,-71.8504,0.04511,1.0000,0.0000,0.0000,True,True
32.1685,11.2791,1.0690,-71.8925,0.04505,1.0000,0.0000,0.0000,True,True
32.1769,11.2633,1.0717,-71.9346,0.04510,1.0000,0.0000,0.0000,True,True
32.1852,11.2475,1.0744,-71.9768,0.04507,1.0000,0.0000,0.0000,True,True
32.1936,11.2318,1.0773,-72.0189,0.04511,1.0000,0.0000,0.0000,True,True
32.2019,11.2160,1.0806,-72.0610,0.04510,1.0000,0.0000,0.0000,True,True
32.2103,11.2002,1.0839,-72.1032,0.04515,1.0000,0.0000,0.0000,True,True
32.2185,11.1844,1.0872,-72.1453,0.04509,1.0000,0.0000,0.0000,True,True
32.2271,11.1683,1.0906,-72.1883,0.04604,1.0000,0.0000,0.0000,True,True
32.2354,11.1525,1.0938,-72.2304,0.04510,1.0000,0.0000,0.0000,True,True
32.2438,11.1367,1.0971,-72.2726,0.04516,1.0000,0.0000,0.0000,True,True
32.2521,11.1209,1.1004,-72.3147,0.04509,1.0000,0.0000,0.0000,True,True
32.2604,11.1051,1.1037,-72.3569,0.04516,1.0000,0.0000,0.0000,True,True
32.2687,11.0893,1.1070,-72.3990,0.04509,1.0000,0.0000,0.0000,True,True
32.2771,11.0735,1.1103,-72.4412,0.04514,1.0000,0.0000,0.0000,True,True
32.2854,11.0578,1.1136,-72.4833,0.04510,1.0000,0.0000,0.0000,True,True
32.2938,11.0420,1.1169,-72.5254,0.04513,1.0000,0.0000,0.0000,True,True
32.3021,11.0262,1.1202,-72.5676,0.04511,1.0000,0.0000,0.0000,True,True
32.3104,11.0104,1.1235,-72.6097,0.04514,1.0000,0.0000,0.0000,True,True
32.3187,10.9946,1.1267,-72.6518,0.04509,1.0000,0.0000,0.0000,True,True
32.3271,10.9788,1.1300,-72.6940,0.04514,1.0000,0.0000,0.0000,True,True
32.3354,10.9630,1.1333,-72.7361,0.04511,1.0000,0.0000,0.0000,True,True
32.3438,10.9472,1.1366,-72.7783,0.04514,1.0000,0.0000,0.0000,True,True
32.3521,10.9315,1.1399,-72.8204,0.04509,1.0000,0.0000,0.0000,True,True
32.3604,10.9157,1.1432,-72.8626,0.04515,1.0000,0.0000,0.0000,True,True
32.3687,10.8999,1.1465,-72.9047,0.04509,1.0000,0.0000,0.0000,True,True
32.3771,10.8841,1.1498,-72.9469,0.04515,1.0000,0.0000,0.0000,True,True
32.3854,10.8683,1.1531,-72.9890,0.04509,1.0000,0.0000,0.0000,True,True
32.3939,10.8525,1.1564,-73.0311,0.04515,1.0000,0.0000,0.0000,True,True
32.4021,10.8367,1.1596,-73.0733,0.04509,1.0000,0.0000,0.0000,True,True
32.4105,10.8209,1.1629,-73.1154,0.04515,1.0000,0.0000,0.0000,True,True
32.4187,10.8051,1.1662,-73.1575,0.04509,1.0000,0.0000,0.0000,True,True
32.4271,10.7893,1.1695,-73.1997,0.04515,1.0000,0.0000,0.0000,True,True
32.4354,10.7736,1.1728,-73.2417,0.04499,1.0000,0.0000,0.0000,True,True
32.4438,10.7580,1.1761,-73.2834,0.04464,1.0000,0.0000,0.0000,True,True
32.4521,10.7425,1.1793,-73.3247,0.04419,1.0000,0.0000,0.0000,True,True
32.4604,10.7272,1.1825,-73.3656,0.04383,1.0000,0.0000,0.0000,True,True
32.4687,10.7120,1.1856,-73.4061,0.04338,1.0000,0.0000,0.0000,True,True
32.4772,10.6969,1.1888,-73.4463,0.04303,1.0000,0.0000,0.0000,True,True
32.4854,10.6821,1.1919,-73.4861,0.04258,1.0000,0.0000,0.0000,True,True
32.4938,10.6673,1.1950,-73.5255,0.04220,1.0000,0.0000,0.0000,True,True
32.5021,10.6527,1.1980,-73.5645,0.04175,1.0000,0.0000,0.0000,True,True
32.5104,10.6382,1.2010,-73.6031,0.04138,1.0000,0.0000,0.0000,True,True
32.5187,10.6239,1.2040,-73.6413,0.04094,1.0000,0.0000,0.0000,True,True
32.5271,10.6097,1.2070,-73.6792,0.04054,1.0000,0.0000,0.0000,True,True
32.5354,10.5956,1.2099,-73.7167,0.04011,1.0000,0.0000,0.0000,True,True
32.5438,10.5817,1.2128,-73.7538,0.03972,1.0000,0.0000,0.0000,True,True
32.5521,10.5680,1.2156,-73.7905,0.03930,1.0000,0.0000,0.0000,True,True
32.5604,10.5544,1.2185,-73.8268,0.03886,1.0000,0.0000,0.0000,True,True
32.5688,10.5409,1.2213,-73.8627,0.03844,1.0000,0.0000,0.0000,True,True
32.5771,10.5276,1.2241,-73.8982,0.03803,1.0000,0.0000,0.0000,True,True
32.5854,10.5145,1.2268,-73.9333,0.03760,1.0000,0.0000,0.0000,True,True
32.5938,10.5015,1.2295,-73.9680,0.03719,1.0000,0.0000,0.0000,True,True
32.6021,10.4886,1.2322,-74.0024,0.03675,1.0000,0.0000,0.0000,True,True
32.6105,10.4759,1.2352,-74.0363,0.03637,1.0000,0.0000,0.0000,True,True
32.6188,10.4633,1.2382,-74.0699,0.03597,1.0000,0.0000,0.0000,True,True
32.6271,10.4509,1.2411,-74.1031,0.03557,1.0000,0.0000,0.0000,True,True
32.6354,10.4386,1.2441,-74.1359,0.03516,1.0000,0.0000,0.0000,True,True
32.6438,10.4264,1.2469,-74.1683,0.03479,1.0000,0.0000,0.0000,True,True
32.6522,10.4144,1.2498,-74.2004,0.03437,1.0000,0.0000,0.0000,True,True
32.6604,10.4025,1.2526,-74.2321,0.03397,1.0000,0.0000,0.0000,True,True
32.6687,10.3908,1.2554,-74.2634,0.03352,1.0000,0.0000,0.0000,True,True
32.6771,10.3792,1.2581,-74.2944,0.03318,1.0000,0.0000,0.0000,True,True
32.6854,10.3678,1.2608,-74.3249,0.03273,1.0000,0.0000,0.0000,True,True
32.6938,10.3565,1.2635,-74.3551,0.03234,1.0000,0.0000,0.0000,True,True
32.7021,10.3453,1.2662,-74.3849,0.03192,1.0000,0.0000,0.0000,True,True
32.7105,10.3343,1.2688,-74.4143,0.03152,1.0000,0.0000,0.0000,True,True
32.7187,10.3234,1.2713,-74.4433,0.03108,1.0000,0.0000,0.0000,True,True
32.7271,10.3127,1.2739,-74.4719,0.03069,1.0000,0.0000,0.0000,True,True
32.7354,10.3021,1.2764,-74.5002,0.03025,1.0000,0.0000,0.0000,True,True
32.7438,10.2917,1.2789,-74.5280,0.02986,1.0000,0.0000,0.0000,True,True
32.7521,10.2814,1.2813,-74.5555,0.02941,1.0000,0.0000,0.0000,True,True
32.7605,10.2712,1.2837,-74.5825,0.02901,1.0000,0.0000,0.0000,True,True
32.7687,10.2612,1.2861,-74.6092,0.02857,1.0000,0.0000,0.0000,True,True
32.7771,10.2514,1.2884,-74.6355,0.02817,1.0000,0.0000,0.0000,True,True
32.7854,10.2417,1.2907,-74.6614,0.02772,1.0000,0.0000,0.0000,True,True
32.7938,10.2321,1.2930,-74.6869,0.02732,1.0000,0.0000,0.0000,True,True
32.8021,10.2227,1.2952,-74.7119,0.02687,1.0000,0.0000,0.0000,True,True
32.8105,10.2135,1.2974,-74.7366,0.02646,1.0000,0.0000,0.0000,True,True
32.8188,10.2044,1.2995,-74.7609,0.02601,1.0000,0.0000,0.0000,True,True
32.8271,10.1955,1.3016,-74.7848,0.02560,1.0000,0.0000,0.0000,True,True
32.8354,10.1867,1.3037,-74.8083,0.02514,1.0000,0.0000,0.0000,True,True
32.8438,10.1780,1.3058,-74.8313,0.02471,1.0000,0.0000,0.0000,True,True
32.8521,10.1695,1.3078,-74.8540,0.02426,1.0000,0.0000,0.0000,True,True
32.8605,10.1612,1.3098,-74.8762,0.02385,1.0000,0.0000,0.0000,True,True
32.8687,10.1530,1.3117,-74.8980,0.02339,1.0000,0.0000,0.0000,True,True
32.8771,10.1450,1.3136,-74.9195,0.02296,1.0000,0.0000,0.0000,True,True
32.8854,10.1371,1.3155,-74.9405,0.02251,1.0000,0.0000,0.0000,True,True
32.8938,10.1294,1.3173,-74.9611,0.02207,1.0000,0.0000,0.0000,True,True
32.9021,10.1218,1.3191,-74.9812,0.02161,1.0000,0.0000,0.0000,True,True
32.9105,10.1218,1.3191,-74.9812,0.00000,1.0000,0.0000,0.0000,True,True
32.9271,10.1215,1.3191,-74.9816,0.00052,1.0000,0.0000,0.0000,True,True
32.9354,10.1208,1.3192,-74.9824,0.00104,1.0000,0.0000,0.0000,True,True
32.9438,10.1197,1.3193,-74.9835,0.00157,1.0000,0.0000,0.0000,True,True
32.9521,10.1182,1.3194,-74.9850,0.00209,1.0000,0.0000,0.0000,True,True
32.9605,10.1164,1.3196,-74.9869,0.00262,1.0000,0.0000,0.0000,True,True
32.9688,10.1142,1.3198,-74.9891,0.00314,1.0000,0.0000,0.0000,True,True
32.9771,10.1117,1.3200,-74.9917,0.00367,1.0000,0.0000,0.0000,True,True
32.9854,10.1087,1.3203,-74.9947,0.00420,1.0000,0.0000,0.0000,True,True
32.9938,10.1055,1.3206,-74.9981,0.00473,1.0000,0.0000,0.0000,True,True
33.0021,10.1018,1.3209,-75.0019,0.00526,1.0000,0.0000,0.0000,True,True
33.0105,10.0978,1.3213,-75.0061,0.00579,1.0000,0.0000,0.0000,True,True
33.0188,10.0934,1.3217,-75.0106,0.00632,1.0000,0.0000,0.0000,True,True
33.0271,10.0886,1.3221,-75.0155,0.00686,1.0000,0.0000,0.0000,True,True
33.0354,10.0835,1.3226,-75.0208,0.00740,1.0000,0.0000,0.0000,True,True
33.0438,10.0780,1.3231,-75.0265,0.00794,1.0000,0.0000,0.0000,True,True
33.0521,10.0721,1.3236,-75.0326,0.00847,1.0000,0.0000,0.0000,True,True
33.0605,10.0658,1.3242,-75.0390,0.00902,1.0000,0.0000,0.0000,True,True
33.0688,10.0592,1.3248,-75.0459,0.00955,1.0000,0.0000,0.0000,True,True
33.0771,10.0522,1.3255,-75.0531,0.01010,1.0000,0.0000,0.0000,True,True
33.0854,10.0448,1.3261,-75.0608,0.01063,1.0000,0.0000,0.0000,True,True
33.0938,10.0370,1.3268,-75.0688,0.01119,1.0000,0.0000,0.0000,True,True
33.1021,10.0289,1.3276,-75.0772,0.01172,1.0000,0.0000,0.0000,True,True
33.1105,10.0203,1.3284,-75.0860,0.01235,1.0000,0.0000,0.0000,True,True
33.1188,10.0114,1.3292,-75.0952,0.01282,1.0000,0.0000,0.0000,True,True
33.1272,10.0021,1.3300,-75.1048,0.01338,1.0000,0.0000,0.0000,True,True
33.1355,9.9925,1.3309,-75.1148,0.01391,1.0000,0.0000,0.0000,True,True
33.1438,9.9824,1.3318,-75.1251,0.01447,1.0000,0.0000,0.0000,True,True
33.1522,9.9720,1.3328,-75.1359,0.01502,1.0000,0.0000,0.0000,True,True
33.1605,9.9612,1.3338,-75.1471,0.01558,1.0000,0.0000,0.0000,True,True
33.1688,9.9500,1.3348,-75.1586,0.01612,1.0000,0.0000,0.0000,True,True
33.1772,9.9384,1.3359,-75.1706,0.01669,1.0000,0.0000,0.0000,True,True
33.1855,9.9264,1.3370,-75.1829,0.01723,1.0000,0.0000,0.0000,True,True
33.1939,9.9141,1.3381,-75.1957,0.01781,1.0000,0.0000,0.0000,True,True
33.2022,9.9013,1.3393,-75.2089,0.01834,1.0000,0.0000,0.0000,True,True
33.2106,9.8882,1.3405,-75.2224,0.01893,1.0000,0.0000,0.0000,True,True
33.2189,9.8747,1.3417,-75.2364,0.01946,1.0000,0.0000,0.0000,True,True
33.2272,9.8607,1.3430,-75.2507,0.02004,1.0000,0.0000,0.0000,True,True
33.2355,9.8465,1.3443,-75.2655,0.02058,1.0000,0.0000,0.0000,True,True
33.2438,9.8318,1.3456,-75.2807,0.02117,1.0000,0.0000,0.0000,True,True
33.2522,9.8167,1.3470,-75.2962,0.02172,1.0000,0.0000,0.0000,True,True
33.2605,9.8012,1.3484,-75.3122,0.02230,1.0000,0.0000,0.0000,True,True
33.2688,9.7853,1.3499,-75.3286,0.02284,1.0000,0.0000,0.0000,True,True
33.2772,9.7690,1.3514,-75.3454,0.02344,1.0000,0.0000,0.0000,True,True
33.2855,9.7524,1.3529,-75.3626,0.02398,1.0000,0.0000,0.0000,True,True
33.2938,9.7353,1.3545,-75.3802,0.02458,1.0000,0.0000,0.0000,True,True
33.3021,9.7179,1.3561,-75.3982,0.02513,1.0000,0.0000,0.0000,True,True
33.3105,9.7000,1.3577,-75.4166,0.02573,1.0000,0.0000,0.0000,True,True
33.3188,9.6818,1.3594,-75.4355,0.02627,1.0000,0.0000,0.0000,True,True
33.3272,9.6631,1.3611,-75.4547,0.02688,1.0000,0.0000,0.0000,True,True
33.3355,9.6441,1.3628,-75.4744,0.02742,1.0000,0.0000,0.0000,True,True
33.3438,9.6246,1.3646,-75.4945,0.02803,1.0000,0.0000,0.0000,True,True
33.3522,9.6048,1.3664,-75.5150,0.02858,1.0000,0.0000,0.0000,True,True
33.3605,9.5845,1.3683,-75.5359,0.02919,1.0000,0.0000,0.0000,True,True
33.3688,9.5638,1.3702,-75.5572,0.02974,1.0000,0.0000,0.0000,True,True
33.3772,9.5428,1.3721,-75.5789,0.03035,1.0000,0.0000,0.0000,True,True
33.3855,9.5213,1.3741,-75.6011,0.03090,1.0000,0.0000,0.0000,True,True
33.3940,9.4994,1.3761,-75.6237,0.03153,1.0000,0.0000,0.0000,True,True
33.4022,9.4771,1.3781,-75.6467,0.03207,1.0000,0.0000,0.0000,True,True
33.4105,9.4544,1.3802,-75.6701,0.03270,1.0000,0.0000,0.0000,True,True
33.4188,9.4313,1.3823,-75.6939,0.03324,1.0000,0.0000,0.0000,True,True
33.4273,9.4078,1.3845,-75.7182,0.03387,1.0000,0.0000,0.0000,True,True
33.4355,9.3839,1.3867,-75.7429,0.03442,1.0000,0.0000,0.0000,True,True
33.4438,9.3596,1.3889,-75.7680,0.03504,1.0000,0.0000,0.0000,True,True
33.4521,9.3349,1.3912,-75.7935,0.03560,1.0000,0.0000,0.0000,True,True
33.4605,9.3097,1.3935,-75.8195,0.03624,1.0000,0.0000,0.0000,True,True
33.4688,9.2841,1.3958,-75.8459,0.03680,1.0000,0.0000,0.0000,True,True
33.4772,9.2581,1.3982,-75.8727,0.03743,1.0000,0.0000,0.0000,True,True
33.4855,9.2318,1.4006,-75.8999,0.03799,1.0000,0.0000,0.0000,True,True
33.4939,9.2049,1.4031,-75.9276,0.03864,1.0000,0.0000,0.0000,True,True
33.5021,9.1777,1.4056,-75.9557,0.03918,1.0000,0.0000,0.0000,True,True
33.5105,9.1501,1.4081,-75.9843,0.03983,1.0000,0.0000,0.0000,True,True
33.5188,9.1220,1.4107,-76.0132,0.04041,1.0000,0.0000,0.0000,True,True
33.5272,9.0935,1.4136,-76.0426,0.04105,1.0000,0.0000,0.0000,True,True
33.5355,9.0646,1.4164,-76.0725,0.04164,1.0000,0.0000,0.0000,True,True
33.5438,9.0352,1.4193,-76.1028,0.04230,1.0000,0.0000,0.0000,True,True
33.5522,9.0055,1.4223,-76.1335,0.04287,1.0000,0.0000,0.0000,True,True
33.5606,8.9753,1.4253,-76.1647,0.04355,1.0000,0.0000,0.0000,True,True
33.5688,8.9446,1.4283,-76.1963,0.04412,1.0000,0.0000,0.0000,True,True
33.5772,8.9135,1.4314,-76.2284,0.04478,1.0000,0.0000,0.0000,True,True
33.5855,8.8822,1.4345,-76.2607,0.04509,1.0000,0.0000,0.0000,True,True
33.5939,8.8509,1.4376,-76.2930,0.04512,1.0000,0.0000,0.0000,True,True
33.6022,8.8196,1.4407,-76.3253,0.04509,1.0000,0.0000,0.0000,True,True
33.6105,8.7883,1.4438,-76.3577,0.04514,1.0000,0.0000,0.0000,True,True
33.6188,8.7570,1.4469,-76.3900,0.04508,1.0000,0.0000,0.0000,True,True
33.6273,8.7256,1.4500,-76.4223,0.04514,1.0000,0.0000,0.0000,True,True
33.6355,8.6944,1.4531,-76.4546,0.04507,1.0000,0.0000,0.0000,True,True
33.6439,8.6630,1.4562,-76.4870,0.04513,1.0000,0.0000,0.0000,True,True
33.6522,8.6317,1.4593,-76.5193,0.04508,1.0000,0.0000,0.0000,True,True
33.6605,8.6004,1.4624,-76.5516,0.04514,1.0000,0.0000,0.0000,True,True
33.6688,8.5691,1.4654,-76.5839,0.04507,1.0000,0.0000,0.0000,True,True
33.6773,8.5378,1.4685,-76.6162,0.04514,1.0000,0.0000,0.0000,True,True
33.6855,8.5065,1.4716,-76.6486,0.04509,1.0000,0.0000,0.0000,True,True
33.6939,8.4751,1.4747,-76.6809,0.04513,1.0000,0.0000,0.0000,True,True
33.7022,8.4438,1.4778,-76.7132,0.04509,1.0000,0.0000,0.0000,True,True
33.7105,8.4125,1.4809,-76.7455,0.04511,1.0000,0.0000,0.0000,True,True
33.7188,8.3812,1.4840,-76.7778,0.04509,1.0000,0.0000,0.0000,True,True
33.7272,8.3499,1.4871,-76.8102,0.04513,1.0000,0.0000,0.0000,True,True
33.7355,8.3186,1.4902,-76.8425,0.04509,1.0000,0.0000,0.0000,True,True
33.7439,8.2873,1.4933,-76.8748,0.04513,1.0000,0.0000,0.0000,True,True
33.7522,8.2560,1.4964,-76.9071,0.04509,1.0000,0.0000,0.0000,True,True
33.7605,8.2246,1.4995,-76.9395,0.04513,1.0000,0.0000,0.0000,True,True
33.7688,8.1933,1.5026,-76.9718,0.04508,1.0000,0.0000,0.0000,True,True
33.7772,8.1620,1.5057,-77.0041,0.04512,1.0000,0.0000,0.0000,True,True
33.7855,8.1307,1.5088,-77.0364,0.04509,1.0000,0.0000,0.0000,True,True
33.7939,8.0994,1.5119,-77.0688,0.04514,1.0000,0.0000,0.0000,True,True
33.8022,8.0681,1.5150,-77.1011,0.04508,1.0000,0.0000,0.0000,True,True
33.8106,8.0368,1.5181,-77.1334,0.04514,1.0000,0.0000,0.0000,True,True
33.8188,8.0055,1.5212,-77.1657,0.04508,1.0000,0.0000,0.0000,True,True
33.8272,7.9741,1.5243,-77.1980,0.04514,1.0000,0.0000,0.0000,True,True
33.8355,7.9428,1.5274,-77.2303,0.04508,1.0000,0.0000,0.0000,True,True
33.8439,7.9115,1.5305,-77.2627,0.04513,1.0000,0.0000,0.0000,True,True
33.8522,7.8802,1.5336,-77.2950,0.04508,1.0000,0.0000,0.0000,True,True
33.8606,7.8489,1.5367,-77.3273,0.04514,1.0000,0.0000,0.0000,True,True
33.8688,7.8176,1.5398,-77.3596,0.04507,1.0000,0.0000,0.0000,True,True
33.8772,7.7863,1.5429,-77.3920,0.04514,1.0000,0.0000,0.0000,True,True
33.8855,7.7550,1.5460,-77.4243,0.04510,1.0000,0.0000,0.0000,True,True
33.8939,7.7236,1.5491,-77.4566,0.04511,1.0000,0.0000,0.0000,True,True
33.9022,7.6923,1.5522,-77.4889,0.04509,1.0000,0.0000,0.0000,True,True
33.9105,7.6610,1.5553,-77.5212,0.04513,1.0000,0.0000,0.0000,True,True
33.9188,7.6297,1.5584,-77.5535,0.04509,1.0000,0.0000,0.0000,True,True
33.9272,7.5984,1.5615,-77.5859,0.04513,1.0000,0.0000,0.0000,True,True
33.9355,7.5671,1.5646,-77.6182,0.04510,1.0000,0.0000,0.0000,True,True
33.9439,7.5358,1.5677,-77.6505,0.04510,1.0000,0.0000,0.0000,True,True
33.9522,7.5045,1.5708,-77.6828,0.04509,1.0000,0.0000,0.0000,True,True
33.9605,7.4731,1.5739,-77.7152,0.04514,1.0000,0.0000,0.0000,True,True
33.9688,7.4418,1.5770,-77.7475,0.04508,1.0000,0.0000,0.0000,True,True
33.9772,7.4105,1.5801,-77.7798,0.04513,1.0000,0.0000,0.0000,True,True
33.9855,7.3792,1.5832,-77.8121,0.04508,1.0000,0.0000,0.0000,True,True
33.9939,7.3479,1.5863,-77.8444,0.04513,1.0000,0.0000,0.0000,True,True
34.0022,7.3166,1.5894,-77.8768,0.04510,1.0000,0.0000,0.0000,True,True
34.0105,7.2852,1.5925,-77.9091,0.04513,1.0000,0.0000,0.0000,True,True
34.0189,7.2539,1.5956,-77.9414,0.04508,1.0000,0.0000,0.0000,True,True
34.0272,7.2226,1.5987,-77.9737,0.04514,1.0000,0.0000,0.0000,True,True
34.0355,7.1913,1.6018,-78.0060,0.04510,1.0000,0.0000,0.0000,True,True
34.0439,7.1600,1.6050,-78.0384,0.04512,1.0000,0.0000,0.0000,True,True
34.0522,7.1287,1.6082,-78.0707,0.04510,1.0000,0.0000,0.0000,True,True
34.0606,7.0974,1.6114,-78.1030,0.04513,1.0000,0.0000,0.0000,True,True
34.0689,7.0661,1.6146,-78.1353,0.04510,1.0000,0.0000,0.0000,True,True
34.0772,7.0347,1.6179,-78.1676,0.04512,1.0000,0.0000,0.0000,True,True
34.0855,7.0034,1.6211,-78.2000,0.04511,1.0000,0.0000,0.0000,True,True
34.0939,6.9721,1.6243,-78.2323,0.04511,1.0000,0.0000,0.0000,True,True
34.1022,6.9408,1.6275,-78.2646,0.04511,1.0000,0.0000,0.0000,True,True
34.1106,6.9095,1.6307,-78.2969,0.04512,1.0000,0.0000,0.0000,True,True
34.1189,6.8782,1.6339,-78.3293,0.04512,1.0000,0.0000,0.0000,True,True
34.1272,6.8469,1.6371,-78.3616,0.04512,1.0000,0.0000,0.0000,True,True
34.1355,6.8156,1.6403,-78.3939,0.04509,1.0000,0.0000,0.0000,True,True
34.1439,6.7842,1.6436,-78.4262,0.04514,1.0000,0.0000,0.0000,True,True
34.1522,6.7529,1.6468,-78.4585,0.04509,1.0000,0.0000,0.0000,True,True
34.1605,6.7216,1.6500,-78.4909,0.04514,1.0000,0.0000,0.0000,True,True
34.1688,6.6903,1.6532,-78.5232,0.04509,1.0000,0.0000,0.0000,True,True
34.1772,6.6590,1.6564,-78.5555,0.04513,1.0000,0.0000,0.0000,True,True
34.1855,6.6277,1.6596,-78.5878,0.04509,1.0000,0.0000,0.0000,True,True
34.1939,6.5963,1.6628,-78.6201,0.04515,1.0000,0.0000,0.0000,True,True
34.2022,6.5651,1.6660,-78.6524,0.04497,1.0000,0.0000,0.0000,True,True
34.2106,6.5342,1.6692,-78.6843,0.04463,1.0000,0.0000,0.0000,True,True
34.2189,6.5035,1.6724,-78.7160,0.04415,1.0000,0.0000,0.0000,True,True
34.2272,6.4731,1.6755,-78.7473,0.04379,1.0000,0.0000,0.0000,True,True
34.2355,6.4430,1.6786,-78.7784,0.04334,1.0000,0.0000,0.0000,True,True
34.2439,6.4132,1.6816,-78.8092,0.04297,1.0000,0.0000,0.0000,True,True
34.2522,6.3837,1.6846,-78.8396,0.04252,1.0000,0.0000,0.0000,True,True
34.2606,6.3545,1.6877,-78.8698,0.04215,1.0000,0.0000,0.0000,True,True
34.2688,6.3255,1.6906,-78.8997,0.04168,1.0000,0.0000,0.0000,True,True
34.2772,6.2969,1.6936,-78.9293,0.04131,1.0000,0.0000,0.0000,True,True
34.2855,6.2685,1.6965,-78.9585,0.04085,1.0000,0.0000,0.0000,True,True
34.2939,6.2404,1.6994,-78.9875,0.04048,1.0000,0.0000,0.0000,True,True
34.3022,6.2126,1.7022,-79.0162,0.04001,1.0000,0.0000,0.0000,True,True
34.3106,6.1851,1.7050,-79.0446,0.03964,1.0000,0.0000,0.0000,True,True
34.3189,6.1579,1.7078,-79.0727,0.03917,1.0000,0.0000,0.0000,True,True
34.3272,6.1310,1.7106,-79.1005,0.03880,1.0000,0.0000,0.0000,True,True
34.3355,6.1044,1.7133,-79.1279,0.03835,1.0000,0.0000,0.0000,True,True
34.3439,6.0781,1.7160,-79.1551,0.03794,1.0000,0.0000,0.0000,True,True
34.3522,6.0520,1.7187,-79.1820,0.03754,1.0000,0.0000,0.0000,True,True
34.3606,6.0263,1.7213,-79.2086,0.03710,1.0000,0.0000,0.0000,True,True
34.3689,6.0008,1.7239,-79.2348,0.03663,1.0000,0.0000,0.0000,True,True
34.3774,5.9757,1.7265,-79.2608,0.03625,1.0000,0.0000,0.0000,True,True
34.3855,5.9508,1.7291,-79.2864,0.03577,1.0000,0.0000,0.0000,True,True
34.3939,5.9263,1.7316,-79.3118,0.03538,1.0000,0.0000,0.0000,True,True
34.4022,5.9021,1.7341,-79.3368,0.03491,1.0000,0.0000,0.0000,True,True
34.4106,5.8781,1.7365,-79.3615,0.03451,1.0000,0.0000,0.0000,True,True
34.4189,5.8545,1.7390,-79.3859,0.03405,1.0000,0.0000,0.0000,True,True
34.4272,5.8311,1.7413,-79.4100,0.03364,1.0000,0.0000,0.0000,True,True
34.4355,5.8081,1.7437,-79.4338,0.03316,1.0000,0.0000,0.0000,True,True
34.4439,5.7854,1.7460,-79.4572,0.03277,1.0000,0.0000,0.0000,True,True
34.4522,5.7630,1.7483,-79.4804,0.03229,1.0000,0.0000,0.0000,True,True
34.4606,5.7408,1.7506,-79.5032,0.03189,1.0000,0.0000,0.0000,True,True
34.4689,5.7190,1.7529,-79.5257,0.03142,1.0000,0.0000,0.0000,True,True
34.4772,5.6975,1.7551,-79.5479,0.03099,1.0000,0.0000,0.0000,True,True
34.4855,5.6763,1.7572,-79.5698,0.03054,1.0000,0.0000,0.0000,True,True
34.4939,5.6554,1.7594,-79.5914,0.03011,1.0000,0.0000,0.0000,True,True
34.5022,5.6348,1.7615,-79.6126,0.02964,1.0000,0.0000,0.0000,True,True
34.5106,5.6146,1.7636,-79.6335,0.02921,1.0000,0.0000,0.0000,True,True
34.5189,5.5946,1.7656,-79.6541,0.02874,1.0000,0.0000,0.0000,True,True
34.5272,5.5750,1.7676,-79.6744,0.02833,1.0000,0.0000,0.0000,True,True
34.5355,5.5556,1.7696,-79.6943,0.02785,1.0000,0.0000,0.0000,True,True
34.5439,5.5366,1.7716,-79.7140,0.02741,1.0000,0.0000,0.0000,True,True
34.5522,5.5179,1.7735,-79.7333,0.02694,1.0000,0.0000,0.0000,True,True
34.5606,5.4995,1.7754,-79.7523,0.02652,1.0000,0.0000,0.0000,True,True
34.5689,5.4814,1.7772,-79.7709,0.02603,1.0000,0.0000,0.0000,True,True
34.5772,5.4637,1.7791,-79.7893,0.02560,1.0000,0.0000,0.0000,True,True
34.5855,5.4462,1.7808,-79.8073,0.02512,1.0000,0.0000,0.0000,True,True
34.5939,5.4291,1.7826,-79.8250,0.02469,1.0000,0.0000,0.0000,True,True
34.6022,5.4123,1.7843,-79.8423,0.02421,1.0000,0.0000,0.0000,True,True
34.6106,5.3958,1.7860,-79.8593,0.02377,1.0000,0.0000,0.0000,True,True
34.6190,5.3796,1.7877,-79.8760,0.02329,1.0000,0.0000,0.0000,True,True
34.6272,5.3638,1.7893,-79.8924,0.02285,1.0000,0.0000,0.0000,True,True
34.6356,5.3483,1.7909,-79.9084,0.02237,1.0000,0.0000,0.0000,True,True
34.6439,5.3330,1.7925,-79.9241,0.02192,1.0000,0.0000,0.0000,True,True
34.6522,5.3182,1.7940,-79.9395,0.02143,1.0000,0.0000,0.0000,True,True
34.6606,5.3036,1.7955,-79.9545,0.02099,1.0000,0.0000,0.0000,True,True
34.6689,5.2894,1.7969,-79.9692,0.02050,1.0000,0.0000,0.0000,True,True
34.6773,5.2754,1.7984,-79.9835,0.02006,1.0000,0.0000,0.0000,True,True
34.6855,5.2754,1.7984,-79.9835,0.00000,1.0000,0.0000,0.0000,True,True
34.6939,5.2750,1.7984,-79.9839,0.00052,1.0000,0.0000,0.0000,True,True
34.7022,5.2742,1.7985,-79.9845,0.00104,1.0000,0.0000,0.0000,True,True
34.7106,5.2730,1.7986,-79.9854,0.00157,1.0000,0.0000,0.0000,True,True
34.7189,5.2713,1.7987,-79.9867,0.00209,1.0000,0.0000,0.0000,True,True
34.7272,5.2692,1.7988,-79.9882,0.00261,1.0000,0.0000,0.0000,True,True
34.7356,5.2667,1.7990,-79.9901,0.00314,1.0000,0.0000,0.0000,True,True
34.7439,5.2638,1.7992,-79.9923,0.00367,1.0000,0.0000,0.0000,True,True
34.7523,5.2604,1.7995,-79.9949,0.00419,1.0000,0.0000,0.0000,True,True
34.7606,5.2567,1.7998,-79.9977,0.00472,1.0000,0.0000,0.0000,True,True
34.7689,5.2525,1.8001,-80.0009,0.00525,1.0000,0.0000,0.0000,True,True
34.7772,5.2479,1.8004,-80.0043,0.00579,1.0000,0.0000,0.0000,True,True
34.7856,5.2428,1.8008,-80.0081,0.00632,1.0000,0.0000,0.0000,True,True
34.7939,5.2374,1.8012,-80.0123,0.00685,1.0000,0.0000,0.0000,True,True
34.8022,5.2315,1.8017,-80.0167,0.00739,1.0000,0.0000,0.0000,True,True
34.8106,5.2252,1.8021,-80.0215,0.00793,1.0000,0.0000,0.0000,True,True
34.8189,5.2184,1.8026,-80.0265,0.00846,1.0000,0.0000,0.0000,True,True
34.8272,5.2113,1.8032,-80.0319,0.00900,1.0000,0.0000,0.0000,True,True
34.8355,5.2037,1.8037,-80.0377,0.00954,1.0000,0.0000,0.0000,True,True
34.8439,5.1956,1.8043,-80.0437,0.01008,1.0000,0.0000,0.0000,True,True
34.8522,5.1872,1.8050,-80.0501,0.01061,1.0000,0.0000,0.0000,True,True
34.8606,5.1783,1.8056,-80.0568,0.01116,1.0000,0.0000,0.0000,True,True
34.8689,5.1689,1.8063,-80.0638,0.01169,1.0000,0.0000,0.0000,True,True
34.8773,5.1592,1.8071,-80.0712,0.01225,1.0000,0.0000,0.0000,True,True
34.8855,5.1490,1.8078,-80.0789,0.01278,1.0000,0.0000,0.0000,True,True
34.8939,5.1384,1.8086,-80.0869,0.01333,1.0000,0.0000,0.0000,True,True
34.9022,5.1273,1.8095,-80.0952,0.01386,1.0000,0.0000,0.0000,True,True
34.9106,5.1158,1.8103,-80.1039,0.01442,1.0000,0.0000,0.0000,True,True
34.9189,5.1039,1.8112,-80.1129,0.01496,1.0000,0.0000,0.0000,True,True
34.9272,5.0915,1.8121,-80.1222,0.01552,1.0000,0.0000,0.0000,True,True
34.9355,5.0787,1.8131,-80.1318,0.01605,1.0000,0.0000,0.0000,True,True
34.9439,5.0655,1.8141,-80.1418,0.01662,1.0000,0.0000,0.0000,True,True
34.9522,5.0518,1.8151,-80.1521,0.01715,1.0000,0.0000,0.0000,True,True
34.9606,5.0377,1.8162,-80.1628,0.01772,1.0000,0.0000,0.0000,True,True
34.9689,5.0231,1.8173,-80.1738,0.01826,1.0000,0.0000,0.0000,True,True
34.9773,5.0081,1.8184,-80.1851,0.01883,1.0000,0.0000,0.0000,True,True
34.9855,4.9927,1.8196,-80.1967,0.01937,1.0000,0.0000,0.0000,True,True
34.9939,4.9768,1.8207,-80.2087,0.01994,1.0000,0.0000,0.0000,True,True
35.0022,4.9605,1.8220,-80.2210,0.02048,1.0000,0.0000,0.0000,True,True
35.0106,4.9437,1.8232,-80.2337,0.02106,1.0000,0.0000,0.0000,True,True
35.0189,4.9265,1.8245,-80.2466,0.02159,1.0000,0.0000,0.0000,True,True
35.0272,4.9088,1.8258,-80.2600,0.02218,1.0000,0.0000,0.0000,True,True
35.0356,4.8907,1.8272,-80.2736,0.02272,1.0000,0.0000,0.0000,True,True
35.0439,4.8721,1.8286,-80.2876,0.02331,1.0000,0.0000,0.0000,True,True
35.0522,4.8531,1.8300,-80.3020,0.02384,1.0000,0.0000,0.0000,True,True
35.0606,4.8336,1.8315,-80.3166,0.02444,1.0000,0.0000,0.0000,True,True
35.0689,4.8137,1.8330,-80.3317,0.02497,1.0000,0.0000,0.0000,True,True
35.0773,4.7933,1.8345,-80.3470,0.02557,1.0000,0.0000,0.0000,True,True
35.0855,4.7725,1.8361,-80.3627,0.02611,1.0000,0.0000,0.0000,True,True
35.0939,4.7512,1.8377,-80.3788,0.02670,1.0000,0.0000,0.0000,True,True
35.1022,4.7295,1.8393,-80.3951,0.02725,1.0000,0.0000,0.0000,True,True
35.1106,4.7073,1.8409,-80.4119,0.02785,1.0000,0.0000,0.0000,True,True
35.1189,4.6847,1.8426,-80.4289,0.02838,1.0000,0.0000,0.0000,True,True
35.1273,4.6616,1.8444,-80.4464,0.02900,1.0000,0.0000,0.0000,True,True
35.1356,4.6381,1.8461,-80.4641,0.02954,1.0000,0.0000,0.0000,True,True
35.1439,4.6140,1.8479,-80.4822,0.03014,1.0000,0.0000,0.0000,True,True
35.1522,4.5896,1.8498,-80.5007,0.03069,1.0000,0.0000,0.0000,True,True
35.1606,4.5646,1.8516,-80.5195,0.03129,1.0000,0.0000,0.0000,True,True
35.1689,4.5392,1.8535,-80.5386,0.03184,1.0000,0.0000,0.0000,True,True
35.1773,4.5134,1.8555,-80.5581,0.03244,1.0000,0.0000,0.0000,True,True
35.1855,4.4871,1.8575,-80.5779,0.03301,1.0000,0.0000,0.0000,True,True
35.1939,4.4603,1.8595,-80.5981,0.03361,1.0000,0.0000,0.0000,True,True
35.2023,4.4331,1.8615,-80.6187,0.03417,1.0000,0.0000,0.0000,True,True
35.2106,4.4053,1.8636,-80.6396,0.03477,1.0000,0.0000,0.0000,True,True
35.2189,4.3772,1.8657,-80.6608,0.03532,1.0000,0.0000,0.0000,True,True
35.2272,4.3485,1.8678,-80.6824,0.03594,1.0000,0.0000,0.0000,True,True
35.2356,4.3194,1.8700,-80.7044,0.03656,1.0000,0.0000,0.0000,True,True
35.2439,4.2898,1.8722,-80.7267,0.03712,1.0000,0.0000,0.0000,True,True
35.2523,4.2598,1.8745,-80.7493,0.03768,1.0000,0.0000,0.0000,True,True
35.2606,4.2293,1.8768,-80.7723,0.03830,1.0000,0.0000,0.0000,True,True
35.2689,4.1983,1.8791,-80.7957,0.03885,1.0000,0.0000,0.0000,True,True
35.2773,4.1668,1.8815,-80.8194,0.03948,1.0000,0.0000,0.0000,True,True
35.2856,4.1349,1.8838,-80.8435,0.04004,1.0000,0.0000,0.0000,True,True
35.2940,4.1025,1.8863,-80.8679,0.04067,1.0000,0.0000,0.0000,True,True
35.3023,4.0696,1.8887,-80.8927,0.04122,1.0000,0.0000,0.0000,True,True
35.3106,4.0363,1.8912,-80.9178,0.04186,1.0000,0.0000,0.0000,True,True
35.3189,4.0025,1.8938,-80.9433,0.04240,1.0000,0.0000,0.0000,True,True
35.3273,3.9681,1.8963,-80.9692,0.04306,1.0000,0.0000,0.0000,True,True
35.3356,3.9334,1.8989,-80.9954,0.04362,1.0000,0.0000,0.0000,True,True
35.3440,3.8981,1.9016,-81.0220,0.04425,1.0000,0.0000,0.0000,True,True
35.3523,3.8624,1.9043,-81.0489,0.04481,1.0000,0.0000,0.0000,True,True
35.3606,3.8264,1.9070,-81.0760,0.04511,1.0000,0.0000,0.0000,True,True
35.3689,3.7905,1.9097,-81.1031,0.04505,1.0000,0.0000,0.0000,True,True
35.3773,3.7546,1.9124,-81.1302,0.04512,1.0000,0.0000,0.0000,True,True
35.3856,3.7187,1.9150,-81.1573,0.04505,1.0000,0.0000,0.0000,True,True
35.3940,3.6827,1.9177,-81.1844,0.04511,1.0000,0.0000,0.0000,True,True
35.4022,3.6468,1.9204,-81.2115,0.04505,1.0000,0.0000,0.0000,True,True
35.4106,3.6108,1.9231,-81.2386,0.04512,1.0000,0.0000,0.0000,True,True
35.4189,3.5749,1.9258,-81.2657,0.04505,1.0000,0.0000,0.0000,True,True
35.4273,3.5390,1.9285,-81.2928,0.04511,1.0000,0.0000,0.0000,True,True
35.4356,3.5031,1.9312,-81.3199,0.04507,1.0000,0.0000,0.0000,True,True
35.4440,3.4671,1.9339,-81.3470,0.04510,1.0000,0.0000,0.0000,True,True
35.4523,3.4312,1.9366,-81.3740,0.04506,1.0000,0.0000,0.0000,True,True
35.4606,3.3952,1.9393,-81.4011,0.04510,1.0000,0.0000,0.0000,True,True
35.4690,3.3593,1.9420,-81.4282,0.04506,1.0000,0.0000,0.0000,True,True
35.4773,3.3234,1.9447,-81.4553,0.04510,1.0000,0.0000,0.0000,True,True
35.4856,3.2875,1.9474,-81.4824,0.04507,1.0000,0.0000,0.0000,True,True
35.4940,3.2515,1.9501,-81.5095,0.04511,1.0000,0.0000,0.0000,True,True
35.5023,3.2156,1.9527,-81.5366,0.04507,1.0000,0.0000,0.0000,True,True
35.5106,3.1796,1.9554,-81.5637,0.04510,1.0000,0.0000,0.0000,True,True
35.5189,3.1437,1.9581,-81.5908,0.04505,1.0000,0.0000,0.0000,True,True
35.5273,3.1078,1.9608,-81.6179,0.04510,1.0000,0.0000,0.0000,True,True
35.5356,3.0719,1.9635,-81.6450,0.04507,1.0000,0.0000,0.0000,True,True
35.5440,3.0359,1.9662,-81.6721,0.04510,1.0000,0.0000,0.0000,True,True
35.5523,3.0000,1.9689,-81.6991,0.04506,1.0000,0.0000,0.0000,True,True
35.5606,2.9641,1.9716,-81.7262,0.04511,1.0000,0.0000,0.0000,True,True
35.5690,2.9281,1.9743,-81.7533,0.04507,1.0000,0.0000,0.0000,True,True
35.5773,2.8922,1.9770,-81.7804,0.04510,1.0000,0.0000,0.0000,True,True
35.5856,2.8563,1.9797,-81.8075,0.04506,1.0000,0.0000,0.0000,True,True
35.5940,2.8203,1.9824,-81.8346,0.04511,1.0000,0.0000,0.0000,True,True
35.6022,2.7844,1.9851,-81.8617,0.04507,1.0000,0.0000,0.0000,True,True
35.6106,2.7484,1.9878,-81.8888,0.04512,1.0000,0.0000,0.0000,True,True
35.6190,2.7125,1.9905,-81.9159,0.04504,1.0000,0.0000,0.0000,True,True
35.6273,2.6766,1.9931,-81.9430,0.04512,1.0000,0.0000,0.0000,True,True
35.6356,2.6407,1.9958,-81.9701,0.04506,1.0000,0.0000,0.0000,True,True
35.6439,2.6047,1.9985,-81.9972,0.04510,1.0000,0.0000,0.0000,True,True
35.6523,2.5688,2.0011,-82.0243,0.04505,1.0000,0.0000,0.0000,True,True
35.6606,2.5328,2.0037,-82.0514,0.04511,1.0000,0.0000,0.0000,True,True
35.6689,2.4969,2.0063,-82.0784,0.04505,1.0000,0.0000,0.0000,True,True
35.6773,2.4610,2.0089,-82.1055,0.04510,1.0000,0.0000,0.0000,True,True
35.6856,2.4251,2.0115,-82.1326,0.04505,1.0000,0.0000,0.0000,True,True
35.6940,2.3891,2.0141,-82.1597,0.04509,1.0000,0.0000,0.0000,True,True
35.7023,2.3532,2.0167,-82.1868,0.04506,1.0000,0.0000,0.0000,True,True
35.7107,2.3172,2.0193,-82.2139,0.04510,1.0000,0.0000,0.0000,True,True
35.7189,2.2813,2.0219,-82.2410,0.04505,1.0000,0.0000,0.0000,True,True
35.7273,2.2454,2.0245,-82.2681,0.04509,1.0000,0.0000,0.0000,True,True
35.7356,2.2095,2.0271,-82.2952,0.04506,1.0000,0.0000,0.0000,True,True
35.7440,2.1735,2.0297,-82.3223,0.04510,1.0000,0.0000,0.0000,True,True
35.7523,2.1376,2.0323,-82.3493,0.04505,1.0000,0.0000,0.0000,True,True
35.7606,2.1017,2.0349,-82.3765,0.04510,1.0000,0.0000,0.0000,True,True
35.7689,2.0657,2.0375,-82.4035,0.04505,1.0000,0.0000,0.0000,True,True
35.7775,2.0291,2.0401,-82.4311,0.04593,1.0000,0.0000,0.0000,True,True
35.7857,1.9932,2.0427,-82.4582,0.04507,1.0000,0.0000,0.0000,True,True
35.7941,1.9572,2.0453,-82.4853,0.04510,1.0000,0.0000,0.0000,True,True
35.8025,1.9213,2.0479,-82.5124,0.04506,1.0000,0.0000,0.0000,True,True
35.8109,1.8854,2.0505,-82.5395,0.04509,1.0000,0.0000,0.0000,True,True
35.8191,1.8495,2.0531,-82.5666,0.04507,1.0000,0.0000,0.0000,True,True
35.8275,1.8135,2.0557,-82.5937,0.04509,1.0000,0.0000,0.0000,True,True
35.8358,1.7775,2.0583,-82.6208,0.04513,1.0000,0.0000,0.0000,True,True
35.8442,1.7416,2.0609,-82.6479,0.04510,1.0000,0.0000,0.0000,True,True
35.8525,1.7057,2.0635,-82.6750,0.04507,1.0000,0.0000,0.0000,True,True
35.8608,1.6697,2.0661,-82.7021,0.04508,1.0000,0.0000,0.0000,True,True
35.8692,1.6338,2.0687,-82.7292,0.04508,1.0000,0.0000,0.0000,True,True
35.8775,1.5979,2.0713,-82.7563,0.04507,1.0000,0.0000,0.0000,True,True
35.8859,1.5619,2.0739,-82.7834,0.04510,1.0000,0.0000,0.0000,True,True
35.8943,1.5260,2.0765,-82.8105,0.04509,1.0000,0.0000,0.0000,True,True
35.9025,1.4900,2.0791,-82.8376,0.04506,1.0000,0.0000,0.0000,True,True
35.9108,1.4541,2.0817,-82.8647,0.04509,1.0000,0.0000,0.0000,True,True
35.9191,1.4182,2.0843,-82.8917,0.04505,1.0000,0.0000,0.0000,True,True
35.9275,1.3822,2.0869,-82.9189,0.04510,1.0000,0.0000,0.0000,True,True
35.9358,1.3463,2.0895,-82.9459,0.04507,1.0000,0.0000,0.0000,True,True
35.9441,1.3104,2.0921,-82.9730,0.04509,1.0000,0.0000,0.0000,True,True
35.9525,1.2745,2.0947,-83.0001,0.04505,1.0000,0.0000,0.0000,True,True
35.9608,1.2385,2.0973,-83.0272,0.04510,1.0000,0.0000,0.0000,True,True
35.9691,1.2026,2.0999,-83.0543,0.04507,1.0000,0.0000,0.0000,True,True
35.9775,1.1666,2.1025,-83.0814,0.04509,1.0000,0.0000,0.0000,True,True
35.9858,1.1307,2.1051,-83.1085,0.04506,1.0000,0.0000,0.0000,True,True
35.9943,1.0947,2.1077,-83.1356,0.04513,1.0000,0.0000,0.0000,True,True
36.0025,1.0588,2.1103,-83.1627,0.04505,1.0000,0.0000,0.0000,True,True
36.0109,1.0228,2.1129,-83.1898,0.04519,1.0000,0.0000,0.0000,True,True
36.0191,0.9869,2.1155,-83.2169,0.04505,1.0000,0.0000,0.0000,True,True
36.0275,0.9509,2.1181,-83.2440,0.04511,1.0000,0.0000,0.0000,True,True
36.0358,0.9150,2.1207,-83.2711,0.04504,1.0000,0.0000,0.0000,True,True
36.0442,0.8791,2.1233,-83.2982,0.04511,1.0000,0.0000,0.0000,True,True
36.0525,0.8432,2.1258,-83.3253,0.04505,1.0000,0.0000,0.0000,True,True
36.0608,0.8072,2.1284,-83.3524,0.04510,1.0000,0.0000,0.0000,True,True
36.0692,0.7713,2.1310,-83.3795,0.04505,1.0000,0.0000,0.0000,True,True
36.0775,0.7353,2.1336,-83.4066,0.04510,1.0000,0.0000,0.0000,True,True
36.0858,0.6994,2.1362,-83.4337,0.04506,1.0000,0.0000,0.0000,True,True
36.0942,0.6635,2.1388,-83.4608,0.04508,1.0000,0.0000,0.0000,True,True
36.1025,0.6276,2.1414,-83.4878,0.04507,1.0000,0.0000,0.0000,True,True
36.1108,0.5916,2.1440,-83.5149,0.04510,1.0000,0.0000,0.0000,True,True
36.1191,0.5557,2.1466,-83.5420,0.04505,1.0000,0.0000,0.0000,True,True
36.1275,0.5197,2.1492,-83.5691,0.04510,1.0000,0.0000,0.0000,True,True
36.1358,0.4838,2.1518,-83.5962,0.04505,1.0000,0.0000,0.0000,True,True
36.1442,0.4479,2.1544,-83.6233,0.04510,1.0000,0.0000,0.0000,True,True
36.1525,0.4120,2.1570,-83.6504,0.04506,1.0000,0.0000,0.0000,True,True
36.1608,0.3760,2.1596,-83.6775,0.04509,1.0000,0.0000,0.0000,True,True
36.1692,0.3401,2.1622,-83.7046,0.04505,1.0000,0.0000,0.0000,True,True
36.1775,0.3041,2.1648,-83.7317,0.04509,1.0000,0.0000,0.0000,True,True
36.1858,0.2682,2.1674,-83.7588,0.04506,1.0000,0.0000,0.0000,True,True
36.1942,0.2323,2.1700,-83.7859,0.04509,1.0000,0.0000,0.0000,True,True
36.2025,0.1964,2.1726,-83.8129,0.04506,1.0000,0.0000,0.0000,True,True
36.2108,0.1604,2.1752,-83.8400,0.04510,1.0000,0.0000,0.0000,True,True
36.2192,0.1245,2.1778,-83.8671,0.04500,1.0000,0.0000,0.0000,True,True
36.2275,0.0890,2.1803,-83.8939,0.04457,1.0000,0.0000,0.0000,True,True
36.2358,0.0539,2.1829,-83.9204,0.04409,1.0000,0.0000,0.0000,True,True
36.2442,0.0190,2.1854,-83.9466,0.04368,1.0000,0.0000,0.0000,True,True
36.2525,-0.0154,2.1879,-83.9726,0.04319,1.0000,0.0000,0.0000,True,True
36.2609,-0.0495,2.1904,-83.9983,0.04279,1.0000,0.0000,0.0000,True,True
36.2692,-0.0832,2.1926,-84.0237,0.04228,1.0000,0.0000,0.0000,True,True
36.2775,-0.1166,2.1949,-84.0489,0.04186,1.0000,0.0000,0.0000,True,True
36.2858,-0.1496,2.1971,-84.0737,0.04136,1.0000,0.0000,0.0000,True,True
36.2942,-0.1822,2.1992,-84.0984,0.04094,1.0000,0.0000,0.0000,True,True
36.3025,-0.2144,2.2014,-84.1227,0.04042,1.0000,0.0000,0.0000,True,True
36.3109,-0.2463,2.2035,-84.1467,0.04001,1.0000,0.0000,0.0000,True,True
36.3191,-0.2778,2.2056,-84.1705,0.03951,1.0000,0.0000,0.0000,True,True
36.3275,-0.3090,2.2077,-84.1940,0.03909,1.0000,0.0000,0.0000,True,True
36.3358,-0.3398,2.2098,-84.2171,0.03857,1.0000,0.0000,0.0000,True,True
36.3442,-0.3702,2.2118,-84.2401,0.03815,1.0000,0.0000,0.0000,True,True
36.3525,-0.4002,2.2138,-84.2627,0.03764,1.0000,0.0000,0.0000,True,True
36.3609,-0.4299,2.2158,-84.2851,0.03721,1.0000,0.0000,0.0000,True,True
36.3692,-0.4591,2.2178,-84.3071,0.03670,1.0000,0.0000,0.0000,True,True
36.3775,-0.4881,2.2197,-84.3289,0.03627,1.0000,0.0000,0.0000,True,True
36.3858,-0.5166,2.2216,-84.3504,0.03577,1.0000,0.0000,0.0000,True,True
36.3942,-0.5447,2.2235,-84.3717,0.03532,1.0000,0.0000,0.0000,True,True
36.4025,-0.5725,2.2254,-84.3926,0.03483,1.0000,0.0000,0.0000,True,True
36.4109,-0.5999,2.2272,-84.4133,0.03438,1.0000,0.0000,0.0000,True,True
36.4191,-0.6269,2.2290,-84.4337,0.03390,1.0000,0.0000,0.0000,True,True
36.4276,-0.6536,2.2308,-84.4538,0.03344,1.0000,0.0000,0.0000,True,True
36.4359,-0.6799,2.2325,-84.4736,0.03293,1.0000,0.0000,0.0000,True,True
36.4442,-0.7058,2.2343,-84.4931,0.03250,1.0000,0.0000,0.0000,True,True
36.4525,-0.7313,2.2360,-84.5123,0.03198,1.0000,0.0000,0.0000,True,True
36.4609,-0.7564,2.2377,-84.5313,0.03154,1.0000,0.0000,0.0000,True,True
36.4692,-0.7812,2.2393,-84.5500,0.03104,1.0000,0.0000,0.0000,True,True
36.4776,-0.8056,2.2410,-84.5683,0.03058,1.0000,0.0000,0.0000,True,True
36.4858,-0.8296,2.2426,-84.5864,0.03008,1.0000,0.0000,0.0000,True,True
36.4942,-0.8532,2.2441,-84.6042,0.02963,1.0000,0.0000,0.0000,True,True
36.5025,-0.8764,2.2457,-84.6217,0.02913,1.0000,0.0000,0.0000,True,True
36.5109,-0.8993,2.2472,-84.6390,0.02868,1.0000,0.0000,0.0000,True,True
36.5192,-0.9217,2.2487,-84.6559,0.02816,1.0000,0.0000,0.0000,True,True
36.5275,-0.9438,2.2502,-84.6726,0.02771,1.0000,0.0000,0.0000,True,True
36.5358,-0.9655,2.2517,-84.6889,0.02720,1.0000,0.0000,0.0000,True,True
36.5442,-0.9868,2.2531,-84.7050,0.02675,1.0000,0.0000,0.0000,True,True
36.5525,-1.0078,2.2545,-84.7208,0.02624,1.0000,0.0000,0.0000,True,True
36.5608,-1.0283,2.2559,-84.7363,0.02577,1.0000,0.0000,0.0000,True,True
36.5692,-1.0485,2.2572,-84.7515,0.02526,1.0000,0.0000,0.0000,True,True
36.5775,-1.0682,2.2585,-84.7664,0.02480,1.0000,0.0000,0.0000,True,True
36.5859,-1.0876,2.2598,-84.7810,0.02433,1.0000,0.0000,0.0000,True,True
36.5942,-1.1066,2.2611,-84.7953,0.02382,1.0000,0.0000,0.0000,True,True
36.6025,-1.1252,2.2623,-84.8093,0.02332,1.0000,0.0000,0.0000,True,True
36.6109,-1.1434,2.2636,-84.8231,0.02285,1.0000,0.0000,0.0000,True,True
36.6192,-1.1613,2.2647,-84.8365,0.02235,1.0000,0.0000,0.0000,True,True
36.6276,-1.1787,2.2659,-84.8496,0.02186,1.0000,0.0000,0.0000,True,True
36.6359,-1.1957,2.2671,-84.8625,0.02136,1.0000,0.0000,0.0000,True,True
36.6442,-1.2124,2.2682,-84.8750,0.02089,1.0000,0.0000,0.0000,True,True
36.6525,-1.2286,2.2693,-84.8873,0.02039,1.0000,0.0000,0.0000,True,True
36.6609,-1.2445,2.2703,-84.8993,0.01990,1.0000,0.0000,0.0000,True,True
36.6692,-1.2600,2.2714,-84.9109,0.01939,1.0000,0.0000,0.0000,True,True
36.6775,-1.2750,2.2724,-84.9223,0.01891,1.0000,0.0000,0.0000,True,True
36.6859,-1.2897,2.2733,-84.9333,0.01840,1.0000,0.0000,0.0000,True,True
36.6942,-1.3040,2.2743,-84.9441,0.01792,1.0000,0.0000,0.0000,True,True
36.7026,-1.3179,2.2752,-84.9546,0.01741,1.0000,0.0000,0.0000,True,True
36.7109,-1.3314,2.2761,-84.9648,0.01693,1.0000,0.0000,0.0000,True,True
36.7192,-1.3445,2.2770,-84.9746,0.01641,1.0000,0.0000,0.0000,True,True
36.7275,-1.3572,2.2779,-84.9842,0.01593,1.0000,0.0000,0.0000,True,True
36.7359,-1.3695,2.2787,-84.9935,0.01542,1.0000,0.0000,0.0000,True,True
36.7442,-1.3695,2.2787,-84.9935,0.00000,1.0000,0.0000,0.0000,True,True
36.7526,-1.3699,2.2787,-84.9938,0.00052,1.0000,0.0000,0.0000,True,True
36.7609,-1.3707,2.2788,-84.9944,0.00105,1.0000,0.0000,0.0000,True,True
36.7692,-1.3720,2.2788,-84.9953,0.00157,1.0000,0.0000,0.0000,True,True
36.7775,-1.3738,2.2789,-84.9964,0.00210,1.0000,0.0000,0.0000,True,True
36.7858,-1.3759,2.2791,-84.9979,0.00262,1.0000,0.0000,0.0000,True,True
36.7942,-1.3785,2.2792,-84.9997,0.00315,1.0000,0.0000,0.0000,True,True
36.8025,-1.3815,2.2794,-85.0018,0.00367,1.0000,0.0000,0.0000,True,True
36.8109,-1.3850,2.2796,-85.0042,0.00420,1.0000,0.0000,0.0000,True,True
36.8192,-1.3888,2.2799,-85.0069,0.00472,1.0000,0.0000,0.0000,True,True
36.8346,-1.3945,2.2802,-85.0108,0.00691,1.0000,0.0000,0.0000,True,True
36.8412,-1.4010,2.2806,-85.0152,0.00785,1.0000,0.0000,0.0000,True,True
36.8502,-1.4072,2.2810,-85.0195,0.00757,1.0000,0.0000,0.0000,True,True
36.8589,-1.4134,2.2814,-85.0238,0.00756,1.0000,0.0000,0.0000,True,True
36.8671,-1.4197,2.2818,-85.0281,0.00763,1.0000,0.0000,0.0000,True,True
36.8754,-1.4265,2.2822,-85.0328,0.00828,1.0000,0.0000,0.0000,True,True
36.8837,-1.4337,2.2826,-85.0378,0.00881,1.0000,0.0000,0.0000,True,True
36.8921,-1.4414,2.2831,-85.0432,0.00937,1.0000,0.0000,0.0000,True,True
36.9003,-1.4495,2.2836,-85.0488,0.00987,1.0000,0.0000,0.0000,True,True
36.9088,-1.4581,2.2841,-85.0547,0.01042,1.0000,0.0000,0.0000,True,True
36.9170,-1.4671,2.2847,-85.0609,0.01094,1.0000,0.0000,0.0000,True,True
36.9254,-1.4765,2.2852,-85.0674,0.01152,1.0000,0.0000,0.0000,True,True
36.9337,-1.4864,2.2858,-85.0742,0.01199,1.0000,0.0000,0.0000,True,True
36.9422,-1.4968,2.2865,-85.0814,0.01267,1.0000,0.0000,0.0000,True,True
36.9504,-1.5075,2.2871,-85.0888,0.01309,1.0000,0.0000,0.0000,True,True
36.9588,-1.5188,2.2878,-85.0966,0.01364,1.0000,0.0000,0.0000,True,True
36.9671,-1.5304,2.2885,-85.1046,0.01417,1.0000,0.0000,0.0000,True,True
36.9755,-1.5425,2.2893,-85.1130,0.01472,1.0000,0.0000,0.0000,True,True
36.9837,-1.5550,2.2901,-85.1216,0.01525,1.0000,0.0000,0.0000,True,True
36.9922,-1.5680,2.2909,-85.1306,0.01580,1.0000,0.0000,0.0000,True,True
37.0004,-1.5814,2.2917,-85.1399,0.01633,1.0000,0.0000,0.0000,True,True
37.0088,-1.5953,2.2925,-85.1495,0.01690,1.0000,0.0000,0.0000,True,True
37.0171,-1.6096,2.2934,-85.1594,0.01742,1.0000,0.0000,0.0000,True,True
37.0256,-1.6245,2.2943,-85.1696,0.01804,1.0000,0.0000,0.0000,True,True
37.0337,-1.6396,2.2952,-85.1801,0.01845,1.0000,0.0000,0.0000,True,True
37.0423,-1.6553,2.2962,-85.1909,0.01907,1.0000,0.0000,0.0000,True,True
37.0504,-1.6714,2.2972,-85.2020,0.01960,1.0000,0.0000,0.0000,True,True
37.0588,-1.6880,2.2982,-85.2135,0.02018,1.0000,0.0000,0.0000,True,True
37.0670,-1.7050,2.2992,-85.2252,0.02068,1.0000,0.0000,0.0000,True,True
37.0754,-1.7224,2.3003,-85.2373,0.02127,1.0000,0.0000,0.0000,True,True
37.0837,-1.7404,2.3014,-85.2497,0.02179,1.0000,0.0000,0.0000,True,True
37.0921,-1.7587,2.3025,-85.2623,0.02236,1.0000,0.0000,0.0000,True,True
37.1004,-1.7775,2.3037,-85.2753,0.02289,1.0000,0.0000,0.0000,True,True
37.1088,-1.7968,2.3049,-85.2886,0.02346,1.0000,0.0000,0.0000,True,True
37.1171,-1.8165,2.3061,-85.3023,0.02398,1.0000,0.0000,0.0000,True,True
37.1254,-1.8367,2.3073,-85.3162,0.02457,1.0000,0.0000,0.0000,True,True
37.1338,-1.8573,2.3086,-85.3304,0.02509,1.0000,0.0000,0.0000,True,True
37.1421,-1.8784,2.3099,-85.3450,0.02567,1.0000,0.0000,0.0000,True,True
37.1504,-1.9000,2.3112,-85.3599,0.02620,1.0000,0.0000,0.0000,True,True
37.1590,-1.9220,2.3125,-85.3751,0.02680,1.0000,0.0000,0.0000,True,True
37.1671,-1.9444,2.3139,-85.3906,0.02730,1.0000,0.0000,0.0000,True,True
37.1754,-1.9673,2.3153,-85.4064,0.02789,1.0000,0.0000,0.0000,True,True
37.1837,-1.9907,2.3168,-85.4226,0.02842,1.0000,0.0000,0.0000,True,True
37.1921,-2.0145,2.3182,-85.4390,0.02901,1.0000,0.0000,0.0000,True,True
37.2004,-2.0388,2.3197,-85.4558,0.02953,1.0000,0.0000,0.0000,True,True
37.2088,-2.0636,2.3212,-85.4729,0.03013,1.0000,0.0000,0.0000,True,True
37.2171,-2.0888,2.3228,-85.4903,0.03066,1.0000,0.0000,0.0000,True,True
37.2254,-2.1144,2.3243,-85.5080,0.03123,1.0000,0.0000,0.0000,True,True
37.2338,-2.1405,2.3259,-85.5260,0.03178,1.0000,0.0000,0.0000,True,True
37.2421,-2.1671,2.3276,-85.5444,0.03236,1.0000,0.0000,0.0000,True,True
37.2504,-2.1942,2.3292,-85.5631,0.03289,1.0000,0.0000,0.0000,True,True
37.2590,-2.2218,2.3309,-85.5822,0.03366,1.0000,0.0000,0.0000,True,True
37.2671,-2.2498,2.3326,-85.6015,0.03402,1.0000,0.0000,0.0000,True,True
37.2756,-2.2783,2.3344,-85.6212,0.03469,1.0000,0.0000,0.0000,True,True
37.2838,-2.3071,2.3362,-85.6411,0.03512,1.0000,0.0000,0.0000,True,True
37.2922,-2.3365,2.3380,-85.6614,0.03573,1.0000,0.0000,0.0000,True,True
37.3005,-2.3663,2.3398,-85.6820,0.03628,1.0000,0.0000,0.0000,True,True
37.3088,-2.3966,2.3416,-85.7029,0.03690,1.0000,0.0000,0.0000,True,True
37.3171,-2.4274,2.3435,-85.7242,0.03742,1.0000,0.0000,0.0000,True,True
37.3256,-2.4587,2.3454,-85.7458,0.03804,1.0000,0.0000,0.0000,True,True
37.3338,-2.4903,2.3474,-85.7677,0.03855,1.0000,0.0000,0.0000,True,True
37.3422,-2.5225,2.3494,-85.7899,0.03917,1.0000,0.0000,0.0000,True,True
37.3505,-2.5552,2.3514,-85.8124,0.03970,1.0000,0.0000,0.0000,True,True
37.3589,-2.5883,2.3534,-85.8353,0.04031,1.0000,0.0000,0.0000,True,True
37.3673,-2.6220,2.3555,-85.8586,0.04104,1.0000,0.0000,0.0000,True,True
37.3755,-2.6560,2.3575,-85.8821,0.04139,1.0000,0.0000,0.0000,True,True
37.3839,-2.6906,2.3597,-85.9059,0.04203,1.0000,0.0000,0.0000,True,True
37.3922,-2.7255,2.3618,-85.9301,0.04257,1.0000,0.0000,0.0000,True,True
37.4005,-2.7610,2.3640,-85.9546,0.04314,1.0000,0.0000,0.0000,True,True
37.4089,-2.7970,2.3662,-85.9794,0.04378,1.0000,0.0000,0.0000,True,True
37.4172,-2.8334,2.3684,-86.0046,0.04428,1.0000,0.0000,0.0000,True,True
37.4255,-2.8703,2.3703,-86.0301,0.04490,1.0000,0.0000,0.0000,True,True
37.4338,-2.9073,2.3723,-86.0556,0.04503,1.0000,0.0000,0.0000,True,True
37.4422,-2.9443,2.3743,-86.0812,0.04507,1.0000,0.0000,0.0000,True,True
37.4505,-2.9813,2.3763,-86.1068,0.04503,1.0000,0.0000,0.0000,True,True
37.4588,-3.0184,2.3783,-86.1324,0.04507,1.0000,0.0000,0.0000,True,True
37.4671,-3.0554,2.3803,-86.1579,0.04502,1.0000,0.0000,0.0000,True,True
37.4756,-3.0926,2.3823,-86.1836,0.04522,1.0000,0.0000,0.0000,True,True
37.4838,-3.1294,2.3843,-86.2091,0.04487,1.0000,0.0000,0.0000,True,True
37.4923,-3.1665,2.3863,-86.2347,0.04507,1.0000,0.0000,0.0000,True,True
37.5005,-3.2035,2.3883,-86.2602,0.04503,1.0000,0.0000,0.0000,True,True
37.5089,-3.2406,2.3903,-86.2858,0.04506,1.0000,0.0000,0.0000,True,True
37.5172,-3.2776,2.3923,-86.3114,0.04503,1.0000,0.0000,0.0000,True,True
37.5255,-3.3146,2.3943,-86.3370,0.04511,1.0000,0.0000,0.0000,True,True
37.5338,-3.3516,2.3963,-86.3625,0.04500,1.0000,0.0000,0.0000,True,True
37.5422,-3.3887,2.3983,-86.3881,0.04508,1.0000,0.0000,0.0000,True,True
37.5505,-3.4257,2.4003,-86.4137,0.04503,1.0000,0.0000,0.0000,True,True
37.5589,-3.4627,2.4023,-86.4393,0.04506,1.0000,0.0000,0.0000,True,True
37.5672,-3.4998,2.4043,-86.4649,0.04503,1.0000,0.0000,0.0000,True,True
37.5755,-3.5368,2.4063,-86.4904,0.04507,1.0000,0.0000,0.0000,True,True
37.5838,-3.5738,2.4083,-86.5160,0.04503,1.0000,0.0000,0.0000,True,True
37.5923,-3.6109,2.4103,-86.5416,0.04508,1.0000,0.0000,0.0000,True,True
37.6005,-3.6479,2.4123,-86.5672,0.04502,1.0000,0.0000,0.0000,True,True
37.6089,-3.6849,2.4143,-86.5927,0.04506,1.0000,0.0000,0.0000,True,True
37.6172,-3.7219,2.4163,-86.6183,0.04503,1.0000,0.0000,0.0000,True,True
37.6255,-3.7590,2.4183,-86.6439,0.04507,1.0000,0.0000,0.0000,True,True
37.6339,-3.7960,2.4203,-86.6695,0.04505,1.0000,0.0000,0.0000,True,True
37.6422,-3.8330,2.4223,-86.6951,0.04504,1.0000,0.0000,0.0000,True,True
37.6505,-3.8700,2.4243,-86.7206,0.04503,1.0000,0.0000,0.0000,True,True
37.6589,-3.9071,2.4263,-86.7462,0.04506,1.0000,0.0000,0.0000,True,True
37.6672,-3.9441,2.4283,-86.7718,0.04503,1.0000,0.0000,0.0000,True,True
37.6757,-3.9811,2.4303,-86.7974,0.04507,1.0000,0.0000,0.0000,True,True
37.6839,-4.0182,2.4322,-86.8229,0.04503,1.0000,0.0000,0.0000,True,True
37.6923,-4.0552,2.4342,-86.8485,0.04507,1.0000,0.0000,0.0000,True,True
37.7005,-4.0922,2.4362,-86.8741,0.04503,1.0000,0.0000,0.0000,True,True
37.7089,-4.1295,2.4383,-86.8998,0.04533,1.0000,0.0000,0.0000,True,True
37.7172,-4.1665,2.4402,-86.9254,0.04502,1.0000,0.0000,0.0000,True,True
37.7257,-4.2035,2.4422,-86.9509,0.04506,1.0000,0.0000,0.0000,True,True
37.7339,-4.2405,2.4442,-86.9765,0.04503,1.0000,0.0000,0.0000,True,True
37.7423,-4.2776,2.4462,-87.0021,0.04507,1.0000,0.0000,0.0000,True,True
37.7506,-4.3146,2.4482,-87.0277,0.04502,1.0000,0.0000,0.0000,True,True
37.7590,-4.3517,2.4502,-87.0533,0.04508,1.0000,0.0000,0.0000,True,True
37.7672,-4.3887,2.4522,-87.0788,0.04502,1.0000,0.0000,0.0000,True,True
37.7757,-4.4257,2.4542,-87.1044,0.04506,1.0000,0.0000,0.0000,True,True
37.7839,-4.4627,2.4562,-87.1300,0.04503,1.0000,0.0000,0.0000,True,True
37.7924,-4.4998,2.4582,-87.1556,0.04507,1.0000,0.0000,0.0000,True,True
37.8006,-4.5368,2.4602,-87.1811,0.04502,1.0000,0.0000,0.0000,True,True
37.8089,-4.5738,2.4622,-87.2067,0.04507,1.0000,0.0000,0.0000,True,True
37.8172,-4.6108,2.4642,-87.2323,0.04502,1.0000,0.0000,0.0000,True,True
37.8256,-4.6479,2.4662,-87.2578,0.04507,1.0000,0.0000,0.0000,True,True
37.8339,-4.6849,2.4682,-87.2834,0.04502,1.0000,0.0000,0.0000,True,True
37.8423,-4.7219,2.4702,-87.3090,0.04507,1.0000,0.0000,0.0000,True,True
37.8506,-4.7590,2.4722,-87.3346,0.04503,1.0000,0.0000,0.0000,True,True
37.8589,-4.7960,2.4742,-87.3601,0.04506,1.0000,0.0000,0.0000,True,True
37.8673,-4.8330,2.4762,-87.3857,0.04503,1.0000,0.0000,0.0000,True,True
37.8757,-4.8700,2.4782,-87.4113,0.04505,1.0000,0.0000,0.0000,True,True
37.8840,-4.9071,2.4802,-87.4369,0.04504,1.0000,0.0000,0.0000,True,True
37.8923,-4.9441,2.4822,-87.4624,0.04505,1.0000,0.0000,0.0000,True,True
37.9007,-4.9811,2.4842,-87.4880,0.04504,1.0000,0.0000,0.0000,True,True
37.9091,-5.0182,2.4862,-87.5136,0.04505,1.0000,0.0000,0.0000,True,True
37.9173,-5.0552,2.4882,-87.5392,0.04504,1.0000,0.0000,0.0000,True,True
37.9257,-5.0926,2.4902,-87.5650,0.04554,1.0000,0.0000,0.0000,True,True
37.9339,-5.1292,2.4922,-87.5903,0.04456,1.0000,0.0000,0.0000,True,True
37.9423,-5.1663,2.4942,-87.6159,0.04506,1.0000,0.0000,0.0000,True,True
37.9506,-5.2033,2.4962,-87.6415,0.04502,1.0000,0.0000,0.0000,True,True
37.9589,-5.2403,2.4982,-87.6671,0.04508,1.0000,0.0000,0.0000,True,True
37.9672,-5.2773,2.5001,-87.6926,0.04501,1.0000,0.0000,0.0000,True,True
37.9757,-5.3144,2.5021,-87.7182,0.04507,1.0000,0.0000,0.0000,True,True
37.9839,-5.3514,2.5041,-87.7438,0.04503,1.0000,0.0000,0.0000,True,True
37.9924,-5.3884,2.5061,-87.7693,0.04506,1.0000,0.0000,0.0000,True,True
38.0006,-5.4254,2.5081,-87.7949,0.04502,1.0000,0.0000,0.0000,True,True
38.0089,-5.4625,2.5101,-87.8205,0.04507,1.0000,0.0000,0.0000,True,True
38.0173,-5.4995,2.5121,-87.8460,0.04502,1.0000,0.0000,0.0000,True,True
38.0257,-5.5366,2.5141,-87.8716,0.04507,1.0000,0.0000,0.0000,True,True
38.0339,-5.5736,2.5161,-87.8972,0.04503,1.0000,0.0000,0.0000,True,True
38.0423,-5.6106,2.5181,-87.9228,0.04506,1.0000,0.0000,0.0000,True,True
38.0506,-5.6476,2.5201,-87.9483,0.04502,1.0000,0.0000,0.0000,True,True
38.0590,-5.6847,2.5221,-87.9739,0.04507,1.0000,0.0000,0.0000,True,True
38.0672,-5.7217,2.5241,-87.9995,0.04502,1.0000,0.0000,0.0000,True,True
38.0756,-5.7587,2.5257,-88.0251,0.04506,1.0000,0.0000,0.0000,True,True
38.0839,-5.7957,2.5274,-88.0506,0.04499,1.0000,0.0000,0.0000,True,True
38.0924,-5.8328,2.5290,-88.0762,0.04507,1.0000,0.0000,0.0000,True,True
38.1007,-5.8698,2.5306,-88.1018,0.04500,1.0000,0.0000,0.0000,True,True
38.1089,-5.9068,2.5323,-88.1274,0.04505,1.0000,0.0000,0.0000,True,True
38.1172,-5.9438,2.5339,-88.1529,0.04501,1.0000,0.0000,0.0000,True,True
38.1256,-5.9809,2.5355,-88.1785,0.04506,1.0000,0.0000,0.0000,True,True
38.1339,-6.0179,2.5372,-88.2041,0.04500,1.0000,0.0000,0.0000,True,True
38.1423,-6.0549,2.5388,-88.2297,0.04506,1.0000,0.0000,0.0000,True,True
38.1506,-6.0920,2.5404,-88.2552,0.04501,1.0000,0.0000,0.0000,True,True
38.1590,-6.1290,2.5421,-88.2808,0.04506,1.0000,0.0000,0.0000,True,True
38.1673,-6.1660,2.5437,-88.3064,0.04500,1.0000,0.0000,0.0000,True,True
38.1757,-6.2031,2.5453,-88.3320,0.04505,1.0000,0.0000,0.0000,True,True
38.1839,-6.2401,2.5470,-88.3575,0.04500,1.0000,0.0000,0.0000,True,True
38.1924,-6.2772,2.5486,-88.3832,0.04523,1.0000,0.0000,0.0000,True,True
38.2006,-6.3142,2.5502,-88.4088,0.04499,1.0000,0.0000,0.0000,True,True
38.2090,-6.3513,2.5519,-88.4344,0.04506,1.0000,0.0000,0.0000,True,True
38.2173,-6.3883,2.5535,-88.4599,0.04502,1.0000,0.0000,0.0000,True,True
38.2257,-6.4253,2.5551,-88.4855,0.04504,1.0000,0.0000,0.0000,True,True
38.2339,-6.4624,2.5568,-88.5111,0.04501,1.0000,0.0000,0.0000,True,True
38.2423,-6.4994,2.5584,-88.5367,0.04505,1.0000,0.0000,0.0000,True,True
38.2506,-6.5364,2.5600,-88.5622,0.04501,1.0000,0.0000,0.0000,True,True
38.2590,-6.5735,2.5617,-88.5878,0.04505,1.0000,0.0000,0.0000,True,True
38.2673,-6.6105,2.5633,-88.6134,0.04501,1.0000,0.0000,0.0000,True,True
38.2756,-6.6475,2.5649,-88.6390,0.04505,1.0000,0.0000,0.0000,True,True
38.2839,-6.6845,2.5666,-88.6645,0.04501,1.0000,0.0000,0.0000,True,True
38.2923,-6.7216,2.5682,-88.6901,0.04506,1.0000,0.0000,0.0000,True,True
38.3007,-6.7586,2.5698,-88.7157,0.04501,1.0000,0.0000,0.0000,True,True
38.3090,-6.7956,2.5715,-88.7413,0.04504,1.0000,0.0000,0.0000,True,True
38.3173,-6.8326,2.5731,-88.7668,0.04501,1.0000,0.0000,0.0000,True,True
38.3257,-6.8697,2.5747,-88.7924,0.04504,1.0000,0.0000,0.0000,True,True
38.3340,-6.9067,2.5764,-88.8180,0.04501,1.0000,0.0000,0.0000,True,True
38.3423,-6.9437,2.5780,-88.8436,0.04506,1.0000,0.0000,0.0000,True,True
38.3506,-6.9807,2.5796,-88.8691,0.04500,1.0000,0.0000,0.0000,True,True
38.3591,-7.0178,2.5813,-88.8947,0.04505,1.0000,0.0000,0.0000,True,True
38.3673,-7.0548,2.5829,-88.9203,0.04501,1.0000,0.0000,0.0000,True,True
38.3757,-7.0915,2.5845,-88.9456,0.04464,1.0000,0.0000,0.0000,True,True
38.3839,-7.1278,2.5861,-88.9707,0.04409,1.0000,0.0000,0.0000,True,True
38.3924,-7.1637,2.5877,-88.9955,0.04366,1.0000,0.0000,0.0000,True,True
38.4006,-7.1991,2.5893,-89.0200,0.04311,1.0000,0.0000,0.0000,True,True
38.4090,-7.2342,2.5908,-89.0442,0.04267,1.0000,0.0000,0.0000,True,True
38.4173,-7.2688,2.5923,-89.0681,0.04212,1.0000,0.0000,0.0000,True,True
38.4258,-7.3031,2.5939,-89.0918,0.04167,1.0000,0.0000,0.0000,True,True
38.4340,-7.3369,2.5954,-89.1151,0.04114,1.0000,0.0000,0.0000,True,True
38.4423,-7.3704,2.5968,-89.1383,0.04069,1.0000,0.0000,0.0000,True,True
38.4506,-7.4034,2.5983,-89.1611,0.04014,1.0000,0.0000,0.0000,True,True
38.4591,-7.4361,2.5997,-89.1836,0.03971,1.0000,0.0000,0.0000,True,True
38.4673,-7.4682,2.6011,-89.2058,0.03915,1.0000,0.0000,0.0000,True,True
38.4757,-7.5001,2.6025,-89.2278,0.03871,1.0000,0.0000,0.0000,True,True
38.4840,-7.5315,2.6039,-89.2495,0.03816,1.0000,0.0000,0.0000,True,True
38.4923,-7.5625,2.6053,-89.2709,0.03771,1.0000,0.0000,0.0000,True,True
38.5007,-7.5930,2.6066,-89.2920,0.03718,1.0000,0.0000,0.0000,True,True
38.5090,-7.6232,2.6080,-89.3129,0.03671,1.0000,0.0000,0.0000,True,True
38.5173,-7.6530,2.6093,-89.3334,0.03619,1.0000,0.0000,0.0000,True,True
38.5257,-7.6824,2.6106,-89.3537,0.03572,1.0000,0.0000,0.0000,True,True
38.5340,-7.7113,2.6119,-89.3737,0.03521,1.0000,0.0000,0.0000,True,True
38.5423,-7.7399,2.6131,-89.3934,0.03471,1.0000,0.0000,0.0000,True,True
38.5506,-7.7680,2.6144,-89.4129,0.03419,1.0000,0.0000,0.0000,True,True
38.5590,-7.7957,2.6156,-89.4320,0.03374,1.0000,0.0000,0.0000,True,True
38.5673,-7.8230,2.6168,-89.4509,0.03319,1.0000,0.0000,0.0000,True,True
38.5757,-7.8499,2.6180,-89.4694,0.03273,1.0000,0.0000,0.0000,True,True
38.5839,-7.8764,2.6191,-89.4877,0.03220,1.0000,0.0000,0.0000,True,True
38.5923,-7.9025,2.6203,-89.5057,0.03172,1.0000,0.0000,0.0000,True,True
38.6006,-7.9281,2.6214,-89.5235,0.03119,1.0000,0.0000,0.0000,True,True
38.6090,-7.9534,2.6225,-89.5409,0.03073,1.0000,0.0000,0.0000,True,True
38.6173,-7.9782,2.6236,-89.5581,0.03019,1.0000,0.0000,0.0000,True,True
38.6256,-8.0027,2.6247,-89.5749,0.02972,1.0000,0.0000,0.0000,True,True
38.6339,-8.0267,2.6258,-89.5915,0.02919,1.0000,0.0000,0.0000,True,True
38.6424,-8.0503,2.6268,-89.6078,0.02873,1.0000,0.0000,0.0000,True,True
38.6507,-8.0735,2.6278,-89.6239,0.02820,1.0000,0.0000,0.0000,True,True
38.6590,-8.0963,2.6288,-89.6396,0.02771,1.0000,0.0000,0.0000,True,True
38.6673,-8.1186,2.6298,-89.6550,0.02719,1.0000,0.0000,0.0000,True,True
38.6758,-8.1406,2.6308,-89.6702,0.02672,1.0000,0.0000,0.0000,True,True
38.6840,-8.1621,2.6317,-89.6851,0.02618,1.0000,0.0000,0.0000,True,True
38.6923,-8.1832,2.6327,-89.6997,0.02570,1.0000,0.0000,0.0000,True,True
38.7006,-8.2039,2.6336,-89.7140,0.02517,1.0000,0.0000,0.0000,True,True
38.7090,-8.2242,2.6345,-89.7280,0.02470,1.0000,0.0000,0.0000,True,True
38.7173,-8.2441,2.6354,-89.7417,0.02417,1.0000,0.0000,0.0000,True,True
38.7256,-8.2636,2.6362,-89.7552,0.02368,1.0000,0.0000,0.0000,True,True
38.7340,-8.2826,2.6371,-89.7683,0.02316,1.0000,0.0000,0.0000,True,True
38.7423,-8.3013,2.6379,-89.7812,0.02267,1.0000,0.0000,0.0000,True,True
38.7507,-8.3195,2.6387,-89.7938,0.02215,1.0000,0.0000,0.0000,True,True
38.7590,-8.3373,2.6395,-89.8061,0.02167,1.0000,0.0000,0.0000,True,True
38.7673,-8.3547,2.6402,-89.8181,0.02113,1.0000,0.0000,0.0000,True,True
38.7758,-8.3717,2.6410,-89.8298,0.02065,1.0000,0.0000,0.0000,True,True
38.7840,-8.3882,2.6417,-89.8413,0.02012,1.0000,0.0000,0.0000,True,True
38.7923,-8.4043,2.6424,-89.8524,0.01963,1.0000,0.0000,0.0000,True,True
38.8006,-8.4201,2.6431,-89.8633,0.01910,1.0000,0.0000,0.0000,True,True
38.8090,-8.4354,2.6438,-89.8738,0.01862,1.0000,0.0000,0.0000,True,True
38.8173,-8.4502,2.6445,-89.8841,0.01808,1.0000,0.0000,0.0000,True,True
38.8257,-8.4647,2.6451,-89.8941,0.01760,1.0000,0.0000,0.0000,True,True
38.8340,-8.4787,2.6457,-89.9038,0.01707,1.0000,0.0000,0.0000,True,True
38.8423,-8.4924,2.6463,-89.9132,0.01657,1.0000,0.0000,0.0000,True,True
38.8506,-8.5056,2.6469,-89.9223,0.01606,1.0000,0.0000,0.0000,True,True
38.8590,-8.5184,2.6475,-89.9312,0.01556,1.0000,0.0000,0.0000,True,True
38.8673,-8.5307,2.6480,-89.9397,0.01502,1.0000,0.0000,0.0000,True,True
38.8757,-8.5427,2.6485,-89.9479,0.01453,1.0000,0.0000,0.0000,True,True
38.8840,-8.5542,2.6490,-89.9559,0.01401,1.0000,0.0000,0.0000,True,True
38.8923,-8.5653,2.6495,-89.9636,0.01351,1.0000,0.0000,0.0000,True,True
38.9006,-8.5760,2.6500,-89.9709,0.01298,1.0000,0.0000,0.0000,True,True
38.9090,-8.5862,2.6504,-89.9780,0.01248,1.0000,0.0000,0.0000,True,True
38.9173,-8.5961,2.6509,-89.9848,0.01196,1.0000,0.0000,0.0000,True,True
38.9256,-8.6055,2.6513,-89.9913,0.01145,1.0000,0.0000,0.0000,True,True
38.9340,-8.6055,2.6513,-89.9913,0.00000,1.0000,0.0000,0.0000,True,True
38.9423,-8.6059,2.6513,-89.9916,0.00052,1.0000,0.0000,0.0000,True,True
38.9506,-8.6067,2.6514,-89.9923,0.00104,1.0000,0.0000,0.0000,True,True
38.9590,-8.6080,2.6514,-89.9932,0.00156,1.0000,0.0000,0.0000,True,True
38.9673,-8.6096,2.6515,-89.9945,0.00208,1.0000,0.0000,0.0000,True,True
38.9757,-8.6117,2.6516,-89.9960,0.00261,1.0000,0.0000,0.0000,True,True
38.9839,-8.6142,2.6517,-89.9979,0.00313,1.0000,0.0000,0.0000,True,True
38.9925,-8.6172,2.6519,-90.0001,0.00366,1.0000,0.0000,0.0000,True,True
39.0007,-8.6205,2.6520,-90.0026,0.00417,1.0000,0.0000,0.0000,True,True
39.0090,-8.6242,2.6521,-90.0054,0.00471,1.0000,0.0000,0.0000,True,True
39.0173,-8.6284,2.6522,-90.0086,0.00523,1.0000,0.0000,0.0000,True,True
39.0257,-8.6330,2.6524,-90.0120,0.00575,1.0000,0.0000,0.0000,True,True
39.0340,-8.6380,2.6526,-90.0158,0.00627,1.0000,0.0000,0.0000,True,True
39.0423,-8.6434,2.6528,-90.0199,0.00680,1.0000,0.0000,0.0000,True,True
39.0506,-8.6493,2.6530,-90.0243,0.00732,1.0000,0.0000,0.0000,True,True
39.0590,-8.6556,2.6532,-90.0290,0.00785,1.0000,0.0000,0.0000,True,True
39.0673,-8.6622,2.6534,-90.0341,0.00837,1.0000,0.0000,0.0000,True,True
39.0757,-8.6694,2.6537,-90.0394,0.00890,1.0000,0.0000,0.0000,True,True
39.0839,-8.6769,2.6539,-90.0451,0.00941,1.0000,0.0000,0.0000,True,True
39.0923,-8.6848,2.6542,-90.0510,0.00995,1.0000,0.0000,0.0000,True,True
39.1006,-8.6932,2.6545,-90.0573,0.01046,1.0000,0.0000,0.0000,True,True
39.1091,-8.7020,2.6548,-90.0639,0.01100,1.0000,0.0000,0.0000,True,True
39.1173,-8.7111,2.6551,-90.0709,0.01151,1.0000,0.0000,0.0000,True,True
39.1257,-8.7208,2.6555,-90.0781,0.01205,1.0000,0.0000,0.0000,True,True
39.1340,-8.7308,2.6558,-90.0857,0.01256,1.0000,0.0000,0.0000,True,True
39.1423,-8.7413,2.6562,-90.0935,0.01311,1.0000,0.0000,0.0000,True,True
39.1507,-8.7521,2.6565,-90.1017,0.01362,1.0000,0.0000,0.0000,True,True
39.1592,-8.7635,2.6569,-90.1102,0.01416,1.0000,0.0000,0.0000,True,True
39.1673,-8.7752,2.6573,-90.1191,0.01467,1.0000,0.0000,0.0000,True,True
39.1757,-8.7873,2.6578,-90.1282,0.01521,1.0000,0.0000,0.0000,True,True
39.1840,-8.7999,2.6582,-90.1377,0.01572,1.0000,0.0000,0.0000,True,True
39.1925,-8.8129,2.6586,-90.1474,0.01627,1.0000,0.0000,0.0000,True,True
39.2006,-8.8263,2.6591,-90.1575,0.01678,1.0000,0.0000,0.0000,True,True
39.2090,-8.8401,2.6596,-90.1679,0.01732,1.0000,0.0000,0.0000,True,True
39.2173,-8.8543,2.6601,-90.1787,0.01783,1.0000,0.0000,0.0000,True,True
39.2257,-8.8690,2.6606,-90.1897,0.01838,1.0000,0.0000,0.0000,True,True
39.2340,-8.8841,2.6611,-90.2011,0.01888,1.0000,0.0000,0.0000,True,True
39.2423,-8.8996,2.6617,-90.2127,0.01943,1.0000,0.0000,0.0000,True,True
39.2506,-8.9155,2.6622,-90.2247,0.01994,1.0000,0.0000,0.0000,True,True
39.2590,-8.9319,2.6628,-90.2371,0.02049,1.0000,0.0000,0.0000,True,True
39.2673,-8.9487,2.6634,-90.2497,0.02099,1.0000,0.0000,0.0000,True,True
39.2757,-8.9659,2.6640,-90.2626,0.02155,1.0000,0.0000,0.0000,True,True
39.2840,-8.9835,2.6646,-90.2759,0.02206,1.0000,0.0000,0.0000,True,True
39.2923,-9.0016,2.6652,-90.2895,0.02260,1.0000,0.0000,0.0000,True,True
39.3006,-9.0200,2.6658,-90.3034,0.02311,1.0000,0.0000,0.0000,True,True
39.3090,-9.0389,2.6665,-90.3176,0.02366,1.0000,0.0000,0.0000,True,True
39.3173,-9.0582,2.6672,-90.3321,0.02417,1.0000,0.0000,0.0000,True,True
39.3257,-9.0780,2.6678,-90.3470,0.02472,1.0000,0.0000,0.0000,True,True
39.3340,-9.0981,2.6685,-90.3621,0.02523,1.0000,0.0000,0.0000,True,True
39.3424,-9.1187,2.6693,-90.3776,0.02578,1.0000,0.0000,0.0000,True,True
39.3507,-9.1397,2.6700,-90.3935,0.02629,1.0000,0.0000,0.0000,True,True
39.3590,-9.1611,2.6707,-90.4096,0.02685,1.0000,0.0000,0.0000,True,True
39.3673,-9.1830,2.6715,-90.4260,0.02736,1.0000,0.0000,0.0000,True,True
39.3760,-9.2053,2.6723,-90.4428,0.02792,1.0000,0.0000,0.0000,True,True
39.3840,-9.2280,2.6730,-90.4599,0.02842,1.0000,0.0000,0.0000,True,True
39.3924,-9.2511,2.6738,-90.4773,0.02898,1.0000,0.0000,0.0000,True,True
39.4007,-9.2747,2.6747,-90.4951,0.02949,1.0000,0.0000,0.0000,True,True
39.4091,-9.2987,2.6755,-90.5131,0.03004,1.0000,0.0000,0.0000,True,True
39.4173,-9.3231,2.6763,-90.5315,0.03055,1.0000,0.0000,0.0000,True,True
39.4257,-9.3479,2.6772,-90.5502,0.03112,1.0000,0.0000,0.0000,True,True
39.4340,-9.3731,2.6781,-90.5692,0.03160,1.0000,0.0000,0.0000,True,True
39.4423,-9.3988,2.6790,-90.5885,0.03218,1.0000,0.0000,0.0000,True,True
39.4507,-9.4249,2.6799,-90.6082,0.03268,1.0000,0.0000,0.0000,True,True
39.4590,-9.4515,2.6808,-90.6282,0.03325,1.0000,0.0000,0.0000,True,True
39.4673,-9.4784,2.6817,-90.6485,0.03375,1.0000,0.0000,0.0000,True,True
39.4757,-9.5058,2.6827,-90.6691,0.03431,1.0000,0.0000,0.0000,True,True
39.4840,-9.5336,2.6836,-90.6900,0.03481,1.0000,0.0000,0.0000,True,True
39.4924,-9.5619,2.6846,-90.7113,0.03538,1.0000,0.0000,0.0000,True,True
39.5007,-9.5906,2.6856,-90.7329,0.03588,1.0000,0.0000,0.0000,True,True
39.5090,-9.6197,2.6866,-90.7548,0.03645,1.0000,0.0000,0.0000,True,True
39.5173,-9.6492,2.6877,-90.7770,0.03695,1.0000,0.0000,0.0000,True,True
39.5257,-9.6791,2.6887,-90.7995,0.03751,1.0000,0.0000,0.0000,True,True
39.5340,-9.7095,2.6897,-90.8224,0.03803,1.0000,0.0000,0.0000,True,True
39.5424,-9.7403,2.6908,-90.8456,0.03860,1.0000,0.0000,0.0000,True,True
39.5507,-9.7715,2.6919,-90.8691,0.03908,1.0000,0.0000,0.0000,True,True
39.5590,-9.8032,2.6930,-90.8930,0.03967,1.0000,0.0000,0.0000,True,True
39.5673,-9.8353,2.6941,-90.9171,0.04016,1.0000,0.0000,0.0000,True,True
39.5758,-9.8678,2.6952,-90.9416,0.04075,1.0000,0.0000,0.0000,True,True
39.5840,-9.9008,2.6964,-90.9664,0.04124,1.0000,0.0000,0.0000,True,True
39.5924,-9.9342,2.6975,-90.9915,0.04182,1.0000,0.0000,0.0000,True,True
39.6007,-9.9680,2.6987,-91.0170,0.04231,1.0000,0.0000,0.0000,True,True
39.6090,-10.0022,2.6999,-91.0428,0.04289,1.0000,0.0000,0.0000,True,True
39.6173,-10.0369,2.7011,-91.0688,0.04339,1.0000,0.0000,0.0000,True,True
39.6257,-10.0720,2.7023,-91.0953,0.04396,1.0000,0.0000,0.0000,True,True
39.6340,-10.1075,2.7035,-91.1220,0.04446,1.0000,0.0000,0.0000,True,True
39.6424,-10.1435,2.7048,-91.1491,0.04504,1.0000,0.0000,0.0000,True,True
39.6507,-10.1794,2.7060,-91.1761,0.04500,1.0000,0.0000,0.0000,True,True
39.6590,-10.2154,2.7073,-91.2032,0.04505,1.0000,0.0000,0.0000,True,True
39.6673,-10.2513,2.7085,-91.2303,0.04499,1.0000,0.0000,0.0000,True,True
39.6758,-10.2873,2.7098,-91.2573,0.04504,1.0000,0.0000,0.0000,True,True
39.6840,-10.3232,2.7110,-91.2844,0.04501,1.0000,0.0000,0.0000,True,True
39.6923,-10.3592,2.7123,-91.3115,0.04502,1.0000,0.0000,0.0000,True,True
39.7006,-10.3951,2.7135,-91.3385,0.04500,1.0000,0.0000,0.0000,True,True
39.7091,-10.4311,2.7148,-91.3656,0.04504,1.0000,0.0000,0.0000,True,True
39.7173,-10.4670,2.7160,-91.3927,0.04499,1.0000,0.0000,0.0000,True,True
39.7257,-10.5030,2.7173,-91.4197,0.04505,1.0000,0.0000,0.0000,True,True
39.7340,-10.5389,2.7185,-91.4468,0.04499,1.0000,0.0000,0.0000,True,True
39.7425,-10.5754,2.7198,-91.4742,0.04561,1.0000,0.0000,0.0000,True,True
39.7508,-10.6113,2.7210,-91.5013,0.04500,1.0000,0.0000,0.0000,True,True
39.7591,-10.6473,2.7223,-91.5283,0.04504,1.0000,0.0000,0.0000,True,True
39.7675,-10.6833,2.7235,-91.5554,0.04509,1.0000,0.0000,0.0000,True,True
39.7758,-10.7192,2.7248,-91.5825,0.04505,1.0000,0.0000,0.0000,True,True
39.7841,-10.7552,2.7260,-91.6096,0.04500,1.0000,0.0000,0.0000,True,True
39.7925,-10.7911,2.7273,-91.6366,0.04503,1.0000,0.0000,0.0000,True,True
39.8008,-10.8271,2.7285,-91.6637,0.04500,1.0000,0.0000,0.0000,True,True
39.8092,-10.8631,2.7298,-91.6908,0.04505,1.0000,0.0000,0.0000,True,True
39.8175,-10.8990,2.7310,-91.7178,0.04499,1.0000,0.0000,0.0000,True,True
39.8259,-10.9351,2.7323,-91.7450,0.04523,1.0000,0.0000,0.0000,True,True
39.8341,-10.9710,2.7335,-91.7721,0.04499,1.0000,0.0000,0.0000,True,True
39.8425,-11.0070,2.7347,-91.7992,0.04505,1.0000,0.0000,0.0000,True,True
39.8508,-11.0429,2.7360,-91.8262,0.04499,1.0000,0.0000,0.0000,True,True
39.8592,-11.0789,2.7372,-91.8533,0.04505,1.0000,0.0000,0.0000,True,True
39.8675,-11.1149,2.7385,-91.8803,0.04499,1.0000,0.0000,0.0000,True,True
39.8759,-11.1508,2.7397,-91.9074,0.04504,1.0000,0.0000,0.0000,True,True
39.8841,-11.1868,2.7410,-91.9345,0.04499,1.0000,0.0000,0.0000,True,True
39.8926,-11.2227,2.7422,-91.9615,0.04505,1.0000,0.0000,0.0000,True,True
39.9008,-11.2587,2.7435,-91.9886,0.04500,1.0000,0.0000,0.0000,True,True
39.9092,-11.2946,2.7444,-92.0157,0.04503,1.0000,0.0000,0.0000,True,True
39.9175,-11.3306,2.7451,-92.0427,0.04498,1.0000,0.0000,0.0000,True,True
39.9259,-11.3665,2.7457,-92.0698,0.04503,1.0000,0.0000,0.0000,True,True
39.9342,-11.4025,2.7464,-92.0968,0.04499,1.0000,0.0000,0.0000,True,True
39.9425,-11.4385,2.7471,-92.1239,0.04503,1.0000,0.0000,0.0000,True,True
39.9508,-11.4744,2.7477,-92.1510,0.04497,1.0000,0.0000,0.0000,True,True
39.9592,-11.5104,2.7484,-92.1781,0.04504,1.0000,0.0000,0.0000,True,True
39.9675,-11.5463,2.7491,-92.2051,0.04498,1.0000,0.0000,0.0000,True,True
39.9759,-11.5823,2.7497,-92.2322,0.04504,1.0000,0.0000,0.0000,True,True
39.9842,-11.6182,2.7504,-92.2592,0.04498,1.0000,0.0000,0.0000,True,True
39.9926,-11.6542,2.7511,-92.2863,0.04504,1.0000,0.0000,0.0000,True,True
40.0008,-11.6901,2.7518,-92.3134,0.04499,1.0000,0.0000,0.0000,True,True
40.0092,-11.7261,2.7524,-92.3404,0.04502,1.0000,0.0000,0.0000,True,True
40.0175,-11.7620,2.7531,-92.3675,0.04500,1.0000,0.0000,0.0000,True,True
40.0259,-11.7980,2.7538,-92.3946,0.04501,1.0000,0.0000,0.0000,True,True
40.0342,-11.8339,2.7544,-92.4216,0.04500,1.0000,0.0000,0.0000,True,True
40.0426,-11.8699,2.7551,-92.4487,0.04502,1.0000,0.0000,0.0000,True,True
40.0509,-11.9058,2.7558,-92.4758,0.04499,1.0000,0.0000,0.0000,True,True
40.0592,-11.9418,2.7564,-92.5028,0.04503,1.0000,0.0000,0.0000,True,True
40.0675,-11.9777,2.7571,-92.5299,0.04499,1.0000,0.0000,0.0000,True,True
40.0759,-12.0137,2.7578,-92.5570,0.04502,1.0000,0.0000,0.0000,True,True
40.0842,-12.0497,2.7584,-92.5840,0.04500,1.0000,0.0000,0.0000,True,True
40.0926,-12.0856,2.7591,-92.6111,0.04501,1.0000,0.0000,0.0000,True,True
40.1008,-12.1216,2.7598,-92.6382,0.04499,1.0000,0.0000,0.0000,True,True
40.1095,-12.1584,2.7605,-92.6659,0.04611,1.0000,0.0000,0.0000,True,True
40.1177,-12.1943,2.7611,-92.6929,0.04500,1.0000,0.0000,0.0000,True,True
40.1263,-12.2312,2.7618,-92.7207,0.04613,1.0000,0.0000,0.0000,True,True
40.1346,-12.2671,2.7625,-92.7477,0.04501,1.0000,0.0000,0.0000,True,True
40.1429,-12.3031,2.7632,-92.7748,0.04501,1.0000,0.0000,0.0000,True,True
40.1513,-12.3390,2.7638,-92.8019,0.04497,1.0000,0.0000,0.0000,True,True
40.1597,-12.3754,2.7645,-92.8293,0.04559,1.0000,0.0000,0.0000,True,True
40.1680,-12.4114,2.7652,-92.8563,0.04499,1.0000,0.0000,0.0000,True,True
40.1764,-12.4473,2.7659,-92.8834,0.04501,1.0000,0.0000,0.0000,True,True
40.1847,-12.4833,2.7665,-92.9105,0.04499,1.0000,0.0000,0.0000,True,True
40.1930,-12.5192,2.7672,-92.9375,0.04503,1.0000,0.0000,0.0000,True,True
40.2014,-12.5552,2.7679,-92.9646,0.04498,1.0000,0.0000,0.0000,True,True
40.2097,-12.5912,2.7685,-92.9917,0.04504,1.0000,0.0000,0.0000,True,True
40.2180,-12.6271,2.7692,-93.0187,0.04498,1.0000,0.0000,0.0000,True,True
40.2264,-12.6631,2.7699,-93.0458,0.04503,1.0000,0.0000,0.0000,True,True
40.2347,-12.6990,2.7705,-93.0728,0.04498,1.0000,0.0000,0.0000,True,True
40.2430,-12.7350,2.7712,-93.0999,0.04503,1.0000,0.0000,0.0000,True,True
40.2514,-12.7709,2.7719,-93.1270,0.04499,1.0000,0.0000,0.0000,True,True
40.2597,-12.8069,2.7726,-93.1541,0.04503,1.0000,0.0000,0.0000,True,True
40.2680,-12.8428,2.7732,-93.1811,0.04499,1.0000,0.0000,0.0000,True,True
40.2764,-12.8788,2.7739,-93.2082,0.04503,1.0000,0.0000,0.0000,True,True
40.2847,-12.9147,2.7746,-93.2352,0.04499,1.0000,0.0000,0.0000,True,True
40.2930,-12.9507,2.7752,-93.2623,0.04503,1.0000,0.0000,0.0000,True,True
40.3013,-12.9866,2.7759,-93.2894,0.04499,1.0000,0.0000,0.0000,True,True
40.3097,-13.0226,2.7766,-93.3164,0.04503,1.0000,0.0000,0.0000,True,True
40.3180,-13.0585,2.7772,-93.3435,0.04498,1.0000,0.0000,0.0000,True,True
40.3264,-13.0945,2.7779,-93.3706,0.04503,1.0000,0.0000,0.0000,True,True
40.3347,-13.1304,2.7786,-93.3976,0.04499,1.0000,0.0000,0.0000,True,True
40.3430,-13.1664,2.7792,-93.4247,0.04503,1.0000,0.0000,0.0000,True,True
40.3513,-13.2023,2.7799,-93.4517,0.04498,1.0000,0.0000,0.0000,True,True
40.3597,-13.2383,2.7806,-93.4788,0.04504,1.0000,0.0000,0.0000,True,True
40.3680,-13.2742,2.7813,-93.5059,0.04499,1.0000,0.0000,0.0000,True,True
40.3765,-13.3102,2.7819,-93.5330,0.04503,1.0000,0.0000,0.0000,True,True
40.3847,-13.3461,2.7826,-93.5600,0.04498,1.0000,0.0000,0.0000,True,True
40.3931,-13.3821,2.7833,-93.5871,0.04504,1.0000,0.0000,0.0000,True,True
40.4014,-13.4181,2.7839,-93.6141,0.04498,1.0000,0.0000,0.0000,True,True
40.4097,-13.4540,2.7846,-93.6412,0.04504,1.0000,0.0000,0.0000,True,True
40.4180,-13.4900,2.7853,-93.6683,0.04498,1.0000,0.0000,0.0000,True,True
40.4264,-13.5259,2.7859,-93.6953,0.04504,1.0000,0.0000,0.0000,True,True
40.4347,-13.5619,2.7866,-93.7224,0.04498,1.0000,0.0000,0.0000,True,True
40.4430,-13.5978,2.7873,-93.7495,0.04502,1.0000,0.0000,0.0000,True,True
40.4514,-13.6338,2.7880,-93.7765,0.04499,1.0000,0.0000,0.0000,True,True
40.4597,-13.6697,2.7886,-93.8036,0.04503,1.0000,0.0000,0.0000,True,True
40.4680,-13.7057,2.7893,-93.8307,0.04499,1.0000,0.0000,0.0000,True,True
40.4764,-13.7417,2.7900,-93.8577,0.04503,1.0000,0.0000,0.0000,True,True
40.4847,-13.7772,2.7906,-93.8845,0.04448,1.0000,0.0000,0.0000,True,True
40.4931,-13.8123,2.7913,-93.9110,0.04401,1.0000,0.0000,0.0000,True,True
40.5013,-13.8471,2.7919,-93.9371,0.04345,1.0000,0.0000,0.0000,True,True
40.5098,-13.8814,2.7926,-93.9629,0.04298,1.0000,0.0000,0.0000,True,True
40.5180,-13.9153,2.7932,-93.9884,0.04242,1.0000,0.0000,0.0000,True,True
40.5264,-13.9488,2.7936,-94.0137,0.04194,1.0000,0.0000,0.0000,True,True
40.5347,-13.9818,2.7937,-94.0386,0.04138,1.0000,0.0000,0.0000,True,True
40.5431,-14.0145,2.7939,-94.0631,0.04089,1.0000,0.0000,0.0000,True,True
40.5514,-14.0467,2.7940,-94.0874,0.04034,1.0000,0.0000,0.0000,True,True
40.5597,-14.0786,2.7942,-94.1114,0.03986,1.0000,0.0000,0.0000,True,True
40.5680,-14.1100,2.7943,-94.1350,0.03929,1.0000,0.0000,0.0000,True,True
40.5764,-14.1410,2.7945,-94.1583,0.03881,1.0000,0.0000,0.0000,True,True
40.5847,-14.1716,2.7946,-94.1814,0.03826,1.0000,0.0000,0.0000,True,True
40.5931,-14.2017,2.7948,-94.2041,0.03777,1.0000,0.0000,0.0000,True,True
40.6014,-14.2315,2.7949,-94.2264,0.03721,1.0000,0.0000,0.0000,True,True
40.6097,-14.2608,2.7950,-94.2485,0.03673,1.0000,0.0000,0.0000,True,True
40.6180,-14.2897,2.7952,-94.2703,0.03616,1.0000,0.0000,0.0000,True,True
40.6265,-14.3182,2.7953,-94.2917,0.03569,1.0000,0.0000,0.0000,True,True
40.6347,-14.3463,2.7955,-94.3129,0.03513,1.0000,0.0000,0.0000,True,True
40.6431,-14.3739,2.7956,-94.3337,0.03463,1.0000,0.0000,0.0000,True,True
40.6514,-14.4012,2.7957,-94.3542,0.03408,1.0000,0.0000,0.0000,True,True
40.6597,-14.4280,2.7958,-94.3744,0.03360,1.0000,0.0000,0.0000,True,True
40.6680,-14.4544,2.7960,-94.3943,0.03303,1.0000,0.0000,0.0000,True,True
40.6764,-14.4804,2.7961,-94.4139,0.03256,1.0000,0.0000,0.0000,True,True
40.6847,-14.5060,2.7962,-94.4331,0.03201,1.0000,0.0000,0.0000,True,True
40.6931,-14.5312,2.7963,-94.4521,0.03151,1.0000,0.0000,0.0000,True,True
40.7014,-14.5559,2.7964,-94.4707,0.03097,1.0000,0.0000,0.0000,True,True
40.7097,-14.5802,2.7966,-94.4890,0.03047,1.0000,0.0000,0.0000,True,True
40.7180,-14.6041,2.7967,-94.5070,0.02991,1.0000,0.0000,0.0000,True,True
40.7264,-14.6277,2.7968,-94.5247,0.02944,1.0000,0.0000,0.0000,True,True
40.7347,-14.6507,2.7969,-94.5421,0.02889,1.0000,0.0000,0.0000,True,True
40.7430,-14.6734,2.7970,-94.5592,0.02839,1.0000,0.0000,0.0000,True,True
40.7514,-14.6957,2.7971,-94.5759,0.02785,1.0000,0.0000,0.0000,True,True
40.7597,-14.7175,2.7972,-94.5924,0.02735,1.0000,0.0000,0.0000,True,True
40.7680,-14.7389,2.7973,-94.6085,0.02681,1.0000,0.0000,0.0000,True,True
40.7764,-14.7599,2.7974,-94.6243,0.02630,1.0000,0.0000,0.0000,True,True
40.7847,-14.7805,2.7975,-94.6398,0.02576,1.0000,0.0000,0.0000,True,True
40.7931,-14.8007,2.7976,-94.6550,0.02527,1.0000,0.0000,0.0000,True,True
40.8014,-14.8205,2.7977,-94.6698,0.02471,1.0000,0.0000,0.0000,True,True
40.8097,-14.8398,2.7978,-94.6844,0.02422,1.0000,0.0000,0.0000,True,True
40.8180,-14.8587,2.7979,-94.6987,0.02368,1.0000,0.0000,0.0000,True,True
40.8264,-14.8772,2.7980,-94.7126,0.02318,1.0000,0.0000,0.0000,True,True
40.8347,-14.8953,2.7981,-94.7262,0.02264,1.0000,0.0000,0.0000,True,True
40.8431,-14.9130,2.7981,-94.7395,0.02215,1.0000,0.0000,0.0000,True,True
40.8514,-14.9303,2.7982,-94.7525,0.02160,1.0000,0.0000,0.0000,True,True
40.8597,-14.9471,2.7983,-94.7652,0.02111,1.0000,0.0000,0.0000,True,True
40.8680,-14.9636,2.7984,-94.7776,0.02055,1.0000,0.0000,0.0000,True,True
40.8764,-14.9796,2.7985,-94.7896,0.02007,1.0000,0.0000,0.0000,True,True
40.8847,-14.9952,2.7985,-94.8014,0.01952,1.0000,0.0000,0.0000,True,True
40.8931,-15.0104,2.7986,-94.8128,0.01902,1.0000,0.0000,0.0000,True,True
40.9013,-15.0251,2.7987,-94.8239,0.01848,1.0000,0.0000,0.0000,True,True
40.9098,-15.0395,2.7987,-94.8348,0.01798,1.0000,0.0000,0.0000,True,True
40.9180,-15.0534,2.7988,-94.8453,0.01744,1.0000,0.0000,0.0000,True,True
40.9264,-15.0670,2.7989,-94.8554,0.01694,1.0000,0.0000,0.0000,True,True
40.9348,-15.0801,2.7989,-94.8653,0.01646,1.0000,0.0000,0.0000,True,True
40.9431,-15.0928,2.7990,-94.8749,0.01589,1.0000,0.0000,0.0000,True,True
40.9514,-15.1051,2.7990,-94.8841,0.01536,1.0000,0.0000,0.0000,True,True
40.9598,-15.1170,2.7991,-94.8931,0.01486,1.0000,0.0000,0.0000,True,True
40.9681,-15.1284,2.7992,-94.9017,0.01433,1.0000,0.0000,0.0000,True,True
40.9764,-15.1394,2.7992,-94.9100,0.01380,1.0000,0.0000,0.0000,True,True
40.9847,-15.1500,2.7993,-94.9180,0.01328,1.0000,0.0000,0.0000,True,True
40.9931,-15.1602,2.7993,-94.9256,0.01277,1.0000,0.0000,0.0000,True,True
41.0014,-15.1700,2.7994,-94.9330,0.01224,1.0000,0.0000,0.0000,True,True
41.0098,-15.1794,2.7994,-94.9401,0.01173,1.0000,0.0000,0.0000,True,True
41.0181,-15.1883,2.7994,-94.9468,0.01120,1.0000,0.0000,0.0000,True,True
41.0264,-15.1969,2.7995,-94.9532,0.01069,1.0000,0.0000,0.0000,True,True
41.0347,-15.2050,2.7995,-94.9593,0.01016,1.0000,0.0000,0.0000,True,True
41.0431,-15.2127,2.7996,-94.9651,0.00965,1.0000,0.0000,0.0000,True,True
41.0514,-15.2200,2.7996,-94.9706,0.00912,1.0000,0.0000,0.0000,True,True
41.0598,-15.2270,2.7996,-94.9759,0.00871,1.0000,0.0000,0.0000,True,True
41.0680,-15.2336,2.7997,-94.9809,0.00835,1.0000,0.0000,0.0000,True,True
41.0766,-15.2402,2.7997,-94.9858,0.00817,1.0000,0.0000,0.0000,True,True
41.0848,-15.2402,2.7997,-94.9858,0.00000,1.0000,0.0000,0.0000,True,True
41.0932,-15.2405,2.7997,-94.9862,0.00052,1.0000,0.0000,0.0000,True,True
41.1015,-15.2412,2.7997,-94.9869,0.00104,1.0000,0.0000,0.0000,True,True
41.1099,-15.2423,2.7997,-94.9880,0.00156,1.0000,0.0000,0.0000,True,True
41.1182,-15.2438,2.7997,-94.9895,0.00208,1.0000,0.0000,0.0000,True,True
41.1265,-15.2456,2.7997,-94.9914,0.00261,1.0000,0.0000,0.0000,True,True
41.1348,-15.2478,2.7997,-94.9936,0.00313,1.0000,0.0000,0.0000,True,True
41.1432,-15.2503,2.7998,-94.9963,0.00365,1.0000,0.0000,0.0000,True,True
41.1515,-15.2532,2.7998,-94.9993,0.00417,1.0000,0.0000,0.0000,True,True
41.1599,-15.2565,2.7998,-95.0026,0.00469,1.0000,0.0000,0.0000,True,True
41.1682,-15.2601,2.7998,-95.0064,0.00521,1.0000,0.0000,0.0000,True,True
41.1766,-15.2641,2.7998,-95.0105,0.00574,1.0000,0.0000,0.0000,True,True
41.1848,-15.2685,2.7999,-95.0150,0.00626,1.0000,0.0000,0.0000,True,True
41.1932,-15.2732,2.7999,-95.0198,0.00678,1.0000,0.0000,0.0000,True,True
41.2016,-15.2783,2.7999,-95.0251,0.00730,1.0000,0.0000,0.0000,True,True
41.2099,-15.2838,2.8000,-95.0307,0.00782,1.0000,0.0000,0.0000,True,True
41.2182,-15.2896,2.8000,-95.0366,0.00834,1.0000,0.0000,0.0000,True,True
41.2266,-15.2958,2.8000,-95.0430,0.00887,1.0000,0.0000,0.0000,True,True
41.2348,-15.3023,2.8001,-95.0497,0.00938,1.0000,0.0000,0.0000,True,True
41.2432,-15.3092,2.8001,-95.0568,0.00991,1.0000,0.0000,0.0000,True,True
41.2516,-15.3165,2.8002,-95.0643,0.01042,1.0000,0.0000,0.0000,True,True
41.2599,-15.3241,2.8002,-95.0721,0.01095,1.0000,0.0000,0.0000,True,True
41.2682,-15.3321,2.8003,-95.0804,0.01146,1.0000,0.0000,0.0000,True,True
41.2766,-15.3405,2.8003,-95.0890,0.01199,1.0000,0.0000,0.0000,True,True
41.2848,-15.3492,2.8004,-95.0979,0.01251,1.0000,0.0000,0.0000,True,True
41.2932,-15.3583,2.8005,-95.1073,0.01304,1.0000,0.0000,0.0000,True,True
41.3015,-15.3677,2.8005,-95.1170,0.01354,1.0000,0.0000,0.0000,True,True
41.3099,-15.3775,2.8006,-95.1271,0.01408,1.0000,0.0000,0.0000,True,True
41.3182,-15.3877,2.8006,-95.1375,0.01459,1.0000,0.0000,0.0000,True,True
41.3265,-15.3982,2.8007,-95.1484,0.01512,1.0000,0.0000,0.0000,True,True
41.3349,-15.4091,2.8008,-95.1596,0.01563,1.0000,0.0000,0.0000,True,True
41.3434,-15.4207,2.8009,-95.1714,0.01655,1.0000,0.0000,0.0000,True,True
41.3517,-15.4323,2.8009,-95.1834,0.01669,1.0000,0.0000,0.0000,True,True
41.3601,-15.4443,2.8010,-95.1958,0.01723,1.0000,0.0000,0.0000,True,True
41.3687,-15.4569,2.8011,-95.2087,0.01804,0.9999,0.0001,0.0000,True,True
41.3769,-15.4696,2.8012,-95.2218,0.01828,0.9999,0.0001,0.0000,True,True
41.3852,-15.4827,2.8013,-95.2352,0.01877,0.9999,0.0001,0.0000,True,True
41.3936,-15.4962,2.8013,-95.2491,0.01932,0.9999,0.0001,0.0000,True,True
41.4019,-15.5100,2.8014,-95.2633,0.01982,0.9999,0.0001,0.0000,True,True
41.4102,-15.5242,2.8015,-95.2779,0.02036,0.9999,0.0001,0.0000,True,True
41.4186,-15.5388,2.8016,-95.2929,0.02087,0.9999,0.0001,0.0000,True,True
41.4270,-15.5537,2.8017,-95.3082,0.02140,0.9999,0.0001,0.0000,True,True
41.4352,-15.5690,2.8018,-95.3239,0.02190,0.9999,0.0001,0.0000,True,True
41.4435,-15.5846,2.8019,-95.3400,0.02245,0.9999,0.0001,0.0000,True,True
41.4519,-15.6006,2.8020,-95.3564,0.02294,0.9998,0.0002,0.0000,True,True
41.4602,-15.6170,2.8021,-95.3733,0.02350,0.9998,0.0002,0.0000,True,True
41.4685,-15.6337,2.8022,-95.3905,0.02399,0.9998,0.0002,0.0000,True,True
41.4769,-15.6508,2.8023,-95.4081,0.02453,0.9998,0.0002,0.0000,True,True
41.4852,-15.6683,2.8025,-95.4260,0.02507,0.9998,0.0002,0.0000,True,True
41.4936,-15.6861,2.8026,-95.4444,0.02557,0.9998,0.0002,0.0000,True,True
41.5019,-15.7043,2.8027,-95.4631,0.02607,0.9997,0.0003,0.0000,True,True
41.5103,-15.7229,2.8028,-95.4822,0.02663,0.9997,0.0003,0.0000,True,True
41.5186,-15.7418,2.8029,-95.5016,0.02711,0.9997,0.0003,0.0000,True,True
41.5269,-15.7610,2.8031,-95.5214,0.02766,0.9997,0.0003,0.0000,True,True
41.5352,-15.7807,2.8032,-95.5416,0.02816,0.9997,0.0003,0.0000,True,True
41.5436,-15.8007,2.8033,-95.5622,0.02871,0.9996,0.0004,0.0000,True,True
41.5520,-15.8211,2.8034,-95.5831,0.02921,0.9996,0.0004,0.0000,True,True
41.5603,-15.8418,2.8036,-95.6044,0.02974,0.9996,0.0004,0.0000,True,True
41.5685,-15.8629,2.8037,-95.6261,0.03024,0.9995,0.0005,0.0000,True,True
41.5769,-15.8843,2.8039,-95.6482,0.03079,0.9995,0.0005,0.0000,True,True
41.5852,-15.9061,2.8040,-95.6706,0.03128,0.9995,0.0005,0.0000,True,True
41.5936,-15.9283,2.8041,-95.6934,0.03183,0.9994,0.0006,0.0000,True,True
41.6019,-15.9509,2.8043,-95.7166,0.03232,0.9994,0.0006,0.0000,True,True
41.6102,-15.9738,2.8044,-95.7402,0.03288,0.9993,0.0007,0.0000,True,True
41.6186,-15.9971,2.8046,-95.7641,0.03337,0.9993,0.0007,0.0000,True,True
41.6270,-16.0207,2.8047,-95.7884,0.03392,0.9993,0.0007,0.0000,True,True
41.6352,-16.0447,2.8049,-95.8131,0.03441,0.9992,0.0008,0.0000,True,True
41.6436,-16.0691,2.8051,-95.8381,0.03496,0.9992,0.0008,0.0000,True,True
41.6519,-16.0938,2.8052,-95.8635,0.03544,0.9991,0.0009,0.0000,True,True
41.6603,-16.1189,2.8054,-95.8894,0.03601,0.9991,0.0009,0.0000,True,True
41.6686,-16.1443,2.8055,-95.9155,0.03647,0.9990,0.0010,0.0000,True,True
41.6769,-16.1701,2.8057,-95.9421,0.03706,0.9989,0.0011,0.0000,True,True
41.6852,-16.1963,2.8059,-95.9690,0.03754,0.9989,0.0011,0.0000,True,True
41.6936,-16.2229,2.8061,-95.9963,0.03808,0.9988,0.0012,0.0000,True,True
41.7019,-16.2498,2.8066,-96.0239,0.03860,0.9988,0.0012,0.0000,True,True
41.7103,-16.2770,2.8073,-96.0520,0.03913,0.9987,0.0013,0.0000,True,True
41.7185,-16.3047,2.8080,-96.0804,0.03962,0.9986,0.0014,0.0000,True,True
41.7269,-16.3327,2.8087,-96.1092,0.04019,0.9985,0.0015,0.0000,True,True
41.7352,-16.3610,2.8093,-96.1384,0.04069,0.9985,0.0015,0.0000,True,True
41.7436,-16.3898,2.8100,-96.1679,0.04125,0.9984,0.0016,0.0000,True,True
41.7519,-16.4189,2.8107,-96.1978,0.04173,0.9983,0.0017,0.0000,True,True
41.7602,-16.4484,2.8115,-96.2282,0.04231,0.9982,0.0018,0.0000,True,True
41.7685,-16.4782,2.8122,-96.2588,0.04279,0.9981,0.0019,0.0000,True,True
41.7769,-16.5084,2.8129,-96.2899,0.04336,0.9980,0.0020,0.0000,True,True
41.7852,-16.5390,2.8137,-96.3213,0.04384,0.9979,0.0021,0.0000,True,True
41.7936,-16.5700,2.8144,-96.3532,0.04442,0.9978,0.0022,0.0000,True,True
41.8019,-16.6013,2.8152,-96.3854,0.04489,0.9977,0.0023,0.0000,True,True
41.8103,-16.6326,2.8159,-96.4176,0.04502,0.9976,0.0024,0.0000,True,True
41.8186,-16.6640,2.8167,-96.4499,0.04499,0.9975,0.0025,0.0000,True,True
41.8269,-16.6954,2.8175,-96.4822,0.04504,0.9974,0.0026,0.0000,True,True
41.8352,-16.7268,2.8182,-96.5144,0.04498,0.9973,0.0027,0.0000,True,True
41.8436,-16.7581,2.8190,-96.5467,0.04502,0.9972,0.0028,0.0000,True,True
41.8519,-16.7895,2.8198,-96.5789,0.04499,0.9971,0.0029,0.0000,True,True
41.8602,-16.8209,2.8205,-96.6112,0.04502,0.9970,0.0030,0.0000,True,True
41.8685,-16.8523,2.8213,-96.6435,0.04499,0.9968,0.0032,0.0000,True,True
41.8769,-16.8836,2.8220,-96.6757,0.04503,0.9967,0.0033,0.0000,True,True
41.8852,-16.9150,2.8228,-96.7080,0.04498,0.9966,0.0034,0.0000,True,True
41.8936,-16.9464,2.8236,-96.7402,0.04503,0.9965,0.0035,0.0000,True,True
41.9019,-16.9778,2.8243,-96.7725,0.04499,0.9963,0.0037,0.0000,True,True
41.9102,-17.0091,2.8251,-96.8048,0.04502,0.9962,0.0038,0.0000,True,True
41.9186,-17.0405,2.8259,-96.8370,0.04500,0.9960,0.0040,0.0000,True,True
41.9269,-17.0719,2.8266,-96.8693,0.04503,0.9959,0.0041,0.0000,True,True
41.9352,-17.1033,2.8274,-96.9015,0.04499,0.9958,0.0042,0.0000,True,True
41.9436,-17.1346,2.8281,-96.9338,0.04503,0.9956,0.0044,0.0000,True,True
41.9519,-17.1660,2.8289,-96.9661,0.04499,0.9955,0.0045,0.0000,True,True
41.9603,-17.1974,2.8297,-96.9984,0.04504,0.9953,0.0047,0.0000,True,True
41.9686,-17.2288,2.8304,-97.0306,0.04496,0.9952,0.0048,0.0000,True,True
41.9769,-17.2601,2.8312,-97.0629,0.04503,0.9950,0.0050,0.0000,True,True
41.9852,-17.2915,2.8319,-97.0951,0.04498,0.9949,0.0051,0.0000,True,True
41.9937,-17.3229,2.8327,-97.1274,0.04505,0.9947,0.0053,0.0000,True,True
42.0019,-17.3543,2.8335,-97.1596,0.04499,0.9946,0.0054,0.0000,True,True
42.0103,-17.3857,2.8342,-97.1919,0.04502,0.9944,0.0056,0.0000,True,True
42.0186,-17.4170,2.8350,-97.2242,0.04498,0.9942,0.0058,0.0000,True,True
42.0269,-17.4484,2.8358,-97.2564,0.04503,0.9941,0.0059,0.0000,True,True
42.0352,-17.4798,2.8365,-97.2887,0.04499,0.9939,0.0061,0.0000,True,True
42.0436,-17.5111,2.8373,-97.3210,0.04502,0.9937,0.0063,0.0000,True,True
42.0519,-17.5425,2.8380,-97.3532,0.04498,0.9936,0.0064,0.0000,True,True
42.0603,-17.5739,2.8388,-97.3855,0.04505,0.9934,0.0066,0.0000,True,True
42.0686,-17.6053,2.8396,-97.4177,0.04498,0.9932,0.0068,0.0000,True,True
42.0770,-17.6366,2.8403,-97.4500,0.04503,0.9930,0.0070,0.0000,True,True
42.0852,-17.6680,2.8411,-97.4822,0.04498,0.9929,0.0071,0.0000,True,True
42.0936,-17.6994,2.8419,-97.5145,0.04502,0.9927,0.0073,0.0000,True,True
42.1019,-17.7308,2.8426,-97.5468,0.04501,0.9925,0.0075,0.0000,True,True
42.1103,-17.7621,2.8434,-97.5790,0.04500,0.9923,0.0077,0.0000,True,True
42.1186,-17.7935,2.8441,-97.6113,0.04498,0.9921,0.0079,0.0000,True,True
42.1269,-17.8249,2.8449,-97.6436,0.04502,0.9919,0.0081,0.0000,True,True
42.1352,-17.8563,2.8457,-97.6758,0.04500,0.9917,0.0083,0.0000,True,True
42.1436,-17.8876,2.8464,-97.7081,0.04501,0.9915,0.0085,0.0000,True,True
42.1519,-17.9190,2.8472,-97.7403,0.04499,0.9913,0.0087,0.0000,True,True
42.1603,-17.9504,2.8480,-97.7726,0.04504,0.9911,0.0089,0.0000,True,True
42.1686,-17.9818,2.8487,-97.8048,0.04498,0.9909,0.0091,0.0000,True,True
42.1770,-18.0132,2.8495,-97.8371,0.04504,0.9907,0.0093,0.0000,True,True
42.1853,-18.0445,2.8502,-97.8694,0.04499,0.9905,0.0095,0.0000,True,True
42.1936,-18.0759,2.8510,-97.9016,0.04502,0.9903,0.0097,0.0000,True,True
42.2019,-18.1073,2.8518,-97.9339,0.04500,0.9901,0.0099,0.0000,True,True
42.2106,-18.1392,2.8525,-97.9667,0.04582,0.9899,0.0101,0.0000,True,True
42.2189,-18.1706,2.8533,-97.9990,0.04497,0.9896,0.0104,0.0000,True,True
42.2271,-18.2019,2.8547,-98.0312,0.04503,0.9894,0.0106,0.0000,True,True
42.2354,-18.2333,2.8562,-98.0635,0.04502,0.9892,0.0108,0.0000,True,True
42.2438,-18.2647,2.8577,-98.0958,0.04503,0.9890,0.0110,0.0000,True,True
42.2521,-18.2961,2.8592,-98.1280,0.04502,0.9887,0.0113,0.0000,True,True
42.2604,-18.3274,2.8606,-98.1603,0.04503,0.9885,0.0115,0.0000,True,True
42.2687,-18.3588,2.8621,-98.1925,0.04501,0.9883,0.0117,0.0000,True,True
42.2771,-18.3902,2.8636,-98.2248,0.04504,0.9881,0.0119,0.0000,True,True
42.2854,-18.4216,2.8650,-98.2571,0.04502,0.9878,0.0122,0.0000,True,True
42.2937,-18.4529,2.8665,-98.2893,0.04503,0.9876,0.0124,0.0000,True,True
42.3024,-18.4843,2.8680,-98.3216,0.04501,0.9873,0.0127,0.0000,True,True
42.3104,-18.5157,2.8694,-98.3539,0.04505,0.9871,0.0129,0.0000,True,True
42.3187,-18.5470,2.8709,-98.3861,0.04500,0.9869,0.0131,0.0000,True,True
42.3271,-18.5784,2.8724,-98.4184,0.04503,0.9866,0.0134,0.0000,True,True
42.3354,-18.6098,2.8738,-98.4506,0.04502,0.9864,0.0136,0.0000,True,True
42.3438,-18.6412,2.8753,-98.4829,0.04504,0.9861,0.0139,0.0000,True,True
42.3521,-18.6725,2.8768,-98.5152,0.04502,0.9859,0.0141,0.0000,True,True
42.3604,-18.7039,2.8783,-98.5474,0.04504,0.9856,0.0144,0.0000,True,True
42.3687,-18.7353,2.8797,-98.5797,0.04500,0.9854,0.0146,0.0000,True,True
42.3771,-18.7667,2.8812,-98.6120,0.04505,0.9851,0.0149,0.0000,True,True
42.3854,-18.7980,2.8827,-98.6442,0.04499,0.9848,0.0152,0.0000,True,True
42.3938,-18.8290,2.8841,-98.6761,0.04451,0.9846,0.0154,0.0000,True,True
42.4021,-18.8597,2.8855,-98.7076,0.04400,0.9843,0.0157,0.0000,True,True
42.4105,-18.8900,2.8870,-98.7388,0.04353,0.9841,0.0159,0.0000,True,True
42.4187,-18.9200,2.8884,-98.7696,0.04299,0.9838,0.0162,0.0000,True,True
42.4271,-18.9496,2.8898,-98.8001,0.04253,0.9835,0.0165,0.0000,True,True
42.4354,-18.9789,2.8911,-98.8302,0.04200,0.9833,0.0167,0.0000,True,True
42.4438,-19.0078,2.8925,-98.8599,0.04154,0.9830,0.0170,0.0000,True,True
42.4521,-19.0364,2.8938,-98.8893,0.04100,0.9828,0.0172,0.0000,True,True
42.4604,-19.0647,2.8951,-98.9183,0.04054,0.9825,0.0175,0.0000,True,True
42.4687,-19.0925,2.8965,-98.9470,0.04001,0.9823,0.0177,0.0000,True,True
42.4771,-19.1201,2.8977,-98.9753,0.03953,0.9820,0.0180,0.0000,True,True
42.4854,-19.1473,2.8990,-99.0033,0.03900,0.9818,0.0182,0.0000,True,True
42.4938,-19.1741,2.9003,-99.0309,0.03854,0.9816,0.0184,0.0000,True,True
42.5021,-19.2006,2.9015,-99.0581,0.03799,0.9813,0.0187,0.0000,True,True
42.5104,-19.2267,2.9027,-99.0850,0.03753,0.9811,0.0189,0.0000,True,True
42.5187,-19.2525,2.9039,-99.1115,0.03699,0.9808,0.0192,0.0000,True,True
42.5271,-19.2780,2.9051,-99.1377,0.03653,0.9806,0.0194,0.0000,True,True
42.5354,-19.3031,2.9063,-99.1635,0.03599,0.9804,0.0196,0.0000,True,True
42.5438,-19.3278,2.9075,-99.1889,0.03552,0.9801,0.0199,0.0000,True,True
42.5521,-19.3522,2.9086,-99.2140,0.03499,0.9799,0.0201,0.0000,True,True
42.5604,-19.3762,2.9097,-99.2387,0.03451,0.9797,0.0203,0.0000,True,True
42.5687,-19.3999,2.9108,-99.2631,0.03399,0.9794,0.0206,0.0000,True,True
42.5771,-19.4233,2.9119,-99.2871,0.03351,0.9792,0.0208,0.0000,True,True
42.5854,-19.4462,2.9130,-99.3107,0.03298,0.9790,0.0210,0.0000,True,True
42.5938,-19.4689,2.9141,-99.3340,0.03250,0.9788,0.0212,0.0000,True,True
42.6020,-19.4912,2.9151,-99.3569,0.03197,0.9785,0.0215,0.0000,True,True
42.6104,-19.5131,2.9161,-99.3794,0.03148,0.9783,0.0217,0.0000,True,True
42.6187,-19.5347,2.9172,-99.4016,0.03096,0.9781,0.0219,0.0000,True,True
42.6272,-19.5559,2.9181,-99.4235,0.03048,0.9779,0.0221,0.0000,True,True
42.6354,-19.5768,2.9191,-99.4449,0.02994,0.9777,0.0223,0.0000,True,True
42.6438,-19.5973,2.9201,-99.4660,0.02947,0.9775,0.0225,0.0000,True,True
42.6521,-19.6175,2.9210,-99.4868,0.02893,0.9773,0.0227,0.0000,True,True
42.6604,-19.6373,2.9220,-99.5072,0.02845,0.9771,0.0229,0.0000,True,True
42.6687,-19.6568,2.9229,-99.5272,0.02792,0.9769,0.0231,0.0000,True,True
42.6773,-19.6759,2.9238,-99.5468,0.02744,0.9767,0.0233,0.0000,True,True
42.7007,-19.7267,2.9261,-99.5991,0.07291,0.9762,0.0238,0.0000,True,True
42.7020,-19.7301,2.9263,-99.6026,0.00491,0.9761,0.0239,0.0000,True,True
42.7104,-19.7478,2.9271,-99.6208,0.02540,0.9760,0.0240,0.0000,True,True
42.7191,-19.7652,2.9279,-99.6387,0.02499,0.9758,0.0242,0.0000,True,True
42.7328,-19.7822,2.9287,-99.6561,0.02435,0.9756,0.0244,0.0000,True,True
42.7359,-19.7993,2.9295,-99.6737,0.02458,0.9754,0.0246,0.0000,True,True
42.7440,-19.8151,2.9303,-99.6900,0.02263,0.9753,0.0247,0.0000,True,True
42.7528,-19.8311,2.9310,-99.7064,0.02292,0.9751,0.0249,0.0000,True,True
42.7608,-19.8466,2.9318,-99.7223,0.02226,0.9749,0.0251,0.0000,True,True
42.7689,-19.8618,2.9325,-99.7380,0.02186,0.9748,0.0252,0.0000,True,True
42.7776,-19.8766,2.9332,-99.7533,0.02131,0.9746,0.0254,0.0000,True,True
42.7856,-19.8911,2.9338,-99.7682,0.02080,0.9745,0.0255,0.0000,True,True
42.7941,-19.9057,2.9345,-99.7831,0.02087,0.9743,0.0257,0.0000,True,True
42.8024,-19.9194,2.9352,-99.7973,0.01975,0.9742,0.0258,0.0000,True,True
42.8107,-19.9329,2.9358,-99.8111,0.01925,0.9740,0.0260,0.0000,True,True
42.8191,-19.9459,2.9364,-99.8245,0.01874,0.9739,0.0261,0.0000,True,True
42.8274,-19.9586,2.9370,-99.8376,0.01824,0.9737,0.0263,0.0000,True,True
42.8358,-19.9710,2.9376,-99.8502,0.01771,0.9736,0.0264,0.0000,True,True
42.8441,-19.9830,2.9381,-99.8626,0.01722,0.9735,0.0265,0.0000,True,True
42.8524,-19.9946,2.9387,-99.8745,0.01669,0.9733,0.0267,0.0000,True,True
42.8607,-20.0059,2.9392,-99.8861,0.01619,0.9732,0.0268,0.0000,True,True
42.8691,-20.0168,2.9397,-99.8974,0.01567,0.9731,0.0269,0.0000,True,True
42.8774,-20.0274,2.9402,-99.9082,0.01516,0.9730,0.0270,0.0000,True,True
42.8858,-20.0376,2.9407,-99.9187,0.01464,0.9729,0.0271,0.0000,True,True
42.8941,-20.0474,2.9412,-99.9289,0.01414,0.9728,0.0272,0.0000,True,True
42.9024,-20.0569,2.9416,-99.9386,0.01362,0.9727,0.0273,0.0000,True,True
42.9108,-20.0660,2.9420,-99.9480,0.01312,0.9726,0.0274,0.0000,True,True
42.9191,-20.0748,2.9424,-99.9570,0.01259,0.9725,0.0275,0.0000,True,True
42.9274,-20.0832,2.9428,-99.9657,0.01209,0.9724,0.0276,0.0000,True,True
42.9357,-20.0913,2.9432,-99.9740,0.01156,0.9723,0.0277,0.0000,True,True
42.9441,-20.0990,2.9436,-99.9819,0.01106,0.9722,0.0278,0.0000,True,True
42.9524,-20.1063,2.9439,-99.9894,0.01053,0.9721,0.0279,0.0000,True,True
42.9607,-20.1063,2.9439,-99.9894,0.00000,0.9721,0.0279,0.0000,True,True
42.9691,-20.1065,2.9439,-99.9899,0.00052,0.9721,0.0279,0.0000,True,True
42.9774,-20.1069,2.9440,-99.9909,0.00105,0.9721,0.0279,0.0000,True,True
42.9857,-20.1075,2.9441,-99.9924,0.00157,0.9721,0.0279,0.0000,True,True
42.9941,-20.1082,2.9441,-99.9943,0.00209,0.9721,0.0279,0.0000,True,True
43.0024,-20.1091,2.9443,-99.9968,0.00261,0.9720,0.0280,0.0000,True,True
43.0107,-20.1102,2.9444,-99.9997,0.00314,0.9720,0.0280,0.0000,True,True
43.0191,-20.1115,2.9446,-100.0031,0.00367,0.9720,0.0280,0.0000,True,True
43.0274,-20.1130,2.9449,-100.0070,0.00420,0.9719,0.0281,0.0000,True,True
43.0357,-20.1147,2.9452,-100.0115,0.00472,0.9719,0.0281,0.0000,True,True
43.0441,-20.1165,2.9455,-100.0164,0.00526,0.9718,0.0282,0.0000,True,True
43.0524,-20.1186,2.9458,-100.0218,0.00579,0.9718,0.0282,0.0000,True,True
43.0607,-20.1208,2.9462,-100.0277,0.00633,0.9717,0.0283,0.0000,True,True
43.0690,-20.1232,2.9466,-100.0341,0.00686,0.9716,0.0284,0.0000,True,True
43.0774,-20.1259,2.9471,-100.0410,0.00740,0.9716,0.0284,0.0000,True,True
43.0858,-20.1287,2.9476,-100.0484,0.00793,0.9715,0.0285,0.0000,True,True
43.0941,-20.1316,2.9481,-100.0563,0.00847,0.9714,0.0286,0.0000,True,True
43.1024,-20.1348,2.9487,-100.0647,0.00900,0.9713,0.0287,0.0000,True,True
43.1107,-20.1382,2.9492,-100.0736,0.00955,0.9712,0.0288,0.0000,True,True
43.1191,-20.1418,2.9499,-100.0830,0.01008,0.9711,0.0289,0.0000,True,True
43.1274,-20.1455,2.9505,-100.0929,0.01062,0.9710,0.0290,0.0000,True,True
43.1358,-20.1495,2.9512,-100.1033,0.01116,0.9709,0.0291,0.0000,True,True
43.1441,-20.1536,2.9519,-100.1143,0.01171,0.9708,0.0292,0.0000,True,True
43.1524,-20.1579,2.9527,-100.1257,0.01224,0.9706,0.0294,0.0000,True,True
43.1607,-20.1625,2.9534,-100.1377,0.01281,0.9705,0.0295,0.0000,True,True
43.1690,-20.1672,2.9543,-100.1501,0.01333,0.9704,0.0296,0.0000,True,True
43.1774,-20.1721,2.9551,-100.1631,0.01389,0.9702,0.0298,0.0000,True,True
43.1858,-20.1772,2.9560,-100.1765,0.01443,0.9701,0.0299,0.0000,True,True
43.1942,-20.1825,2.9569,-100.1905,0.01499,0.9699,0.0301,0.0000,True,True
43.2024,-20.1880,2.9579,-100.2050,0.01552,0.9697,0.0303,0.0000,True,True
43.2108,-20.1937,2.9589,-100.2201,0.01612,0.9696,0.0304,0.0000,True,True
43.2191,-20.1995,2.9599,-100.2356,0.01662,0.9694,0.0306,0.0000,True,True
43.2274,-20.2056,2.9609,-100.2516,0.01720,0.9692,0.0308,0.0000,True,True
43.2357,-20.2119,2.9620,-100.2682,0.01773,0.9690,0.0310,0.0000,True,True
43.2441,-20.2183,2.9631,-100.2853,0.01831,0.9688,0.0312,0.0000,True,True
43.2524,-20.2250,2.9643,-100.3029,0.01885,0.9686,0.0314,0.0000,True,True
43.2608,-20.2319,2.9655,-100.3210,0.01941,0.9684,0.0316,0.0000,True,True
43.2691,-20.2389,2.9667,-100.3396,0.01996,0.9682,0.0318,0.0000,True,True
43.2776,-20.2462,2.9680,-100.3588,0.02053,0.9680,0.0320,0.0000,True,True
43.2858,-20.2537,2.9693,-100.3786,0.02118,0.9678,0.0322,0.0000,True,True
43.2941,-20.2613,2.9706,-100.3988,0.02165,0.9675,0.0325,0.0000,True,True
43.3025,-20.2692,2.9719,-100.4195,0.02221,0.9673,0.0327,0.0000,True,True
43.3108,-20.2772,2.9733,-100.4408,0.02278,0.9671,0.0329,0.0000,True,True
43.3191,-20.2854,2.9748,-100.4625,0.02333,0.9668,0.0332,0.0000,True,True
43.3275,-20.2939,2.9762,-100.4848,0.02391,0.9665,0.0335,0.0000,True,True
43.3358,-20.3025,2.9777,-100.5077,0.02445,0.9663,0.0337,0.0000,True,True
43.3442,-20.3114,2.9793,-100.5311,0.02506,0.9660,0.0340,0.0000,True,True
43.3524,-20.3204,2.9808,-100.5550,0.02559,0.9657,0.0343,0.0000,True,True
43.3608,-20.3297,2.9824,-100.5794,0.02620,0.9654,0.0346,0.0000,True,True
43.3691,-20.3391,2.9841,-100.6044,0.02673,0.9651,0.0349,0.0000,True,True
43.3775,-20.3488,2.9858,-100.6299,0.02734,0.9648,0.0352,0.0000,True,True
43.3857,-20.3586,2.9875,-100.6559,0.02788,0.9645,0.0355,0.0000,True,True
43.3941,-20.3687,2.9892,-100.6825,0.02849,0.9642,0.0358,0.0000,True,True
43.4025,-20.3790,2.9910,-100.7096,0.02904,0.9639,0.0361,0.0000,True,True
43.4108,-20.3895,2.9928,-100.7373,0.02964,0.9635,0.0365,0.0000,True,True
43.4191,-20.4001,2.9947,-100.7655,0.03019,0.9632,0.0368,0.0000,True,True
43.4275,-20.4110,2.9966,-100.7942,0.03080,0.9628,0.0372,0.0000,True,True
43.4358,-20.4221,2.9985,-100.8235,0.03136,0.9625,0.0375,0.0000,True,True
43.4441,-20.4334,3.0004,-100.8533,0.03196,0.9621,0.0379,0.0000,True,True
43.4524,-20.4449,3.0024,-100.8837,0.03251,0.9617,0.0383,0.0000,True,True
43.4608,-20.4566,3.0045,-100.9146,0.03313,0.9613,0.0387,0.0000,True,True
43.4692,-20.4685,3.0065,-100.9460,0.03368,0.9609,0.0391,0.0000,True,True
43.4775,-20.4806,3.0086,-100.9781,0.03430,0.9605,0.0395,0.0000,True,True
43.4858,-20.4929,3.0108,-101.0106,0.03486,0.9601,0.0399,0.0000,True,True
43.4941,-20.5055,3.0129,-101.0437,0.03546,0.9597,0.0403,0.0000,True,True
43.5024,-20.5182,3.0151,-101.0773,0.03604,0.9593,0.0407,0.0000,True,True
43.5109,-20.5311,3.0174,-101.1116,0.03666,0.9588,0.0412,0.0000,True,True
43.5191,-20.5443,3.0197,-101.1463,0.03721,0.9584,0.0416,0.0000,True,True
43.5275,-20.5577,3.0220,-101.1816,0.03783,0.9579,0.0421,0.0000,True,True
43.5358,-20.5712,3.0243,-101.2175,0.03840,0.9575,0.0425,0.0000,True,True
43.5441,-20.5850,3.0267,-101.2539,0.03903,0.9570,0.0430,0.0000,True,True
43.5525,-20.5990,3.0292,-101.2908,0.03959,0.9565,0.0435,0.0000,True,True
43.5608,-20.6132,3.0316,-101.3284,0.04021,0.9560,0.0440,0.0000,True,True
43.5691,-20.6276,3.0341,-101.3664,0.04078,0.9555,0.0445,0.0000,True,True
43.5775,-20.6423,3.0367,-101.4051,0.04141,0.9550,0.0450,0.0000,True,True
43.6102,-20.7021,3.0470,-101.5632,0.16935,0.9528,0.0472,0.0000,True,True
43.6162,-20.7134,3.0490,-101.5931,0.03205,0.9524,0.0476,0.0000,True,True
43.6217,-20.7239,3.0508,-101.6207,0.02956,0.9520,0.0480,0.0000,True,True
43.6354,-20.7503,3.0554,-101.6904,0.07462,0.9511,0.0489,0.0000,True,True
43.6385,-20.7562,3.0564,-101.7060,0.01675,0.9509,0.0491,0.0000,True,True
43.6466,-20.7717,3.0591,-101.7469,0.04385,0.9503,0.0497,0.0000,True,True
43.6553,-20.7876,3.0619,-101.7890,0.04510,0.9497,0.0503,0.0000,True,True
43.6636,-20.8038,3.0647,-101.8318,0.04579,0.9491,0.0509,0.0000,True,True
43.6717,-20.8197,3.0674,-101.8738,0.04508,0.9485,0.0515,0.0000,True,True
43.6801,-20.8357,3.0702,-101.9159,0.04509,0.9479,0.0521,0.0000,True,True
43.6884,-20.8516,3.0730,-101.9580,0.04507,0.9473,0.0527,0.0000,True,True
43.6970,-20.8675,3.0757,-102.0001,0.04509,0.9467,0.0533,0.0000,True,True
43.7050,-20.8835,3.0793,-102.0422,0.04514,0.9461,0.0539,0.0000,True,True
43.7135,-20.8994,3.0828,-102.0843,0.04515,0.9455,0.0545,0.0000,True,True
43.7217,-20.9153,3.0863,-102.1264,0.04513,0.9448,0.0552,0.0000,True,True
43.7302,-20.9313,3.0899,-102.1685,0.04515,0.9442,0.0558,0.0000,True,True
43.7384,-20.9472,3.0934,-102.2105,0.04514,0.9436,0.0564,0.0000,True,True
43.7471,-20.9635,3.0970,-102.2538,0.04636,0.9430,0.0570,0.0000,True,True
43.7555,-20.9795,3.1006,-102.2958,0.04513,0.9423,0.0577,0.0000,True,True
43.7639,-20.9955,3.1041,-102.3381,0.04530,0.9417,0.0583,0.0000,True,True
43.7720,-21.0113,3.1076,-102.3800,0.04498,0.9411,0.0589,0.0000,True,True
43.7803,-21.0273,3.1112,-102.4221,0.04515,0.9404,0.0596,0.0000,True,True
43.7886,-21.0432,3.1147,-102.4642,0.04514,0.9398,0.0602,0.0000,True,True
43.7970,-21.0591,3.1183,-102.5063,0.04515,0.9392,0.0608,0.0000,True,True
43.8053,-21.0751,3.1218,-102.5483,0.04512,0.9385,0.0615,0.0000,True,True
43.8136,-21.0910,3.1253,-102.5904,0.04515,0.9379,0.0621,0.0000,True,True
43.8219,-21.1069,3.1289,-102.6325,0.04512,0.9372,0.0628,0.0000,True,True
43.8303,-21.1229,3.1324,-102.6746,0.04517,0.9366,0.0634,0.0000,True,True
43.8386,-21.1388,3.1359,-102.7167,0.04510,0.9359,0.0641,0.0000,True,True
43.8469,-21.1547,3.1395,-102.7588,0.04515,0.9352,0.0648,0.0000,True,True
43.8553,-21.1707,3.1430,-102.8009,0.04514,0.9346,0.0654,0.0000,True,True
43.8636,-21.1866,3.1465,-102.8430,0.04515,0.9339,0.0661,0.0000,True,True
43.8719,-21.2025,3.1501,-102.8850,0.04513,0.9332,0.0668,0.0000,True,True
43.8803,-21.2185,3.1536,-102.9271,0.04515,0.9326,0.0674,0.0000,True,True
43.8886,-21.2344,3.1571,-102.9692,0.04512,0.9319,0.0681,0.0000,True,True
43.8970,-21.2503,3.1607,-103.0113,0.04516,0.9312,0.0688,0.0000,True,True
43.9052,-21.2663,3.1642,-103.0534,0.04511,0.9305,0.0695,0.0000,True,True
43.9136,-21.2822,3.1677,-103.0955,0.04516,0.9298,0.0702,0.0000,True,True
43.9219,-21.2981,3.1713,-103.1376,0.04512,0.9292,0.0708,0.0000,True,True
43.9303,-21.3141,3.1748,-103.1796,0.04515,0.9285,0.0715,0.0000,True,True
43.9386,-21.3300,3.1783,-103.2217,0.04513,0.9278,0.0722,0.0000,True,True
43.9470,-21.3458,3.1819,-103.2635,0.04482,0.9271,0.0729,0.0000,True,True
43.9553,-21.3615,3.1853,-103.3049,0.04442,0.9264,0.0736,0.0000,True,True
43.9636,-21.3770,3.1888,-103.3460,0.04405,0.9257,0.0743,0.0000,True,True
43.9720,-21.3924,3.1922,-103.3867,0.04363,0.9250,0.0750,0.0000,True,True
43.9803,-21.4077,3.1956,-103.4270,0.04327,0.9244,0.0756,0.0000,True,True
43.9889,-21.4234,3.1991,-103.4685,0.04451,0.9237,0.0763,0.0000,True,True
43.9973,-21.4384,3.2024,-103.5081,0.04249,0.9230,0.0770,0.0000,True,True
44.0056,-21.4533,3.2057,-103.5473,0.04204,0.9223,0.0777,0.0000,True,True
44.0140,-21.4680,3.2090,-103.5863,0.04181,0.9217,0.0783,0.0000,True,True
44.0223,-21.4825,3.2122,-103.6247,0.04117,0.9210,0.0790,0.0000,True,True
44.0309,-21.4970,3.2154,-103.6628,0.04091,0.9203,0.0797,0.0000,True,True
44.0389,-21.5113,3.2186,-103.7006,0.04046,0.9197,0.0803,0.0000,True,True
44.0473,-21.5254,3.2217,-103.7380,0.04012,0.9191,0.0809,0.0000,True,True
44.0556,-21.5394,3.2248,-103.7749,0.03967,0.9184,0.0816,0.0000,True,True
44.0643,-21.5533,3.2279,-103.8116,0.03932,0.9178,0.0822,0.0000,True,True
44.0723,-21.5670,3.2309,-103.8479,0.03891,0.9171,0.0829,0.0000,True,True
44.0807,-21.5806,3.2340,-103.8838,0.03847,0.9165,0.0835,0.0000,True,True
44.0890,-21.5941,3.2369,-103.9193,0.03808,0.9159,0.0841,0.0000,True,True
44.0974,-21.6074,3.2399,-103.9544,0.03768,0.9153,0.0847,0.0000,True,True
44.1057,-21.6205,3.2428,-103.9891,0.03725,0.9147,0.0853,0.0000,True,True
44.1142,-21.6336,3.2461,-104.0237,0.03708,0.9140,0.0860,0.0000,True,True
44.1223,-21.6465,3.2495,-104.0577,0.03651,0.9134,0.0866,0.0000,True,True
44.1311,-21.6593,3.2529,-104.0915,0.03636,0.9128,0.0872,0.0000,True,True
44.1390,-21.6719,3.2563,-104.1248,0.03579,0.9122,0.0878,0.0000,True,True
44.1477,-21.6844,3.2596,-104.1579,0.03553,0.9116,0.0884,0.0000,True,True
44.1557,-21.6968,3.2629,-104.1906,0.03506,0.9111,0.0889,0.0000,True,True
44.1642,-21.7090,3.2661,-104.2229,0.03471,0.9105,0.0895,0.0000,True,True
44.1724,-21.7211,3.2693,-104.2548,0.03433,0.9099,0.0901,0.0000,True,True
44.1807,-21.7331,3.2725,-104.2865,0.03395,0.9093,0.0907,0.0000,True,True
44.1890,-21.7449,3.2757,-104.3177,0.03358,0.9088,0.0912,0.0000,True,True
44.1974,-21.7566,3.2788,-104.3486,0.03321,0.9082,0.0918,0.0000,True,True
44.2057,-21.7682,3.2818,-104.3792,0.03282,0.9076,0.0924,0.0000,True,True
44.2141,-21.7796,3.2849,-104.4094,0.03246,0.9071,0.0929,0.0000,True,True
44.2224,-21.7909,3.2879,-104.4393,0.03207,0.9065,0.0935,0.0000,True,True
44.2308,-21.8021,3.2908,-104.4688,0.03168,0.9060,0.0940,0.0000,True,True
44.2390,-21.8131,3.2938,-104.4979,0.03130,0.9055,0.0945,0.0000,True,True
44.2475,-21.8240,3.2967,-104.5267,0.03091,0.9049,0.0951,0.0000,True,True
44.2557,-21.8348,3.2995,-104.5552,0.03054,0.9044,0.0956,0.0000,True,True
44.2641,-21.8454,3.3024,-104.5832,0.03013,0.9039,0.0961,0.0000,True,True
44.2724,-21.8559,3.3051,-104.6109,0.02973,0.9034,0.0966,0.0000,True,True
44.2808,-21.8662,3.3079,-104.6382,0.02937,0.9029,0.0971,0.0000,True,True
44.2891,-21.8764,3.3106,-104.6652,0.02895,0.9023,0.0977,0.0000,True,True
44.2974,-21.8865,3.3133,-104.6918,0.02857,0.9018,0.0982,0.0000,True,True
44.3057,-21.8964,3.3159,-104.7180,0.02816,0.9014,0.0986,0.0000,True,True
44.3141,-21.9062,3.3185,-104.7439,0.02778,0.9009,0.0991,0.0000,True,True
44.3224,-21.9159,3.3211,-104.7694,0.02737,0.9004,0.0996,0.0000,True,True
44.3308,-21.9254,3.3236,-104.7945,0.02698,0.8999,0.1001,0.0000,True,True
44.3390,-21.9347,3.3261,-104.8192,0.02655,0.8994,0.1006,0.0000,True,True
44.3476,-21.9440,3.3285,-104.8436,0.02617,0.8990,0.1010,0.0000,True,True
44.3557,-21.9530,3.3309,-104.8675,0.02574,0.8985,0.1015,0.0000,True,True
44.3643,-21.9620,3.3333,-104.8911,0.02535,0.8981,0.1019,0.0000,True,True
44.3724,-21.9708,3.3356,-104.9143,0.02493,0.8976,0.1024,0.0000,True,True
44.3810,-21.9795,3.3380,-104.9373,0.02469,0.8972,0.1028,0.0000,True,True
44.3891,-21.9879,3.3402,-104.9596,0.02397,0.8968,0.1032,0.0000,True,True
44.3974,-21.9963,3.3424,-104.9817,0.02368,0.8964,0.1036,0.0000,True,True
44.4058,-21.9963,3.3424,-104.9817,0.00000,0.8964,0.1036,0.0000,True,True
44.4141,-21.9962,3.3425,-104.9822,0.00052,0.8963,0.1037,0.0000,True,True
44.4224,-21.9960,3.3426,-104.9832,0.00105,0.8963,0.1037,0.0000,True,True
44.4308,-21.9957,3.3427,-104.9848,0.00158,0.8963,0.1037,0.0000,True,True
44.4391,-21.9953,3.3429,-104.9868,0.00211,0.8963,0.1037,0.0000,True,True
44.4476,-21.9948,3.3432,-104.9894,0.00264,0.8962,0.1038,0.0000,True,True
44.4558,-21.9942,3.3435,-104.9925,0.00318,0.8961,0.1039,0.0000,True,True
44.4641,-21.9935,3.3439,-104.9962,0.00372,0.8961,0.1039,0.0000,True,True
44.4725,-21.9928,3.3443,-105.0003,0.00426,0.8960,0.1040,0.0000,True,True
44.4809,-21.9919,3.3448,-105.0050,0.00481,0.8959,0.1041,0.0000,True,True
44.4891,-21.9909,3.3453,-105.0103,0.00534,0.8958,0.1042,0.0000,True,True
44.4978,-21.9898,3.3459,-105.0161,0.00598,0.8957,0.1043,0.0000,True,True
44.5059,-21.9886,3.3465,-105.0224,0.00644,0.8956,0.1044,0.0000,True,True
44.5142,-21.9873,3.3472,-105.0293,0.00700,0.8954,0.1046,0.0000,True,True
44.5226,-21.9859,3.3479,-105.0367,0.00756,0.8953,0.1047,0.0000,True,True
44.5309,-21.9845,3.3487,-105.0446,0.00813,0.8951,0.1049,0.0000,True,True
44.5392,-21.9829,3.3496,-105.0531,0.00868,0.8950,0.1050,0.0000,True,True
44.5476,-21.9812,3.3505,-105.0621,0.00925,0.8948,0.1052,0.0000,True,True
44.5559,-21.9794,3.3515,-105.0718,0.00982,0.8946,0.1054,0.0000,True,True
44.5643,-21.9775,3.3525,-105.0819,0.01039,0.8944,0.1056,0.0000,True,True
44.5726,-21.9754,3.3536,-105.0926,0.01097,0.8942,0.1058,0.0000,True,True
44.5809,-21.9733,3.3547,-105.1039,0.01154,0.8940,0.1060,0.0000,True,True
44.5892,-21.9711,3.3559,-105.1158,0.01212,0.8938,0.1062,0.0000,True,True
44.5976,-21.9688,3.3572,-105.1282,0.01271,0.8935,0.1065,0.0000,True,True
44.6149,-21.9635,3.3600,-105.1563,0.02872,0.8930,0.1070,0.0000,True,True
44.6280,-21.9592,3.3623,-105.1791,0.02330,0.8925,0.1075,0.0000,True,True
44.6373,-21.9561,3.3639,-105.1957,0.01699,0.8922,0.1078,0.0000,True,True
44.6468,-21.9527,3.3658,-105.2139,0.01860,0.8919,0.1081,0.0000,True,True
44.6552,-21.9496,3.3674,-105.2302,0.01668,0.8915,0.1085,0.0000,True,True
44.6637,-21.9465,3.3691,-105.2472,0.01730,0.8912,0.1088,0.0000,True,True
44.6718,-21.9432,3.3709,-105.2646,0.01789,0.8909,0.1091,0.0000,True,True
44.6808,-21.9398,3.3727,-105.2828,0.01851,0.8905,0.1095,0.0000,True,True
44.6886,-21.9363,3.3746,-105.3014,0.01911,0.8901,0.1099,0.0000,True,True
44.6973,-21.9326,3.3765,-105.3208,0.01974,0.8898,0.1102,0.0000,True,True
44.7053,-21.9289,3.3785,-105.3407,0.02038,0.8894,0.1106,0.0000,True,True
44.7137,-21.9250,3.3806,-105.3615,0.02122,0.8890,0.1110,0.0000,True,True
44.7220,-21.9210,3.3827,-105.3826,0.02161,0.8885,0.1115,0.0000,True,True
44.7305,-21.9170,3.3849,-105.4043,0.02225,0.8881,0.1119,0.0000,True,True
44.7386,-21.9128,3.3872,-105.4267,0.02287,0.8877,0.1123,0.0000,True,True
44.7471,-21.9084,3.3895,-105.4497,0.02351,0.8872,0.1128,0.0000,True,True
44.7554,-21.9040,3.3918,-105.4733,0.02413,0.8868,0.1132,0.0000,True,True
44.7637,-21.8995,3.3943,-105.4976,0.02480,0.8863,0.1137,0.0000,True,True
44.7720,-21.8948,3.3968,-105.5224,0.02542,0.8858,0.1142,0.0000,True,True
44.7803,-21.8900,3.3994,-105.5480,0.02609,0.8853,0.1147,0.0000,True,True
44.7886,-21.8851,3.4020,-105.5741,0.02672,0.8847,0.1153,0.0000,True,True
44.7971,-21.8801,3.4047,-105.6009,0.02739,0.8842,0.1158,0.0000,True,True
44.8053,-21.8749,3.4074,-105.6283,0.02802,0.8837,0.1163,0.0000,True,True
44.8139,-21.8697,3.4102,-105.6564,0.02871,0.8831,0.1169,0.0000,True,True
44.8220,-21.8643,3.4131,-105.6851,0.02934,0.8825,0.1175,0.0000,True,True
44.8306,-21.8588,3.4161,-105.7144,0.03003,0.8819,0.1181,0.0000,True,True
44.8387,-21.8531,3.4191,-105.7445,0.03069,0.8813,0.1187,0.0000,True,True
44.8474,-21.8474,3.4222,-105.7751,0.03137,0.8807,0.1193,0.0000,True,True
44.8553,-21.8415,3.4253,-105.8065,0.03204,0.8801,0.1199,0.0000,True,True
44.8637,-21.8355,3.4286,-105.8385,0.03271,0.8794,0.1206,0.0000,True,True
44.8720,-21.8294,3.4318,-105.8711,0.03339,0.8787,0.1213,0.0000,True,True
44.8806,-21.8231,3.4352,-105.9045,0.03410,0.8781,0.1219,0.0000,True,True
44.8886,-21.8167,3.4386,-105.9385,0.03477,0.8774,0.1226,0.0000,True,True
44.8973,-21.8102,3.4421,-105.9735,0.03576,0.8766,0.1234,0.0000,True,True
44.9054,-21.8035,3.4458,-106.0088,0.03617,0.8759,0.1241,0.0000,True,True
44.9138,-21.7968,3.4500,-106.0449,0.03695,0.8752,0.1248,0.0000,True,True
44.9221,-21.7899,3.4542,-106.0817,0.03769,0.8744,0.1256,0.0000,True,True
44.9308,-21.7827,3.4586,-106.1200,0.03918,0.8736,0.1264,0.0000,True,True
44.9387,-21.7756,3.4630,-106.1576,0.03851,0.8728,0.1272,0.0000,True,True
44.9470,-21.7683,3.4675,-106.1967,0.04002,0.8720,0.1280,0.0000,True,True
44.9554,-21.7608,3.4721,-106.2365,0.04079,0.8712,0.1288,0.0000,True,True
44.9639,-21.7532,3.4768,-106.2772,0.04167,0.8703,0.1297,0.0000,True,True
44.9720,-21.7454,3.4815,-106.3185,0.04226,0.8695,0.1305,0.0000,True,True
44.9804,-21.7375,3.4864,-106.3607,0.04319,0.8686,0.1314,0.0000,True,True
44.9887,-21.7295,3.4913,-106.4036,0.04394,0.8677,0.1323,0.0000,True,True
44.9976,-21.7213,3.4964,-106.4474,0.04484,0.8668,0.1332,0.0000,True,True
45.0054,-21.7130,3.5015,-106.4916,0.04523,0.8658,0.1342,0.0000,True,True
45.0139,-21.7047,3.5066,-106.5358,0.04532,0.8649,0.1351,0.0000,True,True
45.0220,-21.6964,3.5117,-106.5800,0.04526,0.8639,0.1361,0.0000,True,True
45.0305,-21.6881,3.5168,-106.6243,0.04533,0.8630,0.1370,0.0000,True,True
45.0387,-21.6798,3.5219,-106.6685,0.04526,0.8620,0.1380,0.0000,True,True
45.0471,-21.6714,3.5270,-106.7129,0.04550,0.8611,0.1389,0.0000,True,True
45.0554,-21.6632,3.5321,-106.7570,0.04510,0.8601,0.1399,0.0000,True,True
45.0637,-21.6549,3.5372,-106.8012,0.04530,0.8592,0.1408,0.0000,True,True
45.0721,-21.6466,3.5423,-106.8454,0.04530,0.8582,0.1418,0.0000,True,True
45.0805,-21.6383,3.5474,-106.8897,0.04530,0.8573,0.1427,0.0000,True,True
45.0887,-21.6300,3.5525,-106.9339,0.04526,0.8563,0.1437,0.0000,True,True
45.0971,-21.6217,3.5576,-106.9781,0.04530,0.8553,0.1447,0.0000,True,True
45.1054,-21.6134,3.5627,-107.0224,0.04530,0.8544,0.1456,0.0000,True,True
45.1139,-21.6051,3.5678,-107.0666,0.04530,0.8534,0.1466,0.0000,True,True
45.1220,-21.5968,3.5729,-107.1108,0.04527,0.8524,0.1476,0.0000,True,True
45.1306,-21.5884,3.5780,-107.1552,0.04549,0.8514,0.1486,0.0000,True,True
45.1388,-21.5801,3.5831,-107.1994,0.04527,0.8505,0.1495,0.0000,True,True
45.1474,-21.5718,3.5882,-107.2439,0.04556,0.8495,0.1505,0.0000,True,True
45.1554,-21.5635,3.5933,-107.2880,0.04508,0.8485,0.1515,0.0000,True,True
45.1640,-21.5552,3.5984,-107.3323,0.04537,0.8475,0.1525,0.0000,True,True
45.1722,-21.5469,3.6035,-107.3764,0.04521,0.8465,0.1535,0.0000,True,True
45.1806,-21.5386,3.6086,-107.4207,0.04531,0.8455,0.1545,0.0000,True,True
45.1888,-21.5303,3.6137,-107.4649,0.04528,0.8445,0.1555,0.0000,True,True
45.1973,-21.5220,3.6188,-107.5092,0.04536,0.8435,0.1565,0.0000,True,True
45.2055,-21.5137,3.6239,-107.5533,0.04522,0.8425,0.1575,0.0000,True,True
45.2139,-21.5054,3.6290,-107.5976,0.04533,0.8415,0.1585,0.0000,True,True
45.2221,-21.4971,3.6341,-107.6418,0.04526,0.8405,0.1595,0.0000,True,True
45.2307,-21.4888,3.6392,-107.6861,0.04530,0.8395,0.1605,0.0000,True,True
45.2388,-21.4805,3.6443,-107.7303,0.04533,0.8385,0.1615,0.0000,True,True
45.2476,-21.4720,3.6496,-107.7760,0.04676,0.8375,0.1625,0.0000,True,True
45.2558,-21.4637,3.6547,-107.8202,0.04526,0.8365,0.1635,0.0000,True,True
45.2643,-21.4554,3.6598,-107.8644,0.04527,0.8355,0.1645,0.0000,True,True
45.2724,-21.4471,3.6649,-107.9086,0.04530,0.8345,0.1655,0.0000,True,True
45.2808,-21.4388,3.6700,-107.9529,0.04530,0.8334,0.1666,0.0000,True,True
45.2891,-21.4305,3.6751,-107.9971,0.04529,0.8324,0.1676,0.0000,True,True
45.2974,-21.4222,3.6807,-108.0413,0.04534,0.8314,0.1686,0.0000,True,True
45.3057,-21.4139,3.6864,-108.0856,0.04536,0.8304,0.1696,0.0000,True,True
45.3141,-21.4056,3.6920,-108.1298,0.04536,0.8293,0.1707,0.0000,True,True
45.3224,-21.3973,3.6977,-108.1738,0.04518,0.8283,0.1717,0.0000,True,True
45.3309,-21.3891,3.7033,-108.2179,0.04515,0.8273,0.1727,0.0000,True,True
45.3391,-21.3809,3.7090,-108.2616,0.04485,0.8263,0.1737,0.0000,True,True
45.3477,-21.3727,3.7145,-108.3052,0.04471,0.8253,0.1747,0.0000,True,True
45.3558,-21.3645,3.7201,-108.3486,0.04449,0.8242,0.1758,0.0000,True,True
45.3641,-21.3564,3.7257,-108.3919,0.04439,0.8232,0.1768,0.0000,True,True
45.3724,-21.3483,3.7312,-108.4349,0.04416,0.8222,0.1778,0.0000,True,True
45.3809,-21.3403,3.7367,-108.4779,0.04402,0.8212,0.1788,0.0000,True,True
45.3891,-21.3323,3.7422,-108.5206,0.04381,0.8202,0.1798,0.0000,True,True
45.3974,-21.3243,3.7476,-108.5632,0.04366,0.8192,0.1808,0.0000,True,True
45.4057,-21.3163,3.7531,-108.6055,0.04344,0.8182,0.1818,0.0000,True,True
45.4144,-21.3084,3.7585,-108.6479,0.04345,0.8172,0.1828,0.0000,True,True
45.4225,-21.3005,3.7639,-108.6899,0.04309,0.8162,0.1838,0.0000,True,True
45.4308,-21.2926,3.7693,-108.7318,0.04292,0.8152,0.1848,0.0000,True,True
45.4391,-21.2848,3.7746,-108.7734,0.04272,0.8142,0.1858,0.0000,True,True
45.4474,-21.2770,3.7799,-108.8149,0.04253,0.8132,0.1868,0.0000,True,True
45.4558,-21.2693,3.7852,-108.8562,0.04237,0.8122,0.1878,0.0000,True,True
45.4643,-21.2614,3.7906,-108.8981,0.04298,0.8112,0.1888,0.0000,True,True
45.4726,-21.2538,3.7958,-108.9390,0.04196,0.8102,0.1898,0.0000,True,True
45.4810,-21.2461,3.8011,-108.9798,0.04177,0.8092,0.1908,0.0000,True,True
45.4893,-21.2385,3.8063,-109.0203,0.04158,0.8082,0.1918,0.0000,True,True
45.4976,-21.2309,3.8114,-109.0607,0.04137,0.8072,0.1928,0.0000,True,True
45.5061,-21.2234,3.8166,-109.1008,0.04118,0.8063,0.1937,0.0000,True,True
45.5143,-21.2159,3.8217,-109.1408,0.04099,0.8053,0.1947,0.0000,True,True
45.5227,-21.2084,3.8268,-109.1805,0.04079,0.8043,0.1957,0.0000,True,True
45.5311,-21.2010,3.8319,-109.2201,0.04056,0.8034,0.1966,0.0000,True,True
45.5393,-21.1936,3.8369,-109.2595,0.04038,0.8024,0.1976,0.0000,True,True
45.5476,-21.1863,3.8420,-109.2986,0.04017,0.8014,0.1986,0.0000,True,True
45.5561,-21.1790,3.8470,-109.3376,0.03996,0.8005,0.1995,0.0000,True,True
45.5643,-21.1717,3.8519,-109.3764,0.03974,0.7995,0.2005,0.0000,True,True
45.5729,-21.1645,3.8569,-109.4149,0.03954,0.7986,0.2014,0.0000,True,True
45.5810,-21.1573,3.8618,-109.4533,0.03934,0.7976,0.2024,0.0000,True,True
45.5893,-21.1501,3.8667,-109.4914,0.03911,0.7967,0.2033,0.0000,True,True
45.5977,-21.1430,3.8716,-109.5294,0.03890,0.7958,0.2042,0.0000,True,True
45.6060,-21.1359,3.8764,-109.5671,0.03868,0.7948,0.2052,0.0000,True,True
45.6143,-21.1289,3.8812,-109.6046,0.03847,0.7939,0.2061,0.0000,True,True
45.6230,-21.1219,3.8860,-109.6419,0.03825,0.7930,0.2070,0.0000,True,True
45.6310,-21.1149,3.8908,-109.6789,0.03801,0.7920,0.2080,0.0000,True,True
45.6394,-21.1080,3.8955,-109.7158,0.03778,0.7911,0.2089,0.0000,True,True
45.6480,-21.1011,3.9002,-109.7525,0.03766,0.7902,0.2098,0.0000,True,True
45.6560,-21.0943,3.9049,-109.7889,0.03733,0.7893,0.2107,0.0000,True,True
45.6643,-21.0875,3.9095,-109.8251,0.03712,0.7884,0.2116,0.0000,True,True
45.6727,-21.0808,3.9141,-109.8611,0.03687,0.7875,0.2125,0.0000,True,True
45.6810,-21.0741,3.9187,-109.8968,0.03665,0.7866,0.2134,0.0000,True,True
45.6893,-21.0674,3.9232,-109.9323,0.03640,0.7857,0.2143,0.0000,True,True
45.6977,-21.0608,3.9278,-109.9676,0.03617,0.7848,0.2152,0.0000,True,True
45.7060,-21.0547,3.9319,-110.0000,0.03324,0.7840,0.2160,0.0000,True,True
45.7143,-21.0547,3.9319,-110.0000,0.00000,0.7840,0.2160,0.0000,True,True
45.7226,-21.0545,3.9320,-110.0004,0.00052,0.7840,0.2160,0.0000,True,True
45.7310,-21.0540,3.9321,-110.0014,0.00106,0.7840,0.2160,0.0000,True,True
45.7393,-21.0533,3.9323,-110.0028,0.00159,0.7839,0.2161,0.0000,True,True
45.7477,-21.0524,3.9326,-110.0047,0.00213,0.7839,0.2161,0.0000,True,True
45.7560,-21.0512,3.9329,-110.0071,0.00267,0.7838,0.2162,0.0000,True,True
45.7644,-21.0497,3.9333,-110.0099,0.00322,0.7838,0.2163,0.0000,True,True
45.7726,-21.0481,3.9338,-110.0133,0.00377,0.7837,0.2163,0.0000,True,True
45.7810,-21.0462,3.9343,-110.0171,0.00433,0.7836,0.2164,0.0000,True,True
45.7893,-21.0440,3.9349,-110.0214,0.00488,0.7835,0.2165,0.0000,True,True
45.7977,-21.0416,3.9356,-110.0263,0.00545,0.7833,0.2167,0.0000,True,True
45.8060,-21.0389,3.9363,-110.0316,0.00601,0.7832,0.2168,0.0000,True,True
45.8144,-21.0360,3.9372,-110.0375,0.00661,0.7831,0.2169,0.0000,True,True
45.8227,-21.0328,3.9380,-110.0438,0.00716,0.7829,0.2171,0.0000,True,True
45.8310,-21.0294,3.9390,-110.0507,0.00774,0.7827,0.2173,0.0000,True,True
45.8393,-21.0257,3.9400,-110.0581,0.00832,0.7825,0.2175,0.0000,True,True
45.8477,-21.0218,3.9411,-110.0660,0.00892,0.7823,0.2177,0.0000,True,True
45.8560,-21.0176,3.9423,-110.0745,0.00951,0.7821,0.2179,0.0000,True,True
45.8643,-21.0131,3.9436,-110.0835,0.01010,0.7819,0.2181,0.0000,True,True
45.8728,-21.0083,3.9449,-110.0930,0.01073,0.7817,0.2183,0.0000,True,True
45.8811,-21.0033,3.9463,-110.1030,0.01131,0.7814,0.2186,0.0000,True,True
45.8894,-20.9981,3.9478,-110.1136,0.01193,0.7811,0.2189,0.0000,True,True
45.9290,-20.9857,3.9512,-110.1384,0.02786,0.7805,0.2195,0.0000,True,True
45.9321,-20.9660,3.9567,-110.1779,0.04456,0.7795,0.2205,0.0000,True,True
45.9602,-20.9411,3.9637,-110.2278,0.05617,0.7782,0.2218,0.0000,True,True
45.9735,-20.9323,3.9662,-110.2456,0.01997,0.7778,0.2222,0.0000,True,True
45.9816,-20.9209,3.9694,-110.2684,0.02567,0.7772,0.2228,0.0000,True,True
45.9933,-20.9116,3.9720,-110.2870,0.02102,0.7767,0.2233,0.0000,True,True
46.0032,-20.8982,3.9757,-110.3139,0.03024,0.7760,0.2240,0.0000,True,True
46.0134,-20.8872,3.9788,-110.3361,0.02503,0.7755,0.2245,0.0000,True,True
46.0216,-20.8777,3.9815,-110.3552,0.02145,0.7750,0.2250,0.0000,True,True
46.0319,-20.8654,3.9849,-110.3798,0.02773,0.7744,0.2256,0.0000,True,True
46.0427,-20.8523,3.9886,-110.4061,0.02957,0.7737,0.2263,0.0000,True,True
46.0509,-20.8418,3.9915,-110.4272,0.02381,0.7731,0.2269,0.0000,True,True
46.0593,-20.8309,3.9945,-110.4490,0.02453,0.7726,0.2274,0.0000,True,True
46.0676,-20.8197,3.9977,-110.4714,0.02522,0.7720,0.2280,0.0000,True,True
46.0762,-20.8082,4.0009,-110.4946,0.02610,0.7714,0.2286,0.0000,True,True
46.0843,-20.7964,4.0042,-110.5182,0.02667,0.7708,0.2292,0.0000,True,True
46.0927,-20.7842,4.0076,-110.5426,0.02744,0.7702,0.2298,0.0000,True,True
46.1009,-20.7718,4.0111,-110.5676,0.02815,0.7695,0.2305,0.0000,True,True
46.1094,-20.7590,4.0147,-110.5933,0.02895,0.7689,0.2311,0.0000,True,True
46.1176,-20.7458,4.0183,-110.6196,0.02965,0.7682,0.2318,0.0000,True,True
46.1261,-20.7323,4.0221,-110.6468,0.03056,0.7675,0.2325,0.0000,True,True
46.1344,-20.7185,4.0260,-110.6745,0.03118,0.7668,0.2332,0.0000,True,True
46.1427,-20.7044,4.0299,-110.7029,0.03197,0.7661,0.2339,0.0000,True,True
46.1510,-20.6899,4.0340,-110.7319,0.03270,0.7653,0.2347,0.0000,True,True
46.1593,-20.6751,4.0381,-110.7617,0.03351,0.7645,0.2355,0.0000,True,True
46.1676,-20.6599,4.0424,-110.7921,0.03426,0.7637,0.2363,0.0000,True,True
46.1761,-20.6443,4.0467,-110.8234,0.03524,0.7629,0.2371,0.0000,True,True
46.1843,-20.6284,4.0512,-110.8552,0.03585,0.7621,0.2379,0.0000,True,True
46.1928,-20.6122,4.0557,-110.8878,0.03669,0.7613,0.2387,0.0000,True,True
46.2010,-20.5956,4.0604,-110.9211,0.03746,0.7604,0.2396,0.0000,True,True
46.2095,-20.5786,4.0651,-110.9551,0.03832,0.7595,0.2405,0.0000,True,True
46.2177,-20.5613,4.0700,-110.9898,0.03909,0.7586,0.2414,0.0000,True,True
46.2267,-20.5436,4.0749,-111.0254,0.04002,0.7577,0.2423,0.0000,True,True
46.2344,-20.5256,4.0800,-111.0616,0.04076,0.7567,0.2433,0.0000,True,True
46.2428,-20.5071,4.0851,-111.0986,0.04166,0.7558,0.2442,0.0000,True,True
46.2511,-20.4883,4.0904,-111.1363,0.04245,0.7548,0.2452,0.0000,True,True
46.2594,-20.4691,4.0957,-111.1748,0.04336,0.7538,0.2462,0.0000,True,True
46.2677,-20.4496,4.1012,-111.2140,0.04416,0.7527,0.2473,0.0000,True,True
46.2761,-20.4296,4.1068,-111.2540,0.04509,0.7517,0.2483,0.0000,True,True
46.2843,-20.4096,4.1124,-111.2943,0.04532,0.7506,0.2494,0.0000,True,True
46.2928,-20.3895,4.1180,-111.3346,0.04538,0.7496,0.2504,0.0000,True,True
46.3011,-20.3694,4.1237,-111.3749,0.04536,0.7485,0.2515,0.0000,True,True
46.3094,-20.3493,4.1293,-111.4151,0.04535,0.7474,0.2526,0.0000,True,True
46.3177,-20.3293,4.1349,-111.4554,0.04532,0.7464,0.2536,0.0000,True,True
46.3261,-20.3092,4.1405,-111.4957,0.04538,0.7453,0.2547,0.0000,True,True
46.3344,-20.2891,4.1461,-111.5359,0.04532,0.7442,0.2558,0.0000,True,True
46.3428,-20.2690,4.1517,-111.5763,0.04542,0.7431,0.2569,0.0000,True,True
46.3510,-20.2490,4.1574,-111.6165,0.04533,0.7421,0.2579,0.0000,True,True
46.3595,-20.2287,4.1630,-111.6572,0.04583,0.7410,0.2590,0.0000,True,True
46.3677,-20.2088,4.1686,-111.6971,0.04489,0.7399,0.2601,0.0000,True,True
46.3763,-20.1887,4.1742,-111.7374,0.04540,0.7389,0.2611,0.0000,True,True
46.3844,-20.1686,4.1798,-111.7777,0.04533,0.7378,0.2622,0.0000,True,True
46.3932,-20.1485,4.1854,-111.8180,0.04537,0.7367,0.2633,0.0000,True,True
46.4010,-20.1285,4.1911,-111.8582,0.04534,0.7356,0.2644,0.0000,True,True
46.4096,-20.1083,4.1967,-111.8987,0.04557,0.7345,0.2655,0.0000,True,True
46.4178,-20.0882,4.2023,-111.9390,0.04533,0.7335,0.2665,0.0000,True,True
46.4265,-20.0682,4.2079,-111.9793,0.04537,0.7324,0.2676,0.0000,True,True
46.4346,-20.0480,4.2137,-112.0196,0.04546,0.7313,0.2687,0.0000,True,True
46.4429,-20.0280,4.2197,-112.0598,0.04531,0.7302,0.2698,0.0000,True,True
46.4511,-20.0079,4.2257,-112.1001,0.04541,0.7291,0.2709,0.0000,True,True
46.4595,-19.9878,4.2317,-112.1404,0.04543,0.7280,0.2720,0.0000,True,True
46.4679,-19.9678,4.2377,-112.1806,0.04538,0.7269,0.2731,0.0000,True,True
46.4762,-19.9477,4.2437,-112.2209,0.04542,0.7258,0.2742,0.0000,True,True
46.4844,-19.9276,4.2497,-112.2612,0.04537,0.7247,0.2753,0.0000,True,True
46.4929,-19.9075,4.2557,-112.3015,0.04543,0.7237,0.2763,0.0000,True,True
46.5012,-19.8875,4.2617,-112.3418,0.04537,0.7226,0.2774,0.0000,True,True
46.5097,-19.8673,4.2677,-112.3822,0.04561,0.7215,0.2785,0.0000,True,True
46.5178,-19.8473,4.2737,-112.4223,0.04519,0.7204,0.2796,0.0000,True,True
46.5263,-19.8272,4.2797,-112.4628,0.04561,0.7193,0.2807,0.0000,True,True
46.5346,-19.8071,4.2857,-112.5031,0.04546,0.7182,0.2818,0.0000,True,True
46.5430,-19.7870,4.2917,-112.5434,0.04546,0.7171,0.2829,0.0000,True,True
46.5512,-19.7669,4.2977,-112.5837,0.04538,0.7160,0.2840,0.0000,True,True
46.5597,-19.7467,4.3037,-112.6241,0.04554,0.7149,0.2851,0.0000,True,True
46.5679,-19.7267,4.3097,-112.6642,0.04526,0.7138,0.2862,0.0000,True,True
46.5764,-19.7066,4.3157,-112.7046,0.04544,0.7127,0.2873,0.0000,True,True
46.5845,-19.6866,4.3217,-112.7448,0.04536,0.7115,0.2885,0.0000,True,True
46.5930,-19.6665,4.3277,-112.7851,0.04542,0.7104,0.2896,0.0000,True,True
46.6012,-19.6464,4.3337,-112.8253,0.04536,0.7093,0.2907,0.0000,True,True
46.6096,-19.6263,4.3397,-112.8657,0.04545,0.7082,0.2918,0.0000,True,True
46.6179,-19.6063,4.3457,-112.9059,0.04539,0.7071,0.2929,0.0000,True,True
46.6264,-19.5861,4.3517,-112.9464,0.04560,0.7060,0.2940,0.0000,True,True
46.6346,-19.5660,4.3577,-112.9867,0.04539,0.7049,0.2951,0.0000,True,True
46.6431,-19.5459,4.3637,-113.0270,0.04542,0.7038,0.2962,0.0000,True,True
46.6513,-19.5258,4.3697,-113.0673,0.04547,0.7027,0.2974,0.0000,True,True
46.6596,-19.5057,4.3757,-113.1077,0.04560,0.7015,0.2985,0.0000,True,True
46.6680,-19.4856,4.3817,-113.1480,0.04538,0.7004,0.2996,0.0000,True,True
46.6765,-19.4655,4.3877,-113.1883,0.04542,0.6993,0.3007,0.0000,True,True
46.6846,-19.4455,4.3937,-113.2286,0.04540,0.6982,0.3018,0.0000,True,True
46.6930,-19.4254,4.3997,-113.2689,0.04541,0.6971,0.3029,0.0000,True,True
46.7013,-19.4053,4.4057,-113.3091,0.04538,0.6959,0.3041,0.0000,True,True
46.7097,-19.3853,4.4116,-113.3493,0.04529,0.6948,0.3052,0.0000,True,True
46.7180,-19.3653,4.4176,-113.3893,0.04513,0.6937,0.3063,0.0000,True,True
46.7264,-19.3454,4.4236,-113.4293,0.04504,0.6926,0.3074,0.0000,True,True
46.7346,-19.3256,4.4295,-113.4691,0.04489,0.6915,0.3085,0.0000,True,True
46.7430,-19.3058,4.4354,-113.5088,0.04477,0.6904,0.3096,0.0000,True,True
46.7513,-19.2860,4.4413,-113.5484,0.04462,0.6893,0.3107,0.0000,True,True
46.7596,-19.2663,4.4472,-113.5879,0.04454,0.6881,0.3119,0.0000,True,True
46.7680,-19.2467,4.4530,-113.6273,0.04432,0.6870,0.3130,0.0000,True,True
46.7763,-19.2272,4.4589,-113.6665,0.04425,0.6859,0.3141,0.0000,True,True
46.7846,-19.2077,4.4647,-113.7056,0.04407,0.6848,0.3152,0.0000,True,True
46.7930,-19.1882,4.4705,-113.7446,0.04399,0.6837,0.3163,0.0000,True,True
46.8013,-19.1689,4.4763,-113.7835,0.04380,0.6827,0.3173,0.0000,True,True
46.8098,-19.1494,4.4821,-113.8224,0.04391,0.6816,0.3184,0.0000,True,True
46.8180,-19.1302,4.4878,-113.8610,0.04342,0.6805,0.3195,0.0000,True,True
46.8264,-19.1109,4.4936,-113.8999,0.04385,0.6794,0.3206,0.0000,True,True
46.8348,-19.0917,4.4993,-113.9383,0.04328,0.6783,0.3217,0.0000,True,True
46.8432,-19.0726,4.5050,-113.9766,0.04321,0.6772,0.3228,0.0000,True,True
46.8515,-19.0536,4.5108,-114.0147,0.04297,0.6761,0.3239,0.0000,True,True
46.8598,-19.0347,4.5167,-114.0527,0.04287,0.6751,0.3249,0.0000,True,True
46.8682,-19.0158,4.5227,-114.0906,0.04276,0.6740,0.3260,0.0000,True,True
46.8764,-18.9969,4.5286,-114.1284,0.04266,0.6729,0.3271,0.0000,True,True
46.8848,-18.9781,4.5345,-114.1661,0.04254,0.6718,0.3282,0.0000,True,True
46.8932,-18.9593,4.5404,-114.2040,0.04271,0.6708,0.3292,0.0000,True,True
46.9015,-18.9406,4.5463,-114.2415,0.04232,0.6697,0.3303,0.0000,True,True
46.9099,-18.9219,4.5521,-114.2789,0.04221,0.6686,0.3314,0.0000,True,True
46.9182,-18.9033,4.5580,-114.3162,0.04208,0.6676,0.3324,0.0000,True,True
46.9266,-18.8848,4.5638,-114.3534,0.04200,0.6665,0.3335,0.0000,True,True
46.9349,-18.8663,4.5696,-114.3905,0.04185,0.6655,0.3345,0.0000,True,True
46.9432,-18.8478,4.5754,-114.4275,0.04175,0.6644,0.3356,0.0000,True,True
46.9515,-18.8295,4.5812,-114.4644,0.04161,0.6634,0.3366,0.0000,True,True
46.9599,-18.8111,4.5869,-114.5012,0.04152,0.6623,0.3377,0.0000,True,True
46.9682,-18.7928,4.5926,-114.5379,0.04138,0.6613,0.3387,0.0000,True,True
46.9765,-18.7746,4.5984,-114.5745,0.04127,0.6602,0.3398,0.0000,True,True
46.9848,-18.7564,4.6041,-114.6109,0.04113,0.6592,0.3408,0.0000,True,True
46.9932,-18.7383,4.6098,-114.6473,0.04103,0.6581,0.3419,0.0000,True,True
47.0018,-18.7195,4.6157,-114.6850,0.04250,0.6570,0.3430,0.0000,True,True
47.0102,-18.7015,4.6213,-114.7211,0.04077,0.6560,0.3440,0.0000,True,True
47.0184,-18.6836,4.6269,-114.7571,0.04059,0.6550,0.3450,0.0000,True,True
47.0268,-18.6657,4.6326,-114.7930,0.04053,0.6540,0.3460,0.0000,True,True
47.0352,-18.6479,4.6381,-114.8287,0.04031,0.6529,0.3471,0.0000,True,True
47.0435,-18.6301,4.6437,-114.8644,0.04026,0.6519,0.3481,0.0000,True,True
47.0518,-18.6124,4.6493,-114.8999,0.04005,0.6509,0.3491,0.0000,True,True
47.0602,-18.5947,4.6548,-114.9354,0.04007,0.6499,0.3501,0.0000,True,True
47.0685,-18.5771,4.6604,-114.9707,0.03976,0.6488,0.3512,0.0000,True,True
47.0768,-18.5632,4.6647,-114.9985,0.03143,0.6480,0.3520,0.0000,True,True
47.0851,-18.5632,4.6647,-114.9985,0.00000,0.6480,0.3520,0.0000,True,True
47.0935,-18.5629,4.6648,-114.9990,0.00053,0.6480,0.3520,0.0000,True,True
47.1018,-18.5623,4.6649,-114.9998,0.00105,0.6480,0.3520,0.0000,True,True
47.1102,-18.5614,4.6651,-115.0011,0.00159,0.6480,0.3520,0.0000,True,True
47.1184,-18.5602,4.6654,-115.0028,0.00213,0.6479,0.3521,0.0000,True,True
47.1268,-18.5587,4.6657,-115.0050,0.00267,0.6479,0.3521,0.0000,True,True
47.1351,-18.5569,4.6661,-115.0076,0.00322,0.6478,0.3522,0.0000,True,True
47.1435,-18.5547,4.6666,-115.0107,0.00377,0.6477,0.3523,0.0000,True,True
47.1518,-18.5522,4.6672,-115.0142,0.00432,0.6476,0.3524,0.0000,True,True
47.1602,-18.5494,4.6678,-115.0181,0.00489,0.6475,0.3525,0.0000,True,True
47.1685,-18.5463,4.6685,-115.0226,0.00545,0.6474,0.3526,0.0000,True,True
47.1768,-18.5429,4.6692,-115.0274,0.00602,0.6472,0.3528,0.0000,True,True
47.1851,-18.5391,4.6701,-115.0328,0.00659,0.6471,0.3529,0.0000,True,True
47.1935,-18.5350,4.6710,-115.0386,0.00718,0.6469,0.3531,0.0000,True,True
47.2018,-18.5306,4.6720,-115.0449,0.00775,0.6467,0.3533,0.0000,True,True
47.2102,-18.5258,4.6730,-115.0517,0.00836,0.6465,0.3535,0.0000,True,True
47.2185,-18.5207,4.6742,-115.0589,0.00893,0.6463,0.3537,0.0000,True,True
47.2268,-18.5153,4.6754,-115.0666,0.00954,0.6461,0.3539,0.0000,True,True
47.2351,-18.5095,4.6766,-115.0749,0.01013,0.6458,0.3542,0.0000,True,True
47.2435,-18.5033,4.6780,-115.0836,0.01076,0.6456,0.3544,0.0000,True,True
47.2519,-18.4968,4.6795,-115.0928,0.01135,0.6453,0.3547,0.0000,True,True
47.2602,-18.4900,4.6810,-115.1025,0.01198,0.6450,0.3550,0.0000,True,True
47.2685,-18.4828,4.6826,-115.1127,0.01259,0.6448,0.3552,0.0000,True,True
47.2768,-18.4752,4.6842,-115.1234,0.01322,0.6444,0.3556,0.0000,True,True
47.2852,-18.4673,4.6860,-115.1346,0.01384,0.6441,0.3559,0.0000,True,True
47.2935,-18.4591,4.6878,-115.1464,0.01449,0.6438,0.3562,0.0000,True,True
47.3018,-18.4504,4.6898,-115.1587,0.01512,0.6434,0.3566,0.0000,True,True
47.3102,-18.4414,4.6918,-115.1715,0.01579,0.6431,0.3569,0.0000,True,True
47.3185,-18.4320,4.6938,-115.1848,0.01642,0.6427,0.3573,0.0000,True,True
47.3269,-18.4222,4.6960,-115.1986,0.01710,0.6423,0.3577,0.0000,True,True
47.3352,-18.4121,4.6983,-115.2130,0.01775,0.6419,0.3581,0.0000,True,True
47.3435,-18.4016,4.7006,-115.2280,0.01842,0.6414,0.3586,0.0000,True,True
47.3518,-18.3907,4.7030,-115.2434,0.01908,0.6410,0.3590,0.0000,True,True
47.3602,-18.3794,4.7055,-115.2595,0.01979,0.6405,0.3595,0.0000,True,True
47.3685,-18.3677,4.7081,-115.2761,0.02045,0.6400,0.3600,0.0000,True,True
47.3771,-18.3556,4.7108,-115.2932,0.02120,0.6395,0.3605,0.0000,True,True
47.3852,-18.3431,4.7136,-115.3110,0.02184,0.6390,0.3610,0.0000,True,True
47.3935,-18.3302,4.7164,-115.3292,0.02255,0.6385,0.3615,0.0000,True,True
47.4018,-18.3169,4.7194,-115.3481,0.02325,0.6379,0.3621,0.0000,True,True
47.4102,-18.3032,4.7224,-115.3675,0.02398,0.6374,0.3626,0.0000,True,True
47.4185,-18.2891,4.7256,-115.3876,0.02469,0.6368,0.3632,0.0000,True,True
47.4269,-18.2746,4.7288,-115.4082,0.02543,0.6362,0.3638,0.0000,True,True
47.4352,-18.2596,4.7321,-115.4294,0.02615,0.6356,0.3644,0.0000,True,True
47.4436,-18.2443,4.7355,-115.4512,0.02689,0.6350,0.3650,0.0000,True,True
47.4519,-18.2285,4.7390,-115.4736,0.02762,0.6343,0.3657,0.0000,True,True
47.4602,-18.2123,4.7426,-115.4966,0.02842,0.6336,0.3664,0.0000,True,True
47.4685,-18.1956,4.7463,-115.5203,0.02914,0.6330,0.3670,0.0000,True,True
47.4769,-18.1785,4.7501,-115.5445,0.02991,0.6322,0.3678,0.0000,True,True
47.4852,-18.1610,4.7540,-115.5694,0.03066,0.6315,0.3685,0.0000,True,True
47.4936,-18.1430,4.7580,-115.5949,0.03146,0.6308,0.3692,0.0000,True,True
47.5019,-18.1246,4.7621,-115.6210,0.03222,0.6300,0.3700,0.0000,True,True
47.5102,-18.1058,4.7663,-115.6478,0.03303,0.6292,0.3708,0.0000,True,True
47.5185,-18.0864,4.7706,-115.6752,0.03381,0.6285,0.3715,0.0000,True,True
47.5271,-18.0662,4.7751,-115.7040,0.03548,0.6276,0.3724,0.0000,True,True
47.5354,-18.0459,4.7796,-115.7327,0.03542,0.6268,0.3732,0.0000,True,True
47.5437,-18.0252,4.7842,-115.7621,0.03627,0.6259,0.3741,0.0000,True,True
47.5521,-18.0041,4.7889,-115.7921,0.03704,0.6250,0.3750,0.0000,True,True
47.5605,-17.9823,4.7937,-115.8230,0.03802,0.6241,0.3759,0.0000,True,True
47.5688,-17.9602,4.7986,-115.8543,0.03868,0.6232,0.3768,0.0000,True,True
47.5771,-17.9376,4.8036,-115.8864,0.03952,0.6223,0.3777,0.0000,True,True
47.5854,-17.9146,4.8087,-115.9191,0.04040,0.6213,0.3787,0.0000,True,True
47.5938,-17.8910,4.8140,-115.9526,0.04128,0.6204,0.3796,0.0000,True,True
47.6020,-17.8669,4.8193,-115.9867,0.04210,0.6194,0.3806,0.0000,True,True
47.6105,-17.8423,4.8249,-116.0216,0.04303,0.6183,0.3817,0.0000,True,True
47.6188,-17.8173,4.8307,-116.0572,0.04388,0.6173,0.3827,0.0000,True,True
47.6277,-17.7915,4.8366,-116.0938,0.04525,0.6162,0.3838,0.0000,True,True
47.6355,-17.7656,4.8426,-116.1306,0.04537,0.6152,0.3848,0.0000,True,True
47.6439,-17.7396,4.8485,-116.1674,0.04542,0.6141,0.3859,0.0000,True,True
47.6521,-17.7137,4.8545,-116.2042,0.04536,0.6130,0.3870,0.0000,True,True
47.6605,-17.6878,4.8605,-116.2410,0.04543,0.6119,0.3881,0.0000,True,True
47.6689,-17.6617,4.8665,-116.2779,0.04563,0.6108,0.3892,0.0000,True,True
47.6772,-17.6358,4.8724,-116.3147,0.04541,0.6098,0.3902,0.0000,True,True
47.6855,-17.6099,4.8784,-116.3515,0.04538,0.6087,0.3913,0.0000,True,True
47.6939,-17.5839,4.8844,-116.3883,0.04542,0.6076,0.3924,0.0000,True,True
47.7023,-17.5580,4.8904,-116.4251,0.04540,0.6065,0.3935,0.0000,True,True
47.7105,-17.5321,4.8963,-116.4619,0.04540,0.6054,0.3946,0.0000,True,True
47.7189,-17.5062,4.9023,-116.4987,0.04543,0.6044,0.3956,0.0000,True,True
47.7273,-17.4803,4.9083,-116.5355,0.04537,0.6033,0.3967,0.0000,True,True
47.7356,-17.4543,4.9142,-116.5723,0.04539,0.6022,0.3978,0.0000,True,True
47.7439,-17.4284,4.9202,-116.6091,0.04541,0.6011,0.3989,0.0000,True,True
47.7522,-17.4025,4.9262,-116.6458,0.04538,0.6000,0.4000,0.0000,True,True
47.7605,-17.3766,4.9321,-116.6826,0.04543,0.5989,0.4011,0.0000,True,True
47.7688,-17.3507,4.9381,-116.7194,0.04539,0.5979,0.4021,0.0000,True,True
47.7773,-17.3247,4.9441,-116.7562,0.04540,0.5968,0.4032,0.0000,True,True
47.7856,-17.2988,4.9500,-116.7930,0.04538,0.5957,0.4043,0.0000,True,True
47.7939,-17.2729,4.9560,-116.8298,0.04542,0.5946,0.4054,0.0000,True,True
47.8022,-17.2470,4.9620,-116.8666,0.04539,0.5935,0.4065,0.0000,True,True
47.8105,-17.2210,4.9679,-116.9034,0.04540,0.5924,0.4076,0.0000,True,True
47.8189,-17.1951,4.9739,-116.9401,0.04538,0.5913,0.4087,0.0000,True,True
47.8272,-17.1692,4.9799,-116.9769,0.04541,0.5903,0.4097,0.0000,True,True
47.8357,-17.1433,4.9859,-117.0137,0.04538,0.5892,0.4108,0.0000,True,True
47.8439,-17.1174,4.9918,-117.0505,0.04542,0.5881,0.4119,0.0000,True,True
47.8522,-17.0914,4.9978,-117.0873,0.04540,0.5870,0.4130,0.0000,True,True
47.8606,-17.0655,5.0038,-117.1241,0.04542,0.5859,0.4141,0.0000,True,True
47.8688,-17.0396,5.0097,-117.1609,0.04538,0.5848,0.4152,0.0000,True,True
47.8773,-17.0137,5.0157,-117.1977,0.04541,0.5837,0.4163,0.0000,True,True
47.8860,-16.9876,5.0217,-117.2346,0.04558,0.5826,0.4174,0.0000,True,True
47.8940,-16.9617,5.0277,-117.2714,0.04543,0.5815,0.4185,0.0000,True,True
47.9022,-16.9358,5.0336,-117.3082,0.04536,0.5804,0.4196,0.0000,True,True
47.9106,-16.9099,5.0396,-117.3450,0.04543,0.5794,0.4206,0.0000,True,True
47.9189,-16.8840,5.0456,-117.3818,0.04537,0.5783,0.4217,0.0000,True,True
47.9272,-16.8580,5.0515,-117.4186,0.04542,0.5772,0.4228,0.0000,True,True
47.9356,-16.8321,5.0575,-117.4553,0.04537,0.5761,0.4239,0.0000,True,True
47.9440,-16.8062,5.0635,-117.4921,0.04542,0.5750,0.4250,0.0000,True,True
47.9523,-16.7803,5.0694,-117.5289,0.04538,0.5739,0.4261,0.0000,True,True
47.9606,-16.7543,5.0754,-117.5657,0.04541,0.5728,0.4272,0.0000,True,True
47.9689,-16.7284,5.0814,-117.6025,0.04538,0.5717,0.4283,0.0000,True,True
47.9773,-16.7025,5.0874,-117.6393,0.04542,0.5706,0.4294,0.0000,True,True
47.9857,-16.6766,5.0933,-117.6761,0.04539,0.5695,0.4305,0.0000,True,True
47.9945,-16.6505,5.0993,-117.7131,0.04571,0.5684,0.4316,0.0000,True,True
48.0023,-16.6246,5.1053,-117.7498,0.04530,0.5673,0.4327,0.0000,True,True
48.0107,-16.5987,5.1113,-117.7866,0.04541,0.5662,0.4338,0.0000,True,True
48.0190,-16.5728,5.1172,-117.8234,0.04539,0.5651,0.4349,0.0000,True,True
48.0273,-16.5468,5.1232,-117.8602,0.04541,0.5640,0.4360,0.0000,True,True
48.0356,-16.5209,5.1292,-117.8970,0.04538,0.5629,0.4371,0.0000,True,True
48.0440,-16.4950,5.1351,-117.9338,0.04542,0.5618,0.4382,0.0000,True,True
48.0523,-16.4691,5.1411,-117.9705,0.04536,0.5608,0.4392,0.0000,True,True
48.0606,-16.4432,5.1471,-118.0073,0.04542,0.5597,0.4403,0.0000,True,True
48.0689,-16.4173,5.1532,-118.0441,0.04540,0.5586,0.4414,0.0000,True,True
48.0773,-16.3913,5.1593,-118.0809,0.04545,0.5575,0.4425,0.0000,True,True
48.0857,-16.3654,5.1655,-118.1177,0.04540,0.5564,0.4436,0.0000,True,True
48.0940,-16.3395,5.1716,-118.1545,0.04542,0.5553,0.4447,0.0000,True,True
48.1023,-16.3136,5.1777,-118.1913,0.04542,0.5542,0.4458,0.0000,True,True
48.1107,-16.2876,5.1838,-118.2281,0.04543,0.5531,0.4469,0.0000,True,True
48.1190,-16.2617,5.1899,-118.2648,0.04539,0.5520,0.4480,0.0000,True,True
48.1273,-16.2358,5.1960,-118.3016,0.04544,0.5509,0.4491,0.0000,True,True
48.1356,-16.2099,5.2022,-118.3384,0.04541,0.5498,0.4502,0.0000,True,True
48.1440,-16.1840,5.2083,-118.3752,0.04543,0.5487,0.4513,0.0000,True,True
48.1524,-16.1580,5.2144,-118.4120,0.04539,0.5476,0.4524,0.0000,True,True
48.1606,-16.1321,5.2205,-118.4488,0.04545,0.5465,0.4535,0.0000,True,True
48.1690,-16.1063,5.2266,-118.4855,0.04529,0.5454,0.4546,0.0000,True,True
48.1773,-16.0805,5.2327,-118.5221,0.04522,0.5443,0.4557,0.0000,True,True
48.1860,-16.0547,5.2388,-118.5587,0.04518,0.5432,0.4568,0.0000,True,True
48.1945,-16.0286,5.2449,-118.5957,0.04570,0.5421,0.4579,0.0000,True,True
48.2025,-16.0030,5.2510,-118.6320,0.04484,0.5410,0.4590,0.0000,True,True
48.2108,-15.9774,5.2570,-118.6683,0.04476,0.5399,0.4601,0.0000,True,True
48.2191,-15.9519,5.2630,-118.7045,0.04469,0.5388,0.4612,0.0000,True,True
48.2275,-15.9265,5.2690,-118.7405,0.04448,0.5378,0.4622,0.0000,True,True
48.2359,-15.9012,5.2750,-118.7765,0.04444,0.5367,0.4633,0.0000,True,True
48.2443,-15.8759,5.2810,-118.8124,0.04430,0.5356,0.4644,0.0000,True,True
48.2525,-15.8507,5.2869,-118.8482,0.04417,0.5345,0.4655,0.0000,True,True
48.2610,-15.8255,5.2928,-118.8839,0.04405,0.5335,0.4665,0.0000,True,True
48.2692,-15.8005,5.2988,-118.9194,0.04391,0.5324,0.4676,0.0000,True,True
48.2775,-15.7755,5.3047,-118.9549,0.04383,0.5313,0.4687,0.0000,True,True
48.2858,-15.7505,5.3105,-118.9903,0.04367,0.5303,0.4697,0.0000,True,True
48.2942,-15.7257,5.3164,-119.0256,0.04357,0.5292,0.4708,0.0000,True,True
48.3025,-15.7009,5.3223,-119.0608,0.04344,0.5282,0.4718,0.0000,True,True
48.3108,-15.6762,5.3281,-119.0958,0.04331,0.5271,0.4729,0.0000,True,True
48.3192,-15.6515,5.3339,-119.1308,0.04318,0.5261,0.4739,0.0000,True,True
48.3275,-15.6269,5.3397,-119.1657,0.04307,0.5250,0.4750,0.0000,True,True
48.3359,-15.6024,5.3455,-119.2005,0.04292,0.5240,0.4760,0.0000,True,True
48.3441,-15.5780,5.3513,-119.2351,0.04279,0.5229,0.4771,0.0000,True,True
48.3525,-15.5537,5.3570,-119.2697,0.04265,0.5219,0.4781,0.0000,True,True
48.3608,-15.5294,5.3627,-119.3042,0.04256,0.5209,0.4791,0.0000,True,True
48.3691,-15.5052,5.3684,-119.3385,0.04237,0.5198,0.4802,0.0000,True,True
48.3776,-15.4811,5.3741,-119.3727,0.04229,0.5188,0.4812,0.0000,True,True
48.3859,-15.4570,5.3798,-119.4068,0.04210,0.5178,0.4822,0.0000,True,True
48.3942,-15.4331,5.3855,-119.4409,0.04201,0.5168,0.4832,0.0000,True,True
48.4025,-15.4092,5.3911,-119.4747,0.04182,0.5158,0.4842,0.0000,True,True
48.4108,-15.3854,5.3967,-119.5085,0.04172,0.5147,0.4853,0.0000,True,True
48.4191,-15.3617,5.4023,-119.5422,0.04155,0.5137,0.4863,0.0000,True,True
48.4275,-15.3380,5.4079,-119.5757,0.04143,0.5127,0.4873,0.0000,True,True
48.4359,-15.3145,5.4134,-119.6091,0.04125,0.5117,0.4883,0.0000,True,True
48.4442,-15.2910,5.4190,-119.6425,0.04114,0.5107,0.4893,0.0000,True,True
48.4525,-15.2676,5.4245,-119.6756,0.04095,0.5097,0.4903,0.0000,True,True
48.4608,-15.2443,5.4300,-119.7087,0.04086,0.5087,0.4913,0.0000,True,True
48.4691,-15.2211,5.4355,-119.7417,0.04065,0.5077,0.4923,0.0000,True,True
48.4775,-15.1980,5.4409,-119.7745,0.04055,0.5068,0.4932,0.0000,True,True
48.4859,-15.1749,5.4464,-119.8072,0.04036,0.5058,0.4942,0.0000,True,True
48.4942,-15.1520,5.4518,-119.8398,0.04023,0.5048,0.4952,0.0000,True,True
48.5025,-15.1291,5.4572,-119.8722,0.04004,0.5038,0.4962,0.0000,True,True
48.5109,-15.1063,5.4626,-119.9046,0.03993,0.5029,0.4971,0.0000,True,True
48.5191,-15.0836,5.4679,-119.9367,0.03973,0.5019,0.4981,0.0000,True,True
48.5275,-15.0610,5.4733,-119.9688,0.03960,0.5009,0.4991,0.0000,True,True
48.5358,-15.0391,5.4784,-120.0000,0.03849,0.5000,0.5000,0.0000,True,True
48.5442,-15.0391,5.4784,-120.0000,0.00000,0.5000,0.5000,0.0000,True,True
49.0218,-15.0387,5.4785,-120.0004,0.00052,0.5000,0.5000,0.0000,True,True
49.0302,-15.0381,5.4786,-120.0012,0.00105,0.5000,0.5000,0.0000,True,True
49.0385,-15.0371,5.4788,-120.0024,0.00158,0.4999,0.5001,0.0000,True,True
49.0469,-15.0358,5.4791,-120.0041,0.00213,0.4999,0.5001,0.0000,True,True
49.0551,-15.0341,5.4795,-120.0061,0.00267,0.4998,0.5002,0.0000,True,True
49.0636,-15.0321,5.4799,-120.0086,0.00323,0.4997,0.5003,0.0000,True,True
49.0719,-15.0298,5.4804,-120.0115,0.00377,0.4997,0.5003,0.0000,True,True
49.0802,-15.0271,5.4809,-120.0149,0.00432,0.4996,0.5004,0.0000,True,True
49.0885,-15.0240,5.4816,-120.0186,0.00489,0.4994,0.5006,0.0000,True,True
49.0970,-15.0206,5.4823,-120.0228,0.00546,0.4993,0.5007,0.0000,True,True
49.1052,-15.0169,5.4831,-120.0275,0.00602,0.4992,0.5008,0.0000,True,True
49.1137,-15.0127,5.4839,-120.0326,0.00661,0.4990,0.5010,0.0000,True,True
49.1219,-15.0083,5.4849,-120.0381,0.00718,0.4989,0.5011,0.0000,True,True
49.1304,-15.0034,5.4859,-120.0441,0.00779,0.4987,0.5013,0.0000,True,True
49.1386,-14.9982,5.4870,-120.0506,0.00836,0.4985,0.5015,0.0000,True,True
49.1469,-14.9926,5.4881,-120.0575,0.00896,0.4983,0.5017,0.0000,True,True
49.1552,-14.9867,5.4894,-120.0648,0.00956,0.4981,0.5019,0.0000,True,True
49.1636,-14.9803,5.4907,-120.0727,0.01017,0.4978,0.5022,0.0000,True,True
49.1719,-14.9736,5.4921,-120.0810,0.01077,0.4976,0.5024,0.0000,True,True
49.1803,-14.9665,5.4936,-120.0898,0.01140,0.4973,0.5027,0.0000,True,True
49.1885,-14.9590,5.4951,-120.0991,0.01201,0.4970,0.5030,0.0000,True,True
49.1971,-14.9512,5.4968,-120.1088,0.01264,0.4967,0.5033,0.0000,True,True
49.2052,-14.9429,5.4985,-120.1190,0.01327,0.4964,0.5036,0.0000,True,True
49.2136,-14.9342,5.5003,-120.1298,0.01392,0.4961,0.5039,0.0000,True,True
49.2219,-14.9252,5.5022,-120.1410,0.01455,0.4958,0.5042,0.0000,True,True
49.2303,-14.9157,5.5042,-120.1527,0.01521,0.4954,0.5046,0.0000,True,True
49.2386,-14.9058,5.5062,-120.1650,0.01585,0.4951,0.5049,0.0000,True,True
49.2470,-14.8955,5.5084,-120.1777,0.01653,0.4947,0.5053,0.0000,True,True
49.2552,-14.8848,5.5106,-120.1910,0.01719,0.4943,0.5057,0.0000,True,True
49.2637,-14.8737,5.5129,-120.2048,0.01786,0.4939,0.5061,0.0000,True,True
49.2719,-14.8621,5.5154,-120.2190,0.01854,0.4934,0.5066,0.0000,True,True
49.2803,-14.8501,5.5179,-120.2339,0.01924,0.4930,0.5070,0.0000,True,True
49.2885,-14.8377,5.5204,-120.2492,0.01991,0.4925,0.5075,0.0000,True,True
49.2969,-14.8249,5.5231,-120.2652,0.02062,0.4920,0.5080,0.0000,True,True
49.3052,-14.8116,5.5259,-120.2816,0.02131,0.4916,0.5084,0.0000,True,True
49.3137,-14.7979,5.5288,-120.2986,0.02203,0.4910,0.5090,0.0000,True,True
49.3218,-14.7837,5.5317,-120.3161,0.02274,0.4905,0.5095,0.0000,True,True
49.3304,-14.7690,5.5348,-120.3343,0.02360,0.4900,0.5100,0.0000,True,True
49.3386,-14.7539,5.5379,-120.3530,0.02417,0.4894,0.5106,0.0000,True,True
49.3471,-14.7384,5.5412,-120.3722,0.02495,0.4888,0.5112,0.0000,True,True
49.3553,-14.7224,5.5445,-120.3920,0.02564,0.4882,0.5118,0.0000,True,True
49.3640,-14.7057,5.5480,-120.4127,0.02684,0.4876,0.5124,0.0000,True,True
49.3719,-14.6890,5.5515,-120.4333,0.02672,0.4870,0.5130,0.0000,True,True
49.3805,-14.6713,5.5552,-120.4553,0.02847,0.4863,0.5137,0.0000,True,True
49.3888,-14.6534,5.5589,-120.4774,0.02869,0.4857,0.5143,0.0000,True,True
49.3973,-14.6351,5.5627,-120.5001,0.02951,0.4850,0.5150,0.0000,True,True
49.4054,-14.6162,5.5666,-120.5235,0.03023,0.4843,0.5157,0.0000,True,True
49.4143,-14.5964,5.5708,-120.5480,0.03186,0.4836,0.5164,0.0000,True,True
49.4223,-14.5765,5.5749,-120.5726,0.03182,0.4828,0.5172,0.0000,True,True
49.4316,-14.5560,5.5792,-120.5980,0.03300,0.4821,0.5179,0.0000,True,True
49.4391,-14.5352,5.5836,-120.6238,0.03342,0.4813,0.5187,0.0000,True,True
49.4481,-14.5122,5.5884,-120.6523,0.03693,0.4804,0.5196,0.0000,True,True
49.4564,-14.4903,5.5929,-120.6794,0.03509,0.4796,0.5204,0.0000,True,True
49.4647,-14.4679,5.5976,-120.7071,0.03593,0.4788,0.5212,0.0000,True,True
49.4731,-14.4450,5.6024,-120.7354,0.03677,0.4779,0.5221,0.0000,True,True
49.4814,-14.4216,5.6073,-120.7644,0.03760,0.4771,0.5229,0.0000,True,True
49.4897,-14.3976,5.6123,-120.7941,0.03845,0.4762,0.5238,0.0000,True,True
49.4980,-14.3731,5.6174,-120.8244,0.03931,0.4753,0.5247,0.0000,True,True
49.5064,-14.3481,5.6226,-120.8554,0.04017,0.4743,0.5257,0.0000,True,True
49.5147,-14.3225,5.6279,-120.8870,0.04102,0.4734,0.5266,0.0000,True,True
49.5231,-14.2964,5.6334,-120.9193,0.04191,0.4724,0.5276,0.0000,True,True
49.5314,-14.2698,5.6389,-120.9523,0.04278,0.4714,0.5286,0.0000,True,True
49.5397,-14.2425,5.6446,-120.9860,0.04369,0.4704,0.5296,0.0000,True,True
49.5481,-14.2148,5.6504,-121.0204,0.04456,0.4694,0.5306,0.0000,True,True
49.5564,-14.1865,5.6563,-121.0554,0.04539,0.4684,0.5316,0.0000,True,True
49.5647,-14.1582,5.6622,-121.0904,0.04538,0.4673,0.5327,0.0000,True,True
49.5731,-14.1299,5.6681,-121.1254,0.04538,0.4663,0.5337,0.0000,True,True
49.5814,-14.1017,5.6740,-121.1604,0.04539,0.4652,0.5348,0.0000,True,True
49.5899,-14.0734,5.6799,-121.1955,0.04540,0.4642,0.5358,0.0000,True,True
49.5981,-14.0451,5.6858,-121.2305,0.04538,0.4631,0.5369,0.0000,True,True
49.6064,-14.0168,5.6917,-121.2655,0.04537,0.4621,0.5379,0.0000,True,True
49.6149,-13.9885,5.6976,-121.3005,0.04538,0.4610,0.5390,0.0000,True,True
49.6230,-13.9603,5.7035,-121.3355,0.04539,0.4600,0.5400,0.0000,True,True
49.6315,-13.9320,5.7094,-121.3705,0.04542,0.4589,0.5411,0.0000,True,True
49.6398,-13.9037,5.7153,-121.4055,0.04537,0.4579,0.5421,0.0000,True,True
49.6481,-13.8754,5.7212,-121.4405,0.04540,0.4568,0.5432,0.0000,True,True
49.6564,-13.8471,5.7271,-121.4755,0.04538,0.4558,0.5442,0.0000,True,True
49.6649,-13.8189,5.7330,-121.5105,0.04538,0.4547,0.5453,0.0000,True,True
49.6731,-13.7906,5.7389,-121.5455,0.04538,0.4537,0.5463,0.0000,True,True
49.6814,-13.7623,5.7448,-121.5806,0.04540,0.4526,0.5474,0.0000,True,True
49.6898,-13.7340,5.7507,-121.6156,0.04538,0.4516,0.5484,0.0000,True,True
49.6983,-13.7058,5.7566,-121.6506,0.04539,0.4506,0.5494,0.0000,True,True
49.7064,-13.6775,5.7625,-121.6856,0.04538,0.4495,0.5505,0.0000,True,True
49.7147,-13.6492,5.7684,-121.7206,0.04539,0.4485,0.5515,0.0000,True,True
49.7231,-13.6209,5.7743,-121.7556,0.04538,0.4474,0.5526,0.0000,True,True
49.7314,-13.5926,5.7802,-121.7906,0.04538,0.4464,0.5536,0.0000,True,True
49.7398,-13.5643,5.7861,-121.8257,0.04546,0.4453,0.5547,0.0000,True,True
49.7481,-13.5361,5.7920,-121.8606,0.04532,0.4443,0.5557,0.0000,True,True
49.7564,-13.5078,5.7979,-121.8956,0.04538,0.4432,0.5568,0.0000,True,True
49.7647,-13.4795,5.8038,-121.9306,0.04538,0.4422,0.5578,0.0000,True,True
49.7731,-13.4513,5.8097,-121.9656,0.04538,0.4412,0.5588,0.0000,True,True
49.7816,-13.4230,5.8156,-122.0006,0.04538,0.4401,0.5599,0.0000,True,True
49.7899,-13.3947,5.8215,-122.0357,0.04545,0.4391,0.5609,0.0000,True,True
49.7982,-13.3664,5.8274,-122.0707,0.04534,0.4380,0.5620,0.0000,True,True
49.8065,-13.3381,5.8333,-122.1058,0.04550,0.4370,0.5630,0.0000,True,True
49.8148,-13.3098,5.8392,-122.1407,0.04536,0.4359,0.5641,0.0000,True,True
49.8231,-13.2815,5.8452,-122.1758,0.04539,0.4349,0.5651,0.0000,True,True
49.8314,-13.2532,5.8511,-122.2108,0.04538,0.4339,0.5662,0.0000,True,True
49.8398,-13.2250,5.8570,-122.2458,0.04539,0.4328,0.5672,0.0000,True,True
49.8482,-13.1967,5.8629,-122.2808,0.04540,0.4318,0.5682,0.0000,True,True
49.8564,-13.1684,5.8688,-122.3158,0.04539,0.4307,0.5693,0.0000,True,True
49.8648,-13.1401,5.8747,-122.3508,0.04538,0.4297,0.5703,0.0000,True,True
49.8731,-13.1119,5.8806,-122.3858,0.04538,0.4286,0.5714,0.0000,True,True
49.8814,-13.0836,5.8866,-122.4208,0.04540,0.4276,0.5724,0.0000,True,True
49.8898,-13.0553,5.8925,-122.4558,0.04539,0.4266,0.5734,0.0000,True,True
49.8981,-13.0270,5.8984,-122.4908,0.04538,0.4255,0.5745,0.0000,True,True
49.9065,-12.9985,5.9044,-122.5261,0.04577,0.4245,0.5755,0.0000,True,True
49.9149,-12.9702,5.9103,-122.5611,0.04538,0.4234,0.5766,0.0000,True,True
49.9231,-12.9420,5.9162,-122.5961,0.04539,0.4224,0.5776,0.0000,True,True
49.9315,-12.9137,5.9221,-122.6311,0.04538,0.4214,0.5786,0.0000,True,True
49.9399,-12.8853,5.9280,-122.6663,0.04561,0.4203,0.5797,0.0000,True,True
49.9482,-12.8571,5.9339,-122.7012,0.04525,0.4193,0.5807,0.0000,True,True
49.9566,-12.8288,5.9399,-122.7363,0.04544,0.4182,0.5818,0.0000,True,True
49.9648,-12.8005,5.9458,-122.7713,0.04539,0.4172,0.5828,0.0000,True,True
49.9732,-12.7722,5.9517,-122.8063,0.04538,0.4162,0.5838,0.0000,True,True
49.9815,-12.7439,5.9576,-122.8413,0.04539,0.4151,0.5849,0.0000,True,True
49.9899,-12.7157,5.9635,-122.8763,0.04539,0.4141,0.5859,0.0000,True,True
49.9982,-12.6874,5.9694,-122.9113,0.04539,0.4131,0.5869,0.0000,True,True
50.0065,-12.6591,5.9754,-122.9463,0.04539,0.4120,0.5880,0.0000,True,True
50.0149,-12.6308,5.9813,-122.9813,0.04539,0.4110,0.5890,0.0000,True,True
50.0232,-12.6025,5.9872,-123.0163,0.04538,0.4099,0.5901,0.0000,True,True
50.0315,-12.5743,5.9931,-123.0513,0.04540,0.4089,0.5911,0.0000,True,True
50.0398,-12.5460,5.9990,-123.0863,0.04538,0.4079,0.5921,0.0000,True,True
50.0482,-12.5177,6.0049,-123.1213,0.04538,0.4068,0.5932,0.0000,True,True
50.0565,-12.4894,6.0108,-123.1563,0.04538,0.4058,0.5942,0.0000,True,True
50.0649,-12.4611,6.0168,-123.1914,0.04540,0.4048,0.5952,0.0000,True,True
50.0732,-12.4329,6.0227,-123.2264,0.04538,0.4037,0.5963,0.0000,True,True
50.0815,-12.4046,6.0286,-123.2614,0.04540,0.4027,0.5973,0.0000,True,True
50.0898,-12.3763,6.0345,-123.2964,0.04537,0.4017,0.5983,0.0000,True,True
50.0982,-12.3480,6.0404,-123.3314,0.04540,0.4007,0.5994,0.0000,True,True
50.1065,-12.3198,6.0463,-123.3664,0.04537,0.3996,0.6004,0.0000,True,True
50.1148,-12.2915,6.0522,-123.4014,0.04540,0.3986,0.6014,0.0000,True,True
50.1232,-12.2632,6.0582,-123.4364,0.04539,0.3976,0.6024,0.0000,True,True
50.1315,-12.2349,6.0641,-123.4714,0.04538,0.3965,0.6035,0.0000,True,True
50.1398,-12.2066,6.0700,-123.5064,0.04540,0.3955,0.6045,0.0000,True,True
50.1482,-12.1784,6.0759,-123.5414,0.04539,0.3945,0.6055,0.0000,True,True
50.1569,-12.1492,6.0820,-123.5775,0.04683,0.3934,0.6066,0.0000,True,True
50.1652,-12.1211,6.0879,-123.6123,0.04510,0.3924,0.6076,0.0000,True,True
50.1735,-12.0931,6.0937,-123.6470,0.04495,0.3914,0.6086,0.0000,True,True
50.1818,-12.0652,6.0996,-123.6816,0.04483,0.3904,0.6096,0.0000,True,True
50.1901,-12.0373,6.1054,-123.7160,0.04468,0.3893,0.6107,0.0000,True,True
50.1985,-12.0096,6.1112,-123.7504,0.04455,0.3883,0.6117,0.0000,True,True
50.2068,-11.9819,6.1170,-123.7846,0.04439,0.3873,0.6127,0.0000,True,True
50.2152,-11.9543,6.1228,-123.8188,0.04427,0.3863,0.6137,0.0000,True,True
50.2235,-11.9268,6.1285,-123.8528,0.04412,0.3853,0.6147,0.0000,True,True
50.2319,-11.8994,6.1342,-123.8867,0.04396,0.3843,0.6157,0.0000,True,True
50.2402,-11.8722,6.1400,-123.9205,0.04380,0.3833,0.6167,0.0000,True,True
50.2485,-11.8450,6.1456,-123.9542,0.04366,0.3824,0.6176,0.0000,True,True
50.2568,-11.8178,6.1513,-123.9877,0.04351,0.3814,0.6186,0.0000,True,True
50.2652,-11.7908,6.1569,-124.0212,0.04338,0.3804,0.6196,0.0000,True,True
50.2735,-11.7639,6.1625,-124.0545,0.04319,0.3794,0.6206,0.0000,True,True
50.2818,-11.7371,6.1681,-124.0877,0.04303,0.3785,0.6215,0.0000,True,True
50.2901,-11.7104,6.1736,-124.1208,0.04289,0.3775,0.6225,0.0000,True,True
50.2985,-11.6838,6.1792,-124.1537,0.04272,0.3765,0.6235,0.0000,True,True
50.3068,-11.6572,6.1847,-124.1866,0.04255,0.3756,0.6244,0.0000,True,True
50.3152,-11.6308,6.1901,-124.2193,0.04239,0.3746,0.6254,0.0000,True,True
50.3235,-11.6045,6.1956,-124.2518,0.04221,0.3737,0.6263,0.0000,True,True
50.3318,-11.5783,6.2010,-124.2843,0.04204,0.3727,0.6273,0.0000,True,True
50.3401,-11.5522,6.2064,-124.3166,0.04189,0.3718,0.6282,0.0000,True,True
50.3485,-11.5262,6.2118,-124.3487,0.04172,0.3709,0.6291,0.0000,True,True
50.3568,-11.5004,6.2172,-124.3808,0.04153,0.3699,0.6301,0.0000,True,True
50.3652,-11.4746,6.2226,-124.4127,0.04138,0.3690,0.6310,0.0000,True,True
50.3735,-11.4489,6.2279,-124.4445,0.04122,0.3681,0.6319,0.0000,True,True
50.3818,-11.4233,6.2332,-124.4761,0.04100,0.3672,0.6328,0.0000,True,True
50.3901,-11.3979,6.2385,-124.5076,0.04085,0.3662,0.6338,0.0000,True,True
50.3985,-11.3725,6.2437,-124.5390,0.04067,0.3653,0.6347,0.0000,True,True
50.4068,-11.3473,6.2490,-124.5702,0.04047,0.3644,0.6356,0.0000,True,True
50.4152,-11.3222,6.2542,-124.6013,0.04029,0.3635,0.6365,0.0000,True,True
50.4235,-11.2972,6.2594,-124.6323,0.04014,0.3626,0.6374,0.0000,True,True
50.4319,-11.2723,6.2645,-124.6631,0.03993,0.3617,0.6383,0.0000,True,True
50.4402,-11.2476,6.2697,-124.6937,0.03974,0.3608,0.6392,0.0000,True,True
50.4485,-11.2229,6.2748,-124.7242,0.03953,0.3600,0.6400,0.0000,True,True
50.4569,-11.1984,6.2799,-124.7546,0.03936,0.3591,0.6409,0.0000,True,True
50.4652,-11.1740,6.2849,-124.7848,0.03916,0.3582,0.6418,0.0000,True,True
50.4735,-11.1497,6.2900,-124.8148,0.03897,0.3573,0.6427,0.0000,True,True
50.4818,-11.1256,6.2950,-124.8448,0.03878,0.3565,0.6435,0.0000,True,True
50.4902,-11.1015,6.3000,-124.8745,0.03858,0.3556,0.6444,0.0000,True,True
50.4985,-11.0776,6.3049,-124.9041,0.03838,0.3548,0.6452,0.0000,True,True
50.5068,-11.0538,6.3099,-124.9336,0.03818,0.3539,0.6461,0.0000,True,True
50.5152,-11.0302,6.3148,-124.9629,0.03797,0.3531,0.6469,0.0000,True,True
50.5235,-11.0066,6.3197,-124.9920,0.03778,0.3522,0.6478,0.0000,True,True
50.5318,-11.0066,6.3197,-124.9920,0.00000,0.3522,0.6478,0.0000,True,True
50.5402,-11.0063,6.3197,-124.9924,0.00052,0.3522,0.6478,0.0000,True,True
50.5485,-11.0056,6.3199,-124.9932,0.00106,0.3522,0.6478,0.0000,True,True
50.5568,-11.0047,6.3201,-124.9945,0.00159,0.3522,0.6478,0.0000,True,True
50.5652,-11.0033,6.3203,-124.9961,0.00213,0.3521,0.6479,0.0000,True,True
50.5736,-11.0017,6.3207,-124.9982,0.00267,0.3521,0.6479,0.0000,True,True
50.5818,-10.9997,6.3211,-125.0006,0.00322,0.3520,0.6480,0.0000,True,True
50.5902,-10.9973,6.3216,-125.0035,0.00377,0.3519,0.6481,0.0000,True,True
50.5986,-10.9946,6.3222,-125.0069,0.00432,0.3518,0.6482,0.0000,True,True
50.6068,-10.9916,6.3228,-125.0106,0.00489,0.3517,0.6483,0.0000,True,True
50.6152,-10.9882,6.3235,-125.0149,0.00546,0.3516,0.6484,0.0000,True,True
50.6235,-10.9844,6.3243,-125.0195,0.00602,0.3514,0.6486,0.0000,True,True
50.6319,-10.9803,6.3251,-125.0246,0.00661,0.3513,0.6487,0.0000,True,True
50.6402,-10.9758,6.3261,-125.0301,0.00719,0.3511,0.6489,0.0000,True,True
50.6485,-10.9710,6.3271,-125.0361,0.00777,0.3510,0.6490,0.0000,True,True
50.6569,-10.9658,6.3281,-125.0426,0.00837,0.3508,0.6492,0.0000,True,True
50.6652,-10.9602,6.3293,-125.0495,0.00896,0.3506,0.6494,0.0000,True,True
50.6735,-10.9542,6.3305,-125.0569,0.00956,0.3504,0.6496,0.0000,True,True
50.6819,-10.9479,6.3319,-125.0647,0.01018,0.3501,0.6499,0.0000,True,True
50.6902,-10.9412,6.3332,-125.0731,0.01079,0.3499,0.6501,0.0000,True,True
50.6985,-10.9341,6.3347,-125.0819,0.01140,0.3496,0.6504,0.0000,True,True
50.7068,-10.9266,6.3363,-125.0911,0.01203,0.3494,0.6506,0.0000,True,True
50.7152,-10.9187,6.3379,-125.1009,0.01265,0.3491,0.6509,0.0000,True,True
50.7236,-10.9104,6.3396,-125.1111,0.01329,0.3488,0.6512,0.0000,True,True
50.7319,-10.9017,6.3414,-125.1219,0.01394,0.3485,0.6515,0.0000,True,True
50.7402,-10.8926,6.3433,-125.1331,0.01456,0.3482,0.6518,0.0000,True,True
50.7485,-10.8832,6.3453,-125.1449,0.01521,0.3478,0.6522,0.0000,True,True
50.7568,-10.8733,6.3473,-125.1571,0.01587,0.3475,0.6525,0.0000,True,True
50.7652,-10.8630,6.3495,-125.1698,0.01653,0.3471,0.6529,0.0000,True,True
50.7736,-10.8523,6.3517,-125.1831,0.01720,0.3467,0.6533,0.0000,True,True
50.7818,-10.8411,6.3540,-125.1969,0.01786,0.3463,0.6537,0.0000,True,True
50.7902,-10.8296,6.3564,-125.2112,0.01854,0.3459,0.6541,0.0000,True,True
50.7985,-10.8176,6.3589,-125.2260,0.01923,0.3455,0.6545,0.0000,True,True
50.8068,-10.8052,6.3615,-125.2414,0.01992,0.3451,0.6549,0.0000,True,True
50.8152,-10.7923,6.3641,-125.2573,0.02060,0.3446,0.6554,0.0000,True,True
50.8235,-10.7791,6.3669,-125.2737,0.02131,0.3441,0.6559,0.0000,True,True
50.8318,-10.7653,6.3697,-125.2907,0.02201,0.3436,0.6564,0.0000,True,True
50.8402,-10.7512,6.3727,-125.3082,0.02273,0.3431,0.6569,0.0000,True,True
50.8486,-10.7366,6.3757,-125.3263,0.02344,0.3426,0.6574,0.0000,True,True
50.8569,-10.7215,6.3788,-125.3450,0.02417,0.3421,0.6579,0.0000,True,True
50.8652,-10.7060,6.3820,-125.3642,0.02489,0.3415,0.6585,0.0000,True,True
50.8735,-10.6900,6.3854,-125.3839,0.02563,0.3410,0.6590,0.0000,True,True
50.8819,-10.6736,6.3888,-125.4043,0.02637,0.3404,0.6596,0.0000,True,True
50.8902,-10.6567,6.3923,-125.4252,0.02712,0.3398,0.6602,0.0000,True,True
50.8985,-10.6393,6.3959,-125.4467,0.02787,0.3392,0.6608,0.0000,True,True
50.9068,-10.6215,6.3996,-125.4688,0.02864,0.3386,0.6614,0.0000,True,True
50.9152,-10.6032,6.4034,-125.4915,0.02941,0.3379,0.6621,0.0000,True,True
50.9235,-10.5844,6.4073,-125.5147,0.03018,0.3372,0.6628,0.0000,True,True
50.9318,-10.5651,6.4113,-125.5386,0.03096,0.3366,0.6634,0.0000,True,True
50.9402,-10.5453,6.4154,-125.5631,0.03175,0.3359,0.6641,0.0000,True,True
50.9485,-10.5250,6.4196,-125.5882,0.03253,0.3351,0.6649,0.0000,True,True
50.9569,-10.5042,6.4239,-125.6139,0.03334,0.3344,0.6656,0.0000,True,True
50.9653,-10.4827,6.4284,-125.6405,0.03449,0.3337,0.6663,0.0000,True,True
50.9746,-10.4609,6.4329,-125.6675,0.03497,0.3329,0.6671,0.0000,True,True
50.9820,-10.4387,6.4375,-125.6951,0.03578,0.3321,0.6679,0.0000,True,True
50.9911,-10.4158,6.4422,-125.7233,0.03662,0.3313,0.6687,0.0000,True,True
50.9986,-10.3925,6.4471,-125.7522,0.03746,0.3305,0.6695,0.0000,True,True
51.0070,-10.3686,6.4520,-125.7818,0.03829,0.3296,0.6704,0.0000,True,True
51.0153,-10.3442,6.4571,-125.8120,0.03914,0.3288,0.6712,0.0000,True,True
51.0236,-10.3193,6.4623,-125.8428,0.04000,0.3279,0.6721,0.0000,True,True
51.0319,-10.2939,6.4676,-125.8743,0.04087,0.3270,0.6730,0.0000,True,True
51.0411,-10.2679,6.4730,-125.9065,0.04172,0.3261,0.6739,0.0000,True,True
51.0486,-10.2413,6.4785,-125.9394,0.04260,0.3252,0.6748,0.0000,True,True
51.0570,-10.2142,6.4841,-125.9729,0.04350,0.3242,0.6758,0.0000,True,True
51.0653,-10.1865,6.4898,-126.0072,0.04439,0.3233,0.6767,0.0000,True,True
51.0736,-10.1583,6.4955,-126.0421,0.04527,0.3223,0.6777,0.0000,True,True
51.0819,-10.1301,6.5013,-126.0771,0.04536,0.3213,0.6787,0.0000,True,True
51.0910,-10.1018,6.5071,-126.1121,0.04538,0.3203,0.6797,0.0000,True,True
51.0986,-10.0735,6.5128,-126.1471,0.04535,0.3193,0.6807,0.0000,True,True
51.1070,-10.0452,6.5186,-126.1821,0.04538,0.3183,0.6817,0.0000,True,True
51.1153,-10.0169,6.5243,-126.2171,0.04536,0.3173,0.6827,0.0000,True,True
51.1236,-9.9887,6.5301,-126.2521,0.04536,0.3163,0.6837,0.0000,True,True
51.1319,-9.9604,6.5359,-126.2871,0.04537,0.3154,0.6846,0.0000,True,True
51.1403,-9.9321,6.5416,-126.3221,0.04537,0.3144,0.6856,0.0000,True,True
51.1486,-9.9038,6.5474,-126.3571,0.04537,0.3134,0.6866,0.0000,True,True
51.1569,-9.8755,6.5531,-126.3921,0.04537,0.3124,0.6876,0.0000,True,True
51.1653,-9.8472,6.5589,-126.4272,0.04538,0.3114,0.6886,0.0000,True,True
51.1736,-9.8190,6.5646,-126.4622,0.04537,0.3105,0.6895,0.0000,True,True
51.1819,-9.7907,6.5704,-126.4972,0.04539,0.3095,0.6905,0.0000,True,True
51.1903,-9.7624,6.5762,-126.5322,0.04534,0.3085,0.6915,0.0000,True,True
51.1986,-9.7341,6.5819,-126.5672,0.04539,0.3075,0.6925,0.0000,True,True
51.2069,-9.7058,6.5877,-126.6022,0.04537,0.3065,0.6935,0.0000,True,True
51.2153,-9.6776,6.5934,-126.6372,0.04536,0.3056,0.6944,0.0000,True,True
51.2236,-9.6493,6.5992,-126.6722,0.04537,0.3046,0.6954,0.0000,True,True
51.2320,-9.6210,6.6049,-126.7072,0.04537,0.3036,0.6964,0.0000,True,True
51.2403,-9.5927,6.6107,-126.7422,0.04537,0.3026,0.6974,0.0000,True,True
51.2486,-9.5645,6.6165,-126.7772,0.04536,0.3017,0.6983,0.0000,True,True
51.2570,-9.5362,6.6222,-126.8122,0.04537,0.3007,0.6993,0.0000,True,True
51.2653,-9.5079,6.6280,-126.8472,0.04538,0.2997,0.7003,0.0000,True,True
51.2744,-9.4796,6.6337,-126.8822,0.04536,0.2987,0.7013,0.0000,True,True
51.2820,-9.4513,6.6395,-126.9172,0.04537,0.2978,0.7022,0.0000,True,True
51.2903,-9.4231,6.6453,-126.9522,0.04536,0.2968,0.7032,0.0000,True,True
51.2986,-9.3948,6.6510,-126.9873,0.04537,0.2958,0.7042,0.0000,True,True
51.3079,-9.3665,6.6568,-127.0223,0.04538,0.2949,0.7051,0.0000,True,True
51.3153,-9.3382,6.6625,-127.0573,0.04536,0.2939,0.7061,0.0000,True,True
51.3236,-9.3099,6.6683,-127.0923,0.04537,0.2929,0.7071,0.0000,True,True
51.3320,-9.2817,6.6740,-127.1273,0.04537,0.2920,0.7080,0.0000,True,True
51.3415,-9.2534,6.6798,-127.1623,0.04536,0.2910,0.7090,0.0000,True,True
51.3486,-9.2251,6.6856,-127.1973,0.04537,0.2900,0.7100,0.0000,True,True
51.3570,-9.1968,6.6913,-127.2323,0.04536,0.2891,0.7109,0.0000,True,True
51.3653,-9.1685,6.6971,-127.2673,0.04538,0.2881,0.7119,0.0000,True,True
51.3736,-9.1403,6.7028,-127.3023,0.04537,0.2872,0.7128,0.0000,True,True
51.3820,-9.1120,6.7086,-127.3373,0.04537,0.2862,0.7138,0.0000,True,True
51.3912,-9.0837,6.7144,-127.3723,0.04537,0.2852,0.7148,0.0000,True,True
51.3986,-9.0554,6.7201,-127.4073,0.04537,0.2843,0.7157,0.0000,True,True
51.4078,-9.0271,6.7259,-127.4423,0.04537,0.2833,0.7167,0.0000,True,True
51.4153,-8.9989,6.7316,-127.4773,0.04536,0.2824,0.7176,0.0000,True,True
51.4247,-8.9706,6.7374,-127.5124,0.04538,0.2814,0.7186,0.0000,True,True
51.4319,-8.9423,6.7431,-127.5474,0.04536,0.2805,0.7195,0.0000,True,True
51.4413,-8.9140,6.7489,-127.5824,0.04538,0.2795,0.7205,0.0000,True,True
51.4486,-8.8857,6.7547,-127.6174,0.04537,0.2786,0.7214,0.0000,True,True
51.4578,-8.8575,6.7604,-127.6524,0.04537,0.2776,0.7224,0.0000,True,True
51.4653,-8.8292,6.7662,-127.6874,0.04536,0.2766,0.7234,0.0000,True,True
51.4750,-8.8009,6.7719,-127.7224,0.04538,0.2757,0.7243,0.0000,True,True
51.4820,-8.7726,6.7777,-127.7574,0.04536,0.2747,0.7253,0.0000,True,True
51.4912,-8.7443,6.7835,-127.7924,0.04538,0.2738,0.7262,0.0000,True,True
51.4986,-8.7161,6.7892,-127.8274,0.04537,0.2729,0.7271,0.0000,True,True
51.5079,-8.6878,6.7950,-127.8624,0.04536,0.2719,0.7281,0.0000,True,True
51.5154,-8.6595,6.8007,-127.8974,0.04537,0.2710,0.7290,0.0000,True,True
51.5245,-8.6312,6.8065,-127.9324,0.04537,0.2700,0.7300,0.0000,True,True
51.5320,-8.6030,6.8122,-127.9674,0.04536,0.2691,0.7309,0.0000,True,True
51.5412,-8.5747,6.8180,-128.0024,0.04537,0.2681,0.7319,0.0000,True,True
51.5487,-8.5464,6.8236,-128.0375,0.04536,0.2672,0.7328,0.0000,True,True
51.5576,-8.5181,6.8292,-128.0724,0.04533,0.2662,0.7338,0.0000,True,True
51.5653,-8.4898,6.8347,-128.1075,0.04535,0.2653,0.7347,0.0000,True,True
51.5746,-8.4616,6.8403,-128.1425,0.04534,0.2644,0.7356,0.0000,True,True
51.5819,-8.4333,6.8459,-128.1775,0.04536,0.2634,0.7366,0.0000,True,True
51.5913,-8.4050,6.8515,-128.2125,0.04536,0.2625,0.7375,0.0000,True,True
51.5986,-8.3767,6.8571,-128.2475,0.04535,0.2616,0.7384,0.0000,True,True
51.6081,-8.3484,6.8627,-128.2825,0.04534,0.2606,0.7394,0.0000,True,True
51.6153,-8.3202,6.8683,-128.3175,0.04534,0.2597,0.7403,0.0000,True,True
51.6246,-8.2919,6.8739,-128.3525,0.04535,0.2587,0.7413,0.0000,True,True
51.6321,-8.2636,6.8794,-128.3875,0.04536,0.2578,0.7422,0.0000,True,True
51.6412,-8.2353,6.8850,-128.4225,0.04534,0.2569,0.7431,0.0000,True,True
51.6486,-8.2070,6.8906,-128.4575,0.04535,0.2560,0.7440,0.0000,True,True
51.6602,-8.1787,6.8962,-128.4925,0.04535,0.2550,0.7450,0.0000,True,True
51.6653,-8.1505,6.9018,-128.5275,0.04533,0.2541,0.7459,0.0000,True,True
51.6746,-8.1223,6.9073,-128.5624,0.04517,0.2532,0.7468,0.0000,True,True
51.6820,-8.0942,6.9129,-128.5971,0.04499,0.2523,0.7477,0.0000,True,True
51.6920,-8.0663,6.9184,-128.6317,0.04479,0.2513,0.7487,0.0000,True,True
51.6990,-8.0377,6.9241,-128.6672,0.04596,0.2504,0.7496,0.0000,True,True
51.7090,-8.0077,6.9300,-128.7043,0.04803,0.2494,0.7506,0.0000,True,True
51.7163,-7.9801,6.9354,-128.7384,0.04418,0.2485,0.7515,0.0000,True,True
51.7251,-7.9524,6.9409,-128.7727,0.04453,0.2476,0.7524,0.0000,True,True
51.7330,-7.9251,6.9463,-128.8065,0.04380,0.2467,0.7533,0.0000,True,True
51.7419,-7.8965,6.9519,-128.8419,0.04586,0.2458,0.7542,0.0000,True,True
51.7502,-7.8694,6.9573,-128.8755,0.04340,0.2449,0.7551,0.0000,True,True
51.7590,-7.8424,6.9626,-128.9088,0.04325,0.2440,0.7560,0.0000,True,True
51.7669,-7.8156,6.9679,-128.9420,0.04299,0.2432,0.7568,0.0000,True,True
51.7761,-7.7886,6.9733,-128.9755,0.04331,0.2423,0.7577,0.0000,True,True
51.7843,-7.7604,6.9788,-129.0104,0.04528,0.2414,0.7586,0.0000,True,True
51.7926,-7.7353,6.9838,-129.0415,0.04022,0.2406,0.7594,0.0000,True,True
51.8003,-7.7090,6.9890,-129.0741,0.04224,0.2397,0.7603,0.0000,True,True
51.8090,-7.6827,6.9942,-129.1065,0.04204,0.2389,0.7611,0.0000,True,True
51.8170,-7.6567,6.9993,-129.1388,0.04183,0.2380,0.7620,0.0000,True,True
51.8259,-7.6306,7.0045,-129.1711,0.04181,0.2372,0.7628,0.0000,True,True
51.8338,-7.6049,7.0096,-129.2029,0.04125,0.2364,0.7636,0.0000,True,True
51.8425,-7.5791,7.0146,-129.2348,0.04125,0.2356,0.7644,0.0000,True,True
51.8503,-7.5536,7.0197,-129.2664,0.04097,0.2347,0.7653,0.0000,True,True
51.8593,-7.5281,7.0247,-129.2979,0.04082,0.2339,0.7661,0.0000,True,True
51.8670,-7.5028,7.0297,-129.3293,0.04058,0.2331,0.7669,0.0000,True,True
51.8758,-7.4776,7.0347,-129.3604,0.04039,0.2323,0.7677,0.0000,True,True
51.8836,-7.4526,7.0396,-129.3914,0.04015,0.2315,0.7685,0.0000,True,True
51.8927,-7.4271,7.0447,-129.4230,0.04090,0.2307,0.7693,0.0000,True,True
51.9006,-7.4023,7.0496,-129.4536,0.03969,0.2299,0.7701,0.0000,True,True
51.9093,-7.3777,7.0544,-129.4841,0.03951,0.2291,0.7709,0.0000,True,True
51.9173,-7.3529,7.0593,-129.5148,0.03973,0.2283,0.7717,0.0000,True,True
51.9261,-7.3286,7.0641,-129.5450,0.03906,0.2276,0.7724,0.0000,True,True
51.9339,-7.3044,7.0689,-129.5749,0.03880,0.2268,0.7732,0.0000,True,True
51.9428,-7.2794,7.0738,-129.6058,0.04002,0.2260,0.7740,0.0000,True,True
51.9508,-7.2558,7.0785,-129.6351,0.03789,0.2253,0.7747,0.0000,True,True
51.9593,-7.2319,7.0832,-129.6646,0.03825,0.2245,0.7755,0.0000,True,True
51.9675,-7.2084,7.0879,-129.6937,0.03775,0.2238,0.7762,0.0000,True,True
51.9759,-7.1849,7.0925,-129.7228,0.03768,0.2230,0.7770,0.0000,True,True
51.9841,-7.1616,7.0971,-129.7517,0.03740,0.2223,0.7777,0.0000,True,True
51.9926,-7.1384,7.1017,-129.7804,0.03720,0.2216,0.7784,0.0000,True,True
52.0008,-7.1153,7.1062,-129.8089,0.03693,0.2208,0.7792,0.0000,True,True
52.0092,-7.0924,7.1108,-129.8372,0.03670,0.2201,0.7799,0.0000,True,True
52.0176,-7.0696,7.1153,-129.8656,0.03669,0.2194,0.7806,0.0000,True,True
52.0262,-7.0469,7.1198,-129.8936,0.03637,0.2187,0.7813,0.0000,True,True
52.0342,-7.0245,7.1242,-129.9214,0.03593,0.2180,0.7820,0.0000,True,True
52.0427,-7.0022,7.1286,-129.9489,0.03572,0.2173,0.7827,0.0000,True,True
52.0509,-6.9801,7.1330,-129.9763,0.03542,0.2166,0.7834,0.0000,True,True
52.0593,-6.9609,7.1367,-130.0000,0.03073,0.2160,0.7840,0.0000,True,True
52.0676,-6.9609,7.1367,-130.0000,0.00000,0.2160,0.7840,0.0000,True,True
52.0762,-6.9606,7.1368,-130.0004,0.00053,0.2160,0.7840,0.0000,True,True
52.0843,-6.9600,7.1369,-130.0013,0.00105,0.2160,0.7840,0.0000,True,True
52.0926,-6.9591,7.1371,-130.0026,0.00158,0.2159,0.7841,0.0000,True,True
52.1009,-6.9579,7.1374,-130.0043,0.00212,0.2159,0.7841,0.0000,True,True
52.1093,-6.9564,7.1377,-130.0065,0.00267,0.2158,0.7842,0.0000,True,True
52.1176,-6.9546,7.1381,-130.0091,0.00322,0.2158,0.7842,0.0000,True,True
52.1261,-6.9524,7.1386,-130.0121,0.00378,0.2157,0.7843,0.0000,True,True
52.1343,-6.9499,7.1391,-130.0157,0.00432,0.2156,0.7844,0.0000,True,True
52.1429,-6.9471,7.1397,-130.0197,0.00497,0.2155,0.7845,0.0000,True,True
52.1511,-6.9440,7.1404,-130.0241,0.00545,0.2154,0.7846,0.0000,True,True
52.1598,-6.9405,7.1412,-130.0290,0.00604,0.2153,0.7847,0.0000,True,True
52.1677,-6.9368,7.1420,-130.0344,0.00660,0.2151,0.7849,0.0000,True,True
52.1763,-6.9326,7.1429,-130.0402,0.00719,0.2150,0.7850,0.0000,True,True
52.1844,-6.9282,7.1438,-130.0465,0.00775,0.2148,0.7852,0.0000,True,True
52.1928,-6.9234,7.1449,-130.0533,0.00835,0.2147,0.7853,0.0000,True,True
52.2011,-6.9183,7.1460,-130.0605,0.00893,0.2145,0.7855,0.0000,True,True
52.2095,-6.9129,7.1472,-130.0682,0.00954,0.2143,0.7857,0.0000,True,True
52.2177,-6.9071,7.1484,-130.0764,0.01012,0.2141,0.7859,0.0000,True,True
52.2261,-6.9010,7.1498,-130.0852,0.01074,0.2139,0.7861,0.0000,True,True
52.2344,-6.8945,7.1512,-130.0944,0.01134,0.2136,0.7864,0.0000,True,True
52.2428,-6.8876,7.1526,-130.1041,0.01197,0.2134,0.7866,0.0000,True,True
52.2511,-6.8805,7.1542,-130.1143,0.01257,0.2131,0.7869,0.0000,True,True
52.2594,-6.8729,7.1558,-130.1250,0.01321,0.2129,0.7871,0.0000,True,True
52.2677,-6.8650,7.1576,-130.1362,0.01381,0.2126,0.7874,0.0000,True,True
52.2761,-6.8568,7.1593,-130.1479,0.01447,0.2123,0.7877,0.0000,True,True
52.2844,-6.8481,7.1612,-130.1601,0.01509,0.2120,0.7880,0.0000,True,True
52.2928,-6.8391,7.1632,-130.1729,0.01574,0.2117,0.7883,0.0000,True,True
52.3011,-6.8298,7.1652,-130.1862,0.01637,0.2113,0.7887,0.0000,True,True
52.3095,-6.8200,7.1673,-130.2000,0.01704,0.2110,0.7890,0.0000,True,True
52.3177,-6.8099,7.1695,-130.2144,0.01768,0.2106,0.7894,0.0000,True,True
52.3261,-6.7994,7.1718,-130.2292,0.01836,0.2102,0.7898,0.0000,True,True
52.3344,-6.7886,7.1741,-130.2447,0.01900,0.2099,0.7901,0.0000,True,True
52.3430,-6.7772,7.1766,-130.2607,0.01982,0.2095,0.7905,0.0000,True,True
52.3512,-6.7656,7.1791,-130.2773,0.02037,0.2091,0.7909,0.0000,True,True
52.3595,-6.7536,7.1817,-130.2944,0.02109,0.2086,0.7914,0.0000,True,True
52.3678,-6.7411,7.1844,-130.3120,0.02175,0.2082,0.7918,0.0000,True,True
52.3763,-6.7283,7.1872,-130.3302,0.02246,0.2077,0.7923,0.0000,True,True
52.3845,-6.7151,7.1901,-130.3490,0.02314,0.2073,0.7927,0.0000,True,True
52.3929,-6.7014,7.1930,-130.3683,0.02386,0.2068,0.7932,0.0000,True,True
52.4011,-6.6874,7.1961,-130.3882,0.02453,0.2063,0.7937,0.0000,True,True
52.4096,-6.6729,7.1992,-130.4089,0.02545,0.2058,0.7942,0.0000,True,True
52.4179,-6.6580,7.2025,-130.4300,0.02598,0.2053,0.7947,0.0000,True,True
52.4264,-6.6427,7.2058,-130.4517,0.02683,0.2047,0.7953,0.0000,True,True
52.4346,-6.6270,7.2092,-130.4740,0.02743,0.2042,0.7958,0.0000,True,True
52.4430,-6.6109,7.2127,-130.4968,0.02820,0.2036,0.7964,0.0000,True,True
52.4512,-6.5944,7.2163,-130.5203,0.02891,0.2030,0.7970,0.0000,True,True
52.4596,-6.5774,7.2200,-130.5444,0.02969,0.2024,0.7976,0.0000,True,True
52.4679,-6.5600,7.2237,-130.5690,0.03042,0.2018,0.7982,0.0000,True,True
52.4763,-6.5422,7.2276,-130.5944,0.03121,0.2012,0.7988,0.0000,True,True
52.4846,-6.5239,7.2316,-130.6203,0.03194,0.2006,0.7994,0.0000,True,True
52.4930,-6.5052,7.2356,-130.6468,0.03275,0.1999,0.8001,0.0000,True,True
52.5012,-6.4861,7.2398,-130.6740,0.03350,0.1992,0.8008,0.0000,True,True
52.5097,-6.4664,7.2440,-130.7018,0.03431,0.1986,0.8014,0.0000,True,True
52.5179,-6.4464,7.2484,-130.7303,0.03507,0.1979,0.8021,0.0000,True,True
52.5263,-6.4259,7.2528,-130.7594,0.03589,0.1971,0.8029,0.0000,True,True
52.5346,-6.4049,7.2574,-130.7891,0.03667,0.1964,0.8036,0.0000,True,True
52.5429,-6.3835,7.2620,-130.8196,0.03751,0.1957,0.8043,0.0000,True,True
52.5512,-6.3616,7.2668,-130.8506,0.03828,0.1949,0.8051,0.0000,True,True
52.5597,-6.3392,7.2716,-130.8824,0.03915,0.1941,0.8059,0.0000,True,True
52.5681,-6.3160,7.2767,-130.9153,0.04065,0.1933,0.8067,0.0000,True,True
52.5764,-6.2927,7.2817,-130.9485,0.04082,0.1925,0.8075,0.0000,True,True
52.5847,-6.2689,7.2869,-130.9822,0.04161,0.1917,0.8083,0.0000,True,True
52.5931,-6.2446,7.2922,-131.0167,0.04251,0.1909,0.8091,0.0000,True,True
52.6014,-6.2198,7.2975,-131.0518,0.04332,0.1900,0.8100,0.0000,True,True
52.6098,-6.1945,7.3030,-131.0877,0.04424,0.1892,0.8108,0.0000,True,True
52.6181,-6.1688,7.3086,-131.1243,0.04507,0.1883,0.8117,0.0000,True,True
52.6266,-6.1429,7.3142,-131.1611,0.04536,0.1874,0.8126,0.0000,True,True
52.6347,-6.1170,7.3198,-131.1978,0.04533,0.1865,0.8135,0.0000,True,True
52.6431,-6.0910,7.3255,-131.2347,0.04539,0.1856,0.8144,0.0000,True,True
52.6514,-6.0651,7.3311,-131.2714,0.04532,0.1848,0.8152,0.0000,True,True
52.6602,-6.0391,7.3367,-131.3083,0.04545,0.1839,0.8161,0.0000,True,True
52.6681,-6.0132,7.3423,-131.3450,0.04532,0.1830,0.8170,0.0000,True,True
52.6765,-5.9873,7.3480,-131.3819,0.04539,0.1821,0.8179,0.0000,True,True
52.6847,-5.9614,7.3536,-131.4186,0.04532,0.1813,0.8187,0.0000,True,True
52.6931,-5.9355,7.3592,-131.4554,0.04537,0.1804,0.8196,0.0000,True,True
52.7014,-5.9096,7.3648,-131.4922,0.04533,0.1795,0.8205,0.0000,True,True
52.7098,-5.8836,7.3705,-131.5290,0.04537,0.1786,0.8214,0.0000,True,True
52.7181,-5.8577,7.3761,-131.5658,0.04534,0.1778,0.8222,0.0000,True,True
52.7265,-5.8318,7.3817,-131.6026,0.04537,0.1769,0.8231,0.0000,True,True
52.7347,-5.8059,7.3873,-131.6393,0.04532,0.1760,0.8240,0.0000,True,True
52.7431,-5.7800,7.3930,-131.6762,0.04539,0.1752,0.8248,0.0000,True,True
52.7514,-5.7540,7.3986,-131.7129,0.04533,0.1743,0.8257,0.0000,True,True
52.7598,-5.7281,7.4042,-131.7497,0.04537,0.1735,0.8265,0.0000,True,True
52.7681,-5.7022,7.4098,-131.7865,0.04533,0.1726,0.8274,0.0000,True,True
52.7764,-5.6763,7.4155,-131.8233,0.04537,0.1717,0.8283,0.0000,True,True
52.7847,-5.6504,7.4211,-131.8601,0.04534,0.1709,0.8291,0.0000,True,True
52.7931,-5.6244,7.4267,-131.8969,0.04538,0.1700,0.8300,0.0000,True,True
52.8014,-5.5985,7.4323,-131.9337,0.04532,0.1692,0.8308,0.0000,True,True
52.8098,-5.5726,7.4379,-131.9705,0.04537,0.1683,0.8317,0.0000,True,True
52.8181,-5.5467,7.4435,-132.0072,0.04533,0.1675,0.8325,0.0000,True,True
52.8264,-5.5208,7.4488,-132.0440,0.04533,0.1666,0.8334,0.0000,True,True
52.8347,-5.4949,7.4541,-132.0808,0.04528,0.1658,0.8342,0.0000,True,True
52.8431,-5.4689,7.4594,-132.1176,0.04534,0.1649,0.8351,0.0000,True,True
52.8514,-5.4430,7.4647,-132.1544,0.04530,0.1641,0.8359,0.0000,True,True
52.8598,-5.4170,7.4701,-132.1912,0.04541,0.1633,0.8367,0.0000,True,True
52.8681,-5.3912,7.4754,-132.2280,0.04522,0.1624,0.8376,0.0000,True,True
52.8764,-5.3652,7.4807,-132.2647,0.04532,0.1616,0.8384,0.0000,True,True
52.8847,-5.3393,7.4860,-132.3015,0.04529,0.1607,0.8393,0.0000,True,True
52.8931,-5.3134,7.4913,-132.3383,0.04534,0.1599,0.8401,0.0000,True,True
52.9014,-5.2875,7.4966,-132.3751,0.04528,0.1591,0.8409,0.0000,True,True
52.9098,-5.2615,7.5019,-132.4119,0.04541,0.1582,0.8418,0.0000,True,True
52.9181,-5.2356,7.5072,-132.4487,0.04530,0.1574,0.8426,0.0000,True,True
52.9265,-5.2096,7.5126,-132.4856,0.04549,0.1566,0.8434,0.0000,True,True
52.9348,-5.1837,7.5179,-132.5223,0.04520,0.1557,0.8443,0.0000,True,True
52.9431,-5.1578,7.5232,-132.5591,0.04533,0.1549,0.8451,0.0000,True,True
52.9515,-5.1319,7.5285,-132.5959,0.04528,0.1541,0.8459,0.0000,True,True
52.9598,-5.1060,7.5338,-132.6327,0.04535,0.1533,0.8467,0.0000,True,True
52.9681,-5.0801,7.5391,-132.6695,0.04530,0.1525,0.8475,0.0000,True,True
52.9766,-5.0541,7.5444,-132.7063,0.04533,0.1516,0.8484,0.0000,True,True
52.9848,-5.0282,7.5497,-132.7431,0.04529,0.1508,0.8492,0.0000,True,True
52.9931,-5.0023,7.5551,-132.7799,0.04534,0.1500,0.8500,0.0000,True,True
53.0016,-4.9764,7.5604,-132.8167,0.04530,0.1492,0.8508,0.0000,True,True
53.0099,-4.9504,7.5657,-132.8536,0.04546,0.1484,0.8516,0.0000,True,True
53.0182,-4.9245,7.5710,-132.8904,0.04532,0.1476,0.8524,0.0000,True,True
53.0265,-4.8985,7.5763,-132.9271,0.04530,0.1468,0.8532,0.0000,True,True
53.0348,-4.8726,7.5816,-132.9639,0.04530,0.1459,0.8541,0.0000,True,True
53.0432,-4.8467,7.5869,-133.0007,0.04534,0.1451,0.8549,0.0000,True,True
53.0515,-4.8208,7.5922,-133.0375,0.04530,0.1443,0.8557,0.0000,True,True
53.0598,-4.7949,7.5976,-133.0743,0.04533,0.1435,0.8565,0.0000,True,True
53.0681,-4.7689,7.6029,-133.1110,0.04528,0.1427,0.8573,0.0000,True,True
53.0766,-4.7428,7.6082,-133.1481,0.04567,0.1419,0.8581,0.0000,True,True
53.0848,-4.7169,7.6135,-133.1849,0.04529,0.1411,0.8589,0.0000,True,True
53.0932,-4.6910,7.6188,-133.2217,0.04534,0.1403,0.8597,0.0000,True,True
53.1015,-4.6651,7.6241,-133.2585,0.04529,0.1395,0.8605,0.0000,True,True
53.1099,-4.6391,7.6295,-133.2953,0.04535,0.1387,0.8613,0.0000,True,True
53.1181,-4.6132,7.6348,-133.3320,0.04528,0.1380,0.8620,0.0000,True,True
53.1266,-4.5873,7.6401,-133.3689,0.04535,0.1372,0.8628,0.0000,True,True
53.1348,-4.5614,7.6454,-133.4056,0.04529,0.1364,0.8636,0.0000,True,True
53.1432,-4.5355,7.6507,-133.4424,0.04533,0.1356,0.8644,0.0000,True,True
53.1515,-4.5096,7.6560,-133.4791,0.04518,0.1348,0.8652,0.0000,True,True
53.1599,-4.4839,7.6613,-133.5157,0.04503,0.1340,0.8660,0.0000,True,True
53.1682,-4.4583,7.6665,-133.5520,0.04477,0.1333,0.8667,0.0000,True,True
53.1766,-4.4327,7.6718,-133.5882,0.04460,0.1325,0.8675,0.0000,True,True
53.1849,-4.4074,7.6769,-133.6243,0.04436,0.1317,0.8683,0.0000,True,True
53.1932,-4.3821,7.6821,-133.6601,0.04417,0.1310,0.8690,0.0000,True,True
53.2015,-4.3570,7.6873,-133.6958,0.04391,0.1302,0.8698,0.0000,True,True
53.2100,-4.3320,7.6924,-133.7312,0.04372,0.1295,0.8705,0.0000,True,True
53.2182,-4.3071,7.6975,-133.7665,0.04347,0.1287,0.8713,0.0000,True,True
53.2266,-4.2824,7.7026,-133.8017,0.04327,0.1280,0.8720,0.0000,True,True
53.2349,-4.2578,7.7076,-133.8366,0.04302,0.1273,0.8727,0.0000,True,True
53.2433,-4.2333,7.7126,-133.8714,0.04282,0.1266,0.8734,0.0000,True,True
53.2517,-4.2089,7.7176,-133.9059,0.04257,0.1258,0.8742,0.0000,True,True
53.2605,-4.1843,7.7227,-133.9409,0.04306,0.1251,0.8749,0.0000,True,True
53.2685,-4.1601,7.7276,-133.9752,0.04227,0.1244,0.8756,0.0000,True,True
53.2770,-4.1362,7.7324,-134.0091,0.04179,0.1237,0.8763,0.0000,True,True
53.2850,-4.1124,7.7369,-134.0429,0.04154,0.1230,0.8770,0.0000,True,True
53.2934,-4.0887,7.7414,-134.0765,0.04133,0.1223,0.8777,0.0000,True,True
53.3017,-4.0652,7.7459,-134.1098,0.04103,0.1217,0.8783,0.0000,True,True
53.3101,-4.0419,7.7504,-134.1429,0.04077,0.1210,0.8790,0.0000,True,True
53.3184,-4.0188,7.7548,-134.1758,0.04045,0.1203,0.8797,0.0000,True,True
53.3267,-3.9957,7.7591,-134.2085,0.04022,0.1196,0.8804,0.0000,True,True
53.3350,-3.9729,7.7635,-134.2409,0.03990,0.1190,0.8810,0.0000,True,True
53.3434,-3.9502,7.7678,-134.2731,0.03964,0.1183,0.8817,0.0000,True,True
53.3517,-3.9277,7.7721,-134.3051,0.03932,0.1177,0.8823,0.0000,True,True
53.3600,-3.9053,7.7764,-134.3368,0.03907,0.1170,0.8830,0.0000,True,True
53.3684,-3.8831,7.7806,-134.3683,0.03875,0.1164,0.8836,0.0000,True,True
53.3768,-3.8611,7.7848,-134.3996,0.03850,0.1158,0.8842,0.0000,True,True
53.3850,-3.8392,7.7889,-134.4306,0.03816,0.1152,0.8848,0.0000,True,True
53.3935,-3.8175,7.7931,-134.4614,0.03791,0.1145,0.8855,0.0000,True,True
53.4017,-3.7960,7.7972,-134.4919,0.03757,0.1139,0.8861,0.0000,True,True
53.4101,-3.7746,7.8012,-134.5223,0.03731,0.1133,0.8867,0.0000,True,True
53.4183,-3.7535,7.8052,-134.5523,0.03697,0.1127,0.8873,0.0000,True,True
53.4267,-3.7325,7.8092,-134.5821,0.03671,0.1121,0.8879,0.0000,True,True
53.4351,-3.7116,7.8132,-134.6117,0.03636,0.1116,0.8884,0.0000,True,True
53.4434,-3.6910,7.8171,-134.6410,0.03607,0.1110,0.8890,0.0000,True,True
53.4518,-3.6705,7.8210,-134.6700,0.03573,0.1104,0.8896,0.0000,True,True
53.4601,-3.6502,7.8249,-134.6989,0.03547,0.1098,0.8902,0.0000,True,True
53.4684,-3.6301,7.8287,-134.7274,0.03512,0.1093,0.8907,0.0000,True,True
53.4767,-3.6102,7.8325,-134.7557,0.03483,0.1087,0.8913,0.0000,True,True
53.4851,-3.5903,7.8363,-134.7838,0.03464,0.1082,0.8918,0.0000,True,True
53.4934,-3.5708,7.8400,-134.8116,0.03419,0.1076,0.8924,0.0000,True,True
53.5017,-3.5514,7.8437,-134.8391,0.03386,0.1071,0.8929,0.0000,True,True
53.5101,-3.5322,7.8474,-134.8664,0.03356,0.1066,0.8934,0.0000,True,True
53.5185,-3.5131,7.8510,-134.8934,0.03321,0.1061,0.8939,0.0000,True,True
53.5268,-3.4943,7.8546,-134.9202,0.03292,0.1055,0.8945,0.0000,True,True
53.5351,-3.4757,7.8581,-134.9466,0.03256,0.1050,0.8950,0.0000,True,True
53.5435,-3.4572,7.8616,-134.9728,0.03228,0.1045,0.8955,0.0000,True,True
53.5518,-3.4389,7.8651,-134.9988,0.03190,0.1040,0.8960,0.0000,True,True
53.5601,-3.4389,7.8651,-134.9988,0.00000,0.1040,0.8960,0.0000,True,True
53.5684,-3.4387,7.8652,-134.9992,0.00053,0.1040,0.8960,0.0000,True,True
53.5769,-3.4382,7.8653,-135.0002,0.00108,0.1040,0.8960,0.0000,True,True
53.5852,-3.4375,7.8655,-135.0016,0.00160,0.1040,0.8960,0.0000,True,True
53.5938,-3.4365,7.8657,-135.0035,0.00213,0.1039,0.8961,0.0000,True,True
53.6018,-3.4354,7.8661,-135.0059,0.00266,0.1039,0.8961,0.0000,True,True
53.6103,-3.4339,7.8664,-135.0087,0.00321,0.1038,0.8962,0.0000,True,True
53.6185,-3.4323,7.8669,-135.0121,0.00376,0.1038,0.8962,0.0000,True,True
53.6269,-3.4304,7.8674,-135.0159,0.00433,0.1037,0.8963,0.0000,True,True
53.6352,-3.4282,7.8680,-135.0202,0.00486,0.1036,0.8964,0.0000,True,True
53.6438,-3.4258,7.8686,-135.0251,0.00544,0.1035,0.8965,0.0000,True,True
53.6537,-3.4225,7.8695,-135.0317,0.00742,0.1034,0.8966,0.0000,True,True
53.6620,-3.4196,7.8703,-135.0376,0.00668,0.1033,0.8967,0.0000,True,True
53.6704,-3.4163,7.8712,-135.0440,0.00725,0.1032,0.8968,0.0000,True,True
53.6830,-3.4109,7.8726,-135.0550,0.01229,0.1029,0.8971,0.0000,True,True
53.6971,-3.4042,7.8745,-135.0684,0.01516,0.1027,0.8973,0.0000,True,True
53.7026,-3.4013,7.8752,-135.0742,0.00644,0.1026,0.8974,0.0000,True,True
53.7110,-3.3969,7.8764,-135.0831,0.01006,0.1024,0.8976,0.0000,True,True
53.7193,-3.3922,7.8777,-135.0926,0.01065,0.1022,0.8978,0.0000,True,True
53.7276,-3.3872,7.8790,-135.1026,0.01126,0.1020,0.8980,0.0000,True,True
53.7361,-3.3819,7.8804,-135.1131,0.01185,0.1018,0.8982,0.0000,True,True
53.7443,-3.3764,7.8819,-135.1242,0.01247,0.1016,0.8984,0.0000,True,True
53.7526,-3.3706,7.8835,-135.1358,0.01307,0.1014,0.8986,0.0000,True,True
53.7610,-3.3645,7.8851,-135.1480,0.01370,0.1012,0.8988,0.0000,True,True
53.7693,-3.3582,7.8868,-135.1607,0.01432,0.1009,0.8991,0.0000,True,True
53.7776,-3.3516,7.8886,-135.1740,0.01496,0.1007,0.8993,0.0000,True,True
53.7859,-3.3447,7.8905,-135.1878,0.01558,0.1004,0.8996,0.0000,True,True
53.7943,-3.3375,7.8924,-135.2022,0.01623,0.1001,0.8999,0.0000,True,True
53.8026,-3.3300,7.8944,-135.2172,0.01686,0.0999,0.9001,0.0000,True,True
53.8110,-3.3222,7.8965,-135.2328,0.01752,0.0996,0.9004,0.0000,True,True
53.8193,-3.3142,7.8986,-135.2489,0.01815,0.0993,0.9007,0.0000,True,True
53.8276,-3.3059,7.9009,-135.2656,0.01882,0.0990,0.9010,0.0000,True,True
53.8359,-3.2972,7.9032,-135.2829,0.01946,0.0986,0.9014,0.0000,True,True
53.8443,-3.2883,7.9056,-135.3008,0.02014,0.0983,0.9017,0.0000,True,True
53.8526,-3.2791,7.9081,-135.3193,0.02080,0.0979,0.9021,0.0000,True,True
53.8610,-3.2696,7.9106,-135.3384,0.02148,0.0976,0.9024,0.0000,True,True
53.8693,-3.2598,7.9133,-135.3581,0.02215,0.0972,0.9028,0.0000,True,True
53.8776,-3.2496,7.9160,-135.3784,0.02286,0.0968,0.9032,0.0000,True,True
53.8860,-3.2392,7.9188,-135.3993,0.02353,0.0964,0.9036,0.0000,True,True
53.8943,-3.2285,7.9217,-135.4208,0.02425,0.0960,0.9040,0.0000,True,True
53.9026,-3.2174,7.9247,-135.4430,0.02492,0.0956,0.9044,0.0000,True,True
53.9110,-3.2061,7.9277,-135.4658,0.02566,0.0952,0.9048,0.0000,True,True
53.9192,-3.1944,7.9309,-135.4892,0.02633,0.0948,0.9052,0.0000,True,True
53.9276,-3.1824,7.9341,-135.5132,0.02708,0.0943,0.9057,0.0000,True,True
53.9359,-3.1701,7.9374,-135.5379,0.02777,0.0939,0.9061,0.0000,True,True
53.9443,-3.1575,7.9408,-135.5632,0.02852,0.0934,0.9066,0.0000,True,True
53.9526,-3.1445,7.9443,-135.5892,0.02921,0.0929,0.9071,0.0000,True,True
53.9610,-3.1312,7.9478,-135.6159,0.03000,0.0925,0.9075,0.0000,True,True
53.9694,-3.1176,7.9515,-135.6431,0.03069,0.0920,0.9080,0.0000,True,True
53.9776,-3.1037,7.9553,-135.6711,0.03146,0.0914,0.9086,0.0000,True,True
53.9859,-3.0894,7.9591,-135.6997,0.03218,0.0909,0.9091,0.0000,True,True
53.9943,-3.0748,7.9630,-135.7290,0.03297,0.0904,0.9096,0.0000,True,True
54.0029,-3.0594,7.9672,-135.7599,0.03486,0.0898,0.9102,0.0000,True,True
54.0113,-3.0441,7.9713,-135.7906,0.03452,0.0893,0.9107,0.0000,True,True
54.0195,-3.0285,7.9755,-135.8219,0.03524,0.0887,0.9113,0.0000,True,True
54.0279,-3.0125,7.9798,-135.8540,0.03606,0.0881,0.9119,0.0000,True,True
54.0362,-2.9962,7.9842,-135.8867,0.03682,0.0876,0.9124,0.0000,True,True
54.0446,-2.9795,7.9886,-135.9201,0.03764,0.0870,0.9130,0.0000,True,True
54.0529,-2.9625,7.9932,-135.9543,0.03840,0.0863,0.9137,0.0000,True,True
54.0612,-2.9451,7.9979,-135.9891,0.03922,0.0857,0.9143,0.0000,True,True
54.0696,-2.9274,8.0024,-136.0247,0.03998,0.0851,0.9149,0.0000,True,True
54.0779,-2.9093,8.0068,-136.0609,0.04077,0.0845,0.9155,0.0000,True,True
54.0862,-2.8909,8.0113,-136.0978,0.04149,0.0838,0.9162,0.0000,True,True
54.0946,-2.8722,8.0159,-136.1355,0.04231,0.0832,0.9168,0.0000,True,True
54.1029,-2.8531,8.0206,-136.1738,0.04303,0.0825,0.9175,0.0000,True,True
54.1113,-2.8336,8.0253,-136.2128,0.04387,0.0818,0.9182,0.0000,True,True
54.1196,-2.8137,8.0302,-136.2528,0.04495,0.0811,0.9189,0.0000,True,True
54.1280,-2.7936,8.0351,-136.2931,0.04530,0.0804,0.9196,0.0000,True,True
54.1363,-2.7735,8.0400,-136.3333,0.04525,0.0797,0.9203,0.0000,True,True
54.1446,-2.7534,8.0449,-136.3736,0.04530,0.0790,0.9210,0.0000,True,True
54.1529,-2.7334,8.0499,-136.4139,0.04523,0.0783,0.9217,0.0000,True,True
54.1613,-2.7133,8.0548,-136.4542,0.04530,0.0777,0.9223,0.0000,True,True
54.1696,-2.6932,8.0597,-136.4944,0.04525,0.0770,0.9230,0.0000,True,True
54.1780,-2.6731,8.0646,-136.5347,0.04528,0.0763,0.9237,0.0000,True,True
54.1863,-2.6530,8.0695,-136.5750,0.04526,0.0756,0.9244,0.0000,True,True
54.1947,-2.6329,8.0744,-136.6153,0.04530,0.0749,0.9251,0.0000,True,True
54.2029,-2.6129,8.0793,-136.6555,0.04525,0.0743,0.9257,0.0000,True,True
54.2113,-2.5928,8.0843,-136.6958,0.04530,0.0736,0.9264,0.0000,True,True
54.2196,-2.5727,8.0892,-136.7361,0.04525,0.0729,0.9271,0.0000,True,True
54.2280,-2.5526,8.0941,-136.7764,0.04530,0.0723,0.9277,0.0000,True,True
54.2363,-2.5325,8.0990,-136.8166,0.04523,0.0716,0.9284,0.0000,True,True
54.2446,-2.5125,8.1039,-136.8569,0.04530,0.0709,0.9291,0.0000,True,True
54.2530,-2.4924,8.1088,-136.8972,0.04523,0.0703,0.9297,0.0000,True,True
54.2613,-2.4723,8.1137,-136.9375,0.04530,0.0696,0.9304,0.0000,True,True
54.2697,-2.4522,8.1186,-136.9777,0.04524,0.0690,0.9310,0.0000,True,True
54.2780,-2.4321,8.1236,-137.0180,0.04530,0.0683,0.9317,0.0000,True,True
54.2866,-2.4112,8.1287,-137.0599,0.04710,0.0676,0.9324,0.0000,True,True
54.2950,-2.3912,8.1336,-137.1002,0.04528,0.0670,0.9330,0.0000,True,True
54.3033,-2.3711,8.1385,-137.1405,0.04526,0.0664,0.9336,0.0000,True,True
54.3117,-2.3510,8.1434,-137.1807,0.04528,0.0657,0.9343,0.0000,True,True
54.3199,-2.3309,8.1483,-137.2210,0.04523,0.0651,0.9349,0.0000,True,True
54.3283,-2.3108,8.1532,-137.2613,0.04530,0.0645,0.9355,0.0000,True,True
54.3366,-2.2908,8.1582,-137.3015,0.04524,0.0638,0.9362,0.0000,True,True
54.3450,-2.2707,8.1631,-137.3418,0.04530,0.0632,0.9368,0.0000,True,True
54.3533,-2.2506,8.1680,-137.3821,0.04524,0.0626,0.9374,0.0000,True,True
54.3617,-2.2305,8.1729,-137.4224,0.04528,0.0619,0.9381,0.0000,True,True
54.3700,-2.2104,8.1778,-137.4626,0.04525,0.0613,0.9387,0.0000,True,True
54.3783,-2.1903,8.1827,-137.5029,0.04530,0.0607,0.9393,0.0000,True,True
54.3866,-2.1703,8.1876,-137.5432,0.04524,0.0601,0.9399,0.0000,True,True
54.3950,-2.1502,8.1925,-137.5835,0.04530,0.0595,0.9405,0.0000,True,True
54.4034,-2.1299,8.1975,-137.6243,0.04585,0.0589,0.9411,0.0000,True,True
54.4118,-2.1098,8.2024,-137.6645,0.04528,0.0583,0.9417,0.0000,True,True
54.4201,-2.0897,8.2074,-137.7048,0.04525,0.0577,0.9423,0.0000,True,True
54.4284,-2.0696,8.2123,-137.7451,0.04530,0.0571,0.9429,0.0000,True,True
54.4368,-2.0495,8.2172,-137.7854,0.04526,0.0565,0.9435,0.0000,True,True
54.4451,-2.0294,8.2221,-137.8256,0.04528,0.0559,0.9441,0.0000,True,True
54.4534,-2.0094,8.2270,-137.8659,0.04525,0.0553,0.9447,0.0000,True,True
54.4618,-1.9893,8.2319,-137.9062,0.04530,0.0547,0.9453,0.0000,True,True
54.4701,-1.9692,8.2368,-137.9464,0.04525,0.0541,0.9459,0.0000,True,True
54.4785,-1.9491,8.2418,-137.9867,0.04530,0.0535,0.9465,0.0000,True,True
54.4868,-1.9290,8.2463,-138.0270,0.04522,0.0529,0.9471,0.0000,True,True
54.4951,-1.9090,8.2506,-138.0673,0.04522,0.0523,0.9477,0.0000,True,True
54.5034,-1.8889,8.2550,-138.1075,0.04519,0.0518,0.9482,0.0000,True,True
54.5119,-1.8688,8.2594,-138.1478,0.04524,0.0512,0.9488,0.0000,True,True
54.5201,-1.8487,8.2637,-138.1881,0.04521,0.0506,0.9494,0.0000,True,True
54.5285,-1.8286,8.2681,-138.2284,0.04524,0.0501,0.9499,0.0000,True,True
54.5368,-1.8086,8.2724,-138.2687,0.04519,0.0495,0.9505,0.0000,True,True
54.5451,-1.7885,8.2768,-138.3089,0.04522,0.0489,0.9511,0.0000,True,True
54.5534,-1.7685,8.2811,-138.3489,0.04488,0.0484,0.9516,0.0000,True,True
54.5618,-1.7487,8.2854,-138.3887,0.04462,0.0478,0.9522,0.0000,True,True
54.5701,-1.7291,8.2897,-138.4281,0.04425,0.0473,0.9527,0.0000,True,True
54.5784,-1.7095,8.2939,-138.4673,0.04399,0.0468,0.9532,0.0000,True,True
54.5868,-1.6902,8.2981,-138.5061,0.04363,0.0462,0.9538,0.0000,True,True
54.5951,-1.6709,8.3023,-138.5448,0.04336,0.0457,0.9543,0.0000,True,True
54.6034,-1.6518,8.3064,-138.5831,0.04300,0.0452,0.9548,0.0000,True,True
54.6118,-1.6328,8.3105,-138.6211,0.04271,0.0447,0.9553,0.0000,True,True
54.6201,-1.6140,8.3146,-138.6588,0.04234,0.0442,0.9558,0.0000,True,True
54.6285,-1.5954,8.3187,-138.6963,0.04204,0.0437,0.9563,0.0000,True,True
54.6368,-1.5768,8.3227,-138.7334,0.04169,0.0432,0.9568,0.0000,True,True
54.6451,-1.5585,8.3267,-138.7703,0.04140,0.0427,0.9573,0.0000,True,True
54.6534,-1.5402,8.3306,-138.8068,0.04102,0.0422,0.9578,0.0000,True,True
54.6618,-1.5221,8.3345,-138.8431,0.04075,0.0418,0.9582,0.0000,True,True
54.6702,-1.5042,8.3384,-138.8791,0.04038,0.0413,0.9587,0.0000,True,True
54.6786,-1.4864,8.3423,-138.9148,0.04005,0.0408,0.9592,0.0000,True,True
54.6868,-1.4688,8.3461,-138.9501,0.03971,0.0404,0.9596,0.0000,True,True
54.6951,-1.4513,8.3499,-138.9852,0.03938,0.0399,0.9601,0.0000,True,True
54.7035,-1.4340,8.3537,-139.0200,0.03904,0.0395,0.9605,0.0000,True,True
54.7120,-1.4168,8.3574,-139.0545,0.03870,0.0391,0.9609,0.0000,True,True
54.7201,-1.3997,8.3611,-139.0886,0.03835,0.0386,0.9614,0.0000,True,True
54.7285,-1.3828,8.3648,-139.1225,0.03801,0.0382,0.9618,0.0000,True,True
54.7368,-1.3661,8.3684,-139.1560,0.03765,0.0378,0.9622,0.0000,True,True
54.7452,-1.3495,8.3720,-139.1893,0.03732,0.0374,0.9626,0.0000,True,True
54.7535,-1.3331,8.3755,-139.2222,0.03697,0.0370,0.9630,0.0000,True,True
54.7618,-1.3169,8.3791,-139.2548,0.03662,0.0366,0.9634,0.0000,True,True
54.7701,-1.3007,8.3826,-139.2871,0.03628,0.0362,0.9638,0.0000,True,True
54.7785,-1.2848,8.3860,-139.3191,0.03591,0.0358,0.9642,0.0000,True,True
54.7868,-1.2690,8.3894,-139.3508,0.03553,0.0354,0.9646,0.0000,True,True
54.7951,-1.2534,8.3928,-139.3821,0.03520,0.0350,0.9650,0.0000,True,True
54.8034,-1.2379,8.3962,-139.4131,0.03483,0.0347,0.9653,0.0000,True,True
54.8118,-1.2226,8.3995,-139.4439,0.03448,0.0343,0.9657,0.0000,True,True
54.8201,-1.2075,8.4028,-139.4742,0.03409,0.0339,0.9661,0.0000,True,True
54.8286,-1.1924,8.4061,-139.5043,0.03382,0.0336,0.9664,0.0000,True,True
54.8368,-1.1776,8.4093,-139.5341,0.03335,0.0332,0.9668,0.0000,True,True
54.8452,-1.1630,8.4124,-139.5635,0.03303,0.0329,0.9671,0.0000,True,True
54.8534,-1.1485,8.4156,-139.5925,0.03261,0.0326,0.9674,0.0000,True,True
54.8618,-1.1341,8.4187,-139.6213,0.03229,0.0322,0.9678,0.0000,True,True
54.8701,-1.1200,8.4218,-139.6497,0.03188,0.0319,0.9681,0.0000,True,True
54.8785,-1.1060,8.4248,-139.6778,0.03155,0.0316,0.9684,0.0000,True,True
54.8868,-1.0921,8.4278,-139.7055,0.03114,0.0313,0.9687,0.0000,True,True
54.8952,-1.0785,8.4308,-139.7330,0.03078,0.0310,0.9690,0.0000,True,True
54.9035,-1.0650,8.4337,-139.7600,0.03037,0.0306,0.9694,0.0000,True,True
54.9119,-1.0516,8.4366,-139.7868,0.03003,0.0303,0.9697,0.0000,True,True
54.9201,-1.0385,8.4394,-139.8131,0.02962,0.0301,0.9699,0.0000,True,True
54.9285,-1.0255,8.4423,-139.8392,0.02927,0.0298,0.9702,0.0000,True,True
54.9368,-1.0127,8.4450,-139.8649,0.02885,0.0295,0.9705,0.0000,True,True
54.9451,-1.0000,8.4478,-139.8903,0.02849,0.0292,0.9708,0.0000,True,True
54.9535,-0.9875,8.4505,-139.9153,0.02807,0.0289,0.9711,0.0000,True,True
54.9619,-0.9752,8.4532,-139.9400,0.02772,0.0287,0.9713,0.0000,True,True
54.9702,-0.9631,8.4558,-139.9643,0.02731,0.0284,0.9716,0.0000,True,True
54.9785,-0.9512,8.4584,-139.9883,0.02693,0.0281,0.9719,0.0000,True,True
54.9868,-0.9512,8.4584,-139.9883,0.00000,0.0281,0.9719,0.0000,True,True
54.9952,-0.9511,8.4584,-139.9888,0.00053,0.0281,0.9719,0.0000,True,True
55.0035,-0.9509,8.4586,-139.9899,0.00106,0.0281,0.9719,0.0000,True,True
55.0119,-0.9506,8.4587,-139.9914,0.00159,0.0281,0.9719,0.0000,True,True
55.0202,-0.9502,8.4590,-139.9935,0.00212,0.0281,0.9719,0.0000,True,True
55.0285,-0.9497,8.4592,-139.9961,0.00266,0.0280,0.9720,0.0000,True,True
55.0368,-0.9491,8.4596,-139.9992,0.00319,0.0280,0.9720,0.0000,True,True
55.0452,-0.9484,8.4599,-140.0028,0.00373,0.0280,0.9720,0.0000,True,True
55.0535,-0.9476,8.4603,-140.0070,0.00426,0.0279,0.9721,0.0000,True,True
55.0619,-0.9467,8.4607,-140.0117,0.00480,0.0279,0.9721,0.0000,True,True
55.0702,-0.9457,8.4612,-140.0169,0.00535,0.0278,0.9722,0.0000,True,True
55.0786,-0.9446,8.4618,-140.0227,0.00590,0.0278,0.9722,0.0000,True,True
55.0868,-0.9434,8.4623,-140.0290,0.00644,0.0277,0.9723,0.0000,True,True
55.0952,-0.9421,8.4630,-140.0359,0.00700,0.0276,0.9724,0.0000,True,True
55.1035,-0.9407,8.4637,-140.0432,0.00755,0.0275,0.9725,0.0000,True,True
55.1119,-0.9392,8.4644,-140.0512,0.00811,0.0274,0.9726,0.0000,True,True
55.1202,-0.9376,8.4652,-140.0596,0.00866,0.0274,0.9726,0.0000,True,True
55.1285,-0.9359,8.4660,-140.0687,0.00922,0.0273,0.9727,0.0000,True,True
55.1369,-0.9341,8.4669,-140.0782,0.00976,0.0272,0.9728,0.0000,True,True
55.1452,-0.9321,8.4678,-140.0883,0.01034,0.0271,0.9729,0.0000,True,True
55.1535,-0.9301,8.4688,-140.0990,0.01089,0.0269,0.9731,0.0000,True,True
55.1619,-0.9280,8.4698,-140.1102,0.01146,0.0268,0.9732,0.0000,True,True
55.1702,-0.9257,8.4709,-140.1220,0.01202,0.0267,0.9733,0.0000,True,True
55.1785,-0.9234,8.4721,-140.1343,0.01262,0.0266,0.9734,0.0000,True,True
55.1869,-0.9209,8.4733,-140.1472,0.01318,0.0264,0.9736,0.0000,True,True
55.1952,-0.9184,8.4745,-140.1607,0.01377,0.0263,0.9737,0.0000,True,True
55.2035,-0.9157,8.4758,-140.1747,0.01433,0.0261,0.9739,0.0000,True,True
55.2119,-0.9129,8.4772,-140.1893,0.01494,0.0260,0.9740,0.0000,True,True
55.2202,-0.9101,8.4786,-140.2045,0.01550,0.0258,0.9742,0.0000,True,True
55.2285,-0.9071,8.4800,-140.2202,0.01611,0.0257,0.9743,0.0000,True,True
55.2368,-0.9040,8.4815,-140.2366,0.01667,0.0255,0.9745,0.0000,True,True
55.2452,-0.9007,8.4831,-140.2535,0.01730,0.0253,0.9747,0.0000,True,True
55.2535,-0.8974,8.4847,-140.2710,0.01787,0.0251,0.9749,0.0000,True,True
55.2619,-0.8940,8.4864,-140.2890,0.01848,0.0250,0.9750,0.0000,True,True
55.2702,-0.8904,8.4881,-140.3077,0.01907,0.0248,0.9752,0.0000,True,True
55.2785,-0.8868,8.4899,-140.3270,0.01970,0.0246,0.9754,0.0000,True,True
55.2869,-0.8830,8.4917,-140.3468,0.02028,0.0244,0.9756,0.0000,True,True
55.2952,-0.8791,8.4936,-140.3673,0.02090,0.0242,0.9758,0.0000,True,True
55.3035,-0.8751,8.4956,-140.3883,0.02149,0.0240,0.9760,0.0000,True,True
55.3119,-0.8710,8.4976,-140.4099,0.02213,0.0237,0.9763,0.0000,True,True
55.3202,-0.8668,8.4996,-140.4322,0.02272,0.0235,0.9765,0.0000,True,True
55.3285,-0.8624,8.5017,-140.4550,0.02336,0.0233,0.9767,0.0000,True,True
55.3368,-0.8580,8.5039,-140.4785,0.02396,0.0231,0.9769,0.0000,True,True
55.3452,-0.8534,8.5061,-140.5025,0.02461,0.0228,0.9772,0.0000,True,True
55.3535,-0.8487,8.5084,-140.5272,0.02520,0.0226,0.9774,0.0000,True,True
55.3619,-0.8439,8.5108,-140.5525,0.02586,0.0223,0.9777,0.0000,True,True
55.3702,-0.8390,8.5132,-140.5784,0.02647,0.0221,0.9779,0.0000,True,True
55.3785,-0.8339,8.5156,-140.6049,0.02712,0.0218,0.9782,0.0000,True,True
55.3869,-0.8288,8.5181,-140.6321,0.02773,0.0216,0.9784,0.0000,True,True
55.3953,-0.8235,8.5207,-140.6599,0.02845,0.0213,0.9787,0.0000,True,True
55.4035,-0.8181,8.5233,-140.6882,0.02895,0.0210,0.9790,0.0000,True,True
55.4119,-0.8126,8.5260,-140.7172,0.02966,0.0208,0.9792,0.0000,True,True
55.4202,-0.8069,8.5287,-140.7469,0.03035,0.0205,0.9795,0.0000,True,True
55.4286,-0.8012,8.5315,-140.7772,0.03096,0.0202,0.9798,0.0000,True,True
55.4369,-0.7953,8.5344,-140.8081,0.03157,0.0199,0.9801,0.0000,True,True
55.4452,-0.7893,8.5373,-140.8397,0.03227,0.0196,0.9804,0.0000,True,True
55.4536,-0.7832,8.5403,-140.8718,0.03288,0.0193,0.9807,0.0000,True,True
55.4619,-0.7770,8.5433,-140.9047,0.03356,0.0190,0.9810,0.0000,True,True
55.4702,-0.7706,8.5464,-140.9381,0.03419,0.0187,0.9813,0.0000,True,True
55.4786,-0.7641,8.5496,-140.9723,0.03489,0.0184,0.9816,0.0000,True,True
55.4869,-0.7575,8.5528,-141.0070,0.03553,0.0181,0.9819,0.0000,True,True
55.4953,-0.7508,8.5561,-141.0425,0.03623,0.0178,0.9822,0.0000,True,True
55.5036,-0.7439,8.5594,-141.0785,0.03687,0.0175,0.9825,0.0000,True,True
55.5119,-0.7369,8.5628,-141.1153,0.03759,0.0172,0.9828,0.0000,True,True
55.5202,-0.7298,8.5663,-141.1527,0.03823,0.0169,0.9831,0.0000,True,True
55.5286,-0.7226,8.5698,-141.1908,0.03893,0.0165,0.9835,0.0000,True,True
55.5369,-0.7152,8.5734,-141.2295,0.03960,0.0162,0.9838,0.0000,True,True
55.5452,-0.7077,8.5770,-141.2690,0.04032,0.0159,0.9841,0.0000,True,True
55.5535,-0.7001,8.5807,-141.3091,0.04096,0.0155,0.9845,0.0000,True,True
55.5619,-0.6923,8.5845,-141.3498,0.04169,0.0152,0.9848,0.0000,True,True
55.5702,-0.6845,8.5883,-141.3913,0.04234,0.0149,0.9851,0.0000,True,True
55.5786,-0.6765,8.5922,-141.4334,0.04308,0.0145,0.9855,0.0000,True,True
55.5868,-0.6683,8.5962,-141.4762,0.04375,0.0142,0.9858,0.0000,True,True
55.5953,-0.6600,8.6002,-141.5199,0.04470,0.0139,0.9861,0.0000,True,True
55.6036,-0.6516,8.6043,-141.5641,0.04515,0.0135,0.9865,0.0000,True,True
55.6120,-0.6432,8.6084,-141.6083,0.04520,0.0132,0.9868,0.0000,True,True
55.6203,-0.6348,8.6125,-141.6525,0.04517,0.0128,0.9872,0.0000,True,True
55.6286,-0.6264,8.6166,-141.6968,0.04521,0.0125,0.9875,0.0000,True,True
55.6369,-0.6180,8.6207,-141.7410,0.04517,0.0122,0.9878,0.0000,True,True
55.6453,-0.6096,8.6248,-141.7852,0.04521,0.0119,0.9881,0.0000,True,True
55.6536,-0.6012,8.6289,-141.8294,0.04517,0.0116,0.9884,0.0000,True,True
55.6620,-0.5928,8.6329,-141.8736,0.04521,0.0112,0.9888,0.0000,True,True
55.6703,-0.5844,8.6370,-141.9178,0.04517,0.0109,0.9891,0.0000,True,True
55.6786,-0.5760,8.6411,-141.9620,0.04521,0.0106,0.9894,0.0000,True,True
55.6869,-0.5676,8.6451,-142.0062,0.04516,0.0103,0.9897,0.0000,True,True
55.6953,-0.5592,8.6484,-142.0504,0.04513,0.0100,0.9900,0.0000,True,True
55.7036,-0.5508,8.6517,-142.0946,0.04510,0.0097,0.9903,0.0000,True,True
55.7120,-0.5424,8.6551,-142.1389,0.04515,0.0094,0.9906,0.0000,True,True
55.7202,-0.5340,8.6584,-142.1831,0.04510,0.0092,0.9908,0.0000,True,True
55.7287,-0.5256,8.6617,-142.2273,0.04515,0.0089,0.9911,0.0000,True,True
55.7369,-0.5172,8.6650,-142.2715,0.04510,0.0086,0.9914,0.0000,True,True
55.7453,-0.5088,8.6683,-142.3157,0.04515,0.0083,0.9917,0.0000,True,True
55.7536,-0.5004,8.6717,-142.3599,0.04512,0.0081,0.9919,0.0000,True,True
55.7620,-0.4919,8.6750,-142.4042,0.04515,0.0078,0.9922,0.0000,True,True
55.7703,-0.4835,8.6783,-142.4483,0.04510,0.0075,0.9925,0.0000,True,True
55.7787,-0.4751,8.6816,-142.4926,0.04515,0.0073,0.9927,0.0000,True,True
55.7869,-0.4667,8.6849,-142.5368,0.04510,0.0070,0.9930,0.0000,True,True
55.7953,-0.4583,8.6882,-142.5810,0.04515,0.0068,0.9932,0.0000,True,True
55.8036,-0.4499,8.6916,-142.6252,0.04510,0.0066,0.9934,0.0000,True,True
55.8120,-0.4415,8.6949,-142.6694,0.04515,0.0063,0.9937,0.0000,True,True
55.8203,-0.4331,8.6982,-142.7136,0.04510,0.0061,0.9939,0.0000,True,True
55.8286,-0.4247,8.7015,-142.7579,0.04515,0.0059,0.9941,0.0000,True,True
55.8371,-0.4163,8.7048,-142.8020,0.04510,0.0056,0.9944,0.0000,True,True
55.8454,-0.4079,8.7082,-142.8463,0.04513,0.0054,0.9946,0.0000,True,True
55.8536,-0.3995,8.7115,-142.8905,0.04510,0.0052,0.9948,0.0000,True,True
55.8620,-0.3911,8.7148,-142.9347,0.04515,0.0050,0.9950,0.0000,True,True
55.8703,-0.3827,8.7181,-142.9789,0.04512,0.0048,0.9952,0.0000,True,True
55.8786,-0.3743,8.7214,-143.0231,0.04513,0.0046,0.9954,0.0000,True,True
55.8870,-0.3659,8.7247,-143.0673,0.04512,0.0044,0.9956,0.0000,True,True
55.8954,-0.3575,8.7281,-143.1116,0.04520,0.0042,0.9958,0.0000,True,True
55.9037,-0.3491,8.7314,-143.1558,0.04507,0.0040,0.9960,0.0000,True,True
55.9120,-0.3408,8.7347,-143.1995,0.04468,0.0038,0.9962,0.0000,True,True
55.9204,-0.3325,8.7379,-143.2429,0.04428,0.0036,0.9964,0.0000,True,True
55.9286,-0.3243,8.7412,-143.2859,0.04390,0.0034,0.9966,0.0000,True,True
55.9370,-0.3162,8.7443,-143.3285,0.04348,0.0033,0.9967,0.0000,True,True
55.9453,-0.3082,8.7475,-143.3708,0.04309,0.0031,0.9969,0.0000,True,True
55.9536,-0.3003,8.7507,-143.4126,0.04266,0.0030,0.9970,0.0000,True,True
55.9620,-0.2924,8.7538,-143.4540,0.04230,0.0028,0.9972,0.0000,True,True
55.9703,-0.2846,8.7568,-143.4950,0.04183,0.0027,0.9973,0.0000,True,True
55.9786,-0.2769,8.7599,-143.5356,0.04150,0.0025,0.9975,0.0000,True,True
55.9869,-0.2692,8.7629,-143.5758,0.04102,0.0024,0.9976,0.0000,True,True
55.9954,-0.2617,8.7659,-143.6157,0.04068,0.0023,0.9977,0.0000,True,True
56.0036,-0.2542,8.7689,-143.6551,0.04020,0.0021,0.9979,0.0000,True,True
56.0120,-0.2468,8.7718,-143.6941,0.03982,0.0020,0.9980,0.0000,True,True
56.0203,-0.2394,8.7747,-143.7327,0.03937,0.0019,0.9981,0.0000,True,True
56.0287,-0.2322,8.7775,-143.7709,0.03900,0.0018,0.9982,0.0000,True,True
56.0370,-0.2250,8.7804,-143.8086,0.03853,0.0017,0.9983,0.0000,True,True
56.0453,-0.2179,8.7832,-143.8460,0.03817,0.0016,0.9984,0.0000,True,True
56.0537,-0.2109,8.7860,-143.8829,0.03769,0.0015,0.9985,0.0000,True,True
56.0621,-0.2039,8.7887,-143.9195,0.03735,0.0014,0.9986,0.0000,True,True
56.0703,-0.1970,8.7914,-143.9557,0.03686,0.0013,0.9987,0.0000,True,True
56.0788,-0.1902,8.7941,-143.9916,0.03666,0.0012,0.9988,0.0000,True,True
56.0870,-0.1835,8.7962,-144.0267,0.03583,0.0011,0.9989,0.0000,True,True
56.0954,-0.1769,8.7982,-144.0616,0.03556,0.0010,0.9990,0.0000,True,True
56.1036,-0.1704,8.8001,-144.0960,0.03506,0.0010,0.9990,0.0000,True,True
56.1121,-0.1639,8.8020,-144.1300,0.03463,0.0009,0.9991,0.0000,True,True
56.1203,-0.1575,8.8039,-144.1634,0.03413,0.0008,0.9992,0.0000,True,True
56.1287,-0.1513,8.8057,-144.1965,0.03368,0.0008,0.9992,0.0000,True,True
56.1370,-0.1450,8.8075,-144.2292,0.03332,0.0007,0.9993,0.0000,True,True
56.1453,-0.1390,8.8093,-144.2611,0.03260,0.0006,0.9994,0.0000,True,True
56.1537,-0.1330,8.8111,-144.2928,0.03225,0.0006,0.9994,0.0000,True,True
56.1621,-0.1270,8.8128,-144.3240,0.03180,0.0005,0.9995,0.0000,True,True
56.1703,-0.1212,8.8145,-144.3547,0.03130,0.0005,0.9995,0.0000,True,True
56.1787,-0.1154,8.8162,-144.3849,0.03085,0.0005,0.9995,0.0000,True,True
56.1870,-0.1098,8.8179,-144.4147,0.03033,0.0004,0.9996,0.0000,True,True
56.1953,-0.1042,8.8195,-144.4440,0.02988,0.0004,0.9996,0.0000,True,True
56.2036,-0.0987,8.8211,-144.4728,0.02938,0.0003,0.9997,0.0000,True,True
56.2120,-0.0933,8.8227,-144.5012,0.02893,0.0003,0.9997,0.0000,True,True
56.2203,-0.0880,8.8243,-144.5291,0.02842,0.0003,0.9997,0.0000,True,True
56.2287,-0.0828,8.8258,-144.5565,0.02797,0.0002,0.9998,0.0000,True,True
56.2370,-0.0777,8.8273,-144.5834,0.02746,0.0002,0.9998,0.0000,True,True
56.2453,-0.0727,8.8288,-144.6099,0.02700,0.0002,0.9998,0.0000,True,True
56.2537,-0.0677,8.8302,-144.6359,0.02649,0.0002,0.9998,0.0000,True,True
56.2620,-0.0629,8.8317,-144.6615,0.02604,0.0001,0.9999,0.0000,True,True
56.2703,-0.0581,8.8331,-144.6865,0.02553,0.0001,0.9999,0.0000,True,True
56.2787,-0.0534,8.8344,-144.7111,0.02506,0.0001,0.9999,0.0000,True,True
56.2870,-0.0489,8.8358,-144.7352,0.02456,0.0001,0.9999,0.0000,True,True
56.2953,-0.0444,8.8371,-144.7588,0.02410,0.0001,0.9999,0.0000,True,True
56.3036,-0.0400,8.8384,-144.7819,0.02358,0.0001,0.9999,0.0000,True,True
56.3120,-0.0357,8.8397,-144.8046,0.02313,0.0000,1.0000,0.0000,True,True
56.3203,-0.0314,8.8409,-144.8268,0.02262,0.0000,1.0000,0.0000,True,True
56.3287,-0.0273,8.8421,-144.8485,0.02214,0.0000,1.0000,0.0000,True,True
56.3370,-0.0233,8.8433,-144.8698,0.02164,0.0000,1.0000,0.0000,True,True
56.3453,-0.0193,8.8445,-144.8905,0.02117,0.0000,1.0000,0.0000,True,True
56.3537,-0.0155,8.8456,-144.9108,0.02066,0.0000,1.0000,0.0000,True,True
56.3620,-0.0117,8.8467,-144.9306,0.02019,0.0000,1.0000,0.0000,True,True
56.3703,-0.0080,8.8478,-144.9499,0.01968,0.0000,1.0000,0.0000,True,True
56.3787,-0.0045,8.8488,-144.9687,0.01920,0.0000,1.0000,0.0000,True,True
56.3870,-0.0010,8.8498,-144.9871,0.01870,0.0000,1.0000,0.0000,True,True
56.3953,-0.0010,8.8498,-144.9871,0.00000,0.0000,1.0000,0.0000,True,True
56.4037,-0.0008,8.8499,-144.9876,0.00053,0.0000,1.0000,0.0000,True,True
56.4120,-0.0005,8.8499,-144.9886,0.00105,0.0000,1.0000,0.0000,True,True
56.4203,-0.0001,8.8500,-144.9901,0.00158,0.0000,1.0000,0.0000,True,True
56.4287,0.0005,8.8501,-144.9921,0.00210,0.0000,1.0000,0.0000,True,True
56.4370,0.0013,8.8503,-144.9946,0.00263,0.0000,1.0000,0.0000,True,True
56.4453,0.0021,8.8504,-144.9976,0.00316,0.0000,1.0000,0.0000,True,True
56.4536,0.0032,8.8506,-145.0012,0.00368,0.0000,1.0000,0.0000,True,True
56.4620,0.0044,8.8509,-145.0052,0.00421,0.0000,1.0000,0.0000,True,True
56.4703,0.0057,8.8511,-145.0097,0.00473,0.0000,1.0000,0.0000,True,True
56.4787,0.0072,8.8514,-145.0148,0.00526,0.0000,1.0000,0.0000,True,True
56.4870,0.0088,8.8517,-145.0203,0.00578,0.0000,1.0000,0.0000,True,True
56.4954,0.0106,8.8520,-145.0263,0.00631,0.0000,1.0000,0.0000,True,True
56.5036,0.0126,8.8524,-145.0329,0.00684,0.0000,1.0000,0.0000,True,True
56.5120,0.0147,8.8528,-145.0399,0.00738,0.0000,1.0000,0.0000,True,True
56.5203,0.0169,8.8532,-145.0475,0.00790,0.0000,1.0000,0.0000,True,True
56.5287,0.0193,8.8537,-145.0556,0.00844,0.0000,1.0000,0.0000,True,True
56.5370,0.0218,8.8542,-145.0642,0.00897,0.0000,1.0000,0.0000,True,True
56.5453,0.0245,8.8547,-145.0733,0.00951,0.0000,1.0000,0.0000,True,True
56.5537,0.0274,8.8552,-145.0829,0.01004,0.0000,1.0000,0.0000,True,True
56.5623,0.0304,8.8558,-145.0930,0.01058,0.0000,1.0000,0.0000,True,True
56.5703,0.0335,8.8564,-145.1037,0.01111,0.0000,1.0000,0.0000,True,True
56.5787,0.0368,8.8570,-145.1148,0.01165,0.0000,1.0000,0.0000,True,True
56.5870,0.0403,8.8576,-145.1265,0.01217,0.0000,1.0000,0.0000,True,True
56.5953,0.0439,8.8583,-145.1387,0.01273,0.0000,1.0000,0.0000,True,True
56.6036,0.0476,8.8590,-145.1514,0.01326,0.0000,1.0000,0.0000,True,True
56.6120,0.0515,8.8598,-145.1646,0.01381,0.0000,1.0000,0.0000,True,True
56.6203,0.0556,8.8605,-145.1784,0.01436,0.0000,1.0000,0.0000,True,True
56.6287,0.0598,8.8613,-145.1926,0.01491,0.0000,1.0000,0.0000,True,True
56.6370,0.0642,8.8621,-145.2074,0.01544,0.0000,1.0000,0.0000,True,True
56.6453,0.0687,8.8630,-145.2227,0.01600,0.0000,1.0000,0.0000,True,True
56.6536,0.0734,8.8639,-145.2386,0.01652,0.0000,1.0000,0.0000,True,True
56.6620,0.0782,8.8648,-145.2549,0.01710,0.0000,1.0000,0.0000,True,True
56.6703,0.0832,8.8657,-145.2718,0.01762,0.0000,1.0000,0.0000,True,True
56.6787,0.0884,8.8667,-145.2892,0.01820,0.0000,1.0000,0.0000,True,True
56.6870,0.0937,8.8677,-145.3072,0.01872,0.0000,1.0000,0.0000,True,True
56.6955,0.0991,8.8687,-145.3257,0.01930,0.0000,1.0000,0.0000,True,True
56.7036,0.1048,8.8698,-145.3446,0.01982,0.0000,1.0000,0.0000,True,True
56.7120,0.1105,8.8709,-145.3642,0.02040,0.0000,1.0000,0.0000,True,True
56.7203,0.1165,8.8720,-145.3842,0.02092,0.0000,1.0000,0.0000,True,True
56.7287,0.1225,8.8732,-145.4048,0.02148,0.0000,1.0000,0.0000,True,True
56.7370,0.1288,8.8743,-145.4259,0.02204,0.0000,1.0000,0.0000,True,True
56.7453,0.1352,8.8755,-145.4475,0.02260,0.0000,1.0000,0.0000,True,True
56.7537,0.1417,8.8768,-145.4697,0.02314,0.0000,1.0000,0.0000,True,True
56.7620,0.1484,8.8781,-145.4924,0.02371,0.0000,1.0000,0.0000,True,True
56.7703,0.1553,8.8793,-145.5156,0.02424,0.0000,1.0000,0.0000,True,True
56.7787,0.1623,8.8807,-145.5394,0.02483,0.0000,1.0000,0.0000,True,True
56.7870,0.1695,8.8820,-145.5636,0.02535,0.0000,1.0000,0.0000,True,True
56.7954,0.1769,8.8834,-145.5885,0.02594,0.0000,1.0000,0.0000,True,True
56.8037,0.1844,8.8848,-145.6138,0.02647,0.0000,1.0000,0.0000,True,True
56.8120,0.1920,8.8863,-145.6397,0.02706,0.0000,1.0000,0.0000,True,True
56.8203,0.1998,8.8878,-145.6662,0.02760,0.0000,1.0000,0.0000,True,True
56.8287,0.2078,8.8893,-145.6931,0.02819,0.0000,1.0000,0.0000,True,True
56.8370,0.2160,8.8908,-145.7206,0.02872,0.0000,1.0000,0.0000,True,True
56.8453,0.2243,8.8924,-145.7487,0.02930,0.0000,1.0000,0.0000,True,True
56.8537,0.2327,8.8940,-145.7773,0.02985,0.0000,1.0000,0.0000,True,True
56.8620,0.2413,8.8956,-145.8064,0.03044,0.0000,1.0000,0.0000,True,True
56.8703,0.2501,8.8972,-145.8361,0.03098,0.0000,1.0000,0.0000,True,True
56.8787,0.2590,8.8989,-145.8663,0.03157,0.0000,1.0000,0.0000,True,True
56.8870,0.2681,8.9006,-145.8971,0.03212,0.0000,1.0000,0.0000,True,True
56.8954,0.2774,8.9024,-145.9284,0.03271,0.0000,1.0000,0.0000,True,True
56.9037,0.2868,8.9042,-145.9603,0.03326,0.0000,1.0000,0.0000,True,True
56.9121,0.2964,8.9060,-145.9927,0.03386,0.0000,1.0000,0.0000,True,True
56.9203,0.3061,8.9073,-146.0256,0.03438,0.0000,1.0000,0.0000,True,True
56.9287,0.3160,8.9084,-146.0591,0.03493,0.0000,1.0000,0.0000,True,True
56.9370,0.3261,8.9096,-146.0931,0.03544,0.0000,1.0000,0.0000,True,True
56.9453,0.3363,8.9108,-146.1276,0.03601,0.0000,1.0000,0.0000,True,True
56.9536,0.3466,8.9120,-146.1626,0.03651,0.0000,1.0000,0.0000,True,True
56.9620,0.3572,8.9133,-146.1981,0.03710,0.0000,1.0000,0.0000,True,True
56.9703,0.3678,8.9145,-146.2341,0.03759,0.0000,1.0000,0.0000,True,True
56.9787,0.3786,8.9158,-146.2707,0.03818,0.0000,1.0000,0.0000,True,True
56.9870,0.3896,8.9171,-146.3078,0.03866,0.0000,1.0000,0.0000,True,True
56.9954,0.4007,8.9184,-146.3454,0.03926,0.0000,1.0000,0.0000,True,True
57.0036,0.4120,8.9197,-146.3835,0.03974,0.0000,1.0000,0.0000,True,True
57.0120,0.4234,8.9211,-146.4222,0.04034,0.0000,1.0000,0.0000,True,True
57.0203,0.4350,8.9224,-146.4613,0.04082,0.0000,1.0000,0.0000,True,True
57.0288,0.4467,8.9238,-146.5010,0.04143,0.0000,1.0000,0.0000,True,True
57.0370,0.4586,8.9252,-146.5412,0.04194,0.0000,1.0000,0.0000,True,True
57.0453,0.4707,8.9266,-146.5819,0.04251,0.0000,1.0000,0.0000,True,True
57.0537,0.4829,8.9281,-146.6232,0.04303,0.0000,1.0000,0.0000,True,True
57.0620,0.4952,8.9295,-146.6649,0.04359,0.0000,1.0000,0.0000,True,True
57.0703,0.5077,8.9310,-146.7072,0.04410,0.0000,1.0000,0.0000,True,True
57.0787,0.5204,8.9325,-146.7500,0.04469,0.0000,1.0000,0.0000,True,True
57.0870,0.5331,8.9340,-146.7932,0.04499,0.0000,1.0000,0.0000,True,True
57.0954,0.5459,8.9355,-146.8363,0.04506,0.0000,1.0000,0.0000,True,True
57.1036,0.5587,8.9370,-146.8795,0.04501,0.0000,1.0000,0.0000,True,True
57.1120,0.5714,8.9385,-146.9227,0.04504,0.0000,1.0000,0.0000,True,True
57.1203,0.5842,8.9400,-146.9658,0.04501,0.0000,1.0000,0.0000,True,True
57.1287,0.5970,8.9415,-147.0090,0.04504,0.0000,1.0000,0.0000,True,True
57.1370,0.6097,8.9430,-147.0521,0.04501,0.0000,1.0000,0.0000,True,True
57.1457,0.6225,8.9445,-147.0953,0.04506,0.0000,1.0000,0.0000,True,True
57.1537,0.6352,8.9460,-147.1384,0.04499,0.0000,1.0000,0.0000,True,True
57.1620,0.6480,8.9475,-147.1816,0.04506,0.0000,1.0000,0.0000,True,True
57.1704,0.6608,8.9490,-147.2247,0.04501,0.0000,1.0000,0.0000,True,True
57.1787,0.6735,8.9505,-147.2679,0.04506,0.0000,1.0000,0.0000,True,True
57.1870,0.6863,8.9520,-147.3110,0.04499,0.0000,1.0000,0.0000,True,True
57.1954,0.6990,8.9535,-147.3542,0.04504,0.0000,1.0000,0.0000,True,True
57.2037,0.7118,8.9550,-147.3973,0.04502,0.0000,1.0000,0.0000,True,True
57.2120,0.7246,8.9565,-147.4405,0.04504,0.0000,1.0000,0.0000,True,True
57.2203,0.7373,8.9580,-147.4836,0.04498,0.0000,1.0000,0.0000,True,True
57.2287,0.7501,8.9595,-147.5268,0.04507,0.0000,1.0000,0.0000,True,True
57.2371,0.7629,8.9610,-147.5699,0.04499,0.0000,1.0000,0.0000,True,True
57.2453,0.7756,8.9625,-147.6131,0.04506,0.0000,1.0000,0.0000,True,True
57.2537,0.7884,8.9640,-147.6562,0.04499,0.0000,1.0000,0.0000,True,True
57.2620,0.8011,8.9655,-147.6994,0.04504,0.0000,1.0000,0.0000,True,True
57.2703,0.8139,8.9670,-147.7425,0.04501,0.0000,1.0000,0.0000,True,True
57.2787,0.8267,8.9685,-147.7857,0.04506,0.0000,1.0000,0.0000,True,True
57.2870,0.8394,8.9700,-147.8288,0.04499,0.0000,1.0000,0.0000,True,True
57.2954,0.8522,8.9715,-147.8720,0.04506,0.0000,1.0000,0.0000,True,True
57.3037,0.8649,8.9730,-147.9152,0.04501,0.0000,1.0000,0.0000,True,True
57.3121,0.8777,8.9746,-147.9583,0.04504,0.0000,1.0000,0.0000,True,True
57.3203,0.8905,8.9760,-148.0015,0.04501,0.0000,1.0000,0.0000,True,True
57.3288,0.9032,8.9765,-148.0446,0.04502,0.0000,1.0000,0.0000,True,True
57.3370,0.9160,8.9771,-148.0878,0.04497,0.0000,1.0000,0.0000,True,True
57.3454,0.9288,8.9776,-148.1309,0.04503,0.0000,1.0000,0.0000,True,True
57.3537,0.9415,8.9781,-148.1741,0.04499,0.0000,1.0000,0.0000,True,True
57.3620,0.9542,8.9786,-148.2169,0.04462,0.0000,1.0000,0.0000,True,True
57.3703,0.9667,8.9791,-148.2591,0.04405,0.0000,1.0000,0.0000,True,True
57.3787,0.9790,8.9796,-148.3009,0.04359,0.0000,1.0000,0.0000,True,True
57.3870,0.9912,8.9801,-148.3421,0.04303,0.0000,1.0000,0.0000,True,True
57.3954,1.0033,8.9806,-148.3829,0.04254,0.0000,1.0000,0.0000,True,True
57.4037,1.0152,8.9811,-148.4232,0.04198,0.0000,1.0000,0.0000,True,True
57.4120,1.0270,8.9816,-148.4630,0.04152,0.0000,1.0000,0.0000,True,True
57.4203,1.0386,8.9820,-148.5023,0.04096,0.0000,1.0000,0.0000,True,True
57.4287,1.0501,8.9825,-148.5411,0.04047,0.0000,1.0000,0.0000,True,True
57.4370,1.0614,8.9830,-148.5794,0.03993,0.0000,1.0000,0.0000,True,True
57.4454,1.0726,8.9834,-148.6172,0.03942,0.0000,1.0000,0.0000,True,True
57.4537,1.0836,8.9839,-148.6544,0.03888,0.0000,1.0000,0.0000,True,True
57.4621,1.0945,8.9843,-148.6912,0.03838,0.0000,1.0000,0.0000,True,True
57.4703,1.1052,8.9847,-148.7275,0.03784,0.0000,1.0000,0.0000,True,True
57.4787,1.1158,8.9852,-148.7633,0.03735,0.0000,1.0000,0.0000,True,True
57.4870,1.1262,8.9856,-148.7986,0.03681,0.0000,1.0000,0.0000,True,True
57.4954,1.1365,8.9860,-148.8335,0.03631,0.0000,1.0000,0.0000,True,True
57.5037,1.1467,8.9864,-148.8678,0.03577,0.0000,1.0000,0.0000,True,True
57.5121,1.1567,8.9868,-148.9016,0.03528,0.0000,1.0000,0.0000,True,True
57.5204,1.1665,8.9872,-148.9349,0.03472,0.0000,1.0000,0.0000,True,True
57.5287,1.1762,8.9876,-148.9677,0.03424,0.0000,1.0000,0.0000,True,True
57.5371,1.1858,8.9880,-149.0000,0.03370,0.0000,1.0000,0.0000,True,True
57.5454,1.1952,8.9884,-149.0319,0.03319,0.0000,1.0000,0.0000,True,True
57.5538,1.2045,8.9888,-149.0632,0.03267,0.0000,1.0000,0.0000,True,True
57.5620,1.2136,8.9891,-149.0940,0.03216,0.0000,1.0000,0.0000,True,True
57.5704,1.2225,8.9895,-149.1244,0.03163,0.0000,1.0000,0.0000,True,True
57.5787,1.2314,8.9899,-149.1542,0.03111,0.0000,1.0000,0.0000,True,True
57.5870,1.2400,8.9902,-149.1835,0.03060,0.0000,1.0000,0.0000,True,True
57.5955,1.2486,8.9905,-149.2124,0.03009,0.0000,1.0000,0.0000,True,True
57.6037,1.2570,8.9909,-149.2407,0.02957,0.0000,1.0000,0.0000,True,True
57.6122,1.2652,8.9912,-149.2686,0.02907,0.0000,1.0000,0.0000,True,True
57.6204,1.2733,8.9916,-149.2959,0.02850,0.0000,1.0000,0.0000,True,True
57.6287,1.2812,8.9919,-149.3228,0.02802,0.0000,1.0000,0.0000,True,True
57.6370,1.2890,8.9922,-149.3492,0.02748,0.0000,1.0000,0.0000,True,True
57.6456,1.2967,8.9925,-149.3752,0.02715,0.0000,1.0000,0.0000,True,True
57.6537,1.3042,8.9928,-149.4006,0.02645,0.0000,1.0000,0.0000,True,True
57.6621,1.3116,8.9931,-149.4254,0.02595,0.0000,1.0000,0.0000,True,True
57.6704,1.3188,8.9934,-149.4498,0.02541,0.0000,1.0000,0.0000,True,True
57.6788,1.3258,8.9937,-149.4737,0.02492,0.0000,1.0000,0.0000,True,True
57.6871,1.3328,8.9940,-149.4971,0.02438,0.0000,1.0000,0.0000,True,True
57.6955,1.3395,8.9942,-149.5200,0.02389,0.0000,1.0000,0.0000,True,True
57.7037,1.3461,8.9945,-149.5424,0.02333,0.0000,1.0000,0.0000,True,True
57.7121,1.3526,8.9948,-149.5643,0.02284,0.0000,1.0000,0.0000,True,True
57.7204,1.3589,8.9950,-149.5856,0.02229,0.0000,1.0000,0.0000,True,True
57.7288,1.3651,8.9953,-149.6065,0.02180,0.0000,1.0000,0.0000,True,True
57.7371,1.3712,8.9955,-149.6269,0.02126,0.0000,1.0000,0.0000,True,True
57.7455,1.3770,8.9958,-149.6468,0.02077,0.0000,1.0000,0.0000,True,True
57.7539,1.3828,8.9960,-149.6663,0.02026,0.0000,1.0000,0.0000,True,True
57.7621,1.3884,8.9962,-149.6852,0.01972,0.0000,1.0000,0.0000,True,True
57.7704,1.3938,8.9964,-149.7036,0.01921,0.0000,1.0000,0.0000,True,True
57.7788,1.3991,8.9967,-149.7215,0.01868,0.0000,1.0000,0.0000,True,True
57.7871,1.4043,8.9969,-149.7389,0.01816,0.0000,1.0000,0.0000,True,True
57.7956,1.4093,8.9971,-149.7558,0.01765,0.0000,1.0000,0.0000,True,True
57.8037,1.4141,8.9973,-149.7722,0.01712,0.0000,1.0000,0.0000,True,True
57.8121,1.4189,8.9975,-149.7882,0.01666,0.0000,1.0000,0.0000,True,True
57.8204,1.4234,8.9976,-149.8037,0.01617,0.0000,1.0000,0.0000,True,True
57.8288,1.4279,8.9978,-149.8188,0.01572,0.0000,1.0000,0.0000,True,True
57.8371,1.4322,8.9980,-149.8334,0.01525,0.0000,1.0000,0.0000,True,True
57.8455,1.4364,8.9982,-149.8476,0.01483,0.0000,1.0000,0.0000,True,True
57.8537,1.4405,8.9983,-149.8614,0.01437,0.0000,1.0000,0.0000,True,True
57.8621,1.4445,8.9985,-149.8748,0.01397,0.0000,1.0000,0.0000,True,True
57.8704,1.4483,8.9987,-149.8878,0.01356,0.0000,1.0000,0.0000,True,True
57.8788,1.4520,8.9988,-149.9005,0.01318,0.0000,1.0000,0.0000,True,True
57.8871,1.4557,8.9990,-149.9127,0.01279,0.0000,1.0000,0.0000,True,True
57.8954,1.4592,8.9991,-149.9247,0.01248,0.0000,1.0000,0.0000,True,True
57.9037,1.4627,8.9992,-149.9363,0.01214,0.0000,1.0000,0.0000,True,True
57.9122,1.4660,8.9994,-149.9477,0.01189,0.0000,1.0000,0.0000,True,True
57.9204,1.4693,8.9995,-149.9589,0.01163,0.0000,1.0000,0.0000,True,True
57.9288,1.4726,8.9996,-149.9698,0.01143,0.0000,1.0000,0.0000,True,True
57.9371,1.4758,8.9998,-149.9806,0.01125,0.0000,1.0000,0.0000,True,True
57.9456,1.4758,8.9998,-149.9806,0.00000,0.0000,1.0000,0.0000,True,True
57.9624,1.4761,8.9998,-149.9811,0.00057,0.0000,1.0000,0.0000,True,True
57.9709,1.4767,8.9998,-149.9819,0.00106,0.0000,1.0000,0.0000,True,True
57.9791,1.4777,8.9998,-149.9832,0.00158,0.0000,1.0000,0.0000,True,True
57.9875,1.4789,8.9998,-149.9849,0.00210,0.0000,1.0000,0.0000,True,True
57.9959,1.4805,8.9998,-149.9870,0.00262,0.0000,1.0000,0.0000,True,True
58.0041,1.4823,8.9999,-149.9895,0.00315,0.0000,1.0000,0.0000,True,True
58.0125,1.4845,8.9999,-149.9925,0.00366,0.0000,1.0000,0.0000,True,True
58.0208,1.4870,9.0000,-149.9958,0.00418,0.0000,1.0000,0.0000,True,True
58.0295,1.4898,9.0000,-149.9996,0.00470,0.0000,1.0000,0.0000,True,True
58.0375,1.4929,9.0000,-150.0038,0.00522,0.0000,1.0000,0.0000,True,True
58.0460,1.4963,9.0000,-150.0084,0.00575,0.0000,1.0000,0.0000,True,True
58.0541,1.5000,9.0000,-150.0135,0.00626,0.0000,1.0000,0.0000,True,True
58.0626,1.5041,9.0000,-150.0190,0.00690,0.0000,1.0000,0.0000,True,True
58.0709,1.5085,9.0000,-150.0249,0.00732,0.0000,1.0000,0.0000,True,True
58.0794,1.5132,9.0000,-150.0312,0.00785,0.0000,1.0000,0.0000,True,True
58.0876,1.5181,9.0000,-150.0380,0.00837,0.0000,1.0000,0.0000,True,True
58.0962,1.5234,9.0000,-150.0451,0.00891,0.0000,1.0000,0.0000,True,True
58.1042,1.5290,9.0000,-150.0527,0.00941,0.0000,1.0000,0.0000,True,True
58.1128,1.5349,9.0000,-150.0607,0.00994,0.0000,1.0000,0.0000,True,True
58.1210,1.5411,9.0000,-150.0691,0.01045,0.0000,1.0000,0.0000,True,True
58.1294,1.5477,9.0000,-150.0779,0.01099,0.0000,1.0000,0.0000,True,True
58.1376,1.5545,9.0000,-150.0872,0.01150,0.0000,1.0000,0.0000,True,True
58.1460,1.5616,9.0000,-150.0969,0.01203,0.0000,1.0000,0.0000,True,True
58.1542,1.5691,9.0000,-150.1069,0.01254,0.0000,1.0000,0.0000,True,True
58.1626,1.5769,9.0000,-150.1175,0.01307,0.0000,1.0000,0.0000,True,True
58.1709,1.5849,9.0000,-150.1284,0.01358,0.0000,1.0000,0.0000,True,True
58.1795,1.5934,9.0000,-150.1398,0.01416,0.0000,1.0000,0.0000,True,True
58.1876,1.6020,9.0000,-150.1515,0.01457,0.0000,1.0000,0.0000,True,True
58.1962,1.6110,9.0000,-150.1637,0.01516,0.0000,1.0000,0.0000,True,True
58.2043,1.6203,9.0000,-150.1763,0.01567,0.0000,1.0000,0.0000,True,True
58.2126,1.6300,9.0000,-150.1893,0.01620,0.0000,1.0000,0.0000,True,True
58.2209,1.6399,9.0000,-150.2028,0.01671,0.0000,1.0000,0.0000,True,True
58.2293,1.6501,9.0000,-150.2166,0.01725,0.0000,1.0000,0.0000,True,True
58.2376,1.6607,9.0000,-150.2309,0.01776,0.0000,1.0000,0.0000,True,True
58.2459,1.6716,9.0000,-150.2456,0.01829,0.0000,1.0000,0.0000,True,True
58.2542,1.6827,9.0000,-150.2607,0.01880,0.0000,1.0000,0.0000,True,True
58.2627,1.6942,9.0000,-150.2763,0.01935,0.0000,1.0000,0.0000,True,True
58.2709,1.7060,9.0000,-150.2923,0.01983,0.0000,1.0000,0.0000,True,True
58.2793,1.7181,9.0000,-150.3086,0.02038,0.0000,1.0000,0.0000,True,True
58.2876,1.7306,9.0000,-150.3254,0.02089,0.0000,1.0000,0.0000,True,True
58.2960,1.7433,9.0000,-150.3427,0.02142,0.0000,1.0000,0.0000,True,True
58.3043,1.7563,9.0000,-150.3603,0.02192,0.0000,1.0000,0.0000,True,True
58.3127,1.7697,9.0000,-150.3784,0.02247,0.0000,1.0000,0.0000,True,True
58.3209,1.7833,9.0000,-150.3968,0.02294,0.0000,1.0000,0.0000,True,True
58.3294,1.7973,9.0000,-150.4157,0.02349,0.0000,1.0000,0.0000,True,True
58.3376,1.8115,9.0000,-150.4350,0.02400,0.0000,1.0000,0.0000,True,True
58.3461,1.8261,9.0000,-150.4548,0.02459,0.0000,1.0000,0.0000,True,True
58.3543,1.8410,9.0000,-150.4749,0.02500,0.0000,1.0000,0.0000,True,True
58.3626,1.8562,9.0000,-150.4955,0.02559,0.0000,1.0000,0.0000,True,True
58.3709,1.8717,9.0000,-150.5164,0.02609,0.0000,1.0000,0.0000,True,True
58.3793,1.8875,9.0000,-150.5379,0.02664,0.0000,1.0000,0.0000,True,True
58.3876,1.9037,9.0000,-150.5597,0.02717,0.0000,1.0000,0.0000,True,True
58.3960,1.9201,9.0000,-150.5820,0.02766,0.0000,1.0000,0.0000,True,True
58.4043,1.9369,9.0000,-150.6046,0.02818,0.0000,1.0000,0.0000,True,True
58.4127,1.9539,9.0000,-150.6277,0.02871,0.0000,1.0000,0.0000,True,True
58.4210,1.9713,9.0000,-150.6512,0.02924,0.0000,1.0000,0.0000,True,True
58.4293,1.9890,9.0000,-150.6752,0.02977,0.0000,1.0000,0.0000,True,True
58.4376,2.0070,9.0000,-150.6995,0.03026,0.0000,1.0000,0.0000,True,True
58.4460,2.0253,9.0000,-150.7243,0.03081,0.0000,1.0000,0.0000,True,True
58.4543,2.0439,9.0000,-150.7495,0.03132,0.0000,1.0000,0.0000,True,True
58.4627,2.0628,9.0000,-150.7751,0.03185,0.0000,1.0000,0.0000,True,True
58.4710,2.0821,9.0000,-150.8011,0.03237,0.0000,1.0000,0.0000,True,True
58.4794,2.1017,9.0000,-150.8277,0.03298,0.0000,1.0000,0.0000,True,True
58.4876,2.1215,9.0000,-150.8544,0.03332,0.0000,1.0000,0.0000,True,True
58.4962,2.1417,9.0000,-150.8818,0.03400,0.0000,1.0000,0.0000,True,True
58.5043,2.1622,9.0000,-150.9095,0.03444,0.0000,1.0000,0.0000,True,True
58.5129,2.1831,9.0000,-150.9378,0.03523,0.0000,1.0000,0.0000,True,True
58.5210,2.2041,9.0000,-150.9662,0.03525,0.0000,1.0000,0.0000,True,True
58.5294,2.2255,9.0000,-150.9951,0.03603,0.0000,1.0000,0.0000,True,True
58.5376,2.2472,9.0000,-151.0245,0.03653,0.0000,1.0000,0.0000,True,True
58.5460,2.2693,9.0000,-151.0544,0.03715,0.0000,1.0000,0.0000,True,True
58.5543,2.2916,9.0000,-151.0846,0.03757,0.0000,1.0000,0.0000,True,True
58.5627,2.3142,9.0000,-151.1153,0.03813,0.0000,1.0000,0.0000,True,True
58.5710,2.3372,9.0000,-151.1463,0.03861,0.0000,1.0000,0.0000,True,True
58.5796,2.3605,9.0000,-151.1778,0.03918,0.0000,1.0000,0.0000,True,True
58.5876,2.3840,9.0000,-151.2097,0.03965,0.0000,1.0000,0.0000,True,True
58.5962,2.4081,9.0000,-151.2423,0.04047,0.0000,1.0000,0.0000,True,True
58.6043,2.4321,9.0000,-151.2748,0.04045,0.0000,1.0000,0.0000,True,True
58.6128,2.4567,9.0000,-151.3080,0.04127,0.0000,1.0000,0.0000,True,True
58.6209,2.4815,9.0000,-151.3416,0.04174,0.0000,1.0000,0.0000,True,True
58.6294,2.5066,9.0000,-151.3756,0.04231,0.0000,1.0000,0.0000,True,True
58.6376,2.5320,9.0000,-151.4100,0.04280,0.0000,1.0000,0.0000,True,True
58.6460,2.5578,9.0000,-151.4449,0.04337,0.0000,1.0000,0.0000,True,True
58.6543,2.5839,9.0000,-151.4801,0.04381,0.0000,1.0000,0.0000,True,True
58.6627,2.6103,9.0000,-151.5158,0.04440,0.0000,1.0000,0.0000,True,True
58.6710,2.6369,9.0000,-151.5519,0.04487,0.0000,1.0000,0.0000,True,True
58.6794,2.6637,9.0000,-151.5881,0.04502,0.0000,1.0000,0.0000,True,True
58.6876,2.6904,9.0000,-151.6243,0.04500,0.0000,1.0000,0.0000,True,True
58.6963,2.7172,9.0000,-151.6605,0.04502,0.0000,1.0000,0.0000,True,True
58.7043,2.7439,9.0000,-151.6967,0.04497,0.0000,1.0000,0.0000,True,True
58.7128,2.7707,9.0000,-151.7330,0.04512,0.0000,1.0000,0.0000,True,True
58.7210,2.7975,9.0000,-151.7692,0.04500,0.0000,1.0000,0.0000,True,True
58.7293,2.8242,9.0000,-151.8054,0.04501,0.0000,1.0000,0.0000,True,True
58.7376,2.8510,9.0000,-151.8416,0.04499,0.0000,1.0000,0.0000,True,True
58.7463,2.8781,9.0000,-151.8783,0.04571,0.0000,1.0000,0.0000,True,True
58.7545,2.9049,9.0000,-151.9145,0.04498,0.0000,1.0000,0.0000,True,True
58.7632,2.9316,9.0000,-151.9507,0.04508,0.0000,1.0000,0.0000,True,True
58.7711,2.9584,9.0000,-151.9869,0.04499,0.0000,1.0000,0.0000,True,True
58.7797,2.9853,9.0000,-152.0233,0.04521,0.0000,1.0000,0.0000,True,True
58.7878,3.0119,9.0000,-152.0594,0.04489,0.0000,1.0000,0.0000,True,True
58.7963,3.0387,9.0000,-152.0956,0.04501,0.0000,1.0000,0.0000,True,True
58.8045,3.0654,9.0000,-152.1318,0.04499,0.0000,1.0000,0.0000,True,True
58.8130,3.0922,9.0000,-152.1680,0.04501,0.0000,1.0000,0.0000,True,True
58.8212,3.1189,9.0000,-152.2041,0.04500,0.0000,1.0000,0.0000,True,True
58.8297,3.1458,9.0000,-152.2405,0.04520,0.0000,1.0000,0.0000,True,True
58.8378,3.1725,9.0000,-152.2767,0.04497,0.0000,1.0000,0.0000,True,True
58.8463,3.1993,9.0000,-152.3129,0.04502,0.0000,1.0000,0.0000,True,True
58.8545,3.2260,9.0000,-152.3490,0.04499,0.0000,1.0000,0.0000,True,True
58.8629,3.2528,9.0000,-152.3853,0.04502,0.0000,1.0000,0.0000,True,True
58.8712,3.2795,9.0000,-152.4214,0.04499,0.0000,1.0000,0.0000,True,True
58.8797,3.3063,9.0000,-152.4576,0.04503,0.0000,1.0000,0.0000,True,True
58.8879,3.3330,9.0000,-152.4938,0.04497,0.0000,1.0000,0.0000,True,True
58.8964,3.3598,9.0000,-152.5300,0.04503,0.0000,1.0000,0.0000,True,True
58.9045,3.3865,9.0000,-152.5662,0.04498,0.0000,1.0000,0.0000,True,True
58.9133,3.4134,9.0000,-152.6026,0.04526,0.0000,1.0000,0.0000,True,True
58.9212,3.4401,9.0000,-152.6387,0.04489,0.0000,1.0000,0.0000,True,True
58.9299,3.4668,9.0000,-152.6749,0.04503,0.0000,1.0000,0.0000,True,True
58.9379,3.4936,9.0000,-152.7111,0.04499,0.0000,1.0000,0.0000,True,True
58.9464,3.5203,9.0000,-152.7473,0.04502,0.0000,1.0000,0.0000,True,True
58.9545,3.5471,9.0000,-152.7835,0.04499,0.0000,1.0000,0.0000,True,True
58.9630,3.5738,9.0000,-152.8197,0.04502,0.0000,1.0000,0.0000,True,True
58.9712,3.6006,9.0000,-152.8559,0.04499,0.0000,1.0000,0.0000,True,True
58.9797,3.6273,9.0000,-152.8920,0.04501,0.0000,1.0000,0.0000,True,True
58.9879,3.6540,9.0000,-152.9282,0.04499,0.0000,1.0000,0.0000,True,True
58.9963,3.6808,9.0000,-152.9644,0.04502,0.0000,1.0000,0.0000,True,True
59.0046,3.7075,9.0000,-153.0006,0.04499,0.0000,1.0000,0.0000,True,True
59.0130,3.7343,9.0000,-153.0368,0.04502,0.0000,1.0000,0.0000,True,True
59.0212,3.7610,9.0000,-153.0730,0.04499,0.0000,1.0000,0.0000,True,True
59.0300,3.7887,9.0000,-153.1104,0.04647,0.0000,1.0000,0.0000,True,True
59.0381,3.8154,9.0000,-153.1465,0.04497,0.0000,1.0000,0.0000,True,True
59.0466,3.8422,9.0000,-153.1828,0.04512,0.0000,1.0000,0.0000,True,True
59.0549,3.8689,9.0000,-153.2190,0.04499,0.0000,1.0000,0.0000,True,True
59.0633,3.8957,9.0000,-153.2552,0.04501,0.0000,1.0000,0.0000,True,True
59.0715,3.9224,9.0000,-153.2914,0.04499,0.0000,1.0000,0.0000,True,True
59.0801,3.9492,9.0000,-153.3276,0.04502,0.0000,1.0000,0.0000,True,True
59.0882,3.9759,9.0000,-153.3637,0.04497,0.0000,1.0000,0.0000,True,True
59.0969,4.0027,9.0000,-153.4000,0.04512,0.0000,1.0000,0.0000,True,True
59.1049,4.0295,9.0000,-153.4362,0.04498,0.0000,1.0000,0.0000,True,True
59.1134,4.0562,9.0000,-153.4724,0.04501,0.0000,1.0000,0.0000,True,True
59.1215,4.0827,9.0000,-153.5082,0.04449,0.0000,1.0000,0.0000,True,True
59.1301,4.1088,9.0000,-153.5436,0.04406,0.0000,1.0000,0.0000,True,True
59.1382,4.1347,9.0000,-153.5786,0.04345,0.0000,1.0000,0.0000,True,True
59.1467,4.1602,9.0000,-153.6131,0.04294,0.0000,1.0000,0.0000,True,True
59.1549,4.1854,9.0000,-153.6472,0.04242,0.0000,1.0000,0.0000,True,True
59.1633,4.2103,9.0000,-153.6809,0.04189,0.0000,1.0000,0.0000,True,True
59.1715,4.2349,9.0000,-153.7141,0.04135,0.0000,1.0000,0.0000,True,True
59.1799,4.2592,9.0000,-153.7470,0.04089,0.0000,1.0000,0.0000,True,True
59.1882,4.2831,9.0000,-153.7794,0.04032,0.0000,1.0000,0.0000,True,True
59.1966,4.3068,9.0000,-153.8115,0.03983,0.0000,1.0000,0.0000,True,True
59.2049,4.3301,9.0000,-153.8430,0.03925,0.0000,1.0000,0.0000,True,True
59.2133,4.3532,9.0000,-153.8743,0.03880,0.0000,1.0000,0.0000,True,True
59.2215,4.3759,9.0000,-153.9050,0.03823,0.0000,1.0000,0.0000,True,True
59.2299,4.3984,9.0000,-153.9354,0.03776,0.0000,1.0000,0.0000,True,True
59.2382,4.4205,9.0000,-153.9653,0.03719,0.0000,1.0000,0.0000,True,True
59.2467,4.4423,9.0000,-153.9948,0.03671,0.0000,1.0000,0.0000,True,True
59.2549,4.4638,9.0000,-154.0239,0.03616,0.0000,1.0000,0.0000,True,True
59.2633,4.4850,9.0000,-154.0526,0.03567,0.0000,1.0000,0.0000,True,True
59.2715,4.5058,9.0000,-154.0808,0.03512,0.0000,1.0000,0.0000,True,True
59.2799,4.5264,9.0000,-154.1087,0.03465,0.0000,1.0000,0.0000,True,True
59.2882,4.5467,9.0000,-154.1361,0.03408,0.0000,1.0000,0.0000,True,True
59.2966,4.5667,9.0000,-154.1631,0.03360,0.0000,1.0000,0.0000,True,True
59.3049,4.5863,9.0000,-154.1897,0.03305,0.0000,1.0000,0.0000,True,True
59.3133,4.6057,9.0000,-154.2159,0.03256,0.0000,1.0000,0.0000,True,True
59.3215,4.6247,9.0000,-154.2416,0.03199,0.0000,1.0000,0.0000,True,True
59.3300,4.6434,9.0000,-154.2669,0.03152,0.0000,1.0000,0.0000,True,True
59.3382,4.6618,9.0000,-154.2918,0.03097,0.0000,1.0000,0.0000,True,True
59.3466,4.6799,9.0000,-154.3163,0.03047,0.0000,1.0000,0.0000,True,True
59.3549,4.6977,9.0000,-154.3404,0.02992,0.0000,1.0000,0.0000,True,True
59.3632,4.7152,9.0000,-154.3641,0.02943,0.0000,1.0000,0.0000,True,True
59.3716,4.7324,9.0000,-154.3873,0.02888,0.0000,1.0000,0.0000,True,True
59.3799,4.7492,9.0000,-154.4101,0.02839,0.0000,1.0000,0.0000,True,True
59.3882,4.7658,9.0000,-154.4325,0.02784,0.0000,1.0000,0.0000,True,True
59.3968,4.7820,9.0000,-154.4545,0.02734,0.0000,1.0000,0.0000,True,True
59.4049,4.7979,9.0000,-154.4760,0.02679,0.0000,1.0000,0.0000,True,True
59.4133,4.8136,9.0000,-154.4972,0.02630,0.0000,1.0000,0.0000,True,True
59.4216,4.8289,9.0000,-154.5179,0.02575,0.0000,1.0000,0.0000,True,True
59.4299,4.8439,9.0000,-154.5382,0.02524,0.0000,1.0000,0.0000,True,True
59.4382,4.8586,9.0000,-154.5581,0.02470,0.0000,1.0000,0.0000,True,True
59.4468,4.8730,9.0000,-154.5775,0.02421,0.0000,1.0000,0.0000,True,True
59.4549,4.8870,9.0000,-154.5966,0.02368,0.0000,1.0000,0.0000,True,True
59.4633,4.9008,9.0000,-154.6152,0.02317,0.0000,1.0000,0.0000,True,True
59.4716,4.9142,9.0000,-154.6334,0.02262,0.0000,1.0000,0.0000,True,True
59.4799,4.9274,9.0000,-154.6512,0.02212,0.0000,1.0000,0.0000,True,True
59.4882,4.9402,9.0000,-154.6685,0.02158,0.0000,1.0000,0.0000,True,True
59.4969,4.9527,9.0000,-154.6855,0.02108,0.0000,1.0000,0.0000,True,True
59.5049,4.9649,9.0000,-154.7020,0.02053,0.0000,1.0000,0.0000,True,True
59.5136,4.9769,9.0000,-154.7182,0.02013,0.0000,1.0000,0.0000,True,True
59.5217,4.9885,9.0000,-154.7338,0.01945,0.0000,1.0000,0.0000,True,True
59.5306,4.9997,9.0000,-154.7491,0.01897,0.0000,1.0000,0.0000,True,True
59.5383,5.0107,9.0000,-154.7639,0.01844,0.0000,1.0000,0.0000,True,True
59.5468,5.0214,9.0000,-154.7783,0.01793,0.0000,1.0000,0.0000,True,True
59.5551,5.0317,9.0000,-154.7923,0.01740,0.0000,1.0000,0.0000,True,True
59.5633,5.0417,9.0000,-154.8059,0.01688,0.0000,1.0000,0.0000,True,True
59.5718,5.0515,9.0000,-154.8191,0.01638,0.0000,1.0000,0.0000,True,True
59.5799,5.0609,9.0000,-154.8318,0.01581,0.0000,1.0000,0.0000,True,True
59.5883,5.0700,9.0000,-154.8441,0.01531,0.0000,1.0000,0.0000,True,True
59.5968,5.0788,9.0000,-154.8560,0.01483,0.0000,1.0000,0.0000,True,True
59.6050,5.0873,9.0000,-154.8676,0.01434,0.0000,1.0000,0.0000,True,True
59.6136,5.0956,9.0000,-154.8787,0.01389,0.0000,1.0000,0.0000,True,True
59.6217,5.1035,9.0000,-154.8895,0.01338,0.0000,1.0000,0.0000,True,True
59.6301,5.1112,9.0000,-154.8999,0.01299,0.0000,1.0000,0.0000,True,True
59.6383,5.1186,9.0000,-154.9100,0.01246,0.0000,1.0000,0.0000,True,True
59.6469,5.1258,9.0000,-154.9197,0.01207,0.0000,1.0000,0.0000,True,True
59.6551,5.1327,9.0000,-154.9290,0.01161,0.0000,1.0000,0.0000,True,True
59.6633,5.1394,9.0000,-154.9380,0.01123,0.0000,1.0000,0.0000,True,True
59.6717,5.1459,9.0000,-154.9468,0.01087,0.0000,1.0000,0.0000,True,True
59.6800,5.1521,9.0000,-154.9553,0.01053,0.0000,1.0000,0.0000,True,True
59.6883,5.1582,9.0000,-154.9635,0.01021,0.0000,1.0000,0.0000,True,True
59.6968,5.1641,9.0000,-154.9715,0.00994,0.0000,1.0000,0.0000,True,True
59.7050,5.1698,9.0000,-154.9793,0.00970,0.0000,1.0000,0.0000,True,True
59.7135,5.1755,9.0000,-154.9869,0.00953,0.0000,1.0000,0.0000,True,True
59.7217,5.1755,9.0000,-154.9869,0.00000,0.0000,1.0000,0.0000,True,True
59.7300,5.1759,9.0000,-154.9873,0.00053,0.0000,1.0000,0.0000,True,True
59.7383,5.1766,9.0000,-154.9881,0.00104,0.0000,1.0000,0.0000,True,True
59.7469,5.1777,9.0000,-154.9892,0.00157,0.0000,1.0000,0.0000,True,True
59.7550,5.1791,9.0000,-154.9907,0.00208,0.0000,1.0000,0.0000,True,True
59.7638,5.1809,9.0000,-154.9926,0.00260,0.0000,1.0000,0.0000,True,True
59.7717,5.1831,9.0000,-154.9948,0.00312,0.0000,1.0000,0.0000,True,True
59.7805,5.1857,9.0000,-154.9975,0.00372,0.0000,1.0000,0.0000,True,True
59.7884,5.1886,9.0000,-155.0005,0.00415,0.0000,1.0000,0.0000,True,True
59.7969,5.1918,9.0000,-155.0039,0.00470,0.0000,1.0000,0.0000,True,True
59.8051,5.1954,9.0000,-155.0076,0.00521,0.0000,1.0000,0.0000,True,True
59.8137,5.1994,9.0000,-155.0117,0.00574,0.0000,1.0000,0.0000,True,True
59.8219,5.2038,9.0000,-155.0163,0.00635,0.0000,1.0000,0.0000,True,True
59.8303,5.2085,9.0000,-155.0212,0.00679,0.0000,1.0000,0.0000,True,True
59.8386,5.2136,9.0000,-155.0265,0.00731,0.0000,1.0000,0.0000,True,True
59.8471,5.2190,9.0000,-155.0321,0.00784,0.0000,1.0000,0.0000,True,True
59.8553,5.2248,9.0000,-155.0381,0.00835,0.0000,1.0000,0.0000,True,True
59.8638,5.2310,9.0000,-155.0445,0.00887,0.0000,1.0000,0.0000,True,True
59.8719,5.2375,9.0000,-155.0513,0.00938,0.0000,1.0000,0.0000,True,True
59.8803,5.2443,9.0000,-155.0584,0.00991,0.0000,1.0000,0.0000,True,True
59.8886,5.2516,9.0000,-155.0659,0.01042,0.0000,1.0000,0.0000,True,True
59.8972,5.2592,9.0000,-155.0738,0.01095,0.0000,1.0000,0.0000,True,True
59.9052,5.2671,9.0000,-155.0821,0.01146,0.0000,1.0000,0.0000,True,True
59.9137,5.2754,9.0000,-155.0907,0.01199,0.0000,1.0000,0.0000,True,True
59.9219,5.2841,9.0000,-155.0997,0.01250,0.0000,1.0000,0.0000,True,True
59.9304,5.2931,9.0000,-155.1091,0.01303,0.0000,1.0000,0.0000,True,True
59.9386,5.3025,9.0000,-155.1189,0.01353,0.0000,1.0000,0.0000,True,True
59.9471,5.3123,9.0000,-155.1290,0.01408,0.0000,1.0000,0.0000,True,True
59.9553,5.3224,9.0000,-155.1395,0.01455,0.0000,1.0000,0.0000,True,True
59.9638,5.3328,9.0000,-155.1504,0.01510,0.0000,1.0000,0.0000,True,True
59.9719,5.3437,9.0000,-155.1616,0.01561,0.0000,1.0000,0.0000,True,True
59.9803,5.3549,9.0000,-155.1732,0.01614,0.0000,1.0000,0.0000,True,True
59.9886,5.3664,9.0000,-155.1852,0.01665,0.0000,1.0000,0.0000,True,True
59.9970,5.3783,9.0000,-155.1976,0.01717,0.0000,1.0000,0.0000,True,True
60.0052,5.3906,9.0000,-155.2104,0.01770,0.0000,1.0000,0.0000,True,True
60.0138,5.4032,9.0000,-155.2235,0.01823,0.0000,1.0000,0.0000,True,True
60.0219,5.4162,9.0000,-155.2370,0.01874,0.0000,1.0000,0.0000,True,True
60.0303,5.4296,9.0000,-155.2509,0.01929,0.0000,1.0000,0.0000,True,True
60.0388,5.4436,9.0000,-155.2654,0.02014,0.0000,1.0000,0.0000,True,True
60.0472,5.4577,9.0000,-155.2801,0.02034,0.0000,1.0000,0.0000,True,True
60.0554,5.4721,9.0000,-155.2951,0.02082,0.0000,1.0000,0.0000,True,True
60.0638,5.4869,9.0000,-155.3105,0.02137,0.0000,1.0000,0.0000,True,True
60.0721,5.5021,9.0000,-155.3262,0.02188,0.0000,1.0000,0.0000,True,True
60.0805,5.5176,9.0000,-155.3424,0.02241,0.0000,1.0000,0.0000,True,True
60.0888,5.5335,9.0000,-155.3589,0.02291,0.0000,1.0000,0.0000,True,True
60.0971,5.5498,9.0000,-155.3758,0.02346,0.0000,1.0000,0.0000,True,True
60.1054,5.5664,9.0000,-155.3931,0.02397,0.0000,1.0000,0.0000,True,True
60.1139,5.5834,9.0000,-155.4107,0.02450,0.0000,1.0000,0.0000,True,True
60.1221,5.6007,9.0000,-155.4287,0.02499,0.0000,1.0000,0.0000,True,True
60.1305,5.6184,9.0000,-155.4471,0.02554,0.0000,1.0000,0.0000,True,True
60.1388,5.6365,9.0000,-155.4659,0.02604,0.0000,1.0000,0.0000,True,True
60.1471,5.6549,9.0000,-155.4850,0.02658,0.0000,1.0000,0.0000,True,True
60.1554,5.6737,9.0000,-155.5046,0.02708,0.0000,1.0000,0.0000,True,True
60.1639,5.6929,9.0000,-155.5245,0.02763,0.0000,1.0000,0.0000,True,True
60.1721,5.7124,9.0000,-155.5447,0.02813,0.0000,1.0000,0.0000,True,True
60.1806,5.7322,9.0000,-155.5654,0.02867,0.0000,1.0000,0.0000,True,True
60.1888,5.7525,9.0000,-155.5864,0.02918,0.0000,1.0000,0.0000,True,True
60.1972,5.7731,9.0000,-155.6078,0.02973,0.0000,1.0000,0.0000,True,True
60.2054,5.7940,9.0000,-155.6296,0.03022,0.0000,1.0000,0.0000,True,True
60.2139,5.8154,9.0000,-155.6518,0.03077,0.0000,1.0000,0.0000,True,True
60.2221,5.8370,9.0000,-155.6743,0.03126,0.0000,1.0000,0.0000,True,True
60.2306,5.8591,9.0000,-155.6972,0.03181,0.0000,1.0000,0.0000,True,True
60.2388,5.8815,9.0000,-155.7205,0.03230,0.0000,1.0000,0.0000,True,True
60.2471,5.9043,9.0000,-155.7442,0.03285,0.0000,1.0000,0.0000,True,True
60.2554,5.9274,9.0000,-155.7682,0.03334,0.0000,1.0000,0.0000,True,True
60.2639,5.9509,9.0000,-155.7926,0.03388,0.0000,1.0000,0.0000,True,True
60.2721,5.9747,9.0000,-155.8174,0.03437,0.0000,1.0000,0.0000,True,True
60.2805,5.9990,9.0000,-155.8425,0.03494,0.0000,1.0000,0.0000,True,True
60.2887,6.0235,9.0000,-155.8681,0.03541,0.0000,1.0000,0.0000,True,True
60.2972,6.0485,9.0000,-155.8940,0.03598,0.0000,1.0000,0.0000,True,True
60.3054,6.0737,9.0000,-155.9203,0.03648,0.0000,1.0000,0.0000,True,True
60.3138,6.0994,9.0000,-155.9469,0.03702,0.0000,1.0000,0.0000,True,True
60.3221,6.1254,9.0000,-155.9740,0.03750,0.0000,1.0000,0.0000,True,True
60.3305,6.1519,9.0000,-156.0015,0.03816,0.0000,1.0000,0.0000,True,True
60.3387,6.1786,9.0000,-156.0292,0.03846,0.0000,1.0000,0.0000,True,True
60.3471,6.2057,9.0000,-156.0573,0.03910,0.0000,1.0000,0.0000,True,True
60.3554,6.2331,9.0000,-156.0859,0.03958,0.0000,1.0000,0.0000,True,True
60.3639,6.2610,9.0000,-156.1148,0.04015,0.0000,1.0000,0.0000,True,True
60.3721,6.2891,9.0000,-156.1441,0.04062,0.0000,1.0000,0.0000,True,True
60.3807,6.3177,9.0000,-156.1737,0.04117,0.0000,1.0000,0.0000,True,True
60.3889,6.3466,9.0000,-156.2037,0.04166,0.0000,1.0000,0.0000,True,True
60.3971,6.3758,9.0000,-156.2341,0.04220,0.0000,1.0000,0.0000,True,True
60.4054,6.4054,9.0000,-156.2649,0.04271,0.0000,1.0000,0.0000,True,True
60.4138,6.4355,9.0000,-156.2961,0.04327,0.0000,1.0000,0.0000,True,True
60.4221,6.4658,9.0000,-156.3276,0.04375,0.0000,1.0000,0.0000,True,True
60.4304,6.4965,9.0000,-156.3595,0.04430,0.0000,1.0000,0.0000,True,True
60.4388,6.5276,9.0000,-156.3918,0.04479,0.0000,1.0000,0.0000,True,True
60.4472,6.5588,9.0000,-156.4242,0.04501,0.0000,1.0000,0.0000,True,True
60.4554,6.5900,9.0000,-156.4567,0.04500,0.0000,1.0000,0.0000,True,True
60.4641,6.6215,9.0000,-156.4894,0.04543,0.0000,1.0000,0.0000,True,True
60.4721,6.6525,9.0000,-156.5216,0.04466,0.0000,1.0000,0.0000,True,True
60.4807,6.6837,9.0000,-156.5540,0.04502,0.0000,1.0000,0.0000,True,True
60.4888,6.7149,9.0000,-156.5864,0.04498,0.0000,1.0000,0.0000,True,True
60.4974,6.7461,9.0000,-156.6189,0.04506,0.0000,1.0000,0.0000,True,True
60.5055,6.7773,9.0000,-156.6513,0.04498,0.0000,1.0000,0.0000,True,True
60.5141,6.8085,9.0000,-156.6837,0.04502,0.0000,1.0000,0.0000,True,True
60.5221,6.8397,9.0000,-156.7162,0.04498,0.0000,1.0000,0.0000,True,True
60.5306,6.8709,9.0000,-156.7486,0.04504,0.0000,1.0000,0.0000,True,True
60.5388,6.9021,9.0000,-156.7810,0.04498,0.0000,1.0000,0.0000,True,True
60.5474,6.9333,9.0000,-156.8135,0.04504,0.0000,1.0000,0.0000,True,True
60.5554,6.9645,9.0000,-156.8459,0.04498,0.0000,1.0000,0.0000,True,True
60.5639,6.9957,9.0000,-156.8783,0.04502,0.0000,1.0000,0.0000,True,True
60.5721,7.0269,9.0000,-156.9107,0.04499,0.0000,1.0000,0.0000,True,True
60.5805,7.0582,9.0000,-156.9432,0.04502,0.0000,1.0000,0.0000,True,True
60.5888,7.0894,9.0000,-156.9756,0.04499,0.0000,1.0000,0.0000,True,True
60.5973,7.1206,9.0000,-157.0080,0.04500,0.0000,1.0000,0.0000,True,True
60.6054,7.1518,9.0000,-157.0404,0.04500,0.0000,1.0000,0.0000,True,True
60.6140,7.1830,9.0000,-157.0729,0.04502,0.0000,1.0000,0.0000,True,True
60.6221,7.2142,9.0000,-157.1053,0.04496,0.0000,1.0000,0.0000,True,True
60.6306,7.2454,9.0000,-157.1377,0.04505,0.0000,1.0000,0.0000,True,True
60.6388,7.2766,9.0000,-157.1701,0.04496,0.0000,1.0000,0.0000,True,True
60.6472,7.3078,9.0000,-157.2026,0.04502,0.0000,1.0000,0.0000,True,True
60.6555,7.3390,9.0000,-157.2350,0.04498,0.0000,1.0000,0.0000,True,True
60.6638,7.3702,9.0000,-157.2674,0.04503,0.0000,1.0000,0.0000,True,True
60.6721,7.4014,9.0000,-157.2998,0.04498,0.0000,1.0000,0.0000,True,True
60.6805,7.4326,9.0000,-157.3323,0.04502,0.0000,1.0000,0.0000,True,True
60.6888,7.4638,9.0000,-157.3647,0.04498,0.0000,1.0000,0.0000,True,True
60.6973,7.4950,9.0000,-157.3971,0.04502,0.0000,1.0000,0.0000,True,True
60.7054,7.5262,9.0000,-157.4295,0.04498,0.0000,1.0000,0.0000,True,True
60.7139,7.5574,9.0000,-157.4620,0.04502,0.0000,1.0000,0.0000,True,True
60.7221,7.5886,9.0000,-157.4944,0.04498,0.0000,1.0000,0.0000,True,True
60.7307,7.6199,9.0000,-157.5268,0.04507,0.0000,1.0000,0.0000,True,True
60.7388,7.6511,9.0000,-157.5592,0.04498,0.0000,1.0000,0.0000,True,True
60.7476,7.6823,9.0000,-157.5917,0.04501,0.0000,1.0000,0.0000,True,True
60.7555,7.7135,9.0000,-157.6241,0.04500,0.0000,1.0000,0.0000,True,True
60.7638,7.7447,9.0000,-157.6565,0.04500,0.0000,1.0000,0.0000,True,True
60.7721,7.7759,9.0000,-157.6889,0.04498,0.0000,1.0000,0.0000,True,True
60.7809,7.8085,9.0000,-157.7228,0.04699,0.0000,1.0000,0.0000,True,True
60.7892,7.8397,9.0000,-157.7552,0.04496,0.0000,1.0000,0.0000,True,True
60.7975,7.8709,9.0000,-157.7876,0.04502,0.0000,1.0000,0.0000,True,True
60.8059,7.9021,9.0000,-157.8201,0.04500,0.0000,1.0000,0.0000,True,True
60.8142,7.9333,9.0000,-157.8525,0.04500,0.0000,1.0000,0.0000,True,True
60.8225,7.9645,9.0000,-157.8849,0.04498,0.0000,1.0000,0.0000,True,True
60.8309,7.9957,9.0000,-157.9173,0.04500,0.0000,1.0000,0.0000,True,True
60.8392,8.0269,9.0000,-157.9497,0.04500,0.0000,1.0000,0.0000,True,True
60.8475,8.0581,9.0000,-157.9822,0.04500,0.0000,1.0000,0.0000,True,True
60.8559,8.0893,9.0000,-158.0146,0.04501,0.0000,1.0000,0.0000,True,True
60.8642,8.1205,9.0000,-158.0470,0.04501,0.0000,1.0000,0.0000,True,True
60.8726,8.1518,9.0000,-158.0795,0.04503,0.0000,1.0000,0.0000,True,True
60.8808,8.1829,9.0000,-158.1118,0.04496,0.0000,1.0000,0.0000,True,True
60.8892,8.2141,9.0000,-158.1443,0.04500,0.0000,1.0000,0.0000,True,True
60.8975,8.2454,9.0000,-158.1767,0.04502,0.0000,1.0000,0.0000,True,True
60.9058,8.2765,9.0000,-158.2091,0.04498,0.0000,1.0000,0.0000,True,True
60.9143,8.3078,9.0000,-158.2416,0.04502,0.0000,1.0000,0.0000,True,True
60.9226,8.3390,9.0000,-158.2740,0.04500,0.0000,1.0000,0.0000,True,True
60.9309,8.3702,9.0000,-158.3064,0.04500,0.0000,1.0000,0.0000,True,True
60.9392,8.4014,9.0000,-158.3388,0.04500,0.0000,1.0000,0.0000,True,True
60.9477,8.4326,9.0000,-158.3713,0.04500,0.0000,1.0000,0.0000,True,True
60.9561,8.4638,9.0000,-158.4037,0.04500,0.0000,1.0000,0.0000,True,True
60.9646,8.4951,9.0000,-158.4362,0.04519,0.0000,1.0000,0.0000,True,True
60.9725,8.5262,9.0000,-158.4686,0.04487,0.0000,1.0000,0.0000,True,True
60.9809,8.5575,9.0000,-158.5010,0.04502,0.0000,1.0000,0.0000,True,True
60.9892,8.5887,9.0000,-158.5334,0.04498,0.0000,1.0000,0.0000,True,True
60.9975,8.6199,9.0000,-158.5659,0.04502,0.0000,1.0000,0.0000,True,True
61.0058,8.6511,9.0000,-158.5983,0.04498,0.0000,1.0000,0.0000,True,True
61.0143,8.6823,9.0000,-158.6307,0.04500,0.0000,1.0000,0.0000,True,True
61.0225,8.7132,9.0000,-158.6628,0.04452,0.0000,1.0000,0.0000,True,True
61.0309,8.7437,9.0000,-158.6945,0.04403,0.0000,1.0000,0.0000,True,True
61.0392,8.7738,9.0000,-158.7258,0.04348,0.0000,1.0000,0.0000,True,True
61.0476,8.8036,9.0000,-158.7568,0.04299,0.0000,1.0000,0.0000,True,True
61.0559,8.8331,9.0000,-158.7874,0.04243,0.0000,1.0000,0.0000,True,True
61.0642,8.8622,9.0000,-158.8176,0.04195,0.0000,1.0000,0.0000,True,True
61.0726,8.8909,9.0000,-158.8474,0.04140,0.0000,1.0000,0.0000,True,True
61.0809,8.9192,9.0000,-158.8769,0.04091,0.0000,1.0000,0.0000,True,True
61.0892,8.9472,9.0000,-158.9060,0.04037,0.0000,1.0000,0.0000,True,True
61.0975,8.9749,9.0000,-158.9347,0.03985,0.0000,1.0000,0.0000,True,True
61.1059,9.0021,9.0000,-158.9631,0.03933,0.0000,1.0000,0.0000,True,True
61.1142,9.0290,9.0000,-158.9910,0.03882,0.0000,1.0000,0.0000,True,True
61.1225,9.0556,9.0000,-159.0186,0.03826,0.0000,1.0000,0.0000,True,True
61.1309,9.0818,9.0000,-159.0458,0.03778,0.0000,1.0000,0.0000,True,True
61.1392,9.1076,9.0000,-159.0726,0.03723,0.0000,1.0000,0.0000,True,True
61.1475,9.1331,9.0000,-159.0991,0.03673,0.0000,1.0000,0.0000,True,True
61.1559,9.1582,9.0000,-159.1252,0.03619,0.0000,1.0000,0.0000,True,True
61.1642,9.1829,9.0000,-159.1509,0.03568,0.0000,1.0000,0.0000,True,True
61.1725,9.2073,9.0000,-159.1762,0.03513,0.0000,1.0000,0.0000,True,True
61.1809,9.2313,9.0000,-159.2012,0.03465,0.0000,1.0000,0.0000,True,True
61.1892,9.2549,9.0000,-159.2257,0.03409,0.0000,1.0000,0.0000,True,True
61.1976,9.2782,9.0000,-159.2500,0.03361,0.0000,1.0000,0.0000,True,True
61.2059,9.3011,9.0000,-159.2738,0.03306,0.0000,1.0000,0.0000,True,True
61.2143,9.3237,9.0000,-159.2972,0.03257,0.0000,1.0000,0.0000,True,True
61.2225,9.3459,9.0000,-159.3203,0.03200,0.0000,1.0000,0.0000,True,True
61.2309,9.3678,9.0000,-159.3430,0.03153,0.0000,1.0000,0.0000,True,True
61.2392,9.3892,9.0000,-159.3653,0.03096,0.0000,1.0000,0.0000,True,True
61.2476,9.4104,9.0000,-159.3873,0.03048,0.0000,1.0000,0.0000,True,True
61.2559,9.4311,9.0000,-159.4088,0.02992,0.0000,1.0000,0.0000,True,True
61.2642,9.4515,9.0000,-159.4301,0.02944,0.0000,1.0000,0.0000,True,True
61.2726,9.4716,9.0000,-159.4509,0.02888,0.0000,1.0000,0.0000,True,True
61.2811,9.4918,9.0000,-159.4718,0.02912,0.0000,1.0000,0.0000,True,True
61.2894,9.5110,9.0000,-159.4919,0.02778,0.0000,1.0000,0.0000,True,True
61.2982,9.5310,9.0000,-159.5126,0.02880,0.0000,1.0000,0.0000,True,True
61.3065,9.5496,9.0000,-159.5320,0.02687,0.0000,1.0000,0.0000,True,True
61.3149,9.5678,9.0000,-159.5509,0.02621,0.0000,1.0000,0.0000,True,True
61.3232,9.5856,9.0000,-159.5694,0.02573,0.0000,1.0000,0.0000,True,True
61.3315,9.6031,9.0000,-159.5876,0.02520,0.0000,1.0000,0.0000,True,True
61.3398,9.6202,9.0000,-159.6054,0.02469,0.0000,1.0000,0.0000,True,True
61.3482,9.6370,9.0000,-159.6228,0.02416,0.0000,1.0000,0.0000,True,True
61.3565,9.6534,9.0000,-159.6398,0.02365,0.0000,1.0000,0.0000,True,True
61.3649,9.6695,9.0000,-159.6565,0.02316,0.0000,1.0000,0.0000,True,True
61.3732,9.6851,9.0000,-159.6728,0.02262,0.0000,1.0000,0.0000,True,True
61.3816,9.7005,9.0000,-159.6888,0.02213,0.0000,1.0000,0.0000,True,True
61.3899,9.7155,9.0000,-159.7043,0.02160,0.0000,1.0000,0.0000,True,True
61.3982,9.7301,9.0000,-159.7195,0.02111,0.0000,1.0000,0.0000,True,True
61.4065,9.7444,9.0000,-159.7344,0.02060,0.0000,1.0000,0.0000,True,True
61.4149,9.7583,9.0000,-159.7489,0.02010,0.0000,1.0000,0.0000,True,True
61.4232,9.7719,9.0000,-159.7630,0.01959,0.0000,1.0000,0.0000,True,True
61.4316,9.7852,9.0000,-159.7767,0.01910,0.0000,1.0000,0.0000,True,True
61.4399,9.7981,9.0000,-159.7901,0.01861,0.0000,1.0000,0.0000,True,True
61.4482,9.8106,9.0000,-159.8032,0.01812,0.0000,1.0000,0.0000,True,True
61.4566,9.8228,9.0000,-159.8159,0.01762,0.0000,1.0000,0.0000,True,True
61.4649,9.8347,9.0000,-159.8283,0.01715,0.0000,1.0000,0.0000,True,True
61.4732,9.8463,9.0000,-159.8403,0.01667,0.0000,1.0000,0.0000,True,True
61.4815,9.8575,9.0000,-159.8520,0.01622,0.0000,1.0000,0.0000,True,True
61.4899,9.8684,9.0000,-159.8633,0.01574,0.0000,1.0000,0.0000,True,True
61.4982,9.8791,9.0000,-159.8743,0.01529,0.0000,1.0000,0.0000,True,True
61.5066,9.8893,9.0000,-159.8850,0.01485,0.0000,1.0000,0.0000,True,True
61.5149,9.8994,9.0000,-159.8954,0.01442,0.0000,1.0000,0.0000,True,True
61.5232,9.9091,9.0000,-159.9055,0.01400,0.0000,1.0000,0.0000,True,True
61.5316,9.9185,9.0000,-159.9153,0.01361,0.0000,1.0000,0.0000,True,True
61.5399,9.9277,9.0000,-159.9248,0.01323,0.0000,1.0000,0.0000,True,True
61.5482,9.9366,9.0000,-159.9341,0.01287,0.0000,1.0000,0.0000,True,True
61.5566,9.9453,9.0000,-159.9431,0.01254,0.0000,1.0000,0.0000,True,True
61.5649,9.9538,9.0000,-159.9520,0.01222,0.0000,1.0000,0.0000,True,True
61.5732,9.9621,9.0000,-159.9606,0.01196,0.0000,1.0000,0.0000,True,True
61.5816,9.9702,9.0000,-159.9690,0.01172,0.0000,1.0000,0.0000,True,True
61.5899,9.9782,9.0000,-159.9773,0.01152,0.0000,1.0000,0.0000,True,True
61.5982,9.9861,9.0000,-159.9855,0.01137,0.0000,1.0000,0.0000,True,True
61.6066,9.9861,9.0000,-159.9855,0.00000,0.0000,1.0000,0.0000,True,True
61.6149,9.9864,9.0000,-159.9859,0.00053,0.0000,1.0000,0.0000,True,True
61.6232,9.9871,9.0000,-159.9866,0.00104,0.0000,1.0000,0.0000,True,True
61.6316,9.9882,9.0000,-159.9878,0.00157,0.0000,1.0000,0.0000,True,True
61.6399,9.9897,9.0000,-159.9893,0.00208,0.0000,1.0000,0.0000,True,True
61.6482,9.9915,9.0000,-159.9911,0.00260,0.0000,1.0000,0.0000,True,True
61.6566,9.9936,9.0000,-159.9934,0.00313,0.0000,1.0000,0.0000,True,True
61.6649,9.9962,9.0000,-159.9960,0.00365,0.0000,1.0000,0.0000,True,True
61.6732,9.9991,9.0000,-159.9990,0.00417,0.0000,1.0000,0.0000,True,True
61.6816,10.0023,9.0000,-160.0024,0.00470,0.0000,1.0000,0.0000,True,True
61.6899,10.0060,9.0000,-160.0062,0.00521,0.0000,1.0000,0.0000,True,True
61.6983,10.0099,9.0000,-160.0103,0.00574,0.0000,1.0000,0.0000,True,True
61.7066,10.0143,9.0000,-160.0148,0.00625,0.0000,1.0000,0.0000,True,True
61.7149,10.0190,9.0000,-160.0197,0.00678,0.0000,1.0000,0.0000,True,True
61.7232,10.0240,9.0000,-160.0249,0.00729,0.0000,1.0000,0.0000,True,True
61.7316,10.0295,9.0000,-160.0306,0.00782,0.0000,1.0000,0.0000,True,True
61.7399,10.0352,9.0000,-160.0366,0.00833,0.0000,1.0000,0.0000,True,True
61.7483,10.0414,9.0000,-160.0429,0.00885,0.0000,1.0000,0.0000,True,True
61.7566,10.0479,9.0000,-160.0497,0.00938,0.0000,1.0000,0.0000,True,True
61.7649,10.0547,9.0000,-160.0568,0.00990,0.0000,1.0000,0.0000,True,True
61.7734,10.0620,9.0000,-160.0643,0.01042,0.0000,1.0000,0.0000,True,True
61.7815,10.0696,9.0000,-160.0722,0.01093,0.0000,1.0000,0.0000,True,True
61.7899,10.0775,9.0000,-160.0805,0.01146,0.0000,1.0000,0.0000,True,True
61.7983,10.0858,9.0000,-160.0891,0.01199,0.0000,1.0000,0.0000,True,True
61.8066,10.0945,9.0000,-160.0981,0.01250,0.0000,1.0000,0.0000,True,True
61.8149,10.1035,9.0000,-160.1075,0.01302,0.0000,1.0000,0.0000,True,True
61.8232,10.1129,9.0000,-160.1172,0.01355,0.0000,1.0000,0.0000,True,True
61.8316,10.1227,9.0000,-160.1274,0.01407,0.0000,1.0000,0.0000,True,True
61.8399,10.1328,9.0000,-160.1379,0.01460,0.0000,1.0000,0.0000,True,True
61.8482,10.1433,9.0000,-160.1488,0.01511,0.0000,1.0000,0.0000,True,True
61.8566,10.1541,9.0000,-160.1600,0.01563,0.0000,1.0000,0.0000,True,True
61.8649,10.1653,9.0000,-160.1717,0.01614,0.0000,1.0000,0.0000,True,True
61.8733,10.1769,9.0000,-160.1837,0.01667,0.0000,1.0000,0.0000,True,True
61.8816,10.1888,9.0000,-160.1961,0.01720,0.0000,1.0000,0.0000,True,True
61.8899,10.2011,9.0000,-160.2088,0.01771,0.0000,1.0000,0.0000,True,True
61.8983,10.2137,9.0000,-160.2220,0.01823,0.0000,1.0000,0.0000,True,True
61.9066,10.2268,9.0000,-160.2355,0.01876,0.0000,1.0000,0.0000,True,True
61.9150,10.2401,9.0000,-160.2494,0.01928,0.0000,1.0000,0.0000,True,True
61.9232,10.2539,9.0000,-160.2636,0.01980,0.0000,1.0000,0.0000,True,True
61.9316,10.2680,9.0000,-160.2783,0.02033,0.0000,1.0000,0.0000,True,True
61.9399,10.2824,9.0000,-160.2933,0.02085,0.0000,1.0000,0.0000,True,True
61.9482,10.2973,9.0000,-160.3087,0.02138,0.0000,1.0000,0.0000,True,True
61.9566,10.3124,9.0000,-160.3244,0.02188,0.0000,1.0000,0.0000,True,True
61.9649,10.3280,9.0000,-160.3406,0.02241,0.0000,1.0000,0.0000,True,True
61.9732,10.3439,9.0000,-160.3571,0.02292,0.0000,1.0000,0.0000,True,True
61.9816,10.3601,9.0000,-160.3740,0.02345,0.0000,1.0000,0.0000,True,True
61.9899,10.3768,9.0000,-160.3913,0.02396,0.0000,1.0000,0.0000,True,True
61.9982,10.3938,9.0000,-160.4089,0.02449,0.0000,1.0000,0.0000,True,True
62.0065,10.4111,9.0000,-160.4269,0.02500,0.0000,1.0000,0.0000,True,True
62.0149,10.4288,9.0000,-160.4453,0.02553,0.0000,1.0000,0.0000,True,True
62.0232,10.4469,9.0000,-160.4640,0.02603,0.0000,1.0000,0.0000,True,True
62.0316,10.4653,9.0000,-160.4832,0.02656,0.0000,1.0000,0.0000,True,True
62.0399,10.4841,9.0000,-160.5027,0.02708,0.0000,1.0000,0.0000,True,True
62.0482,10.5032,9.0000,-160.5226,0.02760,0.0000,1.0000,0.0000,True,True
62.0566,10.5227,9.0000,-160.5428,0.02811,0.0000,1.0000,0.0000,True,True
62.0649,10.5426,9.0000,-160.5634,0.02864,0.0000,1.0000,0.0000,True,True
62.0732,10.5628,9.0000,-160.5844,0.02916,0.0000,1.0000,0.0000,True,True
62.0816,10.5834,9.0000,-160.6058,0.02969,0.0000,1.0000,0.0000,True,True
62.0899,10.6044,9.0000,-160.6276,0.03021,0.0000,1.0000,0.0000,True,True
62.0983,10.6257,9.0000,-160.6497,0.03073,0.0000,1.0000,0.0000,True,True
62.1066,10.6474,9.0000,-160.6723,0.03126,0.0000,1.0000,0.0000,True,True
62.1149,10.6694,9.0000,-160.6951,0.03178,0.0000,1.0000,0.0000,True,True
62.1232,10.6918,9.0000,-160.7184,0.03230,0.0000,1.0000,0.0000,True,True
62.1316,10.7146,9.0000,-160.7421,0.03283,0.0000,1.0000,0.0000,True,True
62.1399,10.7377,9.0000,-160.7661,0.03334,0.0000,1.0000,0.0000,True,True
62.1482,10.7612,9.0000,-160.7905,0.03387,0.0000,1.0000,0.0000,True,True
62.1566,10.7851,9.0000,-160.8153,0.03440,0.0000,1.0000,0.0000,True,True
62.1649,10.8093,9.0000,-160.8404,0.03493,0.0000,1.0000,0.0000,True,True
62.1732,10.8339,9.0000,-160.8660,0.03544,0.0000,1.0000,0.0000,True,True
62.1816,10.8588,9.0000,-160.8919,0.03597,0.0000,1.0000,0.0000,True,True
62.1899,10.8841,9.0000,-160.9181,0.03648,0.0000,1.0000,0.0000,True,True
62.1983,10.9098,9.0000,-160.9448,0.03701,0.0000,1.0000,0.0000,True,True
62.2066,10.9358,9.0000,-160.9718,0.03752,0.0000,1.0000,0.0000,True,True
62.2150,10.9622,9.0000,-160.9992,0.03805,0.0000,1.0000,0.0000,True,True
62.2233,10.9889,9.0000,-161.0270,0.03855,0.0000,1.0000,0.0000,True,True
62.2316,11.0161,9.0000,-161.0551,0.03908,0.0000,1.0000,0.0000,True,True
62.2399,11.0435,9.0000,-161.0837,0.03961,0.0000,1.0000,0.0000,True,True
62.2483,11.0714,9.0000,-161.1126,0.04014,0.0000,1.0000,0.0000,True,True
62.2566,11.0996,9.0000,-161.1419,0.04065,0.0000,1.0000,0.0000,True,True
62.2649,11.1281,9.0000,-161.1715,0.04118,0.0000,1.0000,0.0000,True,True
62.2733,11.1570,9.0000,-161.2016,0.04169,0.0000,1.0000,0.0000,True,True
62.2816,11.1863,9.0000,-161.2320,0.04224,0.0000,1.0000,0.0000,True,True
62.2899,11.2160,9.0000,-161.2628,0.04275,0.0000,1.0000,0.0000,True,True
62.2982,11.2460,9.0000,-161.2939,0.04326,0.0000,1.0000,0.0000,True,True
62.3066,11.2764,9.0000,-161.3255,0.04379,0.0000,1.0000,0.0000,True,True
62.3150,11.3071,9.0000,-161.3574,0.04430,0.0000,1.0000,0.0000,True,True
62.3232,11.3382,9.0000,-161.3897,0.04481,0.0000,1.0000,0.0000,True,True
62.3316,11.3694,9.0000,-161.4221,0.04500,0.0000,1.0000,0.0000,True,True
62.3400,11.4006,9.0000,-161.4545,0.04499,0.0000,1.0000,0.0000,True,True
62.3482,11.4318,9.0000,-161.4869,0.04500,0.0000,1.0000,0.0000,True,True
62.3567,11.4633,9.0000,-161.5195,0.04531,0.0000,1.0000,0.0000,True,True
62.3650,11.4945,9.0000,-161.5519,0.04500,0.0000,1.0000,0.0000,True,True
62.3733,11.5257,9.0000,-161.5844,0.04500,0.0000,1.0000,0.0000,True,True
62.3817,11.5569,9.0000,-161.6168,0.04501,0.0000,1.0000,0.0000,True,True
62.3900,11.5881,9.0000,-161.6492,0.04500,0.0000,1.0000,0.0000,True,True
62.3983,11.6193,9.0000,-161.6816,0.04500,0.0000,1.0000,0.0000,True,True
62.4066,11.6505,9.0000,-161.7140,0.04499,0.0000,1.0000,0.0000,True,True
62.4150,11.6818,9.0000,-161.7464,0.04502,0.0000,1.0000,0.0000,True,True
62.4233,11.7130,9.0000,-161.7788,0.04498,0.0000,1.0000,0.0000,True,True
62.4317,11.7442,9.0000,-161.8113,0.04503,0.0000,1.0000,0.0000,True,True
62.4400,11.7754,9.0000,-161.8437,0.04497,0.0000,1.0000,0.0000,True,True
62.4483,11.8066,9.0000,-161.8761,0.04500,0.0000,1.0000,0.0000,True,True
62.4567,11.8378,9.0000,-161.9085,0.04501,0.0000,1.0000,0.0000,True,True
62.4650,11.8690,9.0000,-161.9409,0.04500,0.0000,1.0000,0.0000,True,True
62.4733,11.9003,9.0000,-161.9733,0.04499,0.0000,1.0000,0.0000,True,True
62.4820,11.9326,9.0000,-162.0069,0.04661,0.0000,1.0000,0.0000,True,True
62.4910,11.9638,9.0000,-162.0393,0.04499,0.0000,1.0000,0.0000,True,True
62.4986,11.9950,9.0000,-162.0717,0.04501,0.0000,1.0000,0.0000,True,True
62.5080,12.0264,9.0000,-162.1044,0.04531,0.0000,1.0000,0.0000,True,True
62.5153,12.0576,9.0000,-162.1368,0.04500,0.0000,1.0000,0.0000,True,True
62.5244,12.0905,9.0000,-162.1709,0.04741,0.0000,1.0000,0.0000,True,True
62.5325,12.1217,9.0000,-162.2033,0.04491,0.0000,1.0000,0.0000,True,True
62.5413,12.1543,9.0000,-162.2371,0.04697,0.0000,1.0000,0.0000,True,True
62.5495,12.1855,9.0000,-162.2695,0.04499,0.0000,1.0000,0.0000,True,True
62.5582,12.2167,9.0000,-162.3019,0.04504,0.0000,1.0000,0.0000,True,True
62.5661,12.2479,9.0000,-162.3343,0.04497,0.0000,1.0000,0.0000,True,True
62.5748,12.2792,9.0000,-162.3669,0.04514,0.0000,1.0000,0.0000,True,True
62.5828,12.3104,9.0000,-162.3992,0.04496,0.0000,1.0000,0.0000,True,True
62.5916,12.3419,9.0000,-162.4320,0.04545,0.0000,1.0000,0.0000,True,True
62.5995,12.3731,9.0000,-162.4643,0.04489,0.0000,1.0000,0.0000,True,True
62.6081,12.4043,9.0000,-162.4968,0.04509,0.0000,1.0000,0.0000,True,True
62.6162,12.4355,9.0000,-162.5292,0.04497,0.0000,1.0000,0.0000,True,True
62.6247,12.4668,9.0000,-162.5616,0.04502,0.0000,1.0000,0.0000,True,True
62.6330,12.4980,9.0000,-162.5941,0.04506,0.0000,1.0000,0.0000,True,True
62.6414,12.5292,9.0000,-162.6265,0.04499,0.0000,1.0000,0.0000,True,True
62.6496,12.5604,9.0000,-162.6589,0.04497,0.0000,1.0000,0.0000,True,True
62.6580,12.5917,9.0000,-162.6913,0.04506,0.0000,1.0000,0.0000,True,True
62.6662,12.6229,9.0000,-162.7237,0.04499,0.0000,1.0000,0.0000,True,True
62.6749,12.6541,9.0000,-162.7562,0.04505,0.0000,1.0000,0.0000,True,True
62.6829,12.6853,9.0000,-162.7886,0.04497,0.0000,1.0000,0.0000,True,True
62.6916,12.7166,9.0000,-162.8210,0.04504,0.0000,1.0000,0.0000,True,True
62.6996,12.7478,9.0000,-162.8534,0.04497,0.0000,1.0000,0.0000,True,True
62.7081,12.7790,9.0000,-162.8859,0.04503,0.0000,1.0000,0.0000,True,True
62.7163,12.8102,9.0000,-162.9183,0.04498,0.0000,1.0000,0.0000,True,True
62.7247,12.8414,9.0000,-162.9507,0.04501,0.0000,1.0000,0.0000,True,True
62.7331,12.8733,9.0000,-162.9839,0.04605,0.0000,1.0000,0.0000,True,True
62.7418,12.9051,9.0000,-163.0168,0.04576,0.0000,1.0000,0.0000,True,True
62.7499,12.9359,9.0000,-163.0489,0.04448,0.0000,1.0000,0.0000,True,True
62.7585,12.9672,9.0000,-163.0813,0.04501,0.0000,1.0000,0.0000,True,True
62.7665,12.9984,9.0000,-163.1137,0.04499,0.0000,1.0000,0.0000,True,True
62.7751,13.0303,9.0000,-163.1468,0.04597,0.0000,1.0000,0.0000,True,True
62.7834,13.0615,9.0000,-163.1792,0.04499,0.0000,1.0000,0.0000,True,True
62.7920,13.0930,9.0000,-163.2120,0.04551,0.0000,1.0000,0.0000,True,True
62.8001,13.1242,9.0000,-163.2444,0.04497,0.0000,1.0000,0.0000,True,True
62.8096,13.1567,9.0000,-163.2781,0.04675,0.0000,1.0000,0.0000,True,True
62.8169,13.1868,9.0000,-163.3093,0.04340,0.0000,1.0000,0.0000,True,True
62.8253,13.2180,9.0000,-163.3418,0.04501,0.0000,1.0000,0.0000,True,True
62.8335,13.2492,9.0000,-163.3741,0.04498,0.0000,1.0000,0.0000,True,True
62.8419,13.2804,9.0000,-163.4066,0.04502,0.0000,1.0000,0.0000,True,True
62.8501,13.3116,9.0000,-163.4390,0.04499,0.0000,1.0000,0.0000,True,True
62.8588,13.3430,9.0000,-163.4716,0.04523,0.0000,1.0000,0.0000,True,True
62.8668,13.3740,9.0000,-163.5038,0.04478,0.0000,1.0000,0.0000,True,True
62.8751,13.4053,9.0000,-163.5362,0.04502,0.0000,1.0000,0.0000,True,True
62.8835,13.4365,9.0000,-163.5686,0.04497,0.0000,1.0000,0.0000,True,True
62.8919,13.4677,9.0000,-163.6011,0.04503,0.0000,1.0000,0.0000,True,True
62.9002,13.4989,9.0000,-163.6335,0.04497,0.0000,1.0000,0.0000,True,True
62.9085,13.5298,9.0000,-163.6655,0.04450,0.0000,1.0000,0.0000,True,True
62.9168,13.5604,9.0000,-163.6973,0.04409,0.0000,1.0000,0.0000,True,True
62.9253,13.5905,9.0000,-163.7286,0.04344,0.0000,1.0000,0.0000,True,True
62.9335,13.6202,9.0000,-163.7595,0.04290,0.0000,1.0000,0.0000,True,True
62.9419,13.6497,9.0000,-163.7900,0.04243,0.0000,1.0000,0.0000,True,True
62.9501,13.6787,9.0000,-163.8202,0.04185,0.0000,1.0000,0.0000,True,True
62.9586,13.7074,9.0000,-163.8500,0.04139,0.0000,1.0000,0.0000,True,True
62.9668,13.7357,9.0000,-163.8794,0.04080,0.0000,1.0000,0.0000,True,True
62.9753,13.7637,9.0000,-163.9084,0.04034,0.0000,1.0000,0.0000,True,True
62.9835,13.7913,9.0000,-163.9371,0.03978,0.0000,1.0000,0.0000,True,True
62.9920,13.8185,9.0000,-163.9654,0.03929,0.0000,1.0000,0.0000,True,True
63.0001,13.8454,9.0000,-163.9933,0.03874,0.0000,1.0000,0.0000,True,True
63.0086,13.8719,9.0000,-164.0209,0.03827,0.0000,1.0000,0.0000,True,True
63.0168,13.8981,9.0000,-164.0480,0.03769,0.0000,1.0000,0.0000,True,True
63.0255,13.9243,9.0000,-164.0753,0.03779,0.0000,1.0000,0.0000,True,True
63.0335,13.9495,9.0000,-164.1014,0.03635,0.0000,1.0000,0.0000,True,True
63.0420,13.9746,9.0000,-164.1275,0.03618,0.0000,1.0000,0.0000,True,True
63.0502,13.9993,9.0000,-164.1532,0.03561,0.0000,1.0000,0.0000,True,True
63.0586,14.0237,9.0000,-164.1785,0.03514,0.0000,1.0000,0.0000,True,True
63.0669,14.0477,9.0000,-164.2034,0.03457,0.0000,1.0000,0.0000,True,True
63.0754,14.0713,9.0000,-164.2279,0.03409,0.0000,1.0000,0.0000,True,True
63.0835,14.0946,9.0000,-164.2521,0.03354,0.0000,1.0000,0.0000,True,True
63.0920,14.1175,9.0000,-164.2759,0.03305,0.0000,1.0000,0.0000,True,True
63.1002,14.1400,9.0000,-164.2993,0.03249,0.0000,1.0000,0.0000,True,True
63.1086,14.1622,9.0000,-164.3223,0.03201,0.0000,1.0000,0.0000,True,True
63.1169,14.1840,9.0000,-164.3450,0.03144,0.0000,1.0000,0.0000,True,True
63.1252,14.2055,9.0000,-164.3673,0.03095,0.0000,1.0000,0.0000,True,True
63.1335,14.2266,9.0000,-164.3892,0.03040,0.0000,1.0000,0.0000,True,True
63.1420,14.2474,9.0000,-164.4107,0.02991,0.0000,1.0000,0.0000,True,True
63.1503,14.2677,9.0000,-164.4319,0.02936,0.0000,1.0000,0.0000,True,True
63.1587,14.2877,9.0000,-164.4527,0.02887,0.0000,1.0000,0.0000,True,True
63.1669,14.3074,9.0000,-164.4731,0.02832,0.0000,1.0000,0.0000,True,True
63.1754,14.3267,9.0000,-164.4931,0.02783,0.0000,1.0000,0.0000,True,True
63.1836,14.3456,9.0000,-164.5128,0.02729,0.0000,1.0000,0.0000,True,True
63.1921,14.3642,9.0000,-164.5321,0.02678,0.0000,1.0000,0.0000,True,True
63.2002,14.3824,9.0000,-164.5510,0.02624,0.0000,1.0000,0.0000,True,True
63.2086,14.4003,9.0000,-164.5695,0.02576,0.0000,1.0000,0.0000,True,True
63.2169,14.4177,9.0000,-164.5877,0.02518,0.0000,1.0000,0.0000,True,True
63.2252,14.4349,9.0000,-164.6055,0.02472,0.0000,1.0000,0.0000,True,True
63.2336,14.4516,9.0000,-164.6229,0.02417,0.0000,1.0000,0.0000,True,True
63.2419,14.4680,9.0000,-164.6399,0.02368,0.0000,1.0000,0.0000,True,True
63.2502,14.4841,9.0000,-164.6566,0.02313,0.0000,1.0000,0.0000,True,True
63.2586,14.4998,9.0000,-164.6729,0.02263,0.0000,1.0000,0.0000,True,True
63.2669,14.5151,9.0000,-164.6888,0.02209,0.0000,1.0000,0.0000,True,True
63.2752,14.5301,9.0000,-164.7044,0.02159,0.0000,1.0000,0.0000,True,True
63.2835,14.5447,9.0000,-164.7195,0.02105,0.0000,1.0000,0.0000,True,True
63.2922,14.5590,9.0000,-164.7344,0.02059,0.0000,1.0000,0.0000,True,True
63.3002,14.5729,9.0000,-164.7488,0.02000,0.0000,1.0000,0.0000,True,True
63.3086,14.5864,9.0000,-164.7628,0.01951,0.0000,1.0000,0.0000,True,True
63.3169,14.5995,9.0000,-164.7765,0.01896,0.0000,1.0000,0.0000,True,True
63.3253,14.6123,9.0000,-164.7898,0.01845,0.0000,1.0000,0.0000,True,True
63.3336,14.6248,9.0000,-164.8027,0.01792,0.0000,1.0000,0.0000,True,True
63.3421,14.6368,9.0000,-164.8152,0.01742,0.0000,1.0000,0.0000,True,True
63.3502,14.6486,9.0000,-164.8274,0.01687,0.0000,1.0000,0.0000,True,True
63.3588,14.6599,9.0000,-164.8392,0.01637,0.0000,1.0000,0.0000,True,True
63.3669,14.6709,9.0000,-164.8506,0.01582,0.0000,1.0000,0.0000,True,True
63.3753,14.6815,9.0000,-164.8616,0.01533,0.0000,1.0000,0.0000,True,True
63.3836,14.6918,9.0000,-164.8723,0.01481,0.0000,1.0000,0.0000,True,True
63.3921,14.7018,9.0000,-164.8826,0.01436,0.0000,1.0000,0.0000,True,True
63.4002,14.7114,9.0000,-164.8926,0.01387,0.0000,1.0000,0.0000,True,True
63.4087,14.7207,9.0000,-164.9023,0.01341,0.0000,1.0000,0.0000,True,True
63.4169,14.7297,9.0000,-164.9116,0.01296,0.0000,1.0000,0.0000,True,True
63.4254,14.7383,9.0000,-164.9206,0.01252,0.0000,1.0000,0.0000,True,True
63.4336,14.7467,9.0000,-164.9293,0.01210,0.0000,1.0000,0.0000,True,True
63.4422,14.7549,9.0000,-164.9378,0.01169,0.0000,1.0000,0.0000,True,True
63.4502,14.7627,9.0000,-164.9459,0.01129,0.0000,1.0000,0.0000,True,True
63.4586,14.7703,9.0000,-164.9538,0.01095,0.0000,1.0000,0.0000,True,True
63.4669,14.7776,9.0000,-164.9614,0.01061,0.0000,1.0000,0.0000,True,True
63.4754,14.7848,9.0000,-164.9689,0.01032,0.0000,1.0000,0.0000,True,True
63.4836,14.7918,9.0000,-164.9761,0.01006,0.0000,1.0000,0.0000,True,True
63.4920,14.7986,9.0000,-164.9832,0.00985,0.0000,1.0000,0.0000,True,True
63.5002,14.7986,9.0000,-164.9832,0.00000,0.0000,1.0000,0.0000,True,True
63.5087,14.7989,9.0000,-164.9836,0.00053,0.0000,1.0000,0.0000,True,True
63.5169,14.7995,9.0000,-164.9845,0.00104,0.0000,1.0000,0.0000,True,True
63.5254,14.8005,9.0000,-164.9857,0.00159,0.0000,1.0000,0.0000,True,True
63.5337,14.8017,9.0000,-164.9874,0.00209,0.0000,1.0000,0.0000,True,True
63.5422,14.8033,9.0000,-164.9895,0.00262,0.0000,1.0000,0.0000,True,True
63.5503,14.8052,9.0000,-164.9921,0.00313,0.0000,1.0000,0.0000,True,True
63.5587,14.8073,9.0000,-164.9950,0.00367,0.0000,1.0000,0.0000,True,True
63.5670,14.8098,9.0000,-164.9984,0.00418,0.0000,1.0000,0.0000,True,True
63.5754,14.8126,9.0000,-165.0021,0.00471,0.0000,1.0000,0.0000,True,True
63.5836,14.8158,9.0000,-165.0063,0.00522,0.0000,1.0000,0.0000,True,True
63.5922,14.8192,9.0000,-165.0110,0.00575,0.0000,1.0000,0.0000,True,True
63.6003,14.8229,9.0000,-165.0160,0.00627,0.0000,1.0000,0.0000,True,True
63.6088,14.8270,9.0000,-165.0215,0.00680,0.0000,1.0000,0.0000,True,True
63.6170,14.8313,9.0000,-165.0273,0.00731,0.0000,1.0000,0.0000,True,True
63.6254,14.8360,9.0000,-165.0336,0.00784,0.0000,1.0000,0.0000,True,True
63.6336,14.8410,9.0000,-165.0403,0.00836,0.0000,1.0000,0.0000,True,True
63.6423,14.8463,9.0000,-165.0475,0.00889,0.0000,1.0000,0.0000,True,True
63.6503,14.8519,9.0000,-165.0550,0.00940,0.0000,1.0000,0.0000,True,True
63.6588,14.8578,9.0000,-165.0630,0.00994,0.0000,1.0000,0.0000,True,True
63.6671,14.8640,9.0000,-165.0714,0.01049,0.0000,1.0000,0.0000,True,True
63.6756,14.8706,9.0000,-165.0802,0.01096,0.0000,1.0000,0.0000,True,True
63.6837,14.8774,9.0000,-165.0895,0.01148,0.0000,1.0000,0.0000,True,True
63.6923,14.8845,9.0000,-165.0991,0.01200,0.0000,1.0000,0.0000,True,True
63.7004,14.8920,9.0000,-165.1092,0.01252,0.0000,1.0000,0.0000,True,True
63.7089,14.8999,9.0000,-165.1198,0.01318,0.0000,1.0000,0.0000,True,True
63.7171,14.9079,9.0000,-165.1306,0.01351,0.0000,1.0000,0.0000,True,True
63.7256,14.9163,9.0000,-165.1419,0.01411,0.0000,1.0000,0.0000,True,True
63.7339,14.9250,9.0000,-165.1536,0.01457,0.0000,1.0000,0.0000,True,True
63.7427,14.9340,9.0000,-165.1658,0.01512,0.0000,1.0000,0.0000,True,True
63.7505,14.9433,9.0000,-165.1783,0.01563,0.0000,1.0000,0.0000,True,True
63.7594,14.9529,9.0000,-165.1913,0.01618,0.0000,1.0000,0.0000,True,True
63.7671,14.9629,9.0000,-165.2047,0.01668,0.0000,1.0000,0.0000,True,True
63.7756,14.9731,9.0000,-165.2186,0.01725,0.0000,1.0000,0.0000,True,True
63.7838,14.9837,9.0000,-165.2328,0.01773,0.0000,1.0000,0.0000,True,True
63.7925,14.9946,9.0000,-165.2475,0.01825,0.0000,1.0000,0.0000,True,True
63.8004,15.0058,9.0000,-165.2626,0.01875,0.0000,1.0000,0.0000,True,True
63.8091,15.0173,9.0000,-165.2781,0.01934,0.0000,1.0000,0.0000,True,True
63.8171,15.0290,9.0000,-165.2939,0.01974,0.0000,1.0000,0.0000,True,True
63.8257,15.0411,9.0000,-165.3103,0.02032,0.0000,1.0000,0.0000,True,True
63.8338,15.0535,9.0000,-165.3270,0.02084,0.0000,1.0000,0.0000,True,True
63.8422,15.0663,9.0000,-165.3442,0.02143,0.0000,1.0000,0.0000,True,True
63.8505,15.0793,9.0000,-165.3618,0.02185,0.0000,1.0000,0.0000,True,True
63.8590,15.0927,9.0000,-165.3798,0.02241,0.0000,1.0000,0.0000,True,True
63.8671,15.1063,9.0000,-165.3982,0.02291,0.0000,1.0000,0.0000,True,True
63.8758,15.1203,9.0000,-165.4171,0.02352,0.0000,1.0000,0.0000,True,True
63.8838,15.1346,9.0000,-165.4363,0.02394,0.0000,1.0000,0.0000,True,True
63.8924,15.1492,9.0000,-165.4560,0.02451,0.0000,1.0000,0.0000,True,True
63.9005,15.1641,9.0000,-165.4760,0.02498,0.0000,1.0000,0.0000,True,True
63.9090,15.1793,9.0000,-165.4966,0.02555,0.0000,1.0000,0.0000,True,True
63.9171,15.1948,9.0000,-165.5175,0.02602,0.0000,1.0000,0.0000,True,True
63.9255,15.2106,9.0000,-165.5388,0.02659,0.0000,1.0000,0.0000,True,True
63.9338,15.2267,9.0000,-165.5606,0.02709,0.0000,1.0000,0.0000,True,True
63.9422,15.2432,9.0000,-165.5828,0.02764,0.0000,1.0000,0.0000,True,True
63.9505,15.2600,9.0000,-165.6054,0.02813,0.0000,1.0000,0.0000,True,True
63.9589,15.2770,9.0000,-165.6284,0.02868,0.0000,1.0000,0.0000,True,True
63.9671,15.2944,9.0000,-165.6519,0.02917,0.0000,1.0000,0.0000,True,True
63.9755,15.3121,9.0000,-165.6758,0.02973,0.0000,1.0000,0.0000,True,True
63.9838,15.3301,9.0000,-165.7000,0.03022,0.0000,1.0000,0.0000,True,True
63.9922,15.3485,9.0000,-165.7247,0.03077,0.0000,1.0000,0.0000,True,True
64.0005,15.3671,9.0000,-165.7499,0.03127,0.0000,1.0000,0.0000,True,True
64.0091,15.3860,9.0000,-165.7754,0.03182,0.0000,1.0000,0.0000,True,True
64.0171,15.4053,9.0000,-165.8014,0.03229,0.0000,1.0000,0.0000,True,True
64.0255,15.4248,9.0000,-165.8278,0.03286,0.0000,1.0000,0.0000,True,True
64.0338,15.4447,9.0000,-165.8546,0.03336,0.0000,1.0000,0.0000,True,True
64.0423,15.4649,9.0000,-165.8818,0.03391,0.0000,1.0000,0.0000,True,True
64.0505,15.4854,9.0000,-165.9094,0.03438,0.0000,1.0000,0.0000,True,True
64.0590,15.5062,9.0000,-165.9375,0.03495,0.0000,1.0000,0.0000,True,True
64.0671,15.5273,9.0000,-165.9659,0.03543,0.0000,1.0000,0.0000,True,True
64.0758,15.5488,9.0000,-165.9949,0.03606,0.0000,1.0000,0.0000,True,True
64.0838,15.5705,9.0000,-166.0242,0.03646,0.0000,1.0000,0.0000,True,True
64.0924,15.5925,9.0000,-166.0539,0.03703,0.0000,1.0000,0.0000,True,True
64.1005,15.6149,9.0000,-166.0840,0.03750,0.0000,1.0000,0.0000,True,True
64.1090,15.6376,9.0000,-166.1146,0.03809,0.0000,1.0000,0.0000,True,True
64.1172,15.6605,9.0000,-166.1456,0.03854,0.0000,1.0000,0.0000,True,True
64.1257,15.6838,9.0000,-166.1771,0.03917,0.0000,1.0000,0.0000,True,True
64.1339,15.7074,9.0000,-166.2088,0.03957,0.0000,1.0000,0.0000,True,True
64.1422,15.7313,9.0000,-166.2411,0.04014,0.0000,1.0000,0.0000,True,True
64.1505,15.7555,9.0000,-166.2737,0.04063,0.0000,1.0000,0.0000,True,True
64.1590,15.7802,9.0000,-166.3071,0.04149,0.0000,1.0000,0.0000,True,True
64.1672,15.8050,9.0000,-166.3404,0.04156,0.0000,1.0000,0.0000,True,True
64.1759,15.8302,9.0000,-166.3745,0.04234,0.0000,1.0000,0.0000,True,True
64.1839,15.8556,9.0000,-166.4088,0.04272,0.0000,1.0000,0.0000,True,True
64.1926,15.8816,9.0000,-166.4437,0.04350,0.0000,1.0000,0.0000,True,True
64.2006,15.9075,9.0000,-166.4787,0.04356,0.0000,1.0000,0.0000,True,True
64.2090,15.9339,9.0000,-166.5143,0.04434,0.0000,1.0000,0.0000,True,True
64.2172,15.9606,9.0000,-166.5503,0.04479,0.0000,1.0000,0.0000,True,True
64.2257,15.9874,9.0000,-166.5865,0.04504,0.0000,1.0000,0.0000,True,True
64.2340,16.0142,9.0000,-166.6226,0.04497,0.0000,1.0000,0.0000,True,True
64.2423,16.0410,9.0000,-166.6588,0.04504,0.0000,1.0000,0.0000,True,True
64.2505,16.0678,9.0000,-166.6949,0.04496,0.0000,1.0000,0.0000,True,True
64.2591,16.0946,9.0000,-166.7311,0.04504,0.0000,1.0000,0.0000,True,True
64.2672,16.1214,9.0000,-166.7672,0.04496,0.0000,1.0000,0.0000,True,True
64.2759,16.1483,9.0000,-166.8034,0.04510,0.0000,1.0000,0.0000,True,True
64.2839,16.1750,9.0000,-166.8395,0.04491,0.0000,1.0000,0.0000,True,True
64.2924,16.2019,9.0000,-166.8758,0.04517,0.0000,1.0000,0.0000,True,True
64.3006,16.2286,9.0000,-166.9118,0.04486,0.0000,1.0000,0.0000,True,True
64.3091,16.2555,9.0000,-166.9480,0.04504,0.0000,1.0000,0.0000,True,True
64.3172,16.2823,9.0000,-166.9841,0.04496,0.0000,1.0000,0.0000,True,True
64.3258,16.3091,9.0000,-167.0203,0.04504,0.0000,1.0000,0.0000,True,True
64.3339,16.3359,9.0000,-167.0564,0.04497,0.0000,1.0000,0.0000,True,True
64.3425,16.3627,9.0000,-167.0926,0.04504,0.0000,1.0000,0.0000,True,True
64.3506,16.3895,9.0000,-167.1287,0.04498,0.0000,1.0000,0.0000,True,True
64.3591,16.4163,9.0000,-167.1649,0.04504,0.0000,1.0000,0.0000,True,True
64.3672,16.4431,9.0000,-167.2010,0.04497,0.0000,1.0000,0.0000,True,True
64.3757,16.4699,9.0000,-167.2372,0.04504,0.0000,1.0000,0.0000,True,True
64.3840,16.4967,9.0000,-167.2733,0.04498,0.0000,1.0000,0.0000,True,True
64.3924,16.5235,9.0000,-167.3095,0.04502,0.0000,1.0000,0.0000,True,True
64.4006,16.5503,9.0000,-167.3456,0.04497,0.0000,1.0000,0.0000,True,True
64.4092,16.5771,9.0000,-167.3818,0.04504,0.0000,1.0000,0.0000,True,True
64.4173,16.6039,9.0000,-167.4179,0.04500,0.0000,1.0000,0.0000,True,True
64.4258,16.6307,9.0000,-167.4541,0.04500,0.0000,1.0000,0.0000,True,True
64.4339,16.6575,9.0000,-167.4902,0.04498,0.0000,1.0000,0.0000,True,True
64.4423,16.6843,9.0000,-167.5264,0.04502,0.0000,1.0000,0.0000,True,True
64.4506,16.7111,9.0000,-167.5625,0.04498,0.0000,1.0000,0.0000,True,True
64.4590,16.7380,9.0000,-167.5987,0.04506,0.0000,1.0000,0.0000,True,True
64.4672,16.7648,9.0000,-167.6348,0.04498,0.0000,1.0000,0.0000,True,True
64.4757,16.7916,9.0000,-167.6710,0.04502,0.0000,1.0000,0.0000,True,True
64.4839,16.8184,9.0000,-167.7071,0.04498,0.0000,1.0000,0.0000,True,True
64.4926,16.8453,9.0000,-167.7434,0.04517,0.0000,1.0000,0.0000,True,True
64.5006,16.8720,9.0000,-167.7794,0.04483,0.0000,1.0000,0.0000,True,True
64.5090,16.8988,9.0000,-167.8156,0.04504,0.0000,1.0000,0.0000,True,True
64.5173,16.9256,9.0000,-167.8517,0.04497,0.0000,1.0000,0.0000,True,True
64.5259,16.9524,9.0000,-167.8879,0.04502,0.0000,1.0000,0.0000,True,True
64.5339,16.9792,9.0000,-167.9240,0.04498,0.0000,1.0000,0.0000,True,True
64.5426,17.0060,9.0000,-167.9602,0.04508,0.0000,1.0000,0.0000,True,True
64.5506,17.0328,9.0000,-167.9963,0.04493,0.0000,1.0000,0.0000,True,True
64.5593,17.0596,9.0000,-168.0325,0.04506,0.0000,1.0000,0.0000,True,True
64.5673,17.0864,9.0000,-168.0686,0.04498,0.0000,1.0000,0.0000,True,True
64.5759,17.1133,9.0000,-168.1049,0.04517,0.0000,1.0000,0.0000,True,True
64.5839,17.1400,9.0000,-168.1409,0.04481,0.0000,1.0000,0.0000,True,True
64.5925,17.1669,9.0000,-168.1772,0.04519,0.0000,1.0000,0.0000,True,True
64.6006,17.1937,9.0000,-168.2133,0.04498,0.0000,1.0000,0.0000,True,True
64.6094,17.2209,9.0000,-168.2500,0.04566,0.0000,1.0000,0.0000,True,True
64.6175,17.2477,9.0000,-168.2862,0.04498,0.0000,1.0000,0.0000,True,True
64.6262,17.2751,9.0000,-168.3230,0.04589,0.0000,1.0000,0.0000,True,True
64.6344,17.3017,9.0000,-168.3590,0.04479,0.0000,1.0000,0.0000,True,True
64.6429,17.3286,9.0000,-168.3952,0.04502,0.0000,1.0000,0.0000,True,True
64.6510,17.3554,9.0000,-168.4313,0.04500,0.0000,1.0000,0.0000,True,True
64.6598,17.3833,9.0000,-168.4690,0.04686,0.0000,1.0000,0.0000,True,True
64.6679,17.4098,9.0000,-168.5048,0.04456,0.0000,1.0000,0.0000,True,True
64.6764,17.4361,9.0000,-168.5401,0.04405,0.0000,1.0000,0.0000,True,True
64.6846,17.4620,9.0000,-168.5751,0.04354,0.0000,1.0000,0.0000,True,True
64.6929,17.4876,9.0000,-168.6097,0.04300,0.0000,1.0000,0.0000,True,True
64.7015,17.5133,9.0000,-168.6443,0.04312,0.0000,1.0000,0.0000,True,True
64.7096,17.5379,9.0000,-168.6775,0.04135,0.0000,1.0000,0.0000,True,True
64.7181,17.5629,9.0000,-168.7113,0.04202,0.0000,1.0000,0.0000,True,True
64.7263,17.5870,9.0000,-168.7437,0.04037,0.0000,1.0000,0.0000,True,True
64.7346,17.6110,9.0000,-168.7762,0.04040,0.0000,1.0000,0.0000,True,True
64.7429,17.6348,9.0000,-168.8082,0.03989,0.0000,1.0000,0.0000,True,True
64.7512,17.6582,9.0000,-168.8398,0.03934,0.0000,1.0000,0.0000,True,True
64.7597,17.6814,9.0000,-168.8710,0.03885,0.0000,1.0000,0.0000,True,True
64.7679,17.7042,9.0000,-168.9018,0.03830,0.0000,1.0000,0.0000,True,True
64.7763,17.7267,9.0000,-168.9321,0.03782,0.0000,1.0000,0.0000,True,True
64.7846,17.7489,9.0000,-168.9621,0.03725,0.0000,1.0000,0.0000,True,True
64.7929,17.7708,9.0000,-168.9916,0.03677,0.0000,1.0000,0.0000,True,True
64.8012,17.7924,9.0000,-169.0207,0.03621,0.0000,1.0000,0.0000,True,True
64.8096,17.8137,9.0000,-169.0494,0.03573,0.0000,1.0000,0.0000,True,True
64.8179,17.8346,9.0000,-169.0776,0.03516,0.0000,1.0000,0.0000,True,True
64.8262,17.8553,9.0000,-169.1055,0.03468,0.0000,1.0000,0.0000,True,True
64.8345,17.8756,9.0000,-169.1329,0.03413,0.0000,1.0000,0.0000,True,True
64.8429,17.8956,9.0000,-169.1599,0.03364,0.0000,1.0000,0.0000,True,True
64.8512,17.9153,9.0000,-169.1865,0.03309,0.0000,1.0000,0.0000,True,True
64.8596,17.9348,9.0000,-169.2127,0.03260,0.0000,1.0000,0.0000,True,True
64.8679,17.9538,9.0000,-169.2384,0.03205,0.0000,1.0000,0.0000,True,True
64.8763,17.9726,9.0000,-169.2638,0.03155,0.0000,1.0000,0.0000,True,True
64.8846,17.9911,9.0000,-169.2887,0.03100,0.0000,1.0000,0.0000,True,True
64.8930,18.0093,9.0000,-169.3132,0.03051,0.0000,1.0000,0.0000,True,True
64.9012,18.0271,9.0000,-169.3373,0.02996,0.0000,1.0000,0.0000,True,True
64.9096,18.0447,9.0000,-169.3609,0.02946,0.0000,1.0000,0.0000,True,True
64.9179,18.0619,9.0000,-169.3842,0.02891,0.0000,1.0000,0.0000,True,True
64.9263,18.0788,9.0000,-169.4070,0.02842,0.0000,1.0000,0.0000,True,True
64.9346,18.0954,9.0000,-169.4294,0.02787,0.0000,1.0000,0.0000,True,True
64.9429,18.1117,9.0000,-169.4514,0.02738,0.0000,1.0000,0.0000,True,True
64.9513,18.1277,9.0000,-169.4729,0.02682,0.0000,1.0000,0.0000,True,True
64.9596,18.1434,9.0000,-169.4940,0.02633,0.0000,1.0000,0.0000,True,True
64.9679,18.1587,9.0000,-169.5148,0.02578,0.0000,1.0000,0.0000,True,True
64.9763,18.1738,9.0000,-169.5351,0.02534,0.0000,1.0000,0.0000,True,True
64.9846,18.1885,9.0000,-169.5549,0.02469,0.0000,1.0000,0.0000,True,True
64.9929,18.2030,9.0000,-169.5744,0.02424,0.0000,1.0000,0.0000,True,True
65.0012,18.2171,9.0000,-169.5934,0.02369,0.0000,1.0000,0.0000,True,True
65.0096,18.2309,9.0000,-169.6121,0.02319,0.0000,1.0000,0.0000,True,True
65.0179,18.2444,9.0000,-169.6303,0.02264,0.0000,1.0000,0.0000,True,True
65.0263,18.2576,9.0000,-169.6481,0.02215,0.0000,1.0000,0.0000,True,True
65.0346,18.2704,9.0000,-169.6654,0.02162,0.0000,1.0000,0.0000,True,True
65.0429,18.2830,9.0000,-169.6824,0.02111,0.0000,1.0000,0.0000,True,True
65.0512,18.2953,9.0000,-169.6989,0.02057,0.0000,1.0000,0.0000,True,True
65.0596,18.3072,9.0000,-169.7150,0.02008,0.0000,1.0000,0.0000,True,True
65.0679,18.3189,9.0000,-169.7307,0.01953,0.0000,1.0000,0.0000,True,True
65.0763,18.3302,9.0000,-169.7460,0.01903,0.0000,1.0000,0.0000,True,True
65.0846,18.3412,9.0000,-169.7609,0.01856,0.0000,1.0000,0.0000,True,True
65.0929,18.3519,9.0000,-169.7753,0.01793,0.0000,1.0000,0.0000,True,True
65.1012,18.3623,9.0000,-169.7893,0.01744,0.0000,1.0000,0.0000,True,True
65.1096,18.3724,9.0000,-169.8029,0.01694,0.0000,1.0000,0.0000,True,True
65.1179,18.3822,9.0000,-169.8161,0.01640,0.0000,1.0000,0.0000,True,True
65.1263,18.3916,9.0000,-169.8289,0.01590,0.0000,1.0000,0.0000,True,True
65.1346,18.4008,9.0000,-169.8412,0.01536,0.0000,1.0000,0.0000,True,True
65.1429,18.4096,9.0000,-169.8531,0.01486,0.0000,1.0000,0.0000,True,True
65.1512,18.4182,9.0000,-169.8647,0.01432,0.0000,1.0000,0.0000,True,True
65.1596,18.4264,9.0000,-169.8758,0.01383,0.0000,1.0000,0.0000,True,True
65.1679,18.4343,9.0000,-169.8864,0.01328,0.0000,1.0000,0.0000,True,True
65.1763,18.4419,9.0000,-169.8967,0.01278,0.0000,1.0000,0.0000,True,True
65.1846,18.4492,9.0000,-169.9065,0.01225,0.0000,1.0000,0.0000,True,True
65.1929,18.4562,9.0000,-169.9160,0.01174,0.0000,1.0000,0.0000,True,True
65.2012,18.4629,9.0000,-169.9250,0.01121,0.0000,1.0000,0.0000,True,True
65.2096,18.4693,9.0000,-169.9336,0.01077,0.0000,1.0000,0.0000,True,True
65.2179,18.4754,9.0000,-169.9419,0.01031,0.0000,1.0000,0.0000,True,True
65.2265,18.4813,9.0000,-169.9499,0.00990,0.0000,1.0000,0.0000,True,True
65.2346,18.4870,9.0000,-169.9575,0.00950,0.0000,1.0000,0.0000,True,True
65.2429,18.4924,9.0000,-169.9648,0.00914,0.0000,1.0000,0.0000,True,True
65.2513,18.4977,9.0000,-169.9719,0.00880,0.0000,1.0000,0.0000,True,True
65.2596,18.5027,9.0000,-169.9787,0.00851,0.0000,1.0000,0.0000,True,True
65.2679,18.5077,9.0000,-169.9854,0.00826,0.0000,1.0000,0.0000,True,True
65.2763,18.5077,9.0000,-169.9854,0.00000,0.0000,1.0000,0.0000,True,True
65.2846,18.5078,9.0000,-169.9859,0.00053,0.0000,1.0000,0.0000,True,True
65.2930,18.5081,9.0000,-169.9869,0.00105,0.0000,1.0000,0.0000,True,True
65.3013,18.5086,9.0000,-169.9884,0.00158,0.0000,1.0000,0.0000,True,True
65.3096,18.5092,9.0000,-169.9904,0.00210,0.0000,1.0000,0.0000,True,True
65.3179,18.5099,9.0000,-169.9929,0.00261,0.0000,1.0000,0.0000,True,True
65.3263,18.5108,9.0000,-169.9959,0.00314,0.0000,1.0000,0.0000,True,True
65.3345,18.5118,9.0000,-169.9994,0.00365,0.0000,1.0000,0.0000,True,True
65.3429,18.5130,9.0000,-170.0034,0.00417,0.0000,1.0000,0.0000,True,True
65.3512,18.5144,9.0000,-170.0079,0.00468,0.0000,1.0000,0.0000,True,True
65.3596,18.5159,9.0000,-170.0129,0.00521,0.0000,1.0000,0.0000,True,True
65.3680,18.5175,9.0000,-170.0184,0.00573,0.0000,1.0000,0.0000,True,True
65.3764,18.5193,9.0000,-170.0244,0.00626,0.0000,1.0000,0.0000,True,True
65.3846,18.5212,9.0000,-170.0309,0.00678,0.0000,1.0000,0.0000,True,True
65.3930,18.5233,9.0000,-170.0379,0.00731,0.0000,1.0000,0.0000,True,True
65.4013,18.5255,9.0000,-170.0454,0.00783,0.0000,1.0000,0.0000,True,True
65.4096,18.5279,9.0000,-170.0534,0.00836,0.0000,1.0000,0.0000,True,True
65.4179,18.5304,9.0000,-170.0619,0.00887,0.0000,1.0000,0.0000,True,True
65.4264,18.5331,9.0000,-170.0709,0.00939,0.0000,1.0000,0.0000,True,True
65.4347,18.5359,9.0000,-170.0804,0.00992,0.0000,1.0000,0.0000,True,True
65.4431,18.5389,9.0000,-170.0904,0.01044,0.0000,1.0000,0.0000,True,True
65.4513,18.5420,9.0000,-170.1009,0.01095,0.0000,1.0000,0.0000,True,True
65.4596,18.5453,9.0000,-170.1119,0.01149,0.0000,1.0000,0.0000,True,True
65.4679,18.5487,9.0000,-170.1234,0.01200,0.0000,1.0000,0.0000,True,True
65.4763,18.5523,9.0000,-170.1355,0.01254,0.0000,1.0000,0.0000,True,True
65.4846,18.5560,9.0000,-170.1480,0.01305,0.0000,1.0000,0.0000,True,True
65.4930,18.5599,9.0000,-170.1610,0.01358,0.0000,1.0000,0.0000,True,True
65.5013,18.5639,9.0000,-170.1745,0.01409,0.0000,1.0000,0.0000,True,True
65.5097,18.5681,9.0000,-170.1885,0.01463,0.0000,1.0000,0.0000,True,True
65.5179,18.5724,9.0000,-170.2030,0.01512,0.0000,1.0000,0.0000,True,True
65.5264,18.5769,9.0000,-170.2180,0.01565,0.0000,1.0000,0.0000,True,True
65.5346,18.5815,9.0000,-170.2335,0.01616,0.0000,1.0000,0.0000,True,True
65.5430,18.5863,9.0000,-170.2495,0.01670,0.0000,1.0000,0.0000,True,True
65.5513,18.5912,9.0000,-170.2660,0.01721,0.0000,1.0000,0.0000,True,True
65.5596,18.5962,9.0000,-170.2830,0.01775,0.0000,1.0000,0.0000,True,True
65.5679,18.6014,9.0000,-170.3005,0.01826,0.0000,1.0000,0.0000,True,True
65.5765,18.6068,9.0000,-170.3185,0.01880,0.0000,1.0000,0.0000,True,True
65.5847,18.6123,9.0000,-170.3370,0.01931,0.0000,1.0000,0.0000,True,True
65.5930,18.6180,9.0000,-170.3561,0.01985,0.0000,1.0000,0.0000,True,True
65.6013,18.6238,9.0000,-170.3756,0.02035,0.0000,1.0000,0.0000,True,True
65.6096,18.6297,9.0000,-170.3956,0.02089,0.0000,1.0000,0.0000,True,True
65.6180,18.6358,9.0000,-170.4161,0.02140,0.0000,1.0000,0.0000,True,True
65.6268,18.6422,9.0000,-170.4373,0.02216,0.0000,1.0000,0.0000,True,True
65.6347,18.6486,9.0000,-170.4588,0.02245,0.0000,1.0000,0.0000,True,True
65.6431,18.6551,9.0000,-170.4809,0.02297,0.0000,1.0000,0.0000,True,True
65.6514,18.6618,9.0000,-170.5034,0.02348,0.0000,1.0000,0.0000,True,True
65.6597,18.6687,9.0000,-170.5264,0.02402,0.0000,1.0000,0.0000,True,True
65.6680,18.6757,9.0000,-170.5499,0.02452,0.0000,1.0000,0.0000,True,True
65.6764,18.6828,9.0000,-170.5739,0.02507,0.0000,1.0000,0.0000,True,True
65.6847,18.6901,9.0000,-170.5984,0.02557,0.0000,1.0000,0.0000,True,True
65.6931,18.6975,9.0000,-170.6235,0.02611,0.0000,1.0000,0.0000,True,True
65.7013,18.7051,9.0000,-170.6490,0.02662,0.0000,1.0000,0.0000,True,True
65.7098,18.7129,9.0000,-170.6750,0.02716,0.0000,1.0000,0.0000,True,True
65.7180,18.7208,9.0000,-170.7015,0.02767,0.0000,1.0000,0.0000,True,True
65.7264,18.7288,9.0000,-170.7285,0.02820,0.0000,1.0000,0.0000,True,True
65.7348,18.7370,9.0000,-170.7561,0.02870,0.0000,1.0000,0.0000,True,True
65.7431,18.7453,9.0000,-170.7841,0.02925,0.0000,1.0000,0.0000,True,True
65.7514,18.7538,9.0000,-170.8126,0.02974,0.0000,1.0000,0.0000,True,True
65.7600,18.7626,9.0000,-170.8420,0.03073,0.0000,1.0000,0.0000,True,True
65.7680,18.7712,9.0000,-170.8711,0.03034,0.0000,1.0000,0.0000,True,True
65.7764,18.7802,9.0000,-170.9012,0.03133,0.0000,1.0000,0.0000,True,True
65.7847,18.7893,9.0000,-170.9317,0.03182,0.0000,1.0000,0.0000,True,True
65.7931,18.7985,9.0000,-170.9627,0.03237,0.0000,1.0000,0.0000,True,True
65.8014,18.8079,9.0000,-170.9942,0.03286,0.0000,1.0000,0.0000,True,True
65.8098,18.8174,9.0000,-171.0262,0.03342,0.0000,1.0000,0.0000,True,True
65.8180,18.8271,9.0000,-171.0587,0.03391,0.0000,1.0000,0.0000,True,True
65.8265,18.8369,9.0000,-171.0917,0.03445,0.0000,1.0000,0.0000,True,True
65.8347,18.8469,9.0000,-171.1252,0.03494,0.0000,1.0000,0.0000,True,True
65.8431,18.8570,9.0000,-171.1592,0.03550,0.0000,1.0000,0.0000,True,True
65.8514,18.8673,9.0000,-171.1937,0.03599,0.0000,1.0000,0.0000,True,True
65.8600,18.8780,9.0000,-171.2297,0.03754,0.0000,1.0000,0.0000,True,True
65.8682,18.8885,9.0000,-171.2652,0.03705,0.0000,1.0000,0.0000,True,True
65.8766,18.8993,9.0000,-171.3013,0.03762,0.0000,1.0000,0.0000,True,True
65.8849,18.9101,9.0000,-171.3378,0.03810,0.0000,1.0000,0.0000,True,True
65.8933,18.9211,9.0000,-171.3748,0.03864,0.0000,1.0000,0.0000,True,True
65.9019,18.9326,9.0000,-171.4132,0.04007,0.0000,1.0000,0.0000,True,True
65.9102,18.9439,9.0000,-171.4513,0.03969,0.0000,1.0000,0.0000,True,True
65.9185,18.9554,9.0000,-171.4898,0.04018,0.0000,1.0000,0.0000,True,True
65.9268,18.9670,9.0000,-171.5288,0.04074,0.0000,1.0000,0.0000,True,True
65.9351,18.9787,9.0000,-171.5683,0.04122,0.0000,1.0000,0.0000,True,True
65.9435,18.9907,9.0000,-171.6084,0.04179,0.0000,1.0000,0.0000,True,True
65.9518,19.0027,9.0000,-171.6489,0.04227,0.0000,1.0000,0.0000,True,True
65.9601,19.0149,9.0000,-171.6900,0.04283,0.0000,1.0000,0.0000,True,True
65.9684,19.0273,9.0000,-171.7315,0.04330,0.0000,1.0000,0.0000,True,True
65.9768,19.0398,9.0000,-171.7735,0.04388,0.0000,1.0000,0.0000,True,True
65.9851,19.0524,9.0000,-171.8160,0.04437,0.0000,1.0000,0.0000,True,True
65.9935,19.0653,9.0000,-171.8591,0.04493,0.0000,1.0000,0.0000,True,True
66.0018,19.0781,9.0000,-171.9022,0.04496,0.0000,1.0000,0.0000,True,True
66.0102,19.0909,9.0000,-171.9453,0.04502,0.0000,1.0000,0.0000,True,True
66.0185,19.1038,9.0000,-171.9884,0.04498,0.0000,1.0000,0.0000,True,True
66.0268,19.1166,9.0000,-172.0316,0.04502,0.0000,1.0000,0.0000,True,True
66.0354,19.1299,9.0000,-172.0763,0.04663,0.0000,1.0000,0.0000,True,True
66.0439,19.1427,9.0000,-172.1194,0.04502,0.0000,1.0000,0.0000,True,True
66.0521,19.1556,9.0000,-172.1626,0.04499,0.0000,1.0000,0.0000,True,True
66.0605,19.1684,9.0000,-172.2057,0.04502,0.0000,1.0000,0.0000,True,True
66.0688,19.1812,9.0000,-172.2488,0.04496,0.0000,1.0000,0.0000,True,True
66.0771,19.1941,9.0000,-172.2920,0.04504,0.0000,1.0000,0.0000,True,True
66.0854,19.2069,9.0000,-172.3351,0.04497,0.0000,1.0000,0.0000,True,True
66.0938,19.2198,9.0000,-172.3782,0.04502,0.0000,1.0000,0.0000,True,True
66.1021,19.2326,9.0000,-172.4213,0.04497,0.0000,1.0000,0.0000,True,True
66.1105,19.2454,9.0000,-172.4645,0.04504,0.0000,1.0000,0.0000,True,True
66.1187,19.2583,9.0000,-172.5076,0.04496,0.0000,1.0000,0.0000,True,True
66.1271,19.2711,9.0000,-172.5508,0.04504,0.0000,1.0000,0.0000,True,True
66.1354,19.2839,9.0000,-172.5939,0.04497,0.0000,1.0000,0.0000,True,True
66.1438,19.2968,9.0000,-172.6370,0.04504,0.0000,1.0000,0.0000,True,True
66.1521,19.3096,9.0000,-172.6801,0.04496,0.0000,1.0000,0.0000,True,True
66.1605,19.3225,9.0000,-172.7233,0.04504,0.0000,1.0000,0.0000,True,True
66.1688,19.3353,9.0000,-172.7664,0.04497,0.0000,1.0000,0.0000,True,True
66.1771,19.3481,9.0000,-172.8096,0.04502,0.0000,1.0000,0.0000,True,True
66.1854,19.3610,9.0000,-172.8527,0.04499,0.0000,1.0000,0.0000,True,True
66.1938,19.3738,9.0000,-172.8958,0.04502,0.0000,1.0000,0.0000,True,True
66.2021,19.3866,9.0000,-172.9389,0.04497,0.0000,1.0000,0.0000,True,True
66.2105,19.3995,9.0000,-172.9821,0.04502,0.0000,1.0000,0.0000,True,True
66.2188,19.4123,9.0000,-173.0252,0.04497,0.0000,1.0000,0.0000,True,True
66.2271,19.4251,9.0000,-173.0683,0.04502,0.0000,1.0000,0.0000,True,True
66.2355,19.4380,9.0000,-173.1115,0.04497,0.0000,1.0000,0.0000,True,True
66.2438,19.4508,9.0000,-173.1546,0.04502,0.0000,1.0000,0.0000,True,True
66.2521,19.4636,9.0000,-173.1975,0.04478,0.0000,1.0000,0.0000,True,True
66.2605,19.4762,9.0000,-173.2400,0.04431,0.0000,1.0000,0.0000,True,True
66.2688,19.4887,9.0000,-173.2819,0.04373,0.0000,1.0000,0.0000,True,True
66.2772,19.5010,9.0000,-173.3234,0.04327,0.0000,1.0000,0.0000,True,True
66.2854,19.5132,9.0000,-173.3643,0.04270,0.0000,1.0000,0.0000,True,True
66.2939,19.5253,9.0000,-173.4048,0.04222,0.0000,1.0000,0.0000,True,True
66.3021,19.5371,9.0000,-173.4447,0.04165,0.0000,1.0000,0.0000,True,True
66.3105,19.5489,9.0000,-173.4841,0.04117,0.0000,1.0000,0.0000,True,True
66.3187,19.5605,9.0000,-173.5231,0.04061,0.0000,1.0000,0.0000,True,True
66.3271,19.5719,9.0000,-173.5615,0.04013,0.0000,1.0000,0.0000,True,True
66.3354,19.5832,9.0000,-173.5995,0.03958,0.0000,1.0000,0.0000,True,True
66.3438,19.5944,9.0000,-173.6369,0.03910,0.0000,1.0000,0.0000,True,True
66.3521,19.6054,9.0000,-173.6739,0.03853,0.0000,1.0000,0.0000,True,True
66.3605,19.6162,9.0000,-173.7104,0.03806,0.0000,1.0000,0.0000,True,True
66.3694,19.6269,9.0000,-173.7464,0.03762,0.0000,1.0000,0.0000,True,True
66.3772,19.6375,9.0000,-173.7819,0.03698,0.0000,1.0000,0.0000,True,True
66.3855,19.6479,9.0000,-173.8168,0.03644,0.0000,1.0000,0.0000,True,True
66.3939,19.6581,9.0000,-173.8512,0.03595,0.0000,1.0000,0.0000,True,True
66.4022,19.6682,9.0000,-173.8852,0.03541,0.0000,1.0000,0.0000,True,True
66.4105,19.6782,9.0000,-173.9186,0.03491,0.0000,1.0000,0.0000,True,True
66.4189,19.6880,9.0000,-173.9516,0.03437,0.0000,1.0000,0.0000,True,True
66.4273,19.6977,9.0000,-173.9841,0.03388,0.0000,1.0000,0.0000,True,True
66.4356,19.7072,9.0000,-174.0160,0.03331,0.0000,1.0000,0.0000,True,True
66.4439,19.7165,9.0000,-174.0474,0.03281,0.0000,1.0000,0.0000,True,True
66.4523,19.7257,9.0000,-174.0784,0.03227,0.0000,1.0000,0.0000,True,True
66.4605,19.7348,9.0000,-174.1088,0.03178,0.0000,1.0000,0.0000,True,True
66.4689,19.7437,9.0000,-174.1388,0.03125,0.0000,1.0000,0.0000,True,True
66.4772,19.7525,9.0000,-174.1682,0.03073,0.0000,1.0000,0.0000,True,True
66.4855,19.7611,9.0000,-174.1972,0.03020,0.0000,1.0000,0.0000,True,True
66.4939,19.7696,9.0000,-174.2256,0.02969,0.0000,1.0000,0.0000,True,True
66.5022,19.7779,9.0000,-174.2536,0.02915,0.0000,1.0000,0.0000,True,True
66.5105,19.7860,9.0000,-174.2810,0.02867,0.0000,1.0000,0.0000,True,True
66.5188,19.7941,9.0000,-174.3080,0.02812,0.0000,1.0000,0.0000,True,True
66.5273,19.8019,9.0000,-174.3345,0.02762,0.0000,1.0000,0.0000,True,True
66.5355,19.8097,9.0000,-174.3604,0.02706,0.0000,1.0000,0.0000,True,True
66.5439,19.8172,9.0000,-174.3859,0.02657,0.0000,1.0000,0.0000,True,True
66.5522,19.8247,9.0000,-174.4108,0.02601,0.0000,1.0000,0.0000,True,True
66.5605,19.8319,9.0000,-174.4353,0.02552,0.0000,1.0000,0.0000,True,True
66.5688,19.8391,9.0000,-174.4592,0.02498,0.0000,1.0000,0.0000,True,True
66.5772,19.8461,9.0000,-174.4827,0.02448,0.0000,1.0000,0.0000,True,True
66.5855,19.8529,9.0000,-174.5056,0.02394,0.0000,1.0000,0.0000,True,True
66.5939,19.8596,9.0000,-174.5281,0.02345,0.0000,1.0000,0.0000,True,True
66.6022,19.8661,9.0000,-174.5500,0.02291,0.0000,1.0000,0.0000,True,True
66.6105,19.8725,9.0000,-174.5715,0.02242,0.0000,1.0000,0.0000,True,True
66.6190,19.8788,9.0000,-174.5926,0.02200,0.0000,1.0000,0.0000,True,True
66.6272,19.8848,9.0000,-174.6130,0.02124,0.0000,1.0000,0.0000,True,True
66.6356,19.8908,9.0000,-174.6330,0.02086,0.0000,1.0000,0.0000,True,True
66.6439,19.8966,9.0000,-174.6525,0.02033,0.0000,1.0000,0.0000,True,True
66.6522,19.9022,9.0000,-174.6714,0.01979,0.0000,1.0000,0.0000,True,True
66.6606,19.9077,9.0000,-174.6899,0.01928,0.0000,1.0000,0.0000,True,True
66.6689,19.9131,9.0000,-174.7079,0.01875,0.0000,1.0000,0.0000,True,True
66.6773,19.9183,9.0000,-174.7253,0.01823,0.0000,1.0000,0.0000,True,True
66.6855,19.9233,9.0000,-174.7423,0.01770,0.0000,1.0000,0.0000,True,True
66.6939,19.9282,9.0000,-174.7588,0.01719,0.0000,1.0000,0.0000,True,True
66.7022,19.9330,9.0000,-174.7747,0.01665,0.0000,1.0000,0.0000,True,True
66.7106,19.9376,9.0000,-174.7902,0.01616,0.0000,1.0000,0.0000,True,True
66.7188,19.9420,9.0000,-174.8052,0.01565,0.0000,1.0000,0.0000,True,True
66.7272,19.9464,9.0000,-174.8198,0.01517,0.0000,1.0000,0.0000,True,True
66.7355,19.9506,9.0000,-174.8338,0.01468,0.0000,1.0000,0.0000,True,True
66.7440,19.9546,9.0000,-174.8475,0.01422,0.0000,1.0000,0.0000,True,True
66.7522,19.9585,9.0000,-174.8606,0.01374,0.0000,1.0000,0.0000,True,True
66.7605,19.9623,9.0000,-174.8734,0.01328,0.0000,1.0000,0.0000,True,True
66.7688,19.9660,9.0000,-174.8857,0.01282,0.0000,1.0000,0.0000,True,True
66.7772,19.9695,9.0000,-174.8975,0.01240,0.0000,1.0000,0.0000,True,True
66.7855,19.9729,9.0000,-174.9090,0.01197,0.0000,1.0000,0.0000,True,True
66.7939,19.9762,9.0000,-174.9201,0.01157,0.0000,1.0000,0.0000,True,True
66.8022,19.9794,9.0000,-174.9308,0.01118,0.0000,1.0000,0.0000,True,True
66.8106,19.9825,9.0000,-174.9412,0.01084,0.0000,1.0000,0.0000,True,True
66.8189,19.9855,9.0000,-174.9513,0.01051,0.0000,1.0000,0.0000,True,True
66.8272,19.9884,9.0000,-174.9611,0.01024,0.0000,1.0000,0.0000,True,True
66.8355,19.9913,9.0000,-174.9707,0.00998,0.0000,1.0000,0.0000,True,True
66.8439,19.9941,9.0000,-174.9800,0.00979,0.0000,1.0000,0.0000,True,True
66.8522,19.9941,9.0000,-174.9800,0.00000,0.0000,1.0000,0.0000,True,True
66.8605,19.9940,9.0000,-174.9806,0.00052,0.0000,1.0000,0.0000,True,True
66.8689,19.9939,9.0000,-174.9816,0.00104,0.0000,1.0000,0.0000,True,True
66.8773,19.9937,9.0000,-174.9832,0.00157,0.0000,1.0000,0.0000,True,True
66.8856,19.9935,9.0000,-174.9852,0.00209,0.0000,1.0000,0.0000,True,True
66.8939,19.9932,9.0000,-174.9878,0.00261,0.0000,1.0000,0.0000,True,True
66.9022,19.9929,9.0000,-174.9909,0.00313,0.0000,1.0000,0.0000,True,True
66.9106,19.9925,9.0000,-174.9946,0.00365,0.0000,1.0000,0.0000,True,True
66.9189,19.9920,9.0000,-174.9987,0.00417,0.0000,1.0000,0.0000,True,True
66.9273,19.9915,9.0000,-175.0034,0.00470,0.0000,1.0000,0.0000,True,True
66.9356,19.9909,9.0000,-175.0086,0.00522,0.0000,1.0000,0.0000,True,True
66.9440,19.9903,9.0000,-175.0143,0.00574,0.0000,1.0000,0.0000,True,True
66.9522,19.9896,9.0000,-175.0205,0.00626,0.0000,1.0000,0.0000,True,True
66.9606,19.9889,9.0000,-175.0273,0.00678,0.0000,1.0000,0.0000,True,True
66.9689,19.9881,9.0000,-175.0345,0.00731,0.0000,1.0000,0.0000,True,True
66.9773,19.9873,9.0000,-175.0423,0.00783,0.0000,1.0000,0.0000,True,True
66.9856,19.9864,9.0000,-175.0506,0.00835,0.0000,1.0000,0.0000,True,True
66.9939,19.9854,9.0000,-175.0594,0.00887,0.0000,1.0000,0.0000,True,True
67.0023,19.9844,9.0000,-175.0688,0.00939,0.0000,1.0000,0.0000,True,True
67.0106,19.9833,9.0000,-175.0786,0.00993,0.0000,1.0000,0.0000,True,True
67.0189,19.9822,9.0000,-175.0890,0.01044,0.0000,1.0000,0.0000,True,True
67.0272,19.9810,9.0000,-175.0999,0.01097,0.0000,1.0000,0.0000,True,True
67.0356,19.9797,9.0000,-175.1113,0.01148,0.0000,1.0000,0.0000,True,True
67.0439,19.9784,9.0000,-175.1233,0.01200,0.0000,1.0000,0.0000,True,True
67.0522,19.9771,9.0000,-175.1357,0.01253,0.0000,1.0000,0.0000,True,True
67.0606,19.9757,9.0000,-175.1487,0.01306,0.0000,1.0000,0.0000,True,True
67.0689,19.9742,9.0000,-175.1622,0.01355,0.0000,1.0000,0.0000,True,True
67.0773,19.9727,9.0000,-175.1762,0.01411,0.0000,1.0000,0.0000,True,True
67.0856,19.9711,9.0000,-175.1907,0.01461,0.0000,1.0000,0.0000,True,True
67.0939,19.9694,9.0000,-175.2058,0.01515,0.0000,1.0000,0.0000,True,True
67.1022,19.9677,9.0000,-175.2213,0.01566,0.0000,1.0000,0.0000,True,True
67.1106,19.9660,9.0000,-175.2374,0.01619,0.0000,1.0000,0.0000,True,True
67.1189,19.9642,9.0000,-175.2540,0.01668,0.0000,1.0000,0.0000,True,True
67.1273,19.9623,9.0000,-175.2711,0.01722,0.0000,1.0000,0.0000,True,True
67.1356,19.9604,9.0000,-175.2888,0.01773,0.0000,1.0000,0.0000,True,True
67.1439,19.9584,9.0000,-175.3069,0.01827,0.0000,1.0000,0.0000,True,True
67.1522,19.9563,9.0000,-175.3256,0.01877,0.0000,1.0000,0.0000,True,True
67.1606,19.9542,9.0000,-175.3448,0.01931,0.0000,1.0000,0.0000,True,True
67.1689,19.9521,9.0000,-175.3645,0.01982,0.0000,1.0000,0.0000,True,True
67.1773,19.9499,9.0000,-175.3847,0.02035,0.0000,1.0000,0.0000,True,True
67.1855,19.9476,9.0000,-175.4054,0.02084,0.0000,1.0000,0.0000,True,True
67.1939,19.9453,9.0000,-175.4267,0.02140,0.0000,1.0000,0.0000,True,True
67.2022,19.9429,9.0000,-175.4485,0.02190,0.0000,1.0000,0.0000,True,True
67.2106,19.9405,9.0000,-175.4708,0.02244,0.0000,1.0000,0.0000,True,True
67.2189,19.9380,9.0000,-175.4936,0.02293,0.0000,1.0000,0.0000,True,True
67.2273,19.9355,9.0000,-175.5169,0.02348,0.0000,1.0000,0.0000,True,True
67.2356,19.9329,9.0000,-175.5408,0.02398,0.0000,1.0000,0.0000,True,True
67.2439,19.9302,9.0000,-175.5652,0.02453,0.0000,1.0000,0.0000,True,True
67.2522,19.9275,9.0000,-175.5900,0.02500,0.0000,1.0000,0.0000,True,True
67.2606,19.9247,9.0000,-175.6154,0.02557,0.0000,1.0000,0.0000,True,True
67.2689,19.9219,9.0000,-175.6413,0.02605,0.0000,1.0000,0.0000,True,True
67.2773,19.9190,9.0000,-175.6678,0.02660,0.0000,1.0000,0.0000,True,True
67.2855,19.9160,9.0000,-175.6947,0.02711,0.0000,1.0000,0.0000,True,True
67.2939,19.9130,9.0000,-175.7222,0.02764,0.0000,1.0000,0.0000,True,True
67.3022,19.9100,9.0000,-175.7502,0.02814,0.0000,1.0000,0.0000,True,True
67.3106,19.9069,9.0000,-175.7787,0.02869,0.0000,1.0000,0.0000,True,True
67.3189,19.9037,9.0000,-175.8077,0.02916,0.0000,1.0000,0.0000,True,True
67.3273,19.9005,9.0000,-175.8372,0.02972,0.0000,1.0000,0.0000,True,True
67.3356,19.8972,9.0000,-175.8672,0.03021,0.0000,1.0000,0.0000,True,True
67.3439,19.8939,9.0000,-175.8978,0.03076,0.0000,1.0000,0.0000,True,True
67.3523,19.8905,9.0000,-175.9289,0.03124,0.0000,1.0000,0.0000,True,True
67.3606,19.8870,9.0000,-175.9605,0.03179,0.0000,1.0000,0.0000,True,True
67.3689,19.8835,9.0000,-175.9926,0.03228,0.0000,1.0000,0.0000,True,True
67.3773,19.8800,9.0000,-176.0252,0.03283,0.0000,1.0000,0.0000,True,True
67.3856,19.8764,9.0000,-176.0583,0.03332,0.0000,1.0000,0.0000,True,True
67.3940,19.8727,9.0000,-176.0920,0.03386,0.0000,1.0000,0.0000,True,True
67.4022,19.8689,9.0000,-176.1262,0.03438,0.0000,1.0000,0.0000,True,True
67.4106,19.8652,9.0000,-176.1609,0.03490,0.0000,1.0000,0.0000,True,True
67.4189,19.8613,9.0000,-176.1961,0.03540,0.0000,1.0000,0.0000,True,True
67.4273,19.8574,9.0000,-176.2318,0.03595,0.0000,1.0000,0.0000,True,True
67.4356,19.8535,9.0000,-176.2680,0.03642,0.0000,1.0000,0.0000,True,True
67.4440,19.8494,9.0000,-176.3048,0.03699,0.0000,1.0000,0.0000,True,True
67.4522,19.8454,9.0000,-176.3420,0.03747,0.0000,1.0000,0.0000,True,True
67.4606,19.8413,9.0000,-176.3798,0.03802,0.0000,1.0000,0.0000,True,True
67.4689,19.8371,9.0000,-176.4181,0.03851,0.0000,1.0000,0.0000,True,True
67.4773,19.8328,9.0000,-176.4569,0.03906,0.0000,1.0000,0.0000,True,True
67.4856,19.8285,9.0000,-176.4962,0.03954,0.0000,1.0000,0.0000,True,True
67.4940,19.8242,9.0000,-176.5361,0.04009,0.0000,1.0000,0.0000,True,True
67.5022,19.8198,9.0000,-176.5764,0.04058,0.0000,1.0000,0.0000,True,True
67.5106,19.8153,9.0000,-176.6173,0.04112,0.0000,1.0000,0.0000,True,True
67.5189,19.8108,9.0000,-176.6587,0.04161,0.0000,1.0000,0.0000,True,True
67.5273,19.8062,9.0000,-176.7006,0.04216,0.0000,1.0000,0.0000,True,True
67.5356,19.8016,9.0000,-176.7430,0.04264,0.0000,1.0000,0.0000,True,True
67.5439,19.7969,9.0000,-176.7859,0.04321,0.0000,1.0000,0.0000,True,True
67.5523,19.7922,9.0000,-176.8294,0.04368,0.0000,1.0000,0.0000,True,True
67.5607,19.7874,9.0000,-176.8734,0.04427,0.0000,1.0000,0.0000,True,True
67.5689,19.7825,9.0000,-176.9178,0.04473,0.0000,1.0000,0.0000,True,True
67.5773,19.7776,9.0000,-176.9626,0.04502,0.0000,1.0000,0.0000,True,True
67.5856,19.7728,9.0000,-177.0073,0.04499,0.0000,1.0000,0.0000,True,True
67.5939,19.7679,9.0000,-177.0521,0.04502,0.0000,1.0000,0.0000,True,True
67.6023,19.7630,9.0000,-177.0968,0.04499,0.0000,1.0000,0.0000,True,True
67.6106,19.7581,9.0000,-177.1416,0.04502,0.0000,1.0000,0.0000,True,True
67.6189,19.7532,9.0000,-177.1863,0.04499,0.0000,1.0000,0.0000,True,True
67.6273,19.7483,9.0000,-177.2310,0.04502,0.0000,1.0000,0.0000,True,True
67.6356,19.7435,9.0000,-177.2757,0.04496,0.0000,1.0000,0.0000,True,True
67.6439,19.7386,9.0000,-177.3205,0.04504,0.0000,1.0000,0.0000,True,True
67.6523,19.7337,9.0000,-177.3652,0.04497,0.0000,1.0000,0.0000,True,True
67.6606,19.7288,9.0000,-177.4100,0.04502,0.0000,1.0000,0.0000,True,True
67.6689,19.7239,9.0000,-177.4547,0.04499,0.0000,1.0000,0.0000,True,True
67.6773,19.7190,9.0000,-177.4994,0.04502,0.0000,1.0000,0.0000,True,True
67.6856,19.7142,9.0000,-177.5441,0.04497,0.0000,1.0000,0.0000,True,True
67.6940,19.7093,9.0000,-177.5889,0.04504,0.0000,1.0000,0.0000,True,True
67.7022,19.7044,9.0000,-177.6336,0.04497,0.0000,1.0000,0.0000,True,True
67.7106,19.6995,9.0000,-177.6784,0.04502,0.0000,1.0000,0.0000,True,True
67.7190,19.6946,9.0000,-177.7231,0.04499,0.0000,1.0000,0.0000,True,True
67.7273,19.6897,9.0000,-177.7679,0.04502,0.0000,1.0000,0.0000,True,True
67.7356,19.6849,9.0000,-177.8126,0.04497,0.0000,1.0000,0.0000,True,True
67.7439,19.6800,9.0000,-177.8573,0.04502,0.0000,1.0000,0.0000,True,True
67.7523,19.6751,9.0000,-177.9020,0.04497,0.0000,1.0000,0.0000,True,True
67.7606,19.6702,9.0000,-177.9468,0.04504,0.0000,1.0000,0.0000,True,True
67.7690,19.6653,9.0000,-177.9915,0.04497,0.0000,1.0000,0.0000,True,True
67.7773,19.6604,9.0000,-178.0363,0.04502,0.0000,1.0000,0.0000,True,True
67.7856,19.6556,9.0000,-178.0810,0.04499,0.0000,1.0000,0.0000,True,True
67.7940,19.6507,9.0000,-178.1256,0.04488,0.0000,1.0000,0.0000,True,True
67.8023,19.6459,9.0000,-178.1697,0.04433,0.0000,1.0000,0.0000,True,True
67.8106,19.6411,9.0000,-178.2132,0.04384,0.0000,1.0000,0.0000,True,True
67.8190,19.6364,9.0000,-178.2564,0.04341,0.0000,1.0000,0.0000,True,True
67.8273,19.6318,9.0000,-178.2989,0.04278,0.0000,1.0000,0.0000,True,True
67.8357,19.6272,9.0000,-178.3409,0.04224,0.0000,1.0000,0.0000,True,True
67.8440,19.6226,9.0000,-178.3824,0.04175,0.0000,1.0000,0.0000,True,True
67.8523,19.6182,9.0000,-178.4234,0.04118,0.0000,1.0000,0.0000,True,True
67.8606,19.6138,9.0000,-178.4638,0.04072,0.0000,1.0000,0.0000,True,True
67.8690,19.6094,9.0000,-178.5038,0.04015,0.0000,1.0000,0.0000,True,True
67.8773,19.6051,9.0000,-178.5432,0.03966,0.0000,1.0000,0.0000,True,True
67.8856,19.6009,9.0000,-178.5821,0.03911,0.0000,1.0000,0.0000,True,True
67.8941,19.5967,9.0000,-178.6205,0.03863,0.0000,1.0000,0.0000,True,True
67.9023,19.5925,9.0000,-178.6583,0.03808,0.0000,1.0000,0.0000,True,True
67.9107,19.5885,9.0000,-178.6957,0.03756,0.0000,1.0000,0.0000,True,True
67.9190,19.5844,9.0000,-178.7325,0.03704,0.0000,1.0000,0.0000,True,True
67.9273,19.5805,9.0000,-178.7688,0.03653,0.0000,1.0000,0.0000,True,True
67.9357,19.5766,9.0000,-178.8046,0.03599,0.0000,1.0000,0.0000,True,True
67.9441,19.5727,9.0000,-178.8399,0.03549,0.0000,1.0000,0.0000,True,True
67.9524,19.5689,9.0000,-178.8746,0.03495,0.0000,1.0000,0.0000,True,True
67.9607,19.5652,9.0000,-178.9088,0.03444,0.0000,1.0000,0.0000,True,True
67.9690,19.5615,9.0000,-178.9426,0.03391,0.0000,1.0000,0.0000,True,True
67.9773,19.5579,9.0000,-178.9758,0.03340,0.0000,1.0000,0.0000,True,True
67.9857,19.5543,9.0000,-179.0084,0.03286,0.0000,1.0000,0.0000,True,True
67.9941,19.5508,9.0000,-179.0406,0.03237,0.0000,1.0000,0.0000,True,True
68.0023,19.5473,9.0000,-179.0722,0.03182,0.0000,1.0000,0.0000,True,True
68.0110,19.5439,9.0000,-179.1035,0.03142,0.0000,1.0000,0.0000,True,True
68.0190,19.5406,9.0000,-179.1340,0.03071,0.0000,1.0000,0.0000,True,True
68.0274,19.5373,9.0000,-179.1641,0.03027,0.0000,1.0000,0.0000,True,True
68.0357,19.5341,9.0000,-179.1936,0.02973,0.0000,1.0000,0.0000,True,True
68.0443,19.5309,9.0000,-179.2228,0.02936,0.0000,1.0000,0.0000,True,True
68.0524,19.5278,9.0000,-179.2513,0.02861,0.0000,1.0000,0.0000,True,True
68.0607,19.5247,9.0000,-179.2793,0.02818,0.0000,1.0000,0.0000,True,True
68.0690,19.5217,9.0000,-179.3068,0.02764,0.0000,1.0000,0.0000,True,True
68.0774,19.5188,9.0000,-179.3338,0.02714,0.0000,1.0000,0.0000,True,True
68.0856,19.5159,9.0000,-179.3602,0.02659,0.0000,1.0000,0.0000,True,True
68.0940,19.5131,9.0000,-179.3861,0.02609,0.0000,1.0000,0.0000,True,True
68.1023,19.5103,9.0000,-179.4115,0.02556,0.0000,1.0000,0.0000,True,True
68.1107,19.5076,9.0000,-179.4364,0.02504,0.0000,1.0000,0.0000,True,True
68.1190,19.5049,9.0000,-179.4608,0.02450,0.0000,1.0000,0.0000,True,True
68.1273,19.5023,9.0000,-179.4846,0.02401,0.0000,1.0000,0.0000,True,True
68.1356,19.4998,9.0000,-179.5079,0.02345,0.0000,1.0000,0.0000,True,True
68.1440,19.4973,9.0000,-179.5308,0.02296,0.0000,1.0000,0.0000,True,True
68.1523,19.4949,9.0000,-179.5531,0.02241,0.0000,1.0000,0.0000,True,True
68.1607,19.4925,9.0000,-179.5748,0.02192,0.0000,1.0000,0.0000,True,True
68.1690,19.4902,9.0000,-179.5961,0.02137,0.0000,1.0000,0.0000,True,True
68.1774,19.4879,9.0000,-179.6168,0.02088,0.0000,1.0000,0.0000,True,True
68.1857,19.4857,9.0000,-179.6370,0.02032,0.0000,1.0000,0.0000,True,True
68.1941,19.4835,9.0000,-179.6568,0.01983,0.0000,1.0000,0.0000,True,True
68.2023,19.4814,9.0000,-179.6759,0.01928,0.0000,1.0000,0.0000,True,True
68.2107,19.4794,9.0000,-179.6946,0.01879,0.0000,1.0000,0.0000,True,True
68.2190,19.4774,9.0000,-179.7127,0.01824,0.0000,1.0000,0.0000,True,True
68.2273,19.4755,9.0000,-179.7304,0.01776,0.0000,1.0000,0.0000,True,True
68.2357,19.4736,9.0000,-179.7475,0.01724,0.0000,1.0000,0.0000,True,True
68.2440,19.4718,9.0000,-179.7641,0.01673,0.0000,1.0000,0.0000,True,True
68.2523,19.4701,9.0000,-179.7803,0.01622,0.0000,1.0000,0.0000,True,True
68.2607,19.4683,9.0000,-179.7959,0.01576,0.0000,1.0000,0.0000,True,True
68.2690,19.4667,9.0000,-179.8111,0.01524,0.0000,1.0000,0.0000,True,True
68.2773,19.4651,9.0000,-179.8258,0.01478,0.0000,1.0000,0.0000,True,True
68.2860,19.4635,9.0000,-179.8405,0.01481,0.0000,1.0000,0.0000,True,True
68.2943,19.4620,9.0000,-179.8542,0.01381,0.0000,1.0000,0.0000,True,True
68.3026,19.4605,9.0000,-179.8675,0.01335,0.0000,1.0000,0.0000,True,True
68.3110,19.4591,9.0000,-179.8804,0.01291,0.0000,1.0000,0.0000,True,True
68.3193,19.4578,9.0000,-179.8927,0.01246,0.0000,1.0000,0.0000,True,True
68.3276,19.4565,9.0000,-179.9047,0.01205,0.0000,1.0000,0.0000,True,True
68.3359,19.4552,9.0000,-179.9163,0.01165,0.0000,1.0000,0.0000,True,True
68.3443,19.4540,9.0000,-179.9275,0.01128,0.0000,1.0000,0.0000,True,True
68.3526,19.4528,9.0000,-179.9384,0.01091,0.0000,1.0000,0.0000,True,True
68.3610,19.4516,9.0000,-179.9489,0.01061,0.0000,1.0000,0.0000,True,True
68.3693,19.4505,9.0000,-179.9592,0.01031,0.0000,1.0000,0.0000,True,True
68.3777,19.4494,9.0000,-179.9692,0.01008,0.0000,1.0000,0.0000,True,True
68.3860,19.4484,9.0000,-179.9790,0.00987,0.0000,1.0000,0.0000,True,True
68.3943,19.4484,9.0000,-179.9790,0.00000,0.0000,1.0000,0.0000,True,True
68.4027,19.4482,9.0000,-179.9795,0.00052,0.0000,1.0000,0.0000,True,True
68.4110,19.4479,9.0000,-179.9805,0.00105,0.0000,1.0000,0.0000,True,True
68.4193,19.4475,9.0000,-179.9820,0.00157,0.0000,1.0000,0.0000,True,True
68.4277,19.4469,9.0000,-179.9840,0.00209,0.0000,1.0000,0.0000,True,True
68.4360,19.4462,9.0000,-179.9866,0.00262,0.0000,1.0000,0.0000,True,True
68.4443,19.4454,9.0000,-179.9896,0.00314,0.0000,1.0000,0.0000,True,True
68.4526,19.4444,9.0000,-179.9931,0.00366,0.0000,1.0000,0.0000,True,True
68.4610,19.4432,9.0000,-179.9971,0.00419,0.0000,1.0000,0.0000,True,True
68.4693,19.4419,9.0000,-180.0017,0.00471,0.0000,1.0000,0.0000,True,True
68.4777,19.4405,9.0000,-180.0067,0.00524,0.0000,1.0000,0.0000,True,True
68.4860,19.4389,9.0000,-180.0122,0.00574,0.0000,1.0000,0.0000,True,True
68.4943,19.4372,9.0000,-180.0182,0.00627,0.0000,1.0000,0.0000,True,True
68.5027,19.4353,9.0000,-180.0248,0.00678,0.0000,1.0000,0.0000,True,True
68.5110,19.4333,9.0000,-180.0318,0.00730,0.0000,1.0000,0.0000,True,True
68.5193,19.4312,9.0000,-180.0393,0.00781,0.0000,1.0000,0.0000,True,True
68.5277,19.4289,9.0000,-180.0473,0.00835,0.0000,1.0000,0.0000,True,True
68.5360,19.4265,9.0000,-180.0558,0.00885,0.0000,1.0000,0.0000,True,True
68.5443,19.4239,9.0000,-180.0648,0.00938,0.0000,1.0000,0.0000,True,True
68.5527,19.4212,9.0000,-180.0744,0.00989,0.0000,1.0000,0.0000,True,True
68.5610,19.4183,9.0000,-180.0844,0.01041,0.0000,1.0000,0.0000,True,True
68.5693,19.4153,9.0000,-180.0949,0.01092,0.0000,1.0000,0.0000,True,True
68.5777,19.4122,9.0000,-180.1059,0.01144,0.0000,1.0000,0.0000,True,True
68.5860,19.4089,9.0000,-180.1174,0.01195,0.0000,1.0000,0.0000,True,True
68.5944,19.4055,9.0000,-180.1294,0.01249,0.0000,1.0000,0.0000,True,True
68.6026,19.4020,9.0000,-180.1419,0.01299,0.0000,1.0000,0.0000,True,True
68.6110,19.3982,9.0000,-180.1549,0.01353,0.0000,1.0000,0.0000,True,True
68.6193,19.3944,9.0000,-180.1684,0.01404,0.0000,1.0000,0.0000,True,True
68.6277,19.3904,9.0000,-180.1824,0.01458,0.0000,1.0000,0.0000,True,True
68.6360,19.3863,9.0000,-180.1969,0.01509,0.0000,1.0000,0.0000,True,True
68.6444,19.3820,9.0000,-180.2119,0.01561,0.0000,1.0000,0.0000,True,True
68.6526,19.3776,9.0000,-180.2274,0.01612,0.0000,1.0000,0.0000,True,True
68.6610,19.3730,9.0000,-180.2435,0.01666,0.0000,1.0000,0.0000,True,True
68.6694,19.3683,9.0000,-180.2600,0.01717,0.0000,1.0000,0.0000,True,True
68.6777,19.3634,9.0000,-180.2770,0.01771,0.0000,1.0000,0.0000,True,True
68.6860,19.3585,9.0000,-180.2945,0.01820,0.0000,1.0000,0.0000,True,True
68.6943,19.3533,9.0000,-180.3125,0.01874,0.0000,1.0000,0.0000,True,True
68.7026,19.3480,9.0000,-180.3310,0.01923,0.0000,1.0000,0.0000,True,True
68.7110,19.3426,9.0000,-180.3500,0.01978,0.0000,1.0000,0.0000,True,True
68.7193,19.3371,9.0000,-180.3695,0.02028,0.0000,1.0000,0.0000,True,True
68.7277,19.3314,9.0000,-180.3896,0.02082,0.0000,1.0000,0.0000,True,True
68.7360,19.3255,9.0000,-180.4101,0.02132,0.0000,1.0000,0.0000,True,True
68.7443,19.3195,9.0000,-180.4311,0.02186,0.0000,1.0000,0.0000,True,True
68.7527,19.3134,9.0000,-180.4526,0.02236,0.0000,1.0000,0.0000,True,True
68.7610,19.3071,9.0000,-180.4746,0.02290,0.0000,1.0000,0.0000,True,True
68.7693,19.3007,9.0000,-180.4971,0.02339,0.0000,1.0000,0.0000,True,True
68.7777,19.2942,9.0000,-180.5201,0.02393,0.0000,1.0000,0.0000,True,True
68.7860,19.2875,9.0000,-180.5436,0.02443,0.0000,1.0000,0.0000,True,True
68.7944,19.2806,9.0000,-180.5676,0.02497,0.0000,1.0000,0.0000,True,True
68.8027,19.2736,9.0000,-180.5921,0.02547,0.0000,1.0000,0.0000,True,True
68.8110,19.2665,9.0000,-180.6171,0.02601,0.0000,1.0000,0.0000,True,True
68.8193,19.2592,9.0000,-180.6426,0.02650,0.0000,1.0000,0.0000,True,True
68.8277,19.2518,9.0000,-180.6686,0.02704,0.0000,1.0000,0.0000,True,True
68.8360,19.2443,9.0000,-180.6951,0.02754,0.0000,1.0000,0.0000,True,True
68.8443,19.2366,9.0000,-180.7221,0.02808,0.0000,1.0000,0.0000,True,True
68.8527,19.2287,9.0000,-180.7496,0.02859,0.0000,1.0000,0.0000,True,True
68.8610,19.2208,9.0000,-180.7776,0.02913,0.0000,1.0000,0.0000,True,True
68.8694,19.2126,9.0000,-180.8061,0.02962,0.0000,1.0000,0.0000,True,True
68.8777,19.2044,9.0000,-180.8351,0.03016,0.0000,1.0000,0.0000,True,True
68.8860,19.1960,9.0000,-180.8646,0.03065,0.0000,1.0000,0.0000,True,True
68.8944,19.1874,9.0000,-180.8946,0.03121,0.0000,1.0000,0.0000,True,True
68.9027,19.1787,9.0000,-180.9251,0.03168,0.0000,1.0000,0.0000,True,True
68.9111,19.1699,9.0000,-180.9561,0.03226,0.0000,1.0000,0.0000,True,True
68.9193,19.1609,9.0000,-180.9876,0.03273,0.0000,1.0000,0.0000,True,True
68.9277,19.1518,9.0000,-181.0196,0.03330,0.0000,1.0000,0.0000,True,True
68.9360,19.1425,9.0000,-181.0521,0.03378,0.0000,1.0000,0.0000,True,True
68.9444,19.1331,9.0000,-181.0851,0.03433,0.0000,1.0000,0.0000,True,True
68.9526,19.1236,9.0000,-181.1186,0.03483,0.0000,1.0000,0.0000,True,True
68.9610,19.1139,9.0000,-181.1526,0.03540,0.0000,1.0000,0.0000,True,True
68.9693,19.1041,9.0000,-181.1871,0.03586,0.0000,1.0000,0.0000,True,True
68.9777,19.0941,9.0000,-181.2222,0.03643,0.0000,1.0000,0.0000,True,True
68.9860,19.0840,9.0000,-181.2577,0.03691,0.0000,1.0000,0.0000,True,True
68.9944,19.0737,9.0000,-181.2937,0.03748,0.0000,1.0000,0.0000,True,True
69.0027,19.0633,9.0000,-181.3302,0.03795,0.0000,1.0000,0.0000,True,True
69.0110,19.0527,9.0000,-181.3672,0.03852,0.0000,1.0000,0.0000,True,True
69.0193,19.0421,9.0000,-181.4047,0.03898,0.0000,1.0000,0.0000,True,True
69.0277,19.0312,9.0000,-181.4428,0.03955,0.0000,1.0000,0.0000,True,True
69.0360,19.0202,9.0000,-181.4813,0.04005,0.0000,1.0000,0.0000,True,True
69.0443,19.0091,9.0000,-181.5203,0.04060,0.0000,1.0000,0.0000,True,True
69.0526,18.9979,9.0000,-181.5598,0.04108,0.0000,1.0000,0.0000,True,True
69.0610,18.9864,9.0000,-181.5999,0.04166,0.0000,1.0000,0.0000,True,True
69.0693,18.9749,9.0000,-181.6404,0.04213,0.0000,1.0000,0.0000,True,True
69.0777,18.9632,9.0000,-181.6815,0.04270,0.0000,1.0000,0.0000,True,True
69.0860,18.9514,9.0000,-181.7230,0.04316,0.0000,1.0000,0.0000,True,True
69.0944,18.9394,9.0000,-181.7650,0.04373,0.0000,1.0000,0.0000,True,True
69.1027,18.9272,9.0000,-181.8076,0.04427,0.0000,1.0000,0.0000,True,True
69.1110,18.9150,9.0000,-181.8507,0.04477,0.0000,1.0000,0.0000,True,True
69.1194,18.9026,9.0000,-181.8939,0.04497,0.0000,1.0000,0.0000,True,True
69.1277,18.8903,9.0000,-181.9372,0.04503,0.0000,1.0000,0.0000,True,True
69.1360,18.8780,9.0000,-181.9805,0.04498,0.0000,1.0000,0.0000,True,True
69.1444,18.8656,9.0000,-182.0238,0.04501,0.0000,1.0000,0.0000,True,True
69.1527,18.8533,9.0000,-182.0670,0.04497,0.0000,1.0000,0.0000,True,True
69.1610,18.8410,9.0000,-182.1103,0.04503,0.0000,1.0000,0.0000,True,True
69.1693,18.8286,9.0000,-182.1536,0.04498,0.0000,1.0000,0.0000,True,True
69.1777,18.8163,9.0000,-182.1969,0.04503,0.0000,1.0000,0.0000,True,True
69.1860,18.8040,9.0000,-182.2401,0.04498,0.0000,1.0000,0.0000,True,True
69.1944,18.7916,9.0000,-182.2834,0.04503,0.0000,1.0000,0.0000,True,True
69.2026,18.7793,9.0000,-182.3267,0.04497,0.0000,1.0000,0.0000,True,True
69.2111,18.7670,9.0000,-182.3700,0.04503,0.0000,1.0000,0.0000,True,True
69.2193,18.7546,9.0000,-182.4132,0.04497,0.0000,1.0000,0.0000,True,True
69.2277,18.7423,9.0000,-182.4565,0.04503,0.0000,1.0000,0.0000,True,True
69.2360,18.7300,9.0000,-182.4998,0.04498,0.0000,1.0000,0.0000,True,True
69.2444,18.7176,9.0000,-182.5431,0.04501,0.0000,1.0000,0.0000,True,True
69.2527,18.7053,9.0000,-182.5863,0.04497,0.0000,1.0000,0.0000,True,True
69.2610,18.6930,9.0000,-182.6296,0.04503,0.0000,1.0000,0.0000,True,True
69.2693,18.6806,9.0000,-182.6729,0.04498,0.0000,1.0000,0.0000,True,True
69.2777,18.6683,9.0000,-182.7162,0.04503,0.0000,1.0000,0.0000,True,True
69.2860,18.6560,9.0000,-182.7595,0.04498,0.0000,1.0000,0.0000,True,True
69.2944,18.6436,9.0000,-182.8028,0.04503,0.0000,1.0000,0.0000,True,True
69.3026,18.6313,9.0000,-182.8460,0.04497,0.0000,1.0000,0.0000,True,True
69.3110,18.6190,9.0000,-182.8893,0.04504,0.0000,1.0000,0.0000,True,True
69.3193,18.6066,9.0000,-182.9326,0.04497,0.0000,1.0000,0.0000,True,True
69.3277,18.5943,9.0000,-182.9759,0.04503,0.0000,1.0000,0.0000,True,True
69.3360,18.5820,9.0000,-183.0191,0.04498,0.0000,1.0000,0.0000,True,True
69.3444,18.5696,9.0000,-183.0624,0.04503,0.0000,1.0000,0.0000,True,True
69.3527,18.5573,9.0000,-183.1057,0.04497,0.0000,1.0000,0.0000,True,True
69.3611,18.5450,9.0000,-183.1490,0.04504,0.0000,1.0000,0.0000,True,True
69.3693,18.5327,9.0000,-183.1920,0.04476,0.0000,1.0000,0.0000,True,True
69.3777,18.5206,9.0000,-183.2346,0.04430,0.0000,1.0000,0.0000,True,True
69.3860,18.5086,9.0000,-183.2767,0.04373,0.0000,1.0000,0.0000,True,True
69.3946,18.4967,9.0000,-183.3183,0.04328,0.0000,1.0000,0.0000,True,True
69.4027,18.4850,9.0000,-183.3594,0.04268,0.0000,1.0000,0.0000,True,True
69.4111,18.4735,9.0000,-183.4000,0.04220,0.0000,1.0000,0.0000,True,True
69.4193,18.4620,9.0000,-183.4400,0.04163,0.0000,1.0000,0.0000,True,True
69.4277,18.4508,9.0000,-183.4796,0.04117,0.0000,1.0000,0.0000,True,True
69.4361,18.4396,9.0000,-183.5187,0.04062,0.0000,1.0000,0.0000,True,True
69.4444,18.4286,9.0000,-183.5572,0.04011,0.0000,1.0000,0.0000,True,True
69.4527,18.4178,9.0000,-183.5953,0.03955,0.0000,1.0000,0.0000,True,True
69.4611,18.4071,9.0000,-183.6329,0.03908,0.0000,1.0000,0.0000,True,True
69.4694,18.3965,9.0000,-183.6699,0.03851,0.0000,1.0000,0.0000,True,True
69.4777,18.3861,9.0000,-183.7065,0.03803,0.0000,1.0000,0.0000,True,True
69.4861,18.3758,9.0000,-183.7425,0.03749,0.0000,1.0000,0.0000,True,True
69.4944,18.3657,9.0000,-183.7781,0.03697,0.0000,1.0000,0.0000,True,True
69.5027,18.3557,9.0000,-183.8131,0.03644,0.0000,1.0000,0.0000,True,True
69.5111,18.3459,9.0000,-183.8477,0.03595,0.0000,1.0000,0.0000,True,True
69.5196,18.3361,9.0000,-183.8819,0.03554,0.0000,1.0000,0.0000,True,True
69.5280,18.3266,9.0000,-183.9155,0.03491,0.0000,1.0000,0.0000,True,True
69.5361,18.3171,9.0000,-183.9485,0.03437,0.0000,1.0000,0.0000,True,True
69.5445,18.3079,9.0000,-183.9811,0.03386,0.0000,1.0000,0.0000,True,True
69.5528,18.2987,9.0000,-184.0131,0.03334,0.0000,1.0000,0.0000,True,True
69.5611,18.2897,9.0000,-184.0447,0.03283,0.0000,1.0000,0.0000,True,True
69.5695,18.2809,9.0000,-184.0757,0.03229,0.0000,1.0000,0.0000,True,True
69.5778,18.2722,9.0000,-184.1063,0.03178,0.0000,1.0000,0.0000,True,True
69.5862,18.2636,9.0000,-184.1364,0.03126,0.0000,1.0000,0.0000,True,True
69.5946,18.2552,9.0000,-184.1659,0.03075,0.0000,1.0000,0.0000,True,True
69.6028,18.2469,9.0000,-184.1950,0.03019,0.0000,1.0000,0.0000,True,True
69.6111,18.2388,9.0000,-184.2235,0.02970,0.0000,1.0000,0.0000,True,True
69.6195,18.2308,9.0000,-184.2516,0.02915,0.0000,1.0000,0.0000,True,True
69.6278,18.2229,9.0000,-184.2791,0.02865,0.0000,1.0000,0.0000,True,True
69.6361,18.2152,9.0000,-184.3062,0.02810,0.0000,1.0000,0.0000,True,True
69.6444,18.2077,9.0000,-184.3327,0.02762,0.0000,1.0000,0.0000,True,True
69.6528,18.2002,9.0000,-184.3587,0.02707,0.0000,1.0000,0.0000,True,True
69.6611,18.1930,9.0000,-184.3843,0.02658,0.0000,1.0000,0.0000,True,True
69.6694,18.1858,9.0000,-184.4093,0.02604,0.0000,1.0000,0.0000,True,True
69.6778,18.1788,9.0000,-184.4339,0.02554,0.0000,1.0000,0.0000,True,True
69.6861,18.1720,9.0000,-184.4580,0.02501,0.0000,1.0000,0.0000,True,True
69.6944,18.1652,9.0000,-184.4815,0.02450,0.0000,1.0000,0.0000,True,True
69.7027,18.1587,9.0000,-184.5046,0.02396,0.0000,1.0000,0.0000,True,True
69.7111,18.1523,9.0000,-184.5271,0.02347,0.0000,1.0000,0.0000,True,True
69.7194,18.1460,9.0000,-184.5492,0.02291,0.0000,1.0000,0.0000,True,True
69.7278,18.1398,9.0000,-184.5707,0.02242,0.0000,1.0000,0.0000,True,True
69.7361,18.1338,9.0000,-184.5918,0.02188,0.0000,1.0000,0.0000,True,True
69.7444,18.1280,9.0000,-184.6123,0.02137,0.0000,1.0000,0.0000,True,True
69.7528,18.1223,9.0000,-184.6324,0.02083,0.0000,1.0000,0.0000,True,True
69.7611,18.1167,9.0000,-184.6519,0.02034,0.0000,1.0000,0.0000,True,True
69.7694,18.1113,9.0000,-184.6710,0.01980,0.0000,1.0000,0.0000,True,True
69.7778,18.1060,9.0000,-184.6895,0.01929,0.0000,1.0000,0.0000,True,True
69.7861,18.1008,9.0000,-184.7076,0.01875,0.0000,1.0000,0.0000,True,True
69.7945,18.0958,9.0000,-184.7251,0.01825,0.0000,1.0000,0.0000,True,True
69.8028,18.0910,9.0000,-184.7421,0.01772,0.0000,1.0000,0.0000,True,True
69.8111,18.0863,9.0000,-184.7587,0.01720,0.0000,1.0000,0.0000,True,True
69.8194,18.0817,9.0000,-184.7747,0.01666,0.0000,1.0000,0.0000,True,True
69.8278,18.0773,9.0000,-184.7902,0.01615,0.0000,1.0000,0.0000,True,True
69.8361,18.0730,9.0000,-184.8053,0.01561,0.0000,1.0000,0.0000,True,True
69.8444,18.0688,9.0000,-184.8198,0.01510,0.0000,1.0000,0.0000,True,True
69.8528,18.0649,9.0000,-184.8338,0.01458,0.0000,1.0000,0.0000,True,True
69.8611,18.0610,9.0000,-184.8473,0.01406,0.0000,1.0000,0.0000,True,True
69.8694,18.0573,9.0000,-184.8603,0.01353,0.0000,1.0000,0.0000,True,True
69.8778,18.0537,9.0000,-184.8729,0.01303,0.0000,1.0000,0.0000,True,True
69.8861,18.0503,9.0000,-184.8849,0.01252,0.0000,1.0000,0.0000,True,True
69.8945,18.0470,9.0000,-184.8965,0.01207,0.0000,1.0000,0.0000,True,True
69.9028,18.0438,9.0000,-184.9077,0.01161,0.0000,1.0000,0.0000,True,True
69.9112,18.0407,9.0000,-184.9184,0.01119,0.0000,1.0000,0.0000,True,True
69.9194,18.0378,9.0000,-184.9288,0.01077,0.0000,1.0000,0.0000,True,True
69.9278,18.0349,9.0000,-184.9388,0.01038,0.0000,1.0000,0.0000,True,True
69.9361,18.0322,9.0000,-184.9484,0.01001,0.0000,1.0000,0.0000,True,True
69.9444,18.0295,9.0000,-184.9577,0.00968,0.0000,1.0000,0.0000,True,True
69.9528,18.0270,9.0000,-184.9667,0.00938,0.0000,1.0000,0.0000,True,True
69.9611,18.0245,9.0000,-184.9755,0.00914,0.0000,1.0000,0.0000,True,True
69.9694,18.0220,9.0000,-184.9841,0.00893,0.0000,1.0000,0.0000,True,True
69.9778,18.0220,9.0000,-184.9841,0.00000,0.0000,1.0000,0.0000,True,True
69.9861,18.0218,9.0000,-184.9846,0.00052,0.0000,1.0000,0.0000,True,True
69.9945,18.0215,9.0000,-184.9856,0.00105,0.0000,1.0000,0.0000,True,True
70.0028,18.0209,9.0000,-184.9870,0.00157,0.0000,1.0000,0.0000,True,True
70.0111,18.0201,9.0000,-184.9890,0.00210,0.0000,1.0000,0.0000,True,True
70.0194,18.0192,9.0000,-184.9914,0.00262,0.0000,1.0000,0.0000,True,True
70.0278,18.0180,9.0000,-184.9944,0.00314,0.0000,1.0000,0.0000,True,True
70.0361,18.0167,9.0000,-184.9978,0.00367,0.0000,1.0000,0.0000,True,True
70.0444,18.0152,9.0000,-185.0017,0.00419,0.0000,1.0000,0.0000,True,True
70.0527,18.0135,9.0000,-185.0061,0.00470,0.0000,1.0000,0.0000,True,True
70.0611,18.0116,9.0000,-185.0109,0.00523,0.0000,1.0000,0.0000,True,True
70.0695,18.0095,9.0000,-185.0163,0.00575,0.0000,1.0000,0.0000,True,True
70.0778,18.0072,9.0000,-185.0221,0.00627,0.0000,1.0000,0.0000,True,True
70.0860,18.0047,9.0000,-185.0285,0.00678,0.0000,1.0000,0.0000,True,True
70.0945,18.0021,9.0000,-185.0353,0.00731,0.0000,1.0000,0.0000,True,True
70.1028,17.9992,9.0000,-185.0425,0.00781,0.0000,1.0000,0.0000,True,True
70.1111,17.9962,9.0000,-185.0503,0.00835,0.0000,1.0000,0.0000,True,True
70.1194,17.9930,9.0000,-185.0586,0.00886,0.0000,1.0000,0.0000,True,True
70.1278,17.9895,9.0000,-185.0673,0.00939,0.0000,1.0000,0.0000,True,True
70.1361,17.9859,9.0000,-185.0765,0.00989,0.0000,1.0000,0.0000,True,True
70.1445,17.9822,9.0000,-185.0862,0.01042,0.0000,1.0000,0.0000,True,True
70.1532,17.9780,9.0000,-185.0970,0.01157,0.0000,1.0000,0.0000,True,True
70.1616,17.9738,9.0000,-185.1077,0.01148,0.0000,1.0000,0.0000,True,True
70.1699,17.9694,9.0000,-185.1189,0.01199,0.0000,1.0000,0.0000,True,True
70.1782,17.9649,9.0000,-185.1306,0.01253,0.0000,1.0000,0.0000,True,True
70.1865,17.9601,9.0000,-185.1427,0.01304,0.0000,1.0000,0.0000,True,True
70.1949,17.9552,9.0000,-185.1553,0.01358,0.0000,1.0000,0.0000,True,True
70.2032,17.9501,9.0000,-185.1685,0.01409,0.0000,1.0000,0.0000,True,True
70.2116,17.9448,9.0000,-185.1821,0.01461,0.0000,1.0000,0.0000,True,True
70.2199,17.9393,9.0000,-185.1962,0.01512,0.0000,1.0000,0.0000,True,True
70.2282,17.9336,9.0000,-185.2108,0.01566,0.0000,1.0000,0.0000,True,True
70.2365,17.9277,9.0000,-185.2258,0.01615,0.0000,1.0000,0.0000,True,True
70.2449,17.9216,9.0000,-185.2413,0.01669,0.0000,1.0000,0.0000,True,True
70.2532,17.9154,9.0000,-185.2574,0.01720,0.0000,1.0000,0.0000,True,True
70.2616,17.9089,9.0000,-185.2739,0.01774,0.0000,1.0000,0.0000,True,True
70.2699,17.9023,9.0000,-185.2909,0.01825,0.0000,1.0000,0.0000,True,True
70.2783,17.8954,9.0000,-185.3084,0.01879,0.0000,1.0000,0.0000,True,True
70.2866,17.8884,9.0000,-185.3264,0.01928,0.0000,1.0000,0.0000,True,True
70.2949,17.8812,9.0000,-185.3448,0.01982,0.0000,1.0000,0.0000,True,True
70.3032,17.8738,9.0000,-185.3638,0.02033,0.0000,1.0000,0.0000,True,True
70.3116,17.8662,9.0000,-185.3832,0.02087,0.0000,1.0000,0.0000,True,True
70.3199,17.8585,9.0000,-185.4031,0.02138,0.0000,1.0000,0.0000,True,True
70.3283,17.8505,9.0000,-185.4235,0.02192,0.0000,1.0000,0.0000,True,True
70.3366,17.8424,9.0000,-185.4444,0.02242,0.0000,1.0000,0.0000,True,True
70.3449,17.8340,9.0000,-185.4658,0.02296,0.0000,1.0000,0.0000,True,True
70.3532,17.8255,9.0000,-185.4877,0.02346,0.0000,1.0000,0.0000,True,True
70.3616,17.8167,9.0000,-185.5100,0.02400,0.0000,1.0000,0.0000,True,True
70.3699,17.8078,9.0000,-185.5328,0.02449,0.0000,1.0000,0.0000,True,True
70.3783,17.7987,9.0000,-185.5561,0.02503,0.0000,1.0000,0.0000,True,True
70.3866,17.7895,9.0000,-185.5799,0.02552,0.0000,1.0000,0.0000,True,True
70.3951,17.7800,9.0000,-185.6042,0.02611,0.0000,1.0000,0.0000,True,True
70.4032,17.7703,9.0000,-185.6289,0.02652,0.0000,1.0000,0.0000,True,True
70.4116,17.7605,9.0000,-185.6542,0.02711,0.0000,1.0000,0.0000,True,True
70.4199,17.7504,9.0000,-185.6799,0.02762,0.0000,1.0000,0.0000,True,True
70.4283,17.7402,9.0000,-185.7061,0.02814,0.0000,1.0000,0.0000,True,True
70.4365,17.7298,9.0000,-185.7328,0.02863,0.0000,1.0000,0.0000,True,True
70.4450,17.7192,9.0000,-185.7600,0.02919,0.0000,1.0000,0.0000,True,True
70.4532,17.7084,9.0000,-185.7876,0.02966,0.0000,1.0000,0.0000,True,True
70.4616,17.6974,9.0000,-185.8158,0.03022,0.0000,1.0000,0.0000,True,True
70.4699,17.6862,9.0000,-185.8444,0.03071,0.0000,1.0000,0.0000,True,True
70.4783,17.6748,9.0000,-185.8735,0.03127,0.0000,1.0000,0.0000,True,True
70.4866,17.6633,9.0000,-185.9031,0.03174,0.0000,1.0000,0.0000,True,True
70.4949,17.6515,9.0000,-185.9332,0.03232,0.0000,1.0000,0.0000,True,True
70.5032,17.6396,9.0000,-185.9637,0.03279,0.0000,1.0000,0.0000,True,True
70.5116,17.6275,9.0000,-185.9948,0.03335,0.0000,1.0000,0.0000,True,True
70.5199,17.6152,9.0000,-186.0263,0.03384,0.0000,1.0000,0.0000,True,True
70.5283,17.6027,9.0000,-186.0584,0.03438,0.0000,1.0000,0.0000,True,True
70.5366,17.5900,9.0000,-186.0909,0.03489,0.0000,1.0000,0.0000,True,True
70.5449,17.5771,9.0000,-186.1239,0.03543,0.0000,1.0000,0.0000,True,True
70.5533,17.5641,9.0000,-186.1573,0.03592,0.0000,1.0000,0.0000,True,True
70.5617,17.5508,9.0000,-186.1913,0.03646,0.0000,1.0000,0.0000,True,True
70.5699,17.5374,9.0000,-186.2257,0.03695,0.0000,1.0000,0.0000,True,True
70.5783,17.5237,9.0000,-186.2607,0.03751,0.0000,1.0000,0.0000,True,True
70.5866,17.5099,9.0000,-186.2961,0.03798,0.0000,1.0000,0.0000,True,True
70.5949,17.4959,9.0000,-186.3320,0.03856,0.0000,1.0000,0.0000,True,True
70.6032,17.4817,9.0000,-186.3683,0.03903,0.0000,1.0000,0.0000,True,True
70.6116,17.4673,9.0000,-186.4052,0.03959,0.0000,1.0000,0.0000,True,True
70.6199,17.4527,9.0000,-186.4426,0.04008,0.0000,1.0000,0.0000,True,True
70.6283,17.4380,9.0000,-186.4804,0.04062,0.0000,1.0000,0.0000,True,True
70.6365,17.4230,9.0000,-186.5187,0.04111,0.0000,1.0000,0.0000,True,True
70.6449,17.4079,9.0000,-186.5575,0.04167,0.0000,1.0000,0.0000,True,True
70.6533,17.3925,9.0000,-186.5968,0.04215,0.0000,1.0000,0.0000,True,True
70.6616,17.3770,9.0000,-186.6366,0.04270,0.0000,1.0000,0.0000,True,True
70.6699,17.3613,9.0000,-186.6768,0.04319,0.0000,1.0000,0.0000,True,True
70.6783,17.3454,9.0000,-186.7176,0.04377,0.0000,1.0000,0.0000,True,True
70.6866,17.3293,9.0000,-186.7588,0.04423,0.0000,1.0000,0.0000,True,True
70.6951,17.3128,9.0000,-186.8011,0.04545,0.0000,1.0000,0.0000,True,True
70.7034,17.2964,9.0000,-186.8430,0.04498,0.0000,1.0000,0.0000,True,True
70.7117,17.2800,9.0000,-186.8849,0.04503,0.0000,1.0000,0.0000,True,True
70.7200,17.2637,9.0000,-186.9268,0.04496,0.0000,1.0000,0.0000,True,True
70.7284,17.2473,9.0000,-186.9688,0.04503,0.0000,1.0000,0.0000,True,True
70.7367,17.2310,9.0000,-187.0107,0.04500,0.0000,1.0000,0.0000,True,True
70.7451,17.2146,9.0000,-187.0526,0.04501,0.0000,1.0000,0.0000,True,True
70.7534,17.1982,9.0000,-187.0945,0.04498,0.0000,1.0000,0.0000,True,True
70.7617,17.1819,9.0000,-187.1365,0.04501,0.0000,1.0000,0.0000,True,True
70.7700,17.1655,9.0000,-187.1784,0.04500,0.0000,1.0000,0.0000,True,True
70.7784,17.1491,9.0000,-187.2203,0.04501,0.0000,1.0000,0.0000,True,True
70.7867,17.1328,9.0000,-187.2622,0.04500,0.0000,1.0000,0.0000,True,True
70.7951,17.1164,9.0000,-187.3042,0.04501,0.0000,1.0000,0.0000,True,True
70.8034,17.1001,9.0000,-187.3461,0.04498,0.0000,1.0000,0.0000,True,True
70.8117,17.0837,9.0000,-187.3880,0.04501,0.0000,1.0000,0.0000,True,True
70.8201,17.0673,9.0000,-187.4299,0.04500,0.0000,1.0000,0.0000,True,True
70.8284,17.0510,9.0000,-187.4718,0.04501,0.0000,1.0000,0.0000,True,True
70.8367,17.0346,9.0000,-187.5137,0.04498,0.0000,1.0000,0.0000,True,True
70.8451,17.0182,9.0000,-187.5557,0.04501,0.0000,1.0000,0.0000,True,True
70.8534,17.0019,9.0000,-187.5976,0.04498,0.0000,1.0000,0.0000,True,True
70.8617,16.9855,9.0000,-187.6395,0.04504,0.0000,1.0000,0.0000,True,True
70.8700,16.9692,9.0000,-187.6814,0.04498,0.0000,1.0000,0.0000,True,True
70.8784,16.9528,9.0000,-187.7234,0.04503,0.0000,1.0000,0.0000,True,True
70.8867,16.9364,9.0000,-187.7653,0.04498,0.0000,1.0000,0.0000,True,True
70.8951,16.9201,9.0000,-187.8072,0.04503,0.0000,1.0000,0.0000,True,True
70.9034,16.9037,9.0000,-187.8491,0.04498,0.0000,1.0000,0.0000,True,True
70.9117,16.8873,9.0000,-187.8911,0.04503,0.0000,1.0000,0.0000,True,True
70.9200,16.8710,9.0000,-187.9330,0.04496,0.0000,1.0000,0.0000,True,True
70.9284,16.8546,9.0000,-187.9749,0.04503,0.0000,1.0000,0.0000,True,True
70.9367,16.8382,9.0000,-188.0169,0.04508,0.0000,1.0000,0.0000,True,True
70.9451,16.8218,9.0000,-188.0588,0.04501,0.0000,1.0000,0.0000,True,True
70.9534,16.8055,9.0000,-188.1007,0.04498,0.0000,1.0000,0.0000,True,True
70.9618,16.7891,9.0000,-188.1427,0.04503,0.0000,1.0000,0.0000,True,True
70.9701,16.7728,9.0000,-188.1846,0.04498,0.0000,1.0000,0.0000,True,True
70.9784,16.7564,9.0000,-188.2265,0.04501,0.0000,1.0000,0.0000,True,True
70.9867,16.7402,9.0000,-188.2680,0.04454,0.0000,1.0000,0.0000,True,True
70.9951,16.7242,9.0000,-188.3090,0.04406,0.0000,1.0000,0.0000,True,True
71.0034,16.7084,9.0000,-188.3495,0.04349,0.0000,1.0000,0.0000,True,True
71.0118,16.6927,9.0000,-188.3896,0.04305,0.0000,1.0000,0.0000,True,True
71.0201,16.6773,9.0000,-188.4292,0.04244,0.0000,1.0000,0.0000,True,True
71.0284,16.6620,9.0000,-188.4683,0.04198,0.0000,1.0000,0.0000,True,True
71.0367,16.6470,9.0000,-188.5069,0.04139,0.0000,1.0000,0.0000,True,True
71.0451,16.6321,9.0000,-188.5450,0.04093,0.0000,1.0000,0.0000,True,True
71.0534,16.6174,9.0000,-188.5826,0.04036,0.0000,1.0000,0.0000,True,True
71.0618,16.6029,9.0000,-188.6197,0.03988,0.0000,1.0000,0.0000,True,True
71.0701,16.5886,9.0000,-188.6564,0.03931,0.0000,1.0000,0.0000,True,True
71.0786,16.5744,9.0000,-188.6927,0.03899,0.0000,1.0000,0.0000,True,True
71.0868,16.5605,9.0000,-188.7283,0.03826,0.0000,1.0000,0.0000,True,True
71.0952,16.5468,9.0000,-188.7635,0.03779,0.0000,1.0000,0.0000,True,True
71.1035,16.5332,9.0000,-188.7982,0.03723,0.0000,1.0000,0.0000,True,True
71.1118,16.5199,9.0000,-188.8324,0.03674,0.0000,1.0000,0.0000,True,True
71.1201,16.5067,9.0000,-188.8661,0.03618,0.0000,1.0000,0.0000,True,True
71.1285,16.4937,9.0000,-188.8994,0.03569,0.0000,1.0000,0.0000,True,True
71.1368,16.4810,9.0000,-188.9321,0.03515,0.0000,1.0000,0.0000,True,True
71.1451,16.4684,9.0000,-188.9644,0.03466,0.0000,1.0000,0.0000,True,True
71.1535,16.4560,9.0000,-188.9962,0.03412,0.0000,1.0000,0.0000,True,True
71.1619,16.4437,9.0000,-189.0275,0.03363,0.0000,1.0000,0.0000,True,True
71.1701,16.4317,9.0000,-189.0583,0.03309,0.0000,1.0000,0.0000,True,True
71.1785,16.4199,9.0000,-189.0887,0.03260,0.0000,1.0000,0.0000,True,True
71.1868,16.4082,9.0000,-189.1186,0.03205,0.0000,1.0000,0.0000,True,True
71.1951,16.3967,9.0000,-189.1480,0.03155,0.0000,1.0000,0.0000,True,True
71.2034,16.3855,9.0000,-189.1768,0.03101,0.0000,1.0000,0.0000,True,True
71.2118,16.3744,9.0000,-189.2053,0.03053,0.0000,1.0000,0.0000,True,True
71.2201,16.3635,9.0000,-189.2332,0.02997,0.0000,1.0000,0.0000,True,True
71.2285,16.3527,9.0000,-189.2607,0.02948,0.0000,1.0000,0.0000,True,True
71.2368,16.3422,9.0000,-189.2877,0.02903,0.0000,1.0000,0.0000,True,True
71.2451,16.3319,9.0000,-189.3142,0.02840,0.0000,1.0000,0.0000,True,True
71.2534,16.3217,9.0000,-189.3402,0.02789,0.0000,1.0000,0.0000,True,True
71.2618,16.3117,9.0000,-189.3657,0.02740,0.0000,1.0000,0.0000,True,True
71.2701,16.3020,9.0000,-189.3907,0.02686,0.0000,1.0000,0.0000,True,True
71.2785,16.2924,9.0000,-189.4153,0.02637,0.0000,1.0000,0.0000,True,True
71.2868,16.2830,9.0000,-189.4393,0.02582,0.0000,1.0000,0.0000,True,True
71.2953,16.2738,9.0000,-189.4629,0.02534,0.0000,1.0000,0.0000,True,True
71.3034,16.2648,9.0000,-189.4860,0.02478,0.0000,1.0000,0.0000,True,True
71.3118,16.2559,9.0000,-189.5087,0.02429,0.0000,1.0000,0.0000,True,True
71.3201,16.2473,9.0000,-189.5308,0.02374,0.0000,1.0000,0.0000,True,True
71.3285,16.2389,9.0000,-189.5524,0.02324,0.0000,1.0000,0.0000,True,True
71.3368,16.2306,9.0000,-189.5736,0.02270,0.0000,1.0000,0.0000,True,True
71.3451,16.2225,9.0000,-189.5943,0.02221,0.0000,1.0000,0.0000,True,True
71.3534,16.2147,9.0000,-189.6144,0.02165,0.0000,1.0000,0.0000,True,True
71.3618,16.2070,9.0000,-189.6341,0.02116,0.0000,1.0000,0.0000,True,True
71.3701,16.1995,9.0000,-189.6533,0.02061,0.0000,1.0000,0.0000,True,True
71.3785,16.1921,9.0000,-189.6721,0.02011,0.0000,1.0000,0.0000,True,True
71.3868,16.1850,9.0000,-189.6903,0.01958,0.0000,1.0000,0.0000,True,True
71.3952,16.1781,9.0000,-189.7081,0.01907,0.0000,1.0000,0.0000,True,True
71.4034,16.1714,9.0000,-189.7253,0.01853,0.0000,1.0000,0.0000,True,True
71.4118,16.1648,9.0000,-189.7421,0.01803,0.0000,1.0000,0.0000,True,True
71.4201,16.1584,9.0000,-189.7584,0.01748,0.0000,1.0000,0.0000,True,True
71.4285,16.1523,9.0000,-189.7742,0.01699,0.0000,1.0000,0.0000,True,True
71.4368,16.1463,9.0000,-189.7896,0.01645,0.0000,1.0000,0.0000,True,True
71.4451,16.1405,9.0000,-189.8044,0.01594,0.0000,1.0000,0.0000,True,True
71.4534,16.1349,9.0000,-189.8187,0.01540,0.0000,1.0000,0.0000,True,True
71.4618,16.1295,9.0000,-189.8326,0.01489,0.0000,1.0000,0.0000,True,True
71.4701,16.1243,9.0000,-189.8460,0.01435,0.0000,1.0000,0.0000,True,True
71.4785,16.1192,9.0000,-189.8589,0.01384,0.0000,1.0000,0.0000,True,True
71.4868,16.1144,9.0000,-189.8713,0.01332,0.0000,1.0000,0.0000,True,True
71.4952,16.1097,9.0000,-189.8832,0.01281,0.0000,1.0000,0.0000,True,True
71.5034,16.1053,9.0000,-189.8946,0.01227,0.0000,1.0000,0.0000,True,True
71.5118,16.1010,9.0000,-189.9056,0.01176,0.0000,1.0000,0.0000,True,True
71.5201,16.0969,9.0000,-189.9161,0.01124,0.0000,1.0000,0.0000,True,True
71.5286,16.0930,9.0000,-189.9261,0.01081,0.0000,1.0000,0.0000,True,True
71.5368,16.0892,9.0000,-189.9358,0.01038,0.0000,1.0000,0.0000,True,True
71.5452,16.0856,9.0000,-189.9451,0.00999,0.0000,1.0000,0.0000,True,True
71.5535,16.0821,9.0000,-189.9541,0.00962,0.0000,1.0000,0.0000,True,True
71.5618,16.0787,9.0000,-189.9627,0.00929,0.0000,1.0000,0.0000,True,True
71.5701,16.0754,9.0000,-189.9711,0.00899,0.0000,1.0000,0.0000,True,True
71.5785,16.0722,9.0000,-189.9792,0.00875,0.0000,1.0000,0.0000,True,True
71.5868,16.0722,9.0000,-189.9792,0.00000,0.0000,1.0000,0.0000,True,True
71.5952,16.0720,9.0000,-189.9797,0.00052,0.0000,1.0000,0.0000,True,True
71.6036,16.0716,9.0000,-189.9807,0.00106,0.0000,1.0000,0.0000,True,True
71.6120,16.0710,9.0000,-189.9821,0.00156,0.0000,1.0000,0.0000,True,True
71.6203,16.0702,9.0000,-189.9840,0.00207,0.0000,1.0000,0.0000,True,True
71.6288,16.0692,9.0000,-189.9864,0.00260,0.0000,1.0000,0.0000,True,True
71.6370,16.0680,9.0000,-189.9893,0.00312,0.0000,1.0000,0.0000,True,True
71.6453,16.0665,9.0000,-189.9927,0.00365,0.0000,1.0000,0.0000,True,True
71.6536,16.0649,9.0000,-189.9965,0.00416,0.0000,1.0000,0.0000,True,True
71.6620,16.0631,9.0000,-190.0008,0.00469,0.0000,1.0000,0.0000,True,True
71.6704,16.0610,9.0000,-190.0056,0.00521,0.0000,1.0000,0.0000,True,True
71.6787,16.0588,9.0000,-190.0109,0.00574,0.0000,1.0000,0.0000,True,True
71.6870,16.0563,9.0000,-190.0166,0.00625,0.0000,1.0000,0.0000,True,True
71.6954,16.0537,9.0000,-190.0229,0.00678,0.0000,1.0000,0.0000,True,True
71.7037,16.0508,9.0000,-190.0296,0.00730,0.0000,1.0000,0.0000,True,True
71.7125,16.0478,9.0000,-190.0368,0.00783,0.0000,1.0000,0.0000,True,True
71.7203,16.0445,9.0000,-190.0445,0.00834,0.0000,1.0000,0.0000,True,True
71.7287,16.0410,9.0000,-190.0526,0.00887,0.0000,1.0000,0.0000,True,True
71.7370,16.0373,9.0000,-190.0613,0.00939,0.0000,1.0000,0.0000,True,True
71.7454,16.0335,9.0000,-190.0704,0.00992,0.0000,1.0000,0.0000,True,True
71.7536,16.0294,9.0000,-190.0800,0.01043,0.0000,1.0000,0.0000,True,True
71.7620,16.0251,9.0000,-190.0901,0.01096,0.0000,1.0000,0.0000,True,True
71.7703,16.0206,9.0000,-190.1006,0.01148,0.0000,1.0000,0.0000,True,True
71.7787,16.0159,9.0000,-190.1117,0.01201,0.0000,1.0000,0.0000,True,True
71.7870,16.0110,9.0000,-190.1232,0.01252,0.0000,1.0000,0.0000,True,True
71.7954,16.0059,9.0000,-190.1352,0.01305,0.0000,1.0000,0.0000,True,True
71.8037,16.0006,9.0000,-190.1477,0.01356,0.0000,1.0000,0.0000,True,True
71.8120,15.9951,9.0000,-190.1607,0.01410,0.0000,1.0000,0.0000,True,True
71.8203,15.9893,9.0000,-190.1741,0.01461,0.0000,1.0000,0.0000,True,True
71.8291,15.9834,9.0000,-190.1881,0.01517,0.0000,1.0000,0.0000,True,True
71.8370,15.9773,9.0000,-190.2025,0.01564,0.0000,1.0000,0.0000,True,True
71.8458,15.9709,9.0000,-190.2173,0.01618,0.0000,1.0000,0.0000,True,True
71.8537,15.9644,9.0000,-190.2327,0.01668,0.0000,1.0000,0.0000,True,True
71.8621,15.9577,9.0000,-190.2486,0.01723,0.0000,1.0000,0.0000,True,True
71.8703,15.9507,9.0000,-190.2649,0.01773,0.0000,1.0000,0.0000,True,True
71.8787,15.9436,9.0000,-190.2817,0.01826,0.0000,1.0000,0.0000,True,True
71.8870,15.9362,9.0000,-190.2989,0.01877,0.0000,1.0000,0.0000,True,True
71.8954,15.9287,9.0000,-190.3167,0.01930,0.0000,1.0000,0.0000,True,True
71.9037,15.9209,9.0000,-190.3349,0.01980,0.0000,1.0000,0.0000,True,True
71.9120,15.9129,9.0000,-190.3536,0.02035,0.0000,1.0000,0.0000,True,True
71.9203,15.9048,9.0000,-190.3728,0.02083,0.0000,1.0000,0.0000,True,True
71.9287,15.8964,9.0000,-190.3925,0.02139,0.0000,1.0000,0.0000,True,True
71.9370,15.8878,9.0000,-190.4126,0.02189,0.0000,1.0000,0.0000,True,True
71.9453,15.8791,9.0000,-190.4333,0.02242,0.0000,1.0000,0.0000,True,True
71.9537,15.8701,9.0000,-190.4544,0.02293,0.0000,1.0000,0.0000,True,True
71.9620,15.8609,9.0000,-190.4760,0.02348,0.0000,1.0000,0.0000,True,True
71.9703,15.8515,9.0000,-190.4980,0.02396,0.0000,1.0000,0.0000,True,True
71.9787,15.8419,9.0000,-190.5206,0.02451,0.0000,1.0000,0.0000,True,True
71.9870,15.8321,9.0000,-190.5436,0.02501,0.0000,1.0000,0.0000,True,True
71.9954,15.8221,9.0000,-190.5671,0.02555,0.0000,1.0000,0.0000,True,True
72.0037,15.8119,9.0000,-190.5911,0.02605,0.0000,1.0000,0.0000,True,True
72.0120,15.8015,9.0000,-190.6156,0.02663,0.0000,1.0000,0.0000,True,True
72.0203,15.7909,9.0000,-190.6405,0.02708,0.0000,1.0000,0.0000,True,True
72.0287,15.7801,9.0000,-190.6659,0.02764,0.0000,1.0000,0.0000,True,True
72.0370,15.7690,9.0000,-190.6918,0.02812,0.0000,1.0000,0.0000,True,True
72.0454,15.7578,9.0000,-190.7182,0.02869,0.0000,1.0000,0.0000,True,True
72.0537,15.7464,9.0000,-190.7451,0.02918,0.0000,1.0000,0.0000,True,True
72.0620,15.7347,9.0000,-190.7724,0.02973,0.0000,1.0000,0.0000,True,True
72.0704,15.7229,9.0000,-190.8002,0.03023,0.0000,1.0000,0.0000,True,True
72.0787,15.7109,9.0000,-190.8285,0.03076,0.0000,1.0000,0.0000,True,True
72.0870,15.6986,9.0000,-190.8573,0.03126,0.0000,1.0000,0.0000,True,True
72.0954,15.6862,9.0000,-190.8866,0.03182,0.0000,1.0000,0.0000,True,True
72.1037,15.6735,9.0000,-190.9163,0.03230,0.0000,1.0000,0.0000,True,True
72.1120,15.6607,9.0000,-190.9465,0.03287,0.0000,1.0000,0.0000,True,True
72.1203,15.6476,9.0000,-190.9772,0.03335,0.0000,1.0000,0.0000,True,True
72.1287,15.6343,9.0000,-191.0084,0.03390,0.0000,1.0000,0.0000,True,True
72.1370,15.6209,9.0000,-191.0401,0.03438,0.0000,1.0000,0.0000,True,True
72.1454,15.6072,9.0000,-191.0722,0.03492,0.0000,1.0000,0.0000,True,True
72.1537,15.5933,9.0000,-191.1048,0.03542,0.0000,1.0000,0.0000,True,True
72.1621,15.5792,9.0000,-191.1379,0.03599,0.0000,1.0000,0.0000,True,True
72.1704,15.5650,9.0000,-191.1714,0.03645,0.0000,1.0000,0.0000,True,True
72.1787,15.5505,9.0000,-191.2055,0.03701,0.0000,1.0000,0.0000,True,True
72.1870,15.5358,9.0000,-191.2400,0.03749,0.0000,1.0000,0.0000,True,True
72.1954,15.5209,9.0000,-191.2750,0.03806,0.0000,1.0000,0.0000,True,True
72.2037,15.5058,9.0000,-191.3105,0.03855,0.0000,1.0000,0.0000,True,True
72.2121,15.4905,9.0000,-191.3465,0.03909,0.0000,1.0000,0.0000,True,True
72.2204,15.4749,9.0000,-191.3830,0.03968,0.0000,1.0000,0.0000,True,True
72.2287,15.4592,9.0000,-191.4199,0.04015,0.0000,1.0000,0.0000,True,True
72.2371,15.4433,9.0000,-191.4573,0.04063,0.0000,1.0000,0.0000,True,True
72.2454,15.4272,9.0000,-191.4952,0.04119,0.0000,1.0000,0.0000,True,True
72.2537,15.4109,9.0000,-191.5335,0.04166,0.0000,1.0000,0.0000,True,True
72.2621,15.3943,9.0000,-191.5724,0.04224,0.0000,1.0000,0.0000,True,True
72.2705,15.3773,9.0000,-191.6124,0.04345,0.0000,1.0000,0.0000,True,True
72.2789,15.3604,9.0000,-191.6522,0.04328,0.0000,1.0000,0.0000,True,True
72.2872,15.3432,9.0000,-191.6925,0.04376,0.0000,1.0000,0.0000,True,True
72.2955,15.3259,9.0000,-191.7332,0.04431,0.0000,1.0000,0.0000,True,True
72.3038,15.3084,9.0000,-191.7744,0.04479,0.0000,1.0000,0.0000,True,True
72.3122,15.2907,9.0000,-191.8159,0.04501,0.0000,1.0000,0.0000,True,True
72.3205,15.2731,9.0000,-191.8573,0.04499,0.0000,1.0000,0.0000,True,True
72.3289,15.2555,9.0000,-191.8987,0.04504,0.0000,1.0000,0.0000,True,True
72.3372,15.2379,9.0000,-191.9401,0.04497,0.0000,1.0000,0.0000,True,True
72.3456,15.2202,9.0000,-191.9815,0.04506,0.0000,1.0000,0.0000,True,True
72.3539,15.2026,9.0000,-192.0229,0.04497,0.0000,1.0000,0.0000,True,True
72.3622,15.1850,9.0000,-192.0643,0.04502,0.0000,1.0000,0.0000,True,True
72.3705,15.1674,9.0000,-192.1057,0.04497,0.0000,1.0000,0.0000,True,True
72.3789,15.1498,9.0000,-192.1472,0.04502,0.0000,1.0000,0.0000,True,True
72.3872,15.1322,9.0000,-192.1886,0.04499,0.0000,1.0000,0.0000,True,True
72.3956,15.1145,9.0000,-192.2300,0.04502,0.0000,1.0000,0.0000,True,True
72.4039,15.0969,9.0000,-192.2714,0.04497,0.0000,1.0000,0.0000,True,True
72.4123,15.0793,9.0000,-192.3128,0.04502,0.0000,1.0000,0.0000,True,True
72.4205,15.0617,9.0000,-192.3542,0.04500,0.0000,1.0000,0.0000,True,True
72.4289,15.0440,9.0000,-192.3956,0.04502,0.0000,1.0000,0.0000,True,True
72.4372,15.0264,9.0000,-192.4370,0.04497,0.0000,1.0000,0.0000,True,True
72.4456,15.0088,9.0000,-192.4784,0.04502,0.0000,1.0000,0.0000,True,True
72.4539,14.9912,9.0000,-192.5198,0.04499,0.0000,1.0000,0.0000,True,True
72.4622,14.9736,9.0000,-192.5613,0.04502,0.0000,1.0000,0.0000,True,True
72.4706,14.9560,9.0000,-192.6026,0.04497,0.0000,1.0000,0.0000,True,True
72.4790,14.9383,9.0000,-192.6441,0.04502,0.0000,1.0000,0.0000,True,True
72.4872,14.9207,9.0000,-192.6855,0.04497,0.0000,1.0000,0.0000,True,True
72.4959,14.9031,9.0000,-192.7269,0.04502,0.0000,1.0000,0.0000,True,True
72.5039,14.8855,9.0000,-192.7683,0.04499,0.0000,1.0000,0.0000,True,True
72.5123,14.8679,9.0000,-192.8097,0.04502,0.0000,1.0000,0.0000,True,True
72.5206,14.8502,9.0000,-192.8511,0.04499,0.0000,1.0000,0.0000,True,True
72.5291,14.8326,9.0000,-192.8925,0.04501,0.0000,1.0000,0.0000,True,True
72.5372,14.8150,9.0000,-192.9339,0.04497,0.0000,1.0000,0.0000,True,True
72.5456,14.7974,9.0000,-192.9753,0.04502,0.0000,1.0000,0.0000,True,True
72.5539,14.7798,9.0000,-193.0167,0.04499,0.0000,1.0000,0.0000,True,True
72.5623,14.7621,9.0000,-193.0582,0.04502,0.0000,1.0000,0.0000,True,True
72.5705,14.7445,9.0000,-193.0995,0.04497,0.0000,1.0000,0.0000,True,True
72.5791,14.7269,9.0000,-193.1410,0.04504,0.0000,1.0000,0.0000,True,True
72.5872,14.7093,9.0000,-193.1824,0.04497,0.0000,1.0000,0.0000,True,True
72.5956,14.6916,9.0000,-193.2238,0.04502,0.0000,1.0000,0.0000,True,True
72.6038,14.6741,9.0000,-193.2650,0.04484,0.0000,1.0000,0.0000,True,True
72.6122,14.6567,9.0000,-193.3059,0.04437,0.0000,1.0000,0.0000,True,True
72.6205,14.6396,9.0000,-193.3462,0.04381,0.0000,1.0000,0.0000,True,True
72.6289,14.6226,9.0000,-193.3861,0.04333,0.0000,1.0000,0.0000,True,True
72.6372,14.6059,9.0000,-193.4254,0.04277,0.0000,1.0000,0.0000,True,True
72.6460,14.5893,9.0000,-193.4643,0.04229,0.0000,1.0000,0.0000,True,True
72.6539,14.5730,9.0000,-193.5027,0.04172,0.0000,1.0000,0.0000,True,True
72.6622,14.5568,9.0000,-193.5407,0.04124,0.0000,1.0000,0.0000,True,True
72.6705,14.5409,9.0000,-193.5781,0.04068,0.0000,1.0000,0.0000,True,True
72.6792,14.5251,9.0000,-193.6151,0.04025,0.0000,1.0000,0.0000,True,True
72.6872,14.5096,9.0000,-193.6516,0.03963,0.0000,1.0000,0.0000,True,True
72.6956,14.4943,9.0000,-193.6876,0.03915,0.0000,1.0000,0.0000,True,True
72.7039,14.4792,9.0000,-193.7231,0.03860,0.0000,1.0000,0.0000,True,True
72.7124,14.4642,9.0000,-193.7583,0.03822,0.0000,1.0000,0.0000,True,True
72.7206,14.4495,9.0000,-193.7928,0.03744,0.0000,1.0000,0.0000,True,True
72.7289,14.4350,9.0000,-193.8269,0.03706,0.0000,1.0000,0.0000,True,True
72.7372,14.4207,9.0000,-193.8605,0.03653,0.0000,1.0000,0.0000,True,True
72.7456,14.4066,9.0000,-193.8936,0.03602,0.0000,1.0000,0.0000,True,True
72.7540,14.3927,9.0000,-193.9263,0.03549,0.0000,1.0000,0.0000,True,True
72.7625,14.3790,9.0000,-193.9585,0.03497,0.0000,1.0000,0.0000,True,True
72.7706,14.3656,9.0000,-193.9902,0.03444,0.0000,1.0000,0.0000,True,True
72.7790,14.3523,9.0000,-194.0214,0.03395,0.0000,1.0000,0.0000,True,True
72.7873,14.3392,9.0000,-194.0521,0.03340,0.0000,1.0000,0.0000,True,True
72.7956,14.3263,9.0000,-194.0824,0.03290,0.0000,1.0000,0.0000,True,True
72.8039,14.3136,9.0000,-194.1122,0.03237,0.0000,1.0000,0.0000,True,True
72.8122,14.3012,9.0000,-194.1415,0.03186,0.0000,1.0000,0.0000,True,True
72.8206,14.2889,9.0000,-194.1703,0.03132,0.0000,1.0000,0.0000,True,True
72.8289,14.2768,9.0000,-194.1987,0.03083,0.0000,1.0000,0.0000,True,True
72.8372,14.2650,9.0000,-194.2265,0.03028,0.0000,1.0000,0.0000,True,True
72.8456,14.2533,9.0000,-194.2540,0.02978,0.0000,1.0000,0.0000,True,True
72.8539,14.2419,9.0000,-194.2809,0.02923,0.0000,1.0000,0.0000,True,True
72.8622,14.2306,9.0000,-194.3073,0.02875,0.0000,1.0000,0.0000,True,True
72.8706,14.2196,9.0000,-194.3333,0.02821,0.0000,1.0000,0.0000,True,True
72.8790,14.2087,9.0000,-194.3588,0.02771,0.0000,1.0000,0.0000,True,True
72.8872,14.1981,9.0000,-194.3838,0.02716,0.0000,1.0000,0.0000,True,True
72.8957,14.1876,9.0000,-194.4083,0.02668,0.0000,1.0000,0.0000,True,True
72.9039,14.1774,9.0000,-194.4324,0.02613,0.0000,1.0000,0.0000,True,True
72.9123,14.1674,9.0000,-194.4559,0.02564,0.0000,1.0000,0.0000,True,True
72.9206,14.1575,9.0000,-194.4790,0.02509,0.0000,1.0000,0.0000,True,True
72.9290,14.1479,9.0000,-194.5017,0.02459,0.0000,1.0000,0.0000,True,True
72.9372,14.1385,9.0000,-194.5238,0.02405,0.0000,1.0000,0.0000,True,True
72.9456,14.1293,9.0000,-194.5455,0.02355,0.0000,1.0000,0.0000,True,True
72.9539,14.1203,9.0000,-194.5666,0.02302,0.0000,1.0000,0.0000,True,True
72.9623,14.1114,9.0000,-194.5874,0.02252,0.0000,1.0000,0.0000,True,True
72.9705,14.1028,9.0000,-194.6076,0.02197,0.0000,1.0000,0.0000,True,True
72.9789,14.0944,9.0000,-194.6273,0.02146,0.0000,1.0000,0.0000,True,True
72.9872,14.0862,9.0000,-194.6466,0.02093,0.0000,1.0000,0.0000,True,True
72.9956,14.0782,9.0000,-194.6654,0.02043,0.0000,1.0000,0.0000,True,True
73.0039,14.0705,9.0000,-194.6837,0.01988,0.0000,1.0000,0.0000,True,True
73.0123,14.0629,9.0000,-194.7015,0.01938,0.0000,1.0000,0.0000,True,True
73.0206,14.0555,9.0000,-194.7189,0.01885,0.0000,1.0000,0.0000,True,True
73.0289,14.0483,9.0000,-194.7357,0.01834,0.0000,1.0000,0.0000,True,True
73.0372,14.0413,9.0000,-194.7521,0.01779,0.0000,1.0000,0.0000,True,True
73.0456,14.0346,9.0000,-194.7680,0.01730,0.0000,1.0000,0.0000,True,True
73.0539,14.0280,9.0000,-194.7834,0.01675,0.0000,1.0000,0.0000,True,True
73.0623,14.0216,9.0000,-194.7984,0.01625,0.0000,1.0000,0.0000,True,True
73.0706,14.0155,9.0000,-194.8128,0.01570,0.0000,1.0000,0.0000,True,True
73.0789,14.0095,9.0000,-194.8268,0.01519,0.0000,1.0000,0.0000,True,True
73.0872,14.0038,9.0000,-194.8403,0.01466,0.0000,1.0000,0.0000,True,True
73.0956,13.9983,9.0000,-194.8533,0.01415,0.0000,1.0000,0.0000,True,True
73.1039,13.9929,9.0000,-194.8658,0.01361,0.0000,1.0000,0.0000,True,True
73.1123,13.9878,9.0000,-194.8779,0.01312,0.0000,1.0000,0.0000,True,True
73.1205,13.9829,9.0000,-194.8895,0.01257,0.0000,1.0000,0.0000,True,True
73.1289,13.9781,9.0000,-194.9007,0.01214,0.0000,1.0000,0.0000,True,True
73.1372,13.9735,9.0000,-194.9114,0.01168,0.0000,1.0000,0.0000,True,True
73.1456,13.9691,9.0000,-194.9218,0.01126,0.0000,1.0000,0.0000,True,True
73.1540,13.9649,9.0000,-194.9317,0.01085,0.0000,1.0000,0.0000,True,True
73.1622,13.9608,9.0000,-194.9414,0.01046,0.0000,1.0000,0.0000,True,True
73.1705,13.9569,9.0000,-194.9506,0.01008,0.0000,1.0000,0.0000,True,True
73.1789,13.9530,9.0000,-194.9596,0.00977,0.0000,1.0000,0.0000,True,True
73.1872,13.9493,9.0000,-194.9683,0.00947,0.0000,1.0000,0.0000,True,True
73.1956,13.9457,9.0000,-194.9768,0.00924,0.0000,1.0000,0.0000,True,True
73.2039,13.9422,9.0000,-194.9852,0.00904,0.0000,1.0000,0.0000,True,True
73.2124,13.9422,9.0000,-194.9852,0.00000,0.0000,1.0000,0.0000,True,True
73.2206,13.9420,9.0000,-194.9856,0.00052,0.0000,1.0000,0.0000,True,True
73.2289,13.9416,9.0000,-194.9866,0.00105,0.0000,1.0000,0.0000,True,True
73.2372,13.9410,9.0000,-194.9881,0.00157,0.0000,1.0000,0.0000,True,True
73.2456,13.9403,9.0000,-194.9900,0.00210,0.0000,1.0000,0.0000,True,True
73.2539,13.9393,9.0000,-194.9925,0.00262,0.0000,1.0000,0.0000,True,True
73.2622,13.9382,9.0000,-194.9954,0.00314,0.0000,1.0000,0.0000,True,True
73.2706,13.9368,9.0000,-194.9988,0.00367,0.0000,1.0000,0.0000,True,True
73.2791,13.9353,9.0000,-195.0027,0.00421,0.0000,1.0000,0.0000,True,True
73.2872,13.9336,9.0000,-195.0071,0.00472,0.0000,1.0000,0.0000,True,True
73.2956,13.9317,9.0000,-195.0120,0.00524,0.0000,1.0000,0.0000,True,True
73.3039,13.9296,9.0000,-195.0174,0.00577,0.0000,1.0000,0.0000,True,True
73.3123,13.9273,9.0000,-195.0233,0.00629,0.0000,1.0000,0.0000,True,True
73.3206,13.9248,9.0000,-195.0296,0.00680,0.0000,1.0000,0.0000,True,True
73.3290,13.9221,9.0000,-195.0364,0.00732,0.0000,1.0000,0.0000,True,True
73.3373,13.9193,9.0000,-195.0437,0.00783,0.0000,1.0000,0.0000,True,True
73.3456,13.9163,9.0000,-195.0515,0.00836,0.0000,1.0000,0.0000,True,True
73.3539,13.9130,9.0000,-195.0598,0.00888,0.0000,1.0000,0.0000,True,True
73.3623,13.9096,9.0000,-195.0685,0.00940,0.0000,1.0000,0.0000,True,True
73.3706,13.9060,9.0000,-195.0777,0.00991,0.0000,1.0000,0.0000,True,True
73.3790,13.9022,9.0000,-195.0875,0.01045,0.0000,1.0000,0.0000,True,True
73.3872,13.8982,9.0000,-195.0977,0.01094,0.0000,1.0000,0.0000,True,True
73.3957,13.8940,9.0000,-195.1084,0.01148,0.0000,1.0000,0.0000,True,True
73.4039,13.8897,9.0000,-195.1195,0.01199,0.0000,1.0000,0.0000,True,True
73.4124,13.8851,9.0000,-195.1312,0.01252,0.0000,1.0000,0.0000,True,True
73.4206,13.8804,9.0000,-195.1433,0.01302,0.0000,1.0000,0.0000,True,True
73.4290,13.8754,9.0000,-195.1559,0.01355,0.0000,1.0000,0.0000,True,True
73.4373,13.8703,9.0000,-195.1690,0.01406,0.0000,1.0000,0.0000,True,True
73.4456,13.8650,9.0000,-195.1826,0.01458,0.0000,1.0000,0.0000,True,True
73.4539,13.8595,9.0000,-195.1967,0.01509,0.0000,1.0000,0.0000,True,True
73.4624,13.8538,9.0000,-195.2112,0.01561,0.0000,1.0000,0.0000,True,True
73.4706,13.8479,9.0000,-195.2262,0.01614,0.0000,1.0000,0.0000,True,True
73.4792,13.8419,9.0000,-195.2418,0.01666,0.0000,1.0000,0.0000,True,True
73.4873,13.8356,9.0000,-195.2578,0.01717,0.0000,1.0000,0.0000,True,True
73.4960,13.8292,9.0000,-195.2742,0.01769,0.0000,1.0000,0.0000,True,True
73.5039,13.8226,9.0000,-195.2912,0.01820,0.0000,1.0000,0.0000,True,True
73.5126,13.8157,9.0000,-195.3086,0.01874,0.0000,1.0000,0.0000,True,True
73.5206,13.8087,9.0000,-195.3266,0.01925,0.0000,1.0000,0.0000,True,True
73.5290,13.8015,9.0000,-195.3450,0.01977,0.0000,1.0000,0.0000,True,True
73.5373,13.7942,9.0000,-195.3639,0.02028,0.0000,1.0000,0.0000,True,True
73.5462,13.7864,9.0000,-195.3838,0.02135,0.0000,1.0000,0.0000,True,True
73.5542,13.7786,9.0000,-195.4036,0.02135,0.0000,1.0000,0.0000,True,True
73.5627,13.7707,9.0000,-195.4240,0.02189,0.0000,1.0000,0.0000,True,True
73.5709,13.7625,9.0000,-195.4449,0.02241,0.0000,1.0000,0.0000,True,True
73.5794,13.7542,9.0000,-195.4663,0.02293,0.0000,1.0000,0.0000,True,True
73.5875,13.7456,9.0000,-195.4881,0.02344,0.0000,1.0000,0.0000,True,True
73.5959,13.7369,9.0000,-195.5104,0.02398,0.0000,1.0000,0.0000,True,True
73.6042,13.7280,9.0000,-195.5332,0.02449,0.0000,1.0000,0.0000,True,True
73.6128,13.7189,9.0000,-195.5566,0.02503,0.0000,1.0000,0.0000,True,True
73.6211,13.7093,9.0000,-195.5811,0.02634,0.0000,1.0000,0.0000,True,True
73.6295,13.6998,9.0000,-195.6054,0.02610,0.0000,1.0000,0.0000,True,True
73.6378,13.6901,9.0000,-195.6302,0.02657,0.0000,1.0000,0.0000,True,True
73.6461,13.6802,9.0000,-195.6554,0.02713,0.0000,1.0000,0.0000,True,True
73.6544,13.6702,9.0000,-195.6812,0.02762,0.0000,1.0000,0.0000,True,True
73.6628,13.6599,9.0000,-195.7074,0.02816,0.0000,1.0000,0.0000,True,True
73.6711,13.6495,9.0000,-195.7341,0.02867,0.0000,1.0000,0.0000,True,True
73.6795,13.6389,9.0000,-195.7613,0.02921,0.0000,1.0000,0.0000,True,True
73.6877,13.6281,9.0000,-195.7890,0.02972,0.0000,1.0000,0.0000,True,True
73.6962,13.6170,9.0000,-195.8172,0.03026,0.0000,1.0000,0.0000,True,True
73.7044,13.6058,9.0000,-195.8458,0.03077,0.0000,1.0000,0.0000,True,True
73.7129,13.5945,9.0000,-195.8750,0.03131,0.0000,1.0000,0.0000,True,True
73.7211,13.5829,9.0000,-195.9046,0.03180,0.0000,1.0000,0.0000,True,True
73.7295,13.5711,9.0000,-195.9347,0.03236,0.0000,1.0000,0.0000,True,True
73.7377,13.5591,9.0000,-195.9653,0.03283,0.0000,1.0000,0.0000,True,True
73.7464,13.5470,9.0000,-195.9964,0.03339,0.0000,1.0000,0.0000,True,True
73.7544,13.5347,9.0000,-196.0280,0.03388,0.0000,1.0000,0.0000,True,True
73.7628,13.5221,9.0000,-196.0600,0.03442,0.0000,1.0000,0.0000,True,True
73.7711,13.5094,9.0000,-196.0925,0.03493,0.0000,1.0000,0.0000,True,True
73.7795,13.4965,9.0000,-196.1256,0.03547,0.0000,1.0000,0.0000,True,True
73.7877,13.4834,9.0000,-196.1591,0.03598,0.0000,1.0000,0.0000,True,True
73.7961,13.4701,9.0000,-196.1931,0.03650,0.0000,1.0000,0.0000,True,True
73.8044,13.4567,9.0000,-196.2275,0.03699,0.0000,1.0000,0.0000,True,True
73.8131,13.4430,9.0000,-196.2625,0.03755,0.0000,1.0000,0.0000,True,True
73.8211,13.4292,9.0000,-196.2979,0.03804,0.0000,1.0000,0.0000,True,True
73.8297,13.4151,9.0000,-196.3340,0.03869,0.0000,1.0000,0.0000,True,True
73.8378,13.4009,9.0000,-196.3704,0.03906,0.0000,1.0000,0.0000,True,True
73.8464,13.3864,9.0000,-196.4073,0.03963,0.0000,1.0000,0.0000,True,True
73.8544,13.3718,9.0000,-196.4446,0.04012,0.0000,1.0000,0.0000,True,True
73.8629,13.3570,9.0000,-196.4825,0.04066,0.0000,1.0000,0.0000,True,True
73.8711,13.3420,9.0000,-196.5209,0.04117,0.0000,1.0000,0.0000,True,True
73.8798,13.3268,9.0000,-196.5598,0.04177,0.0000,1.0000,0.0000,True,True
73.8878,13.3115,9.0000,-196.5991,0.04222,0.0000,1.0000,0.0000,True,True
73.8962,13.2959,9.0000,-196.6389,0.04276,0.0000,1.0000,0.0000,True,True
73.9045,13.2802,9.0000,-196.6792,0.04327,0.0000,1.0000,0.0000,True,True
73.9129,13.2642,9.0000,-196.7200,0.04384,0.0000,1.0000,0.0000,True,True
73.9211,13.2481,9.0000,-196.7613,0.04428,0.0000,1.0000,0.0000,True,True
73.9295,13.2318,9.0000,-196.8031,0.04487,0.0000,1.0000,0.0000,True,True
73.9378,13.2154,9.0000,-196.8450,0.04497,0.0000,1.0000,0.0000,True,True
73.9463,13.1990,9.0000,-196.8869,0.04502,0.0000,1.0000,0.0000,True,True
73.9544,13.1826,9.0000,-196.9288,0.04499,0.0000,1.0000,0.0000,True,True
73.9629,13.1663,9.0000,-196.9707,0.04502,0.0000,1.0000,0.0000,True,True
73.9711,13.1499,9.0000,-197.0126,0.04499,0.0000,1.0000,0.0000,True,True
73.9795,13.1335,9.0000,-197.0546,0.04500,0.0000,1.0000,0.0000,True,True
73.9878,13.1171,9.0000,-197.0965,0.04499,0.0000,1.0000,0.0000,True,True
73.9962,13.1007,9.0000,-197.1384,0.04502,0.0000,1.0000,0.0000,True,True
74.0044,13.0844,9.0000,-197.1803,0.04499,0.0000,1.0000,0.0000,True,True
74.0129,13.0680,9.0000,-197.2222,0.04502,0.0000,1.0000,0.0000,True,True
74.0211,13.0516,9.0000,-197.2641,0.04497,0.0000,1.0000,0.0000,True,True
74.0296,13.0352,9.0000,-197.3060,0.04502,0.0000,1.0000,0.0000,True,True
74.0378,13.0189,9.0000,-197.3479,0.04497,0.0000,1.0000,0.0000,True,True
74.0462,13.0025,9.0000,-197.3899,0.04503,0.0000,1.0000,0.0000,True,True
74.0544,12.9861,9.0000,-197.4318,0.04499,0.0000,1.0000,0.0000,True,True
74.0629,12.9697,9.0000,-197.4737,0.04502,0.0000,1.0000,0.0000,True,True
74.0711,12.9533,9.0000,-197.5156,0.04499,0.0000,1.0000,0.0000,True,True
74.0795,12.9370,9.0000,-197.5575,0.04502,0.0000,1.0000,0.0000,True,True
74.0878,12.9206,9.0000,-197.5994,0.04499,0.0000,1.0000,0.0000,True,True
74.0962,12.9042,9.0000,-197.6414,0.04504,0.0000,1.0000,0.0000,True,True
74.1045,12.8878,9.0000,-197.6833,0.04499,0.0000,1.0000,0.0000,True,True
74.1129,12.8714,9.0000,-197.7252,0.04502,0.0000,1.0000,0.0000,True,True
74.1211,12.8551,9.0000,-197.7671,0.04497,0.0000,1.0000,0.0000,True,True
74.1295,12.8387,9.0000,-197.8090,0.04503,0.0000,1.0000,0.0000,True,True
74.1378,12.8223,9.0000,-197.8509,0.04499,0.0000,1.0000,0.0000,True,True
74.1462,12.8059,9.0000,-197.8929,0.04502,0.0000,1.0000,0.0000,True,True
74.1547,12.7890,9.0000,-197.9361,0.04639,0.0000,1.0000,0.0000,True,True
74.1631,12.7726,9.0000,-197.9780,0.04502,0.0000,1.0000,0.0000,True,True
74.1714,12.7563,9.0000,-198.0199,0.04497,0.0000,1.0000,0.0000,True,True
74.1798,12.7399,9.0000,-198.0618,0.04504,0.0000,1.0000,0.0000,True,True
74.1881,12.7235,9.0000,-198.1037,0.04497,0.0000,1.0000,0.0000,True,True
74.1964,12.7071,9.0000,-198.1457,0.04502,0.0000,1.0000,0.0000,True,True
74.2047,12.6908,9.0000,-198.1876,0.04500,0.0000,1.0000,0.0000,True,True
74.2131,12.6744,9.0000,-198.2295,0.04502,0.0000,1.0000,0.0000,True,True
74.2214,12.6582,9.0000,-198.2710,0.04449,0.0000,1.0000,0.0000,True,True
74.2298,12.6421,9.0000,-198.3120,0.04404,0.0000,1.0000,0.0000,True,True
74.2381,12.6263,9.0000,-198.3524,0.04346,0.0000,1.0000,0.0000,True,True
74.2465,12.6107,9.0000,-198.3925,0.04297,0.0000,1.0000,0.0000,True,True
74.2548,12.5952,9.0000,-198.4320,0.04243,0.0000,1.0000,0.0000,True,True
74.2632,12.5800,9.0000,-198.4711,0.04194,0.0000,1.0000,0.0000,True,True
74.2714,12.5649,9.0000,-198.5096,0.04138,0.0000,1.0000,0.0000,True,True
74.2799,12.5500,9.0000,-198.5477,0.04089,0.0000,1.0000,0.0000,True,True
74.2881,12.5354,9.0000,-198.5853,0.04033,0.0000,1.0000,0.0000,True,True
74.2964,12.5209,9.0000,-198.6224,0.03984,0.0000,1.0000,0.0000,True,True
74.3048,12.5065,9.0000,-198.6590,0.03932,0.0000,1.0000,0.0000,True,True
74.3136,12.4924,9.0000,-198.6951,0.03879,0.0000,1.0000,0.0000,True,True
74.3214,12.4785,9.0000,-198.7308,0.03827,0.0000,1.0000,0.0000,True,True
74.3302,12.4648,9.0000,-198.7659,0.03776,0.0000,1.0000,0.0000,True,True
74.3381,12.4512,9.0000,-198.8006,0.03722,0.0000,1.0000,0.0000,True,True
74.3466,12.4378,9.0000,-198.8348,0.03673,0.0000,1.0000,0.0000,True,True
74.3547,12.4247,9.0000,-198.8685,0.03617,0.0000,1.0000,0.0000,True,True
74.3635,12.4117,9.0000,-198.9017,0.03567,0.0000,1.0000,0.0000,True,True
74.3714,12.3989,9.0000,-198.9344,0.03512,0.0000,1.0000,0.0000,True,True
74.3801,12.3863,9.0000,-198.9667,0.03462,0.0000,1.0000,0.0000,True,True
74.3881,12.3739,9.0000,-198.9984,0.03408,0.0000,1.0000,0.0000,True,True
74.3974,12.3609,9.0000,-199.0316,0.03560,0.0000,1.0000,0.0000,True,True
74.4053,12.3490,9.0000,-199.0621,0.03276,0.0000,1.0000,0.0000,True,True
74.4135,12.3372,9.0000,-199.0923,0.03249,0.0000,1.0000,0.0000,True,True
74.4218,12.3255,9.0000,-199.1221,0.03199,0.0000,1.0000,0.0000,True,True
74.4302,12.3141,9.0000,-199.1514,0.03145,0.0000,1.0000,0.0000,True,True
74.4385,12.3028,9.0000,-199.1803,0.03095,0.0000,1.0000,0.0000,True,True
74.4470,12.2918,9.0000,-199.2086,0.03042,0.0000,1.0000,0.0000,True,True
74.4552,12.2809,9.0000,-199.2364,0.02988,0.0000,1.0000,0.0000,True,True
74.4636,12.2702,9.0000,-199.2638,0.02939,0.0000,1.0000,0.0000,True,True
74.4719,12.2597,9.0000,-199.2907,0.02885,0.0000,1.0000,0.0000,True,True
74.4803,12.2494,9.0000,-199.3171,0.02839,0.0000,1.0000,0.0000,True,True
74.4885,12.2393,9.0000,-199.3430,0.02774,0.0000,1.0000,0.0000,True,True
74.4970,12.2293,9.0000,-199.3684,0.02729,0.0000,1.0000,0.0000,True,True
74.5052,12.2196,9.0000,-199.3933,0.02675,0.0000,1.0000,0.0000,True,True
74.5136,12.2100,9.0000,-199.4177,0.02625,0.0000,1.0000,0.0000,True,True
74.5219,12.2007,9.0000,-199.4417,0.02572,0.0000,1.0000,0.0000,True,True
74.5303,12.1915,9.0000,-199.4652,0.02521,0.0000,1.0000,0.0000,True,True
74.5385,12.1825,9.0000,-199.4882,0.02467,0.0000,1.0000,0.0000,True,True
74.5470,12.1737,9.0000,-199.5107,0.02420,0.0000,1.0000,0.0000,True,True
74.5552,12.1651,9.0000,-199.5327,0.02362,0.0000,1.0000,0.0000,True,True
74.5642,12.1567,9.0000,-199.5543,0.02318,0.0000,1.0000,0.0000,True,True
74.5719,12.1485,9.0000,-199.5753,0.02251,0.0000,1.0000,0.0000,True,True
74.5804,12.1405,9.0000,-199.5958,0.02207,0.0000,1.0000,0.0000,True,True
74.5885,12.1326,9.0000,-199.6159,0.02153,0.0000,1.0000,0.0000,True,True
74.5970,12.1250,9.0000,-199.6354,0.02102,0.0000,1.0000,0.0000,True,True
74.6052,12.1175,9.0000,-199.6545,0.02049,0.0000,1.0000,0.0000,True,True
74.6138,12.1102,9.0000,-199.6732,0.02005,0.0000,1.0000,0.0000,True,True
74.6219,12.1032,9.0000,-199.6913,0.01938,0.0000,1.0000,0.0000,True,True
74.6306,12.0963,9.0000,-199.7089,0.01894,0.0000,1.0000,0.0000,True,True
74.6385,12.0896,9.0000,-199.7260,0.01840,0.0000,1.0000,0.0000,True,True
74.6470,12.0831,9.0000,-199.7427,0.01791,0.0000,1.0000,0.0000,True,True
74.6553,12.0767,9.0000,-199.7589,0.01737,0.0000,1.0000,0.0000,True,True
74.6636,12.0706,9.0000,-199.7746,0.01689,0.0000,1.0000,0.0000,True,True
74.6719,12.0647,9.0000,-199.7898,0.01628,0.0000,1.0000,0.0000,True,True
74.6807,12.0589,9.0000,-199.8045,0.01581,0.0000,1.0000,0.0000,True,True
74.6886,12.0533,9.0000,-199.8187,0.01527,0.0000,1.0000,0.0000,True,True
74.6969,12.0480,9.0000,-199.8325,0.01479,0.0000,1.0000,0.0000,True,True
74.7052,12.0428,9.0000,-199.8458,0.01430,0.0000,1.0000,0.0000,True,True
74.7138,12.0377,9.0000,-199.8587,0.01383,0.0000,1.0000,0.0000,True,True
74.7219,12.0329,9.0000,-199.8711,0.01334,0.0000,1.0000,0.0000,True,True
74.7303,12.0282,9.0000,-199.8831,0.01289,0.0000,1.0000,0.0000,True,True
74.7385,12.0237,9.0000,-199.8947,0.01240,0.0000,1.0000,0.0000,True,True
74.7472,12.0193,9.0000,-199.9059,0.01199,0.0000,1.0000,0.0000,True,True
74.7552,12.0151,9.0000,-199.9166,0.01155,0.0000,1.0000,0.0000,True,True
74.7637,12.0110,9.0000,-199.9270,0.01116,0.0000,1.0000,0.0000,True,True
74.7719,12.0071,9.0000,-199.9370,0.01076,0.0000,1.0000,0.0000,True,True
74.7802,12.0033,9.0000,-199.9467,0.01040,0.0000,1.0000,0.0000,True,True
74.7885,11.9997,9.0000,-199.9561,0.01006,0.0000,1.0000,0.0000,True,True
74.7969,11.9961,9.0000,-199.9652,0.00978,0.0000,1.0000,0.0000,True,True
74.8052,11.9926,9.0000,-199.9741,0.00953,0.0000,1.0000,0.0000,True,True
74.8136,11.9892,9.0000,-199.9828,0.00934,0.0000,1.0000,0.0000,True,True
74.8219,11.9892,9.0000,-199.9828,0.00000,0.0000,1.0000,0.0000,True,True
74.8303,11.9891,9.0000,-199.9833,0.00052,0.0000,1.0000,0.0000,True,True
74.8386,11.9888,9.0000,-199.9843,0.00105,0.0000,1.0000,0.0000,True,True
74.8469,11.9884,9.0000,-199.9858,0.00157,0.0000,1.0000,0.0000,True,True
74.8552,11.9878,9.0000,-199.9878,0.00209,0.0000,1.0000,0.0000,True,True
74.8637,11.9871,9.0000,-199.9903,0.00262,0.0000,1.0000,0.0000,True,True
74.8719,11.9862,9.0000,-199.9933,0.00314,0.0000,1.0000,0.0000,True,True
74.8804,11.9852,9.0000,-199.9969,0.00367,0.0000,1.0000,0.0000,True,True
74.8886,11.9841,9.0000,-200.0009,0.00419,0.0000,1.0000,0.0000,True,True
74.8971,11.9828,9.0000,-200.0054,0.00471,0.0000,1.0000,0.0000,True,True
74.9052,11.9813,9.0000,-200.0105,0.00524,0.0000,1.0000,0.0000,True,True
74.9136,11.9797,9.0000,-200.0160,0.00576,0.0000,1.0000,0.0000,True,True
74.9219,11.9780,9.0000,-200.0220,0.00628,0.0000,1.0000,0.0000,True,True
74.9305,11.9761,9.0000,-200.0286,0.00682,0.0000,1.0000,0.0000,True,True
74.9385,11.9741,9.0000,-200.0356,0.00732,0.0000,1.0000,0.0000,True,True
74.9469,11.9720,9.0000,-200.0432,0.00786,0.0000,1.0000,0.0000,True,True
74.9552,11.9697,9.0000,-200.0512,0.00836,0.0000,1.0000,0.0000,True,True
74.9637,11.9672,9.0000,-200.0598,0.00889,0.0000,1.0000,0.0000,True,True
74.9719,11.9646,9.0000,-200.0688,0.00940,0.0000,1.0000,0.0000,True,True
74.9803,11.9619,9.0000,-200.0784,0.00992,0.0000,1.0000,0.0000,True,True
74.9885,11.9590,9.0000,-200.0884,0.01043,0.0000,1.0000,0.0000,True,True
74.9970,11.9560,9.0000,-200.0989,0.01097,0.0000,1.0000,0.0000,True,True
75.0052,11.9529,9.0000,-200.1100,0.01147,0.0000,1.0000,0.0000,True,True
75.0137,11.9496,9.0000,-200.1215,0.01200,0.0000,1.0000,0.0000,True,True
75.0219,11.9461,9.0000,-200.1335,0.01251,0.0000,1.0000,0.0000,True,True
75.0303,11.9425,9.0000,-200.1461,0.01305,0.0000,1.0000,0.0000,True,True
75.0386,11.9388,9.0000,-200.1591,0.01355,0.0000,1.0000,0.0000,True,True
75.0472,11.9349,9.0000,-200.1726,0.01408,0.0000,1.0000,0.0000,True,True
75.0552,11.9309,9.0000,-200.1866,0.01459,0.0000,1.0000,0.0000,True,True
75.0636,11.9268,9.0000,-200.2012,0.01511,0.0000,1.0000,0.0000,True,True
75.0719,11.9225,9.0000,-200.2162,0.01562,0.0000,1.0000,0.0000,True,True
75.0803,11.9180,9.0000,-200.2317,0.01616,0.0000,1.0000,0.0000,True,True
75.0886,11.9134,9.0000,-200.2477,0.01666,0.0000,1.0000,0.0000,True,True
75.0970,11.9087,9.0000,-200.2643,0.01720,0.0000,1.0000,0.0000,True,True
75.1052,11.9038,9.0000,-200.2813,0.01771,0.0000,1.0000,0.0000,True,True
75.1137,11.8988,9.0000,-200.2988,0.01824,0.0000,1.0000,0.0000,True,True
75.1219,11.8937,9.0000,-200.3169,0.01876,0.0000,1.0000,0.0000,True,True
75.1303,11.8884,9.0000,-200.3354,0.01928,0.0000,1.0000,0.0000,True,True
75.1385,11.8829,9.0000,-200.3544,0.01979,0.0000,1.0000,0.0000,True,True
75.1469,11.8773,9.0000,-200.3740,0.02033,0.0000,1.0000,0.0000,True,True
75.1553,11.8716,9.0000,-200.3940,0.02084,0.0000,1.0000,0.0000,True,True
75.1636,11.8657,9.0000,-200.4146,0.02136,0.0000,1.0000,0.0000,True,True
75.1719,11.8597,9.0000,-200.4356,0.02187,0.0000,1.0000,0.0000,True,True
75.1803,11.8535,9.0000,-200.4571,0.02241,0.0000,1.0000,0.0000,True,True
75.1886,11.8472,9.0000,-200.4792,0.02292,0.0000,1.0000,0.0000,True,True
75.1970,11.8408,9.0000,-200.5017,0.02346,0.0000,1.0000,0.0000,True,True
75.2052,11.8342,9.0000,-200.5248,0.02396,0.0000,1.0000,0.0000,True,True
75.2136,11.8275,9.0000,-200.5483,0.02451,0.0000,1.0000,0.0000,True,True
75.2219,11.8206,9.0000,-200.5724,0.02500,0.0000,1.0000,0.0000,True,True
75.2303,11.8136,9.0000,-200.5969,0.02552,0.0000,1.0000,0.0000,True,True
75.2385,11.8064,9.0000,-200.6219,0.02603,0.0000,1.0000,0.0000,True,True
75.2471,11.7991,9.0000,-200.6475,0.02657,0.0000,1.0000,0.0000,True,True
75.2552,11.7917,9.0000,-200.6735,0.02706,0.0000,1.0000,0.0000,True,True
75.2638,11.7840,9.0000,-200.7001,0.02765,0.0000,1.0000,0.0000,True,True
75.2719,11.7763,9.0000,-200.7271,0.02811,0.0000,1.0000,0.0000,True,True
75.2804,11.7684,9.0000,-200.7546,0.02865,0.0000,1.0000,0.0000,True,True
75.2886,11.7604,9.0000,-200.7826,0.02914,0.0000,1.0000,0.0000,True,True
75.2971,11.7522,9.0000,-200.8112,0.02973,0.0000,1.0000,0.0000,True,True
75.3053,11.7439,9.0000,-200.8402,0.03017,0.0000,1.0000,0.0000,True,True
75.3136,11.7355,9.0000,-200.8698,0.03073,0.0000,1.0000,0.0000,True,True
75.3219,11.7269,9.0000,-200.8998,0.03123,0.0000,1.0000,0.0000,True,True
75.3303,11.7182,9.0000,-200.9303,0.03177,0.0000,1.0000,0.0000,True,True
75.3386,11.7093,9.0000,-200.9614,0.03228,0.0000,1.0000,0.0000,True,True
75.3470,11.7003,9.0000,-200.9930,0.03284,0.0000,1.0000,0.0000,True,True
75.3553,11.6911,9.0000,-201.0250,0.03331,0.0000,1.0000,0.0000,True,True
75.3637,11.6818,9.0000,-201.0575,0.03387,0.0000,1.0000,0.0000,True,True
75.3720,11.6723,9.0000,-201.0906,0.03438,0.0000,1.0000,0.0000,True,True
75.3804,11.6627,9.0000,-201.1242,0.03493,0.0000,1.0000,0.0000,True,True
75.3886,11.6530,9.0000,-201.1582,0.03542,0.0000,1.0000,0.0000,True,True
75.3971,11.6431,9.0000,-201.1928,0.03598,0.0000,1.0000,0.0000,True,True
75.4053,11.6331,9.0000,-201.2279,0.03647,0.0000,1.0000,0.0000,True,True
75.4137,11.6229,9.0000,-201.2635,0.03703,0.0000,1.0000,0.0000,True,True
75.4219,11.6126,9.0000,-201.2996,0.03752,0.0000,1.0000,0.0000,True,True
75.4303,11.6021,9.0000,-201.3362,0.03806,0.0000,1.0000,0.0000,True,True
75.4386,11.5915,9.0000,-201.3732,0.03858,0.0000,1.0000,0.0000,True,True
75.4471,11.5807,9.0000,-201.4109,0.03912,0.0000,1.0000,0.0000,True,True
75.4553,11.5698,9.0000,-201.4489,0.03960,0.0000,1.0000,0.0000,True,True
75.4636,11.5588,9.0000,-201.4875,0.04017,0.0000,1.0000,0.0000,True,True
75.4720,11.5476,9.0000,-201.5266,0.04066,0.0000,1.0000,0.0000,True,True
75.4804,11.5363,9.0000,-201.5663,0.04122,0.0000,1.0000,0.0000,True,True
75.4886,11.5248,9.0000,-201.6064,0.04171,0.0000,1.0000,0.0000,True,True
75.4973,11.5132,9.0000,-201.6471,0.04233,0.0000,1.0000,0.0000,True,True
75.5053,11.5014,9.0000,-201.6881,0.04268,0.0000,1.0000,0.0000,True,True
75.5139,11.4895,9.0000,-201.7298,0.04336,0.0000,1.0000,0.0000,True,True
75.5219,11.4775,9.0000,-201.7719,0.04376,0.0000,1.0000,0.0000,True,True
75.5303,11.4653,9.0000,-201.8145,0.04436,0.0000,1.0000,0.0000,True,True
75.5386,11.4529,9.0000,-201.8576,0.04484,0.0000,1.0000,0.0000,True,True
75.5471,11.4405,9.0000,-201.9009,0.04504,0.0000,1.0000,0.0000,True,True
75.5553,11.4282,9.0000,-201.9441,0.04496,0.0000,1.0000,0.0000,True,True
75.5637,11.4158,9.0000,-201.9874,0.04501,0.0000,1.0000,0.0000,True,True
75.5720,11.4034,9.0000,-202.0307,0.04499,0.0000,1.0000,0.0000,True,True
75.5804,11.3910,9.0000,-202.0739,0.04501,0.0000,1.0000,0.0000,True,True
75.5886,11.3787,9.0000,-202.1172,0.04499,0.0000,1.0000,0.0000,True,True
75.5970,11.3663,9.0000,-202.1605,0.04501,0.0000,1.0000,0.0000,True,True
75.6053,11.3539,9.0000,-202.2037,0.04499,0.0000,1.0000,0.0000,True,True
75.6137,11.3415,9.0000,-202.2470,0.04501,0.0000,1.0000,0.0000,True,True
75.6219,11.3291,9.0000,-202.2903,0.04499,0.0000,1.0000,0.0000,True,True
75.6303,11.3168,9.0000,-202.3335,0.04499,0.0000,1.0000,0.0000,True,True
75.6386,11.3044,9.0000,-202.3768,0.04503,0.0000,1.0000,0.0000,True,True
75.6470,11.2920,9.0000,-202.4201,0.04499,0.0000,1.0000,0.0000,True,True
75.6553,11.2796,9.0000,-202.4633,0.04499,0.0000,1.0000,0.0000,True,True
75.6636,11.2673,9.0000,-202.5066,0.04501,0.0000,1.0000,0.0000,True,True
75.6720,11.2549,9.0000,-202.5499,0.04499,0.0000,1.0000,0.0000,True,True
75.6804,11.2425,9.0000,-202.5932,0.04511,0.0000,1.0000,0.0000,True,True
75.6886,11.2301,9.0000,-202.6364,0.04490,0.0000,1.0000,0.0000,True,True
75.6971,11.2177,9.0000,-202.6797,0.04501,0.0000,1.0000,0.0000,True,True
75.7053,11.2054,9.0000,-202.7229,0.04498,0.0000,1.0000,0.0000,True,True
75.7137,11.1930,9.0000,-202.7662,0.04503,0.0000,1.0000,0.0000,True,True
75.7219,11.1806,9.0000,-202.8094,0.04498,0.0000,1.0000,0.0000,True,True
75.7303,11.1682,9.0000,-202.8527,0.04503,0.0000,1.0000,0.0000,True,True
75.7386,11.1559,9.0000,-202.8960,0.04498,0.0000,1.0000,0.0000,True,True
75.7470,11.1435,9.0000,-202.9393,0.04503,0.0000,1.0000,0.0000,True,True
75.7553,11.1311,9.0000,-202.9825,0.04498,0.0000,1.0000,0.0000,True,True
75.7637,11.1187,9.0000,-203.0258,0.04501,0.0000,1.0000,0.0000,True,True
75.7720,11.1064,9.0000,-203.0690,0.04499,0.0000,1.0000,0.0000,True,True
75.7804,11.0940,9.0000,-203.1124,0.04509,0.0000,1.0000,0.0000,True,True
75.7887,11.0816,9.0000,-203.1557,0.04499,0.0000,1.0000,0.0000,True,True
75.7970,11.0693,9.0000,-203.1987,0.04472,0.0000,1.0000,0.0000,True,True
75.8053,11.0571,9.0000,-203.2411,0.04418,0.0000,1.0000,0.0000,True,True
75.8137,11.0451,9.0000,-203.2831,0.04369,0.0000,1.0000,0.0000,True,True
75.8220,11.0332,9.0000,-203.3246,0.04314,0.0000,1.0000,0.0000,True,True
75.8303,11.0215,9.0000,-203.3656,0.04265,0.0000,1.0000,0.0000,True,True
75.8386,11.0099,9.0000,-203.4061,0.04209,0.0000,1.0000,0.0000,True,True
75.8470,10.9985,9.0000,-203.4461,0.04160,0.0000,1.0000,0.0000,True,True
75.8553,10.9872,9.0000,-203.4855,0.04106,0.0000,1.0000,0.0000,True,True
75.8637,10.9761,9.0000,-203.5245,0.04055,0.0000,1.0000,0.0000,True,True
75.8720,10.9650,9.0000,-203.5630,0.04001,0.0000,1.0000,0.0000,True,True
75.8804,10.9542,9.0000,-203.6010,0.03952,0.0000,1.0000,0.0000,True,True
75.8887,10.9435,9.0000,-203.6385,0.03898,0.0000,1.0000,0.0000,True,True
75.8970,10.9329,9.0000,-203.6754,0.03846,0.0000,1.0000,0.0000,True,True
75.9053,10.9224,9.0000,-203.7119,0.03795,0.0000,1.0000,0.0000,True,True
75.9138,10.9121,9.0000,-203.7480,0.03750,0.0000,1.0000,0.0000,True,True
75.9220,10.9020,9.0000,-203.7835,0.03692,0.0000,1.0000,0.0000,True,True
75.9304,10.8920,9.0000,-203.8185,0.03641,0.0000,1.0000,0.0000,True,True
75.9387,10.8821,9.0000,-203.8530,0.03587,0.0000,1.0000,0.0000,True,True
75.9470,10.8724,9.0000,-203.8870,0.03536,0.0000,1.0000,0.0000,True,True
75.9554,10.8628,9.0000,-203.9205,0.03484,0.0000,1.0000,0.0000,True,True
75.9637,10.8534,9.0000,-203.9535,0.03433,0.0000,1.0000,0.0000,True,True
75.9721,10.8441,9.0000,-203.9860,0.03380,0.0000,1.0000,0.0000,True,True
75.9806,10.8349,9.0000,-204.0180,0.03330,0.0000,1.0000,0.0000,True,True
75.9887,10.8259,9.0000,-204.0495,0.03276,0.0000,1.0000,0.0000,True,True
75.9970,10.8170,9.0000,-204.0805,0.03225,0.0000,1.0000,0.0000,True,True
76.0053,10.8083,9.0000,-204.1110,0.03171,0.0000,1.0000,0.0000,True,True
76.0138,10.7997,9.0000,-204.1410,0.03122,0.0000,1.0000,0.0000,True,True
76.0220,10.7913,9.0000,-204.1705,0.03066,0.0000,1.0000,0.0000,True,True
76.0304,10.7830,9.0000,-204.1994,0.03015,0.0000,1.0000,0.0000,True,True
76.0386,10.7748,9.0000,-204.2279,0.02961,0.0000,1.0000,0.0000,True,True
76.0470,10.7668,9.0000,-204.2559,0.02912,0.0000,1.0000,0.0000,True,True
76.0553,10.7590,9.0000,-204.2834,0.02860,0.0000,1.0000,0.0000,True,True
76.0637,10.7512,9.0000,-204.3104,0.02809,0.0000,1.0000,0.0000,True,True
76.0720,10.7437,9.0000,-204.3369,0.02755,0.0000,1.0000,0.0000,True,True
76.0804,10.7362,9.0000,-204.3629,0.02704,0.0000,1.0000,0.0000,True,True
76.0887,10.7289,9.0000,-204.3884,0.02650,0.0000,1.0000,0.0000,True,True
76.0971,10.7218,9.0000,-204.4134,0.02601,0.0000,1.0000,0.0000,True,True
76.1053,10.7148,9.0000,-204.4379,0.02546,0.0000,1.0000,0.0000,True,True
76.1138,10.7079,9.0000,-204.4619,0.02496,0.0000,1.0000,0.0000,True,True
76.1220,10.7012,9.0000,-204.4854,0.02443,0.0000,1.0000,0.0000,True,True
76.1304,10.6946,9.0000,-204.5084,0.02392,0.0000,1.0000,0.0000,True,True
76.1387,10.6882,9.0000,-204.5308,0.02338,0.0000,1.0000,0.0000,True,True
76.1470,10.6819,9.0000,-204.5528,0.02287,0.0000,1.0000,0.0000,True,True
76.1553,10.6757,9.0000,-204.5743,0.02233,0.0000,1.0000,0.0000,True,True
76.1637,10.6697,9.0000,-204.5953,0.02182,0.0000,1.0000,0.0000,True,True
76.1720,10.6639,9.0000,-204.6157,0.02128,0.0000,1.0000,0.0000,True,True
76.1803,10.6582,9.0000,-204.6357,0.02078,0.0000,1.0000,0.0000,True,True
76.1886,10.6526,9.0000,-204.6552,0.02024,0.0000,1.0000,0.0000,True,True
76.1971,10.6472,9.0000,-204.6741,0.01974,0.0000,1.0000,0.0000,True,True
76.2053,10.6419,9.0000,-204.6926,0.01919,0.0000,1.0000,0.0000,True,True
76.2137,10.6368,9.0000,-204.7106,0.01868,0.0000,1.0000,0.0000,True,True
76.2220,10.6318,9.0000,-204.7280,0.01814,0.0000,1.0000,0.0000,True,True
76.2304,10.6269,9.0000,-204.7450,0.01765,0.0000,1.0000,0.0000,True,True
76.2387,10.6222,9.0000,-204.7614,0.01711,0.0000,1.0000,0.0000,True,True
76.2472,10.6176,9.0000,-204.7774,0.01660,0.0000,1.0000,0.0000,True,True
76.2553,10.6132,9.0000,-204.7928,0.01606,0.0000,1.0000,0.0000,True,True
76.2637,10.6089,9.0000,-204.8078,0.01555,0.0000,1.0000,0.0000,True,True
76.2720,10.6048,9.0000,-204.8222,0.01503,0.0000,1.0000,0.0000,True,True
76.2803,10.6008,9.0000,-204.8362,0.01451,0.0000,1.0000,0.0000,True,True
76.2887,10.5970,9.0000,-204.8496,0.01398,0.0000,1.0000,0.0000,True,True
76.2972,10.5933,9.0000,-204.8626,0.01347,0.0000,1.0000,0.0000,True,True
76.3053,10.5897,9.0000,-204.8750,0.01295,0.0000,1.0000,0.0000,True,True
76.3138,10.5863,9.0000,-204.8870,0.01244,0.0000,1.0000,0.0000,True,True
76.3220,10.5830,9.0000,-204.8984,0.01192,0.0000,1.0000,0.0000,True,True
76.3304,10.5799,9.0000,-204.9094,0.01141,0.0000,1.0000,0.0000,True,True
76.3387,10.5769,9.0000,-204.9199,0.01089,0.0000,1.0000,0.0000,True,True
76.3470,10.5740,9.0000,-204.9299,0.01043,0.0000,1.0000,0.0000,True,True
76.3553,10.5713,9.0000,-204.9395,0.01000,0.0000,1.0000,0.0000,True,True
76.3637,10.5686,9.0000,-204.9488,0.00962,0.0000,1.0000,0.0000,True,True
76.3720,10.5661,9.0000,-204.9577,0.00925,0.0000,1.0000,0.0000,True,True
76.3804,10.5636,9.0000,-204.9662,0.00892,0.0000,1.0000,0.0000,True,True
76.3887,10.5612,9.0000,-204.9745,0.00863,0.0000,1.0000,0.0000,True,True
76.3971,10.5589,9.0000,-204.9826,0.00841,0.0000,1.0000,0.0000,True,True
76.4053,10.5589,9.0000,-204.9826,0.00000,0.0000,1.0000,0.0000,True,True
76.4137,10.5589,9.0000,-204.9831,0.00052,0.0000,1.0000,0.0000,True,True
76.4220,10.5588,9.0000,-204.9842,0.00104,0.0000,1.0000,0.0000,True,True
76.4304,10.5586,9.0000,-204.9857,0.00157,0.0000,1.0000,0.0000,True,True
76.4387,10.5584,9.0000,-204.9878,0.00209,0.0000,1.0000,0.0000,True,True
76.4473,10.5581,9.0000,-204.9904,0.00261,0.0000,1.0000,0.0000,True,True
76.4554,10.5577,9.0000,-204.9935,0.00312,0.0000,1.0000,0.0000,True,True
76.4637,10.5573,9.0000,-204.9971,0.00364,0.0000,1.0000,0.0000,True,True
76.4720,10.5569,9.0000,-205.0013,0.00416,0.0000,1.0000,0.0000,True,True
76.4805,10.5563,9.0000,-205.0059,0.00471,0.0000,1.0000,0.0000,True,True
76.4887,10.5558,9.0000,-205.0111,0.00519,0.0000,1.0000,0.0000,True,True
76.4972,10.5551,9.0000,-205.0168,0.00573,0.0000,1.0000,0.0000,True,True
76.5053,10.5544,9.0000,-205.0230,0.00625,0.0000,1.0000,0.0000,True,True
76.5137,10.5537,9.0000,-205.0297,0.00677,0.0000,1.0000,0.0000,True,True
76.5220,10.5529,9.0000,-205.0370,0.00728,0.0000,1.0000,0.0000,True,True
76.5304,10.5520,9.0000,-205.0447,0.00781,0.0000,1.0000,0.0000,True,True
76.5387,10.5511,9.0000,-205.0530,0.00832,0.0000,1.0000,0.0000,True,True
76.5470,10.5501,9.0000,-205.0618,0.00886,0.0000,1.0000,0.0000,True,True
76.5554,10.5491,9.0000,-205.0711,0.00937,0.0000,1.0000,0.0000,True,True
76.5638,10.5480,9.0000,-205.0809,0.00989,0.0000,1.0000,0.0000,True,True
76.5720,10.5468,9.0000,-205.0913,0.01039,0.0000,1.0000,0.0000,True,True
76.5804,10.5456,9.0000,-205.1021,0.01093,0.0000,1.0000,0.0000,True,True
76.5887,10.5443,9.0000,-205.1135,0.01145,0.0000,1.0000,0.0000,True,True
76.5973,10.5430,9.0000,-205.1256,0.01216,0.0000,1.0000,0.0000,True,True
76.6054,10.5416,9.0000,-205.1378,0.01230,0.0000,1.0000,0.0000,True,True
76.6137,10.5402,9.0000,-205.1507,0.01300,0.0000,1.0000,0.0000,True,True
76.6221,10.5387,9.0000,-205.1642,0.01354,0.0000,1.0000,0.0000,True,True
76.6304,10.5371,9.0000,-205.1782,0.01406,0.0000,1.0000,0.0000,True,True
76.6387,10.5355,9.0000,-205.1927,0.01457,0.0000,1.0000,0.0000,True,True
76.6472,10.5339,9.0000,-205.2077,0.01511,0.0000,1.0000,0.0000,True,True
76.6554,10.5321,9.0000,-205.2232,0.01561,0.0000,1.0000,0.0000,True,True
76.6637,10.5303,9.0000,-205.2392,0.01615,0.0000,1.0000,0.0000,True,True
76.6721,10.5285,9.0000,-205.2558,0.01666,0.0000,1.0000,0.0000,True,True
76.6804,10.5266,9.0000,-205.2729,0.01720,0.0000,1.0000,0.0000,True,True
76.6887,10.5246,9.0000,-205.2905,0.01770,0.0000,1.0000,0.0000,True,True
76.6971,10.5226,9.0000,-205.3086,0.01824,0.0000,1.0000,0.0000,True,True
76.7054,10.5205,9.0000,-205.3272,0.01875,0.0000,1.0000,0.0000,True,True
76.7137,10.5184,9.0000,-205.3464,0.01928,0.0000,1.0000,0.0000,True,True
76.7220,10.5162,9.0000,-205.3661,0.01979,0.0000,1.0000,0.0000,True,True
76.7304,10.5140,9.0000,-205.3863,0.02031,0.0000,1.0000,0.0000,True,True
76.7387,10.5117,9.0000,-205.4070,0.02082,0.0000,1.0000,0.0000,True,True
76.7472,10.5093,9.0000,-205.4282,0.02136,0.0000,1.0000,0.0000,True,True
76.7555,10.5069,9.0000,-205.4500,0.02192,0.0000,1.0000,0.0000,True,True
76.7637,10.5044,9.0000,-205.4722,0.02234,0.0000,1.0000,0.0000,True,True
76.7721,10.5019,9.0000,-205.4949,0.02292,0.0000,1.0000,0.0000,True,True
76.7804,10.4993,9.0000,-205.5182,0.02344,0.0000,1.0000,0.0000,True,True
76.7887,10.4966,9.0000,-205.5421,0.02397,0.0000,1.0000,0.0000,True,True
76.7973,10.4939,9.0000,-205.5664,0.02449,0.0000,1.0000,0.0000,True,True
76.8054,10.4911,9.0000,-205.5913,0.02501,0.0000,1.0000,0.0000,True,True
76.8137,10.4883,9.0000,-205.6166,0.02553,0.0000,1.0000,0.0000,True,True
76.8221,10.4854,9.0000,-205.6425,0.02605,0.0000,1.0000,0.0000,True,True
76.8304,10.4825,9.0000,-205.6689,0.02658,0.0000,1.0000,0.0000,True,True
76.8387,10.4795,9.0000,-205.6959,0.02708,0.0000,1.0000,0.0000,True,True
76.8471,10.4764,9.0000,-205.7233,0.02764,0.0000,1.0000,0.0000,True,True
76.8554,10.4733,9.0000,-205.7513,0.02813,0.0000,1.0000,0.0000,True,True
76.8638,10.4701,9.0000,-205.7798,0.02868,0.0000,1.0000,0.0000,True,True
76.8720,10.4669,9.0000,-205.8088,0.02917,0.0000,1.0000,0.0000,True,True
76.8805,10.4636,9.0000,-205.8383,0.02972,0.0000,1.0000,0.0000,True,True
76.8887,10.4603,9.0000,-205.8683,0.03022,0.0000,1.0000,0.0000,True,True
76.8971,10.4569,9.0000,-205.8989,0.03077,0.0000,1.0000,0.0000,True,True
76.9053,10.4534,9.0000,-205.9300,0.03126,0.0000,1.0000,0.0000,True,True
76.9138,10.4499,9.0000,-205.9616,0.03181,0.0000,1.0000,0.0000,True,True
76.9220,10.4463,9.0000,-205.9937,0.03230,0.0000,1.0000,0.0000,True,True
76.9305,10.4427,9.0000,-206.0264,0.03286,0.0000,1.0000,0.0000,True,True
76.9387,10.4390,9.0000,-206.0595,0.03335,0.0000,1.0000,0.0000,True,True
76.9471,10.4352,9.0000,-206.0932,0.03390,0.0000,1.0000,0.0000,True,True
76.9554,10.4314,9.0000,-206.1274,0.03439,0.0000,1.0000,0.0000,True,True
76.9637,10.4275,9.0000,-206.1621,0.03494,0.0000,1.0000,0.0000,True,True
76.9721,10.4236,9.0000,-206.1973,0.03542,0.0000,1.0000,0.0000,True,True
76.9804,10.4196,9.0000,-206.2331,0.03597,0.0000,1.0000,0.0000,True,True
76.9887,10.4156,9.0000,-206.2693,0.03646,0.0000,1.0000,0.0000,True,True
76.9972,10.4115,9.0000,-206.3062,0.03717,0.0000,1.0000,0.0000,True,True
77.0054,10.4073,9.0000,-206.3434,0.03737,0.0000,1.0000,0.0000,True,True
77.0137,10.4031,9.0000,-206.3812,0.03805,0.0000,1.0000,0.0000,True,True
77.0220,10.3989,9.0000,-206.4195,0.03857,0.0000,1.0000,0.0000,True,True
77.0304,10.3945,9.0000,-206.4584,0.03909,0.0000,1.0000,0.0000,True,True
77.0387,10.3902,9.0000,-206.4977,0.03958,0.0000,1.0000,0.0000,True,True
77.0471,10.3857,9.0000,-206.5376,0.04013,0.0000,1.0000,0.0000,True,True
77.0554,10.3812,9.0000,-206.5780,0.04064,0.0000,1.0000,0.0000,True,True
77.0637,10.3767,9.0000,-206.6189,0.04116,0.0000,1.0000,0.0000,True,True
77.0720,10.3720,9.0000,-206.6603,0.04170,0.0000,1.0000,0.0000,True,True
77.0804,10.3674,9.0000,-206.7023,0.04222,0.0000,1.0000,0.0000,True,True
77.0887,10.3626,9.0000,-206.7448,0.04271,0.0000,1.0000,0.0000,True,True
77.0972,10.3578,9.0000,-206.7878,0.04328,0.0000,1.0000,0.0000,True,True
77.1054,10.3530,9.0000,-206.8313,0.04377,0.0000,1.0000,0.0000,True,True
77.1140,10.3481,9.0000,-206.8753,0.04431,0.0000,1.0000,0.0000,True,True
77.1220,10.3431,9.0000,-206.9198,0.04479,0.0000,1.0000,0.0000,True,True
77.1305,10.3381,9.0000,-206.9646,0.04503,0.0000,1.0000,0.0000,True,True
77.1387,10.3332,9.0000,-207.0093,0.04497,0.0000,1.0000,0.0000,True,True
77.1472,10.3282,9.0000,-207.0540,0.04503,0.0000,1.0000,0.0000,True,True
77.1554,10.3232,9.0000,-207.0987,0.04497,0.0000,1.0000,0.0000,True,True
77.1637,10.3182,9.0000,-207.1435,0.04503,0.0000,1.0000,0.0000,True,True
77.1720,10.3132,9.0000,-207.1882,0.04497,0.0000,1.0000,0.0000,True,True
77.1805,10.3083,9.0000,-207.2329,0.04505,0.0000,1.0000,0.0000,True,True
77.1887,10.3033,9.0000,-207.2776,0.04497,0.0000,1.0000,0.0000,True,True
77.1971,10.2983,9.0000,-207.3224,0.04502,0.0000,1.0000,0.0000,True,True
77.2054,10.2933,9.0000,-207.3671,0.04498,0.0000,1.0000,0.0000,True,True
77.2137,10.2883,9.0000,-207.4118,0.04502,0.0000,1.0000,0.0000,True,True
77.2220,10.2833,9.0000,-207.4565,0.04498,0.0000,1.0000,0.0000,True,True
77.2306,10.2784,9.0000,-207.5013,0.04503,0.0000,1.0000,0.0000,True,True
77.2387,10.2734,9.0000,-207.5460,0.04498,0.0000,1.0000,0.0000,True,True
77.2471,10.2684,9.0000,-207.5907,0.04502,0.0000,1.0000,0.0000,True,True
77.2554,10.2634,9.0000,-207.6354,0.04497,0.0000,1.0000,0.0000,True,True
77.2637,10.2584,9.0000,-207.6802,0.04503,0.0000,1.0000,0.0000,True,True
77.2721,10.2534,9.0000,-207.7249,0.04500,0.0000,1.0000,0.0000,True,True
77.2804,10.2485,9.0000,-207.7696,0.04500,0.0000,1.0000,0.0000,True,True
77.2887,10.2435,9.0000,-207.8143,0.04498,0.0000,1.0000,0.0000,True,True
77.2972,10.2385,9.0000,-207.8591,0.04502,0.0000,1.0000,0.0000,True,True
77.3054,10.2335,9.0000,-207.9038,0.04498,0.0000,1.0000,0.0000,True,True
77.3138,10.2285,9.0000,-207.9485,0.04502,0.0000,1.0000,0.0000,True,True
77.3221,10.2236,9.0000,-207.9932,0.04498,0.0000,1.0000,0.0000,True,True
77.3305,10.2186,9.0000,-208.0380,0.04503,0.0000,1.0000,0.0000,True,True
77.3387,10.2136,9.0000,-208.0827,0.04498,0.0000,1.0000,0.0000,True,True
77.3472,10.2086,9.0000,-208.1273,0.04486,0.0000,1.0000,0.0000,True,True
77.3554,10.2037,9.0000,-208.1713,0.04431,0.0000,1.0000,0.0000,True,True
77.3638,10.1989,9.0000,-208.2148,0.04382,0.0000,1.0000,0.0000,True,True
77.3720,10.1941,9.0000,-208.2578,0.04325,0.0000,1.0000,0.0000,True,True
77.3805,10.1893,9.0000,-208.3003,0.04277,0.0000,1.0000,0.0000,True,True
77.3887,10.1847,9.0000,-208.3423,0.04222,0.0000,1.0000,0.0000,True,True
77.3972,10.1800,9.0000,-208.3838,0.04171,0.0000,1.0000,0.0000,True,True
77.4054,10.1755,9.0000,-208.4247,0.04118,0.0000,1.0000,0.0000,True,True
77.4138,10.1710,9.0000,-208.4651,0.04069,0.0000,1.0000,0.0000,True,True
77.4221,10.1665,9.0000,-208.5050,0.04013,0.0000,1.0000,0.0000,True,True
77.4305,10.1622,9.0000,-208.5444,0.03963,0.0000,1.0000,0.0000,True,True
77.4387,10.1578,9.0000,-208.5832,0.03909,0.0000,1.0000,0.0000,True,True
77.4471,10.1536,9.0000,-208.6216,0.03860,0.0000,1.0000,0.0000,True,True
77.4554,10.1493,9.0000,-208.6594,0.03805,0.0000,1.0000,0.0000,True,True
77.4637,10.1452,9.0000,-208.6967,0.03755,0.0000,1.0000,0.0000,True,True
77.4721,10.1411,9.0000,-208.7335,0.03700,0.0000,1.0000,0.0000,True,True
77.4804,10.1370,9.0000,-208.7698,0.03651,0.0000,1.0000,0.0000,True,True
77.4887,10.1331,9.0000,-208.8055,0.03594,0.0000,1.0000,0.0000,True,True
77.4973,10.1291,9.0000,-208.8409,0.03557,0.0000,1.0000,0.0000,True,True
77.5054,10.1253,9.0000,-208.8754,0.03479,0.0000,1.0000,0.0000,True,True
77.5138,10.1215,9.0000,-208.9097,0.03442,0.0000,1.0000,0.0000,True,True
77.5221,10.1177,9.0000,-208.9433,0.03387,0.0000,1.0000,0.0000,True,True
77.5304,10.1140,9.0000,-208.9765,0.03335,0.0000,1.0000,0.0000,True,True
77.5388,10.1104,9.0000,-209.0091,0.03287,0.0000,1.0000,0.0000,True,True
77.5471,10.1068,9.0000,-209.0412,0.03226,0.0000,1.0000,0.0000,True,True
77.5555,10.1033,9.0000,-209.0728,0.03178,0.0000,1.0000,0.0000,True,True
77.5638,10.0998,9.0000,-209.1038,0.03124,0.0000,1.0000,0.0000,True,True
77.5721,10.0964,9.0000,-209.1344,0.03072,0.0000,1.0000,0.0000,True,True
77.5804,10.0931,9.0000,-209.1644,0.03020,0.0000,1.0000,0.0000,True,True
77.5888,10.0898,9.0000,-209.1939,0.02968,0.0000,1.0000,0.0000,True,True
77.5972,10.0866,9.0000,-209.2228,0.02916,0.0000,1.0000,0.0000,True,True
77.6056,10.0834,9.0000,-209.2513,0.02863,0.0000,1.0000,0.0000,True,True
77.6138,10.0803,9.0000,-209.2792,0.02811,0.0000,1.0000,0.0000,True,True
77.6221,10.0772,9.0000,-209.3067,0.02761,0.0000,1.0000,0.0000,True,True
77.6305,10.0742,9.0000,-209.3336,0.02708,0.0000,1.0000,0.0000,True,True
77.6387,10.0713,9.0000,-209.3600,0.02655,0.0000,1.0000,0.0000,True,True
77.6472,10.0684,9.0000,-209.3859,0.02605,0.0000,1.0000,0.0000,True,True
77.6554,10.0656,9.0000,-209.4112,0.02552,0.0000,1.0000,0.0000,True,True
77.6641,10.0628,9.0000,-209.4366,0.02550,0.0000,1.0000,0.0000,True,True
77.6721,10.0601,9.0000,-209.4606,0.02414,0.0000,1.0000,0.0000,True,True
77.6805,10.0574,9.0000,-209.4844,0.02398,0.0000,1.0000,0.0000,True,True
77.6888,10.0548,9.0000,-209.5077,0.02343,0.0000,1.0000,0.0000,True,True
77.6972,10.0523,9.0000,-209.5305,0.02294,0.0000,1.0000,0.0000,True,True
77.7055,10.0498,9.0000,-209.5527,0.02240,0.0000,1.0000,0.0000,True,True
77.7138,10.0474,9.0000,-209.5745,0.02189,0.0000,1.0000,0.0000,True,True
77.7221,10.0450,9.0000,-209.5957,0.02137,0.0000,1.0000,0.0000,True,True
77.7306,10.0427,9.0000,-209.6165,0.02087,0.0000,1.0000,0.0000,True,True
77.7388,10.0405,9.0000,-209.6367,0.02031,0.0000,1.0000,0.0000,True,True
77.7473,10.0383,9.0000,-209.6563,0.01981,0.0000,1.0000,0.0000,True,True
77.7555,10.0361,9.0000,-209.6755,0.01927,0.0000,1.0000,0.0000,True,True
77.7638,10.0341,9.0000,-209.6941,0.01875,0.0000,1.0000,0.0000,True,True
77.7721,10.0321,9.0000,-209.7122,0.01822,0.0000,1.0000,0.0000,True,True
77.7805,10.0301,9.0000,-209.7298,0.01772,0.0000,1.0000,0.0000,True,True
77.7892,10.0282,9.0000,-209.7470,0.01723,0.0000,1.0000,0.0000,True,True
77.7972,10.0263,9.0000,-209.7636,0.01670,0.0000,1.0000,0.0000,True,True
77.8055,10.0245,9.0000,-209.7797,0.01621,0.0000,1.0000,0.0000,True,True
77.8139,10.0228,9.0000,-209.7953,0.01571,0.0000,1.0000,0.0000,True,True
77.8222,10.0211,9.0000,-209.8104,0.01521,0.0000,1.0000,0.0000,True,True
77.8305,10.0195,9.0000,-209.8250,0.01472,0.0000,1.0000,0.0000,True,True
77.8388,10.0179,9.0000,-209.8392,0.01425,0.0000,1.0000,0.0000,True,True
77.8472,10.0164,9.0000,-209.8529,0.01377,0.0000,1.0000,0.0000,True,True
77.8555,10.0149,9.0000,-209.8661,0.01331,0.0000,1.0000,0.0000,True,True
77.8638,10.0135,9.0000,-209.8789,0.01285,0.0000,1.0000,0.0000,True,True
77.8721,10.0121,9.0000,-209.8912,0.01241,0.0000,1.0000,0.0000,True,True
77.8805,10.0108,9.0000,-209.9031,0.01199,0.0000,1.0000,0.0000,True,True
77.8888,10.0095,9.0000,-209.9146,0.01156,0.0000,1.0000,0.0000,True,True
77.8972,10.0083,9.0000,-209.9257,0.01118,0.0000,1.0000,0.0000,True,True
77.9055,10.0071,9.0000,-209.9365,0.01081,0.0000,1.0000,0.0000,True,True
77.9139,10.0059,9.0000,-209.9469,0.01049,0.0000,1.0000,0.0000,True,True
77.9221,10.0048,9.0000,-209.9570,0.01016,0.0000,1.0000,0.0000,True,True
77.9306,10.0037,9.0000,-209.9669,0.00992,0.0000,1.0000,0.0000,True,True
77.9388,10.0026,9.0000,-209.9765,0.00969,0.0000,1.0000,0.0000,True,True
77.9472,10.0026,9.0000,-209.9765,0.00000,0.0000,1.0000,0.0000,True,True
77.9554,10.0024,9.0000,-209.9770,0.00052,0.0000,1.0000,0.0000,True,True
77.9641,10.0021,9.0000,-209.9780,0.00104,0.0000,1.0000,0.0000,True,True
77.9721,10.0015,9.0000,-209.9794,0.00156,0.0000,1.0000,0.0000,True,True
77.9808,10.0008,9.0000,-209.9814,0.00209,0.0000,1.0000,0.0000,True,True
77.9888,9.9999,9.0000,-209.9838,0.00261,0.0000,1.0000,0.0000,True,True
77.9972,9.9988,9.0000,-209.9867,0.00313,0.0000,1.0000,0.0000,True,True
78.0054,9.9975,9.0000,-209.9902,0.00365,0.0000,1.0000,0.0000,True,True
78.0139,9.9960,9.0000,-209.9941,0.00417,0.0000,1.0000,0.0000,True,True
78.0221,9.9944,9.0000,-209.9985,0.00469,0.0000,1.0000,0.0000,True,True
78.0348,9.9915,9.0001,-210.0062,0.00823,0.0000,1.0000,0.0000,True,True
78.0430,9.9893,9.0001,-210.0118,0.00600,0.0000,1.0000,0.0000,True,True
78.0514,9.9870,9.0002,-210.0179,0.00652,0.0000,1.0000,0.0000,True,True
78.0597,9.9846,9.0002,-210.0245,0.00704,0.0000,1.0000,0.0000,True,True
78.0684,9.9818,9.0003,-210.0320,0.00799,0.0000,1.0000,0.0000,True,True
78.0768,9.9789,9.0004,-210.0396,0.00812,0.0000,1.0000,0.0000,True,True
78.0851,9.9759,9.0005,-210.0476,0.00863,0.0000,1.0000,0.0000,True,True
78.0934,9.9726,9.0006,-210.0562,0.00916,0.0000,1.0000,0.0000,True,True
78.1017,9.9692,9.0007,-210.0652,0.00967,0.0000,1.0000,0.0000,True,True
78.1101,9.9656,9.0008,-210.0748,0.01021,0.0000,1.0000,0.0000,True,True
78.1188,9.9617,9.0009,-210.0851,0.01104,0.0000,1.0000,0.0000,True,True
78.1270,9.9578,9.0010,-210.0957,0.01125,0.0000,1.0000,0.0000,True,True
78.1353,9.9536,9.0011,-210.1067,0.01177,0.0000,1.0000,0.0000,True,True
78.1437,9.9493,9.0012,-210.1182,0.01231,0.0000,1.0000,0.0000,True,True
78.1520,9.9448,9.0013,-210.1302,0.01281,0.0000,1.0000,0.0000,True,True
78.1603,9.9401,9.0014,-210.1427,0.01335,0.0000,1.0000,0.0000,True,True
78.1686,9.9352,9.0016,-210.1557,0.01386,0.0000,1.0000,0.0000,True,True
78.1770,9.9301,9.0017,-210.1691,0.01440,0.0000,1.0000,0.0000,True,True
78.1853,9.9249,9.0018,-210.1831,0.01492,0.0000,1.0000,0.0000,True,True
78.1937,9.9195,9.0020,-210.1975,0.01544,0.0000,1.0000,0.0000,True,True
78.2020,9.9138,9.0021,-210.2125,0.01594,0.0000,1.0000,0.0000,True,True
78.2104,9.9080,9.0023,-210.2279,0.01650,0.0000,1.0000,0.0000,True,True
78.2186,9.9021,9.0025,-210.2438,0.01699,0.0000,1.0000,0.0000,True,True
78.2270,9.8959,9.0026,-210.2602,0.01753,0.0000,1.0000,0.0000,True,True
78.2353,9.8895,9.0028,-210.2771,0.01803,0.0000,1.0000,0.0000,True,True
78.2437,9.8830,9.0030,-210.2945,0.01857,0.0000,1.0000,0.0000,True,True
78.2520,9.8763,9.0031,-210.3123,0.01907,0.0000,1.0000,0.0000,True,True
78.2604,9.8694,9.0033,-210.3307,0.01963,0.0000,1.0000,0.0000,True,True
78.2687,9.8623,9.0035,-210.3495,0.02012,0.0000,1.0000,0.0000,True,True
78.2770,9.8550,9.0037,-210.3689,0.02066,0.0000,1.0000,0.0000,True,True
78.2853,9.8476,9.0039,-210.3887,0.02116,0.0000,1.0000,0.0000,True,True
78.2937,9.8399,9.0041,-210.4090,0.02172,0.0000,1.0000,0.0000,True,True
78.3020,9.8321,9.0043,-210.4298,0.02221,0.0000,1.0000,0.0000,True,True
78.3104,9.8241,9.0045,-210.4511,0.02276,0.0000,1.0000,0.0000,True,True
78.3186,9.8159,9.0048,-210.4728,0.02325,0.0000,1.0000,0.0000,True,True
78.3270,9.8075,9.0050,-210.4951,0.02380,0.0000,1.0000,0.0000,True,True
78.3353,9.7989,9.0052,-210.5179,0.02431,0.0000,1.0000,0.0000,True,True
78.3437,9.7902,9.0054,-210.5411,0.02485,0.0000,1.0000,0.0000,True,True
78.3520,9.7813,9.0057,-210.5648,0.02534,0.0000,1.0000,0.0000,True,True
78.3604,9.7722,9.0059,-210.5891,0.02589,0.0000,1.0000,0.0000,True,True
78.3687,9.7629,9.0062,-210.6137,0.02638,0.0000,1.0000,0.0000,True,True
78.3770,9.7534,9.0064,-210.6389,0.02693,0.0000,1.0000,0.0000,True,True
78.3853,9.7437,9.0067,-210.6646,0.02742,0.0000,1.0000,0.0000,True,True
78.3937,9.7339,9.0069,-210.6908,0.02796,0.0000,1.0000,0.0000,True,True
78.4020,9.7239,9.0072,-210.7174,0.02847,0.0000,1.0000,0.0000,True,True
78.4104,9.7136,9.0075,-210.7446,0.02900,0.0000,1.0000,0.0000,True,True
78.4187,9.7032,9.0078,-210.7722,0.02951,0.0000,1.0000,0.0000,True,True
78.4270,9.6927,9.0080,-210.8003,0.03005,0.0000,1.0000,0.0000,True,True
78.4354,9.6819,9.0083,-210.8289,0.03055,0.0000,1.0000,0.0000,True,True
78.4437,9.6710,9.0086,-210.8580,0.03109,0.0000,1.0000,0.0000,True,True
78.4520,9.6598,9.0089,-210.8876,0.03160,0.0000,1.0000,0.0000,True,True
78.4604,9.6484,9.0092,-210.9179,0.03241,0.0000,1.0000,0.0000,True,True
78.4687,9.6369,9.0095,-210.9485,0.03266,0.0000,1.0000,0.0000,True,True
78.4771,9.6252,9.0099,-210.9795,0.03320,0.0000,1.0000,0.0000,True,True
78.4854,9.6134,9.0102,-211.0111,0.03368,0.0000,1.0000,0.0000,True,True
78.4938,9.6013,9.0105,-211.0431,0.03424,0.0000,1.0000,0.0000,True,True
78.5021,9.5891,9.0108,-211.0756,0.03473,0.0000,1.0000,0.0000,True,True
78.5105,9.5767,9.0111,-211.1086,0.03530,0.0000,1.0000,0.0000,True,True
78.5188,9.5641,9.0115,-211.1421,0.03577,0.0000,1.0000,0.0000,True,True
78.5271,9.5513,9.0118,-211.1761,0.03634,0.0000,1.0000,0.0000,True,True
78.5354,9.5383,9.0122,-211.2106,0.03683,0.0000,1.0000,0.0000,True,True
78.5438,9.5251,9.0125,-211.2456,0.03738,0.0000,1.0000,0.0000,True,True
78.5521,9.5118,9.0129,-211.2810,0.03787,0.0000,1.0000,0.0000,True,True
78.5604,9.4983,9.0132,-211.3170,0.03844,0.0000,1.0000,0.0000,True,True
78.5688,9.4846,9.0136,-211.3535,0.03893,0.0000,1.0000,0.0000,True,True
78.5771,9.4707,9.0140,-211.3904,0.03947,0.0000,1.0000,0.0000,True,True
78.5854,9.4566,9.0144,-211.4278,0.03998,0.0000,1.0000,0.0000,True,True
78.5938,9.4423,9.0147,-211.4657,0.04053,0.0000,1.0000,0.0000,True,True
78.6021,9.4279,9.0151,-211.5041,0.04101,0.0000,1.0000,0.0000,True,True
78.6104,9.4132,9.0155,-211.5430,0.04156,0.0000,1.0000,0.0000,True,True
78.6187,9.3984,9.0159,-211.5824,0.04205,0.0000,1.0000,0.0000,True,True
78.6271,9.3834,9.0163,-211.6223,0.04262,0.0000,1.0000,0.0000,True,True
78.6354,9.3682,9.0167,-211.6626,0.04309,0.0000,1.0000,0.0000,True,True
78.6438,9.3529,9.0171,-211.7034,0.04363,0.0000,1.0000,0.0000,True,True
78.6521,9.3373,9.0175,-211.7448,0.04423,0.0000,1.0000,0.0000,True,True
78.6605,9.3216,9.0180,-211.7866,0.04467,0.0000,1.0000,0.0000,True,True
78.6688,9.3057,9.0184,-211.8287,0.04498,0.0000,1.0000,0.0000,True,True
78.6772,9.2899,9.0188,-211.8709,0.04503,0.0000,1.0000,0.0000,True,True
78.6854,9.2740,9.0192,-211.9130,0.04498,0.0000,1.0000,0.0000,True,True
78.6938,9.2582,9.0197,-211.9551,0.04501,0.0000,1.0000,0.0000,True,True
78.7021,9.2423,9.0201,-211.9972,0.04500,0.0000,1.0000,0.0000,True,True
78.7105,9.2265,9.0213,-212.0393,0.04503,0.0000,1.0000,0.0000,True,True
78.7188,9.2107,9.0225,-212.0814,0.04500,0.0000,1.0000,0.0000,True,True
78.7271,9.1948,9.0238,-212.1236,0.04503,0.0000,1.0000,0.0000,True,True
78.7355,9.1790,9.0251,-212.1657,0.04500,0.0000,1.0000,0.0000,True,True
78.7438,9.1631,9.0263,-212.2078,0.04503,0.0000,1.0000,0.0000,True,True
78.7521,9.1473,9.0276,-212.2499,0.04500,0.0000,1.0000,0.0000,True,True
78.7605,9.1314,9.0288,-212.2920,0.04503,0.0000,1.0000,0.0000,True,True
78.7688,9.1156,9.0301,-212.3341,0.04500,0.0000,1.0000,0.0000,True,True
78.7772,9.0997,9.0313,-212.3763,0.04503,0.0000,1.0000,0.0000,True,True
78.7854,9.0839,9.0326,-212.4184,0.04501,0.0000,1.0000,0.0000,True,True
78.7939,9.0680,9.0339,-212.4605,0.04505,0.0000,1.0000,0.0000,True,True
78.8021,9.0522,9.0351,-212.5026,0.04500,0.0000,1.0000,0.0000,True,True
78.8105,9.0363,9.0364,-212.5447,0.04503,0.0000,1.0000,0.0000,True,True
78.8188,9.0205,9.0376,-212.5868,0.04500,0.0000,1.0000,0.0000,True,True
78.8271,9.0046,9.0389,-212.6290,0.04505,0.0000,1.0000,0.0000,True,True
78.8354,8.9888,9.0401,-212.6711,0.04500,0.0000,1.0000,0.0000,True,True
78.8438,8.9730,9.0414,-212.7132,0.04505,0.0000,1.0000,0.0000,True,True
78.8521,8.9571,9.0427,-212.7553,0.04500,0.0000,1.0000,0.0000,True,True
78.8605,8.9413,9.0439,-212.7975,0.04505,0.0000,1.0000,0.0000,True,True
78.8689,8.9254,9.0452,-212.8396,0.04500,0.0000,1.0000,0.0000,True,True
78.8772,8.9096,9.0464,-212.8817,0.04505,0.0000,1.0000,0.0000,True,True
78.8854,8.8937,9.0477,-212.9238,0.04500,0.0000,1.0000,0.0000,True,True
78.8938,8.8779,9.0489,-212.9660,0.04505,0.0000,1.0000,0.0000,True,True
78.9021,8.8620,9.0502,-213.0081,0.04500,0.0000,1.0000,0.0000,True,True
78.9105,8.8462,9.0514,-213.0502,0.04505,0.0000,1.0000,0.0000,True,True
78.9188,8.8303,9.0527,-213.0923,0.04500,0.0000,1.0000,0.0000,True,True
78.9271,8.8145,9.0540,-213.1344,0.04503,0.0000,1.0000,0.0000,True,True
78.9354,8.7986,9.0552,-213.1765,0.04500,0.0000,1.0000,0.0000,True,True
78.9438,8.7828,9.0565,-213.2187,0.04505,0.0000,1.0000,0.0000,True,True
78.9521,8.7671,9.0577,-213.2604,0.04457,0.0000,1.0000,0.0000,True,True
78.9605,8.7516,9.0590,-213.3017,0.04412,0.0000,1.0000,0.0000,True,True
78.9688,8.7362,9.0602,-213.3424,0.04356,0.0000,1.0000,0.0000,True,True
78.9772,8.7211,9.0614,-213.3828,0.04316,0.0000,1.0000,0.0000,True,True
78.9854,8.7061,9.0626,-213.4226,0.04255,0.0000,1.0000,0.0000,True,True
78.9938,8.6913,9.0637,-213.4620,0.04208,0.0000,1.0000,0.0000,True,True
79.0021,8.6766,9.0649,-213.5008,0.04152,0.0000,1.0000,0.0000,True,True
79.0107,8.6620,9.0661,-213.5396,0.04151,0.0000,1.0000,0.0000,True,True
79.0189,8.6478,9.0672,-213.5775,0.04051,0.0000,1.0000,0.0000,True,True
79.0272,8.6337,9.0683,-213.6150,0.04006,0.0000,1.0000,0.0000,True,True
79.0356,8.6198,9.0694,-213.6520,0.03952,0.0000,1.0000,0.0000,True,True
79.0439,8.6060,9.0705,-213.6885,0.03903,0.0000,1.0000,0.0000,True,True
79.0523,8.5925,9.0716,-213.7245,0.03849,0.0000,1.0000,0.0000,True,True
79.0606,8.5791,9.0726,-213.7601,0.03802,0.0000,1.0000,0.0000,True,True
79.0689,8.5659,9.0737,-213.7952,0.03749,0.0000,1.0000,0.0000,True,True
79.0773,8.5529,9.0747,-213.8298,0.03701,0.0000,1.0000,0.0000,True,True
79.0856,8.5400,9.0757,-213.8639,0.03648,0.0000,1.0000,0.0000,True,True
79.0940,8.5274,9.0767,-213.8976,0.03601,0.0000,1.0000,0.0000,True,True
79.1022,8.5149,9.0777,-213.9308,0.03549,0.0000,1.0000,0.0000,True,True
79.1106,8.5026,9.0787,-213.9635,0.03498,0.0000,1.0000,0.0000,True,True
79.1189,8.4904,9.0797,-213.9958,0.03448,0.0000,1.0000,0.0000,True,True
79.1273,8.4785,9.0811,-214.0276,0.03401,0.0000,1.0000,0.0000,True,True
79.1357,8.4667,9.0827,-214.0589,0.03350,0.0000,1.0000,0.0000,True,True
79.1439,8.4551,9.0842,-214.0898,0.03303,0.0000,1.0000,0.0000,True,True
79.1523,8.4436,9.0857,-214.1202,0.03254,0.0000,1.0000,0.0000,True,True
79.1606,8.4323,9.0872,-214.1502,0.03205,0.0000,1.0000,0.0000,True,True
79.1689,8.4212,9.0886,-214.1797,0.03155,0.0000,1.0000,0.0000,True,True
79.1773,8.4103,9.0901,-214.2088,0.03111,0.0000,1.0000,0.0000,True,True
79.1855,8.3995,9.0915,-214.2374,0.03058,0.0000,1.0000,0.0000,True,True
79.1939,8.3889,9.0928,-214.2655,0.03013,0.0000,1.0000,0.0000,True,True
79.2022,8.3785,9.0942,-214.2932,0.02960,0.0000,1.0000,0.0000,True,True
79.2106,8.3683,9.0955,-214.3205,0.02915,0.0000,1.0000,0.0000,True,True
79.2189,8.3582,9.0969,-214.3472,0.02863,0.0000,1.0000,0.0000,True,True
79.2273,8.3483,9.0981,-214.3736,0.02817,0.0000,1.0000,0.0000,True,True
79.2355,8.3386,9.0994,-214.3994,0.02765,0.0000,1.0000,0.0000,True,True
79.2439,8.3290,9.1007,-214.4248,0.02717,0.0000,1.0000,0.0000,True,True
79.2522,8.3196,9.1019,-214.4498,0.02667,0.0000,1.0000,0.0000,True,True
79.2606,8.3104,9.1031,-214.4743,0.02628,0.0000,1.0000,0.0000,True,True
79.2689,8.3014,9.1043,-214.4983,0.02561,0.0000,1.0000,0.0000,True,True
79.2773,8.2925,9.1054,-214.5219,0.02522,0.0000,1.0000,0.0000,True,True
79.2857,8.2838,9.1066,-214.5451,0.02484,0.0000,1.0000,0.0000,True,True
79.2940,8.2753,9.1077,-214.5676,0.02407,0.0000,1.0000,0.0000,True,True
79.3022,8.2670,9.1088,-214.5897,0.02370,0.0000,1.0000,0.0000,True,True
79.3106,8.2588,9.1098,-214.6115,0.02324,0.0000,1.0000,0.0000,True,True
79.3188,8.2508,9.1109,-214.6327,0.02272,0.0000,1.0000,0.0000,True,True
79.3273,8.2430,9.1119,-214.6535,0.02224,0.0000,1.0000,0.0000,True,True
79.3356,8.2353,9.1129,-214.6738,0.02172,0.0000,1.0000,0.0000,True,True
79.3439,8.2279,9.1139,-214.6937,0.02125,0.0000,1.0000,0.0000,True,True
79.3523,8.2206,9.1148,-214.7131,0.02073,0.0000,1.0000,0.0000,True,True
79.3607,8.2134,9.1158,-214.7320,0.02024,0.0000,1.0000,0.0000,True,True
79.3690,8.2065,9.1167,-214.7504,0.01973,0.0000,1.0000,0.0000,True,True
79.3773,8.1997,9.1175,-214.7684,0.01924,0.0000,1.0000,0.0000,True,True
79.3857,8.1932,9.1184,-214.7859,0.01874,0.0000,1.0000,0.0000,True,True
79.3939,8.1867,9.1192,-214.8030,0.01823,0.0000,1.0000,0.0000,True,True
79.4022,8.1805,9.1201,-214.8195,0.01772,0.0000,1.0000,0.0000,True,True
79.4106,8.1744,9.1209,-214.8357,0.01723,0.0000,1.0000,0.0000,True,True
79.4190,8.1686,9.1216,-214.8513,0.01673,0.0000,1.0000,0.0000,True,True
79.4276,8.1628,9.1224,-214.8665,0.01624,0.0000,1.0000,0.0000,True,True
79.4356,8.1573,9.1231,-214.8811,0.01568,0.0000,1.0000,0.0000,True,True
79.4446,8.1520,9.1238,-214.8954,0.01523,0.0000,1.0000,0.0000,True,True
79.4530,8.1466,9.1245,-214.9096,0.01516,0.0000,1.0000,0.0000,True,True
79.4639,8.1406,9.1253,-214.9256,0.01717,0.0000,1.0000,0.0000,True,True
79.4717,8.1358,9.1259,-214.9384,0.01366,0.0000,1.0000,0.0000,True,True
79.4795,8.1312,9.1265,-214.9505,0.01299,0.0000,1.0000,0.0000,True,True
79.4878,8.1268,9.1271,-214.9623,0.01255,0.0000,1.0000,0.0000,True,True
79.4967,8.1226,9.1276,-214.9735,0.01205,0.0000,1.0000,0.0000,True,True
79.5044,8.1226,9.1276,-214.9735,0.00000,0.0000,1.0000,0.0000,True,True
79.5127,8.1222,9.1276,-214.9739,0.00053,0.0000,1.0000,0.0000,True,True
79.5211,8.1215,9.1277,-214.9747,0.00104,0.0000,1.0000,0.0000,True,True
79.5294,8.1204,9.1277,-214.9758,0.00157,0.0000,1.0000,0.0000,True,True
79.5378,8.1189,9.1278,-214.9773,0.00210,0.0000,1.0000,0.0000,True,True
79.5461,8.1171,9.1279,-214.9792,0.00262,0.0000,1.0000,0.0000,True,True
79.5544,8.1149,9.1280,-214.9814,0.00314,0.0000,1.0000,0.0000,True,True
79.5628,8.1124,9.1281,-214.9841,0.00367,0.0000,1.0000,0.0000,True,True
79.5711,8.1095,9.1283,-214.9871,0.00419,0.0000,1.0000,0.0000,True,True
79.5794,8.1062,9.1285,-214.9905,0.00472,0.0000,1.0000,0.0000,True,True
79.5878,8.1025,9.1286,-214.9942,0.00524,0.0000,1.0000,0.0000,True,True
79.5961,8.0985,9.1288,-214.9984,0.00576,0.0000,1.0000,0.0000,True,True
79.6044,8.0942,9.1291,-215.0029,0.00629,0.0000,1.0000,0.0000,True,True
79.6128,8.0894,9.1293,-215.0078,0.00682,0.0000,1.0000,0.0000,True,True
79.6211,8.0843,9.1296,-215.0130,0.00733,0.0000,1.0000,0.0000,True,True
79.6295,8.0789,9.1298,-215.0187,0.00786,0.0000,1.0000,0.0000,True,True
79.6378,8.0730,9.1301,-215.0247,0.00839,0.0000,1.0000,0.0000,True,True
79.6464,8.0668,9.1305,-215.0312,0.00905,0.0000,1.0000,0.0000,True,True
79.6545,8.0602,9.1308,-215.0380,0.00945,0.0000,1.0000,0.0000,True,True
79.6632,8.0533,9.1311,-215.0452,0.00999,0.0000,1.0000,0.0000,True,True
79.6712,8.0460,9.1315,-215.0527,0.01050,0.0000,1.0000,0.0000,True,True
79.6797,8.0383,9.1319,-215.0607,0.01104,0.0000,1.0000,0.0000,True,True
79.6879,8.0303,9.1323,-215.0690,0.01156,0.0000,1.0000,0.0000,True,True
79.6966,8.0216,9.1328,-215.0779,0.01251,0.0000,1.0000,0.0000,True,True
79.7048,8.0128,9.1332,-215.0870,0.01262,0.0000,1.0000,0.0000,True,True
79.7134,8.0036,9.1337,-215.0965,0.01317,0.0000,1.0000,0.0000,True,True
79.7215,7.9941,9.1341,-215.1063,0.01368,0.0000,1.0000,0.0000,True,True
79.7299,7.9842,9.1346,-215.1165,0.01423,0.0000,1.0000,0.0000,True,True
79.7381,7.9740,9.1352,-215.1271,0.01475,0.0000,1.0000,0.0000,True,True
79.7466,7.9633,9.1357,-215.1381,0.01534,0.0000,1.0000,0.0000,True,True
79.7548,7.9524,9.1363,-215.1494,0.01575,0.0000,1.0000,0.0000,True,True
79.7632,7.9410,9.1368,-215.1612,0.01634,0.0000,1.0000,0.0000,True,True
79.7715,7.9293,9.1374,-215.1733,0.01685,0.0000,1.0000,0.0000,True,True
79.7800,7.9172,9.1381,-215.1858,0.01740,0.0000,1.0000,0.0000,True,True
79.7881,7.9048,9.1387,-215.1986,0.01793,0.0000,1.0000,0.0000,True,True
79.7967,7.8919,9.1393,-215.2119,0.01847,0.0000,1.0000,0.0000,True,True
79.8048,7.8787,9.1400,-215.2255,0.01898,0.0000,1.0000,0.0000,True,True
79.8133,7.8652,9.1407,-215.2395,0.01953,0.0000,1.0000,0.0000,True,True
79.8215,7.8512,9.1414,-215.2539,0.02004,0.0000,1.0000,0.0000,True,True
79.8299,7.8369,9.1421,-215.2687,0.02059,0.0000,1.0000,0.0000,True,True
79.8381,7.8223,9.1429,-215.2839,0.02110,0.0000,1.0000,0.0000,True,True
79.8467,7.8070,9.1436,-215.2997,0.02199,0.0000,1.0000,0.0000,True,True
79.8550,7.7916,9.1444,-215.3156,0.02217,0.0000,1.0000,0.0000,True,True
79.8635,7.7758,9.1452,-215.3319,0.02273,0.0000,1.0000,0.0000,True,True
79.8716,7.7596,9.1461,-215.3486,0.02325,0.0000,1.0000,0.0000,True,True
79.8802,7.7430,9.1469,-215.3658,0.02397,0.0000,1.0000,0.0000,True,True
79.8883,7.7262,9.1478,-215.3832,0.02415,0.0000,1.0000,0.0000,True,True
79.8968,7.7088,9.1486,-215.4012,0.02503,0.0000,1.0000,0.0000,True,True
79.9050,7.6912,9.1495,-215.4194,0.02538,0.0000,1.0000,0.0000,True,True
79.9136,7.6730,9.1505,-215.4381,0.02609,0.0000,1.0000,0.0000,True,True
79.9217,7.6546,9.1514,-215.4571,0.02647,0.0000,1.0000,0.0000,True,True
79.9301,7.6359,9.1523,-215.4765,0.02703,0.0000,1.0000,0.0000,True,True
79.9384,7.6167,9.1533,-215.4963,0.02754,0.0000,1.0000,0.0000,True,True
79.9468,7.5972,9.1543,-215.5165,0.02811,0.0000,1.0000,0.0000,True,True
79.9550,7.5773,9.1553,-215.5370,0.02860,0.0000,1.0000,0.0000,True,True
79.9634,7.5570,9.1563,-215.5580,0.02917,0.0000,1.0000,0.0000,True,True
79.9717,7.5364,9.1574,-215.5793,0.02970,0.0000,1.0000,0.0000,True,True
79.9802,7.5152,9.1585,-215.6012,0.03049,0.0000,1.0000,0.0000,True,True
79.9884,7.4938,9.1595,-215.6233,0.03076,0.0000,1.0000,0.0000,True,True
79.9968,7.4721,9.1607,-215.6458,0.03135,0.0000,1.0000,0.0000,True,True
80.0051,7.4499,9.1618,-215.6687,0.03185,0.0000,1.0000,0.0000,True,True
80.0135,7.4274,9.1629,-215.6920,0.03242,0.0000,1.0000,0.0000,True,True
80.0218,7.4045,9.1641,-215.7157,0.03293,0.0000,1.0000,0.0000,True,True
80.0302,7.3812,9.1653,-215.7397,0.03352,0.0000,1.0000,0.0000,True,True
80.0384,7.3576,9.1665,-215.7642,0.03401,0.0000,1.0000,0.0000,True,True
80.0468,7.3336,9.1677,-215.7890,0.03459,0.0000,1.0000,0.0000,True,True
80.0552,7.3092,9.1689,-215.8142,0.03511,0.0000,1.0000,0.0000,True,True
80.0635,7.2844,9.1702,-215.8398,0.03567,0.0000,1.0000,0.0000,True,True
80.0718,7.2592,9.1715,-215.8658,0.03620,0.0000,1.0000,0.0000,True,True
80.0802,7.2337,9.1728,-215.8923,0.03677,0.0000,1.0000,0.0000,True,True
80.0884,7.2078,9.1741,-215.9190,0.03728,0.0000,1.0000,0.0000,True,True
80.0969,7.1814,9.1754,-215.9462,0.03786,0.0000,1.0000,0.0000,True,True
80.1051,7.1548,9.1768,-215.9738,0.03838,0.0000,1.0000,0.0000,True,True
80.1135,7.1277,9.1782,-216.0018,0.03896,0.0000,1.0000,0.0000,True,True
80.1218,7.1003,9.1801,-216.0301,0.03950,0.0000,1.0000,0.0000,True,True
80.1302,7.0724,9.1821,-216.0589,0.04009,0.0000,1.0000,0.0000,True,True
80.1384,7.0442,9.1840,-216.0881,0.04064,0.0000,1.0000,0.0000,True,True
80.1471,7.0156,9.1861,-216.1177,0.04124,0.0000,1.0000,0.0000,True,True
80.1551,6.9866,9.1881,-216.1477,0.04179,0.0000,1.0000,0.0000,True,True
80.1635,6.9571,9.1902,-216.1781,0.04238,0.0000,1.0000,0.0000,True,True
80.1718,6.9273,9.1922,-216.2089,0.04293,0.0000,1.0000,0.0000,True,True
80.1802,6.8971,9.1944,-216.2402,0.04353,0.0000,1.0000,0.0000,True,True
80.1884,6.8665,9.1965,-216.2718,0.04408,0.0000,1.0000,0.0000,True,True
80.1968,6.8354,9.1987,-216.3039,0.04470,0.0000,1.0000,0.0000,True,True
80.2051,6.8041,9.2009,-216.3363,0.04504,0.0000,1.0000,0.0000,True,True
80.2135,6.7728,9.2031,-216.3686,0.04507,0.0000,1.0000,0.0000,True,True
80.2218,6.7416,9.2053,-216.4009,0.04503,0.0000,1.0000,0.0000,True,True
80.2304,6.7103,9.2075,-216.4333,0.04508,0.0000,1.0000,0.0000,True,True
80.2384,6.6790,9.2097,-216.4656,0.04504,0.0000,1.0000,0.0000,True,True
80.2469,6.6477,9.2119,-216.4980,0.04507,0.0000,1.0000,0.0000,True,True
80.2551,6.6164,9.2141,-216.5303,0.04504,0.0000,1.0000,0.0000,True,True
80.2635,6.5851,9.2163,-216.5627,0.04507,0.0000,1.0000,0.0000,True,True
80.2718,6.5538,9.2185,-216.5950,0.04502,0.0000,1.0000,0.0000,True,True
80.2802,6.5225,9.2207,-216.6273,0.04507,0.0000,1.0000,0.0000,True,True
80.2884,6.4912,9.2229,-216.6597,0.04504,0.0000,1.0000,0.0000,True,True
80.2968,6.4599,9.2251,-216.6920,0.04508,0.0000,1.0000,0.0000,True,True
80.3051,6.4287,9.2273,-216.7243,0.04504,0.0000,1.0000,0.0000,True,True
80.3135,6.3973,9.2295,-216.7567,0.04508,0.0000,1.0000,0.0000,True,True
80.3218,6.3661,9.2317,-216.7890,0.04504,0.0000,1.0000,0.0000,True,True
80.3302,6.3348,9.2339,-216.8214,0.04508,0.0000,1.0000,0.0000,True,True
80.3384,6.3035,9.2361,-216.8537,0.04502,0.0000,1.0000,0.0000,True,True
80.3468,6.2722,9.2383,-216.8861,0.04509,0.0000,1.0000,0.0000,True,True
80.3551,6.2409,9.2404,-216.9184,0.04502,0.0000,1.0000,0.0000,True,True
80.3635,6.2096,9.2426,-216.9508,0.04508,0.0000,1.0000,0.0000,True,True
80.3718,6.1783,9.2448,-216.9831,0.04504,0.0000,1.0000,0.0000,True,True
80.3802,6.1470,9.2470,-217.0155,0.04506,0.0000,1.0000,0.0000,True,True
80.3884,6.1157,9.2492,-217.0478,0.04505,0.0000,1.0000,0.0000,True,True
80.3969,6.0844,9.2514,-217.0802,0.04508,0.0000,1.0000,0.0000,True,True
80.4051,6.0532,9.2536,-217.1125,0.04502,0.0000,1.0000,0.0000,True,True
80.4135,6.0219,9.2558,-217.1448,0.04509,0.0000,1.0000,0.0000,True,True
80.4218,5.9906,9.2580,-217.1772,0.04504,0.0000,1.0000,0.0000,True,True
80.4302,5.9593,9.2602,-217.2095,0.04508,0.0000,1.0000,0.0000,True,True
80.4385,5.9280,9.2624,-217.2419,0.04502,0.0000,1.0000,0.0000,True,True
80.4468,5.8967,9.2646,-217.2742,0.04507,0.0000,1.0000,0.0000,True,True
80.4551,5.8654,9.2668,-217.3065,0.04504,0.0000,1.0000,0.0000,True,True
80.4635,5.8341,9.2690,-217.3389,0.04507,0.0000,1.0000,0.0000,True,True
80.4718,5.8028,9.2712,-217.3712,0.04504,0.0000,1.0000,0.0000,True,True
80.4802,5.7715,9.2734,-217.4036,0.04507,0.0000,1.0000,0.0000,True,True
80.4885,5.7402,9.2756,-217.4359,0.04504,0.0000,1.0000,0.0000,True,True
80.4971,5.7089,9.2778,-217.4682,0.04507,0.0000,1.0000,0.0000,True,True
80.5052,5.6777,9.2800,-217.5006,0.04504,0.0000,1.0000,0.0000,True,True
80.5135,5.6464,9.2822,-217.5329,0.04508,0.0000,1.0000,0.0000,True,True
80.5218,5.6151,9.2844,-217.5653,0.04503,0.0000,1.0000,0.0000,True,True
80.5302,5.5837,9.2866,-217.5977,0.04523,0.0000,1.0000,0.0000,True,True
80.5385,5.5525,9.2888,-217.6300,0.04494,0.0000,1.0000,0.0000,True,True
80.5468,5.5211,9.2910,-217.6624,0.04508,0.0000,1.0000,0.0000,True,True
80.5552,5.4899,9.2932,-217.6947,0.04502,0.0000,1.0000,0.0000,True,True
80.5635,5.4586,9.2954,-217.7270,0.04507,0.0000,1.0000,0.0000,True,True
80.5719,5.4273,9.2976,-217.7594,0.04504,0.0000,1.0000,0.0000,True,True
80.5802,5.3960,9.2998,-217.7917,0.04506,0.0000,1.0000,0.0000,True,True
80.5885,5.3647,9.3020,-217.8241,0.04506,0.0000,1.0000,0.0000,True,True
80.5969,5.3333,9.3042,-217.8565,0.04518,0.0000,1.0000,0.0000,True,True
80.6052,5.3021,9.3064,-217.8887,0.04496,0.0000,1.0000,0.0000,True,True
80.6136,5.2708,9.3086,-217.9211,0.04506,0.0000,1.0000,0.0000,True,True
80.6218,5.2395,9.3108,-217.9534,0.04504,0.0000,1.0000,0.0000,True,True
80.6304,5.2082,9.3130,-217.9858,0.04509,0.0000,1.0000,0.0000,True,True
80.6385,5.1770,9.3155,-218.0181,0.04504,0.0000,1.0000,0.0000,True,True
80.6469,5.1457,9.3183,-218.0505,0.04510,0.0000,1.0000,0.0000,True,True
80.6552,5.1144,9.3211,-218.0828,0.04508,0.0000,1.0000,0.0000,True,True
80.6636,5.0831,9.3239,-218.1151,0.04510,0.0000,1.0000,0.0000,True,True
80.6719,5.0518,9.3266,-218.1475,0.04509,0.0000,1.0000,0.0000,True,True
80.6802,5.0205,9.3294,-218.1798,0.04510,0.0000,1.0000,0.0000,True,True
80.6885,4.9892,9.3322,-218.2122,0.04508,0.0000,1.0000,0.0000,True,True
80.6969,4.9579,9.3350,-218.2445,0.04508,0.0000,1.0000,0.0000,True,True
80.7052,4.9266,9.3378,-218.2769,0.04509,0.0000,1.0000,0.0000,True,True
80.7135,4.8953,9.3406,-218.3092,0.04509,0.0000,1.0000,0.0000,True,True
80.7219,4.8640,9.3434,-218.3416,0.04518,0.0000,1.0000,0.0000,True,True
80.7302,4.8327,9.3462,-218.3740,0.04510,0.0000,1.0000,0.0000,True,True
80.7385,4.8014,9.3490,-218.4063,0.04506,0.0000,1.0000,0.0000,True,True
80.7469,4.7701,9.3518,-218.4386,0.04510,0.0000,1.0000,0.0000,True,True
80.7552,4.7388,9.3545,-218.4710,0.04507,0.0000,1.0000,0.0000,True,True
80.7636,4.7075,9.3573,-218.5033,0.04512,0.0000,1.0000,0.0000,True,True
80.7718,4.6762,9.3601,-218.5357,0.04507,0.0000,1.0000,0.0000,True,True
80.7802,4.6449,9.3629,-218.5680,0.04512,0.0000,1.0000,0.0000,True,True
80.7885,4.6136,9.3657,-218.6003,0.04506,0.0000,1.0000,0.0000,True,True
80.7970,4.5823,9.3685,-218.6327,0.04512,0.0000,1.0000,0.0000,True,True
80.8052,4.5513,9.3713,-218.6648,0.04476,0.0000,1.0000,0.0000,True,True
80.8136,4.5205,9.3740,-218.6966,0.04436,0.0000,1.0000,0.0000,True,True
80.8219,4.4900,9.3767,-218.7281,0.04390,0.0000,1.0000,0.0000,True,True
80.8302,4.4598,9.3794,-218.7593,0.04348,0.0000,1.0000,0.0000,True,True
80.8385,4.4300,9.3821,-218.7902,0.04301,0.0000,1.0000,0.0000,True,True
80.8469,4.4004,9.3847,-218.8207,0.04261,0.0000,1.0000,0.0000,True,True
80.8552,4.3712,9.3873,-218.8509,0.04212,0.0000,1.0000,0.0000,True,True
80.8636,4.3420,9.3899,-218.8811,0.04199,0.0000,1.0000,0.0000,True,True
80.8719,4.3134,9.3925,-218.9106,0.04125,0.0000,1.0000,0.0000,True,True
80.8803,4.2851,9.3950,-218.9399,0.04084,0.0000,1.0000,0.0000,True,True
80.8886,4.2571,9.3975,-218.9689,0.04036,0.0000,1.0000,0.0000,True,True
80.8974,4.2293,9.4000,-218.9975,0.03995,0.0000,1.0000,0.0000,True,True
80.9052,4.2020,9.4024,-219.0258,0.03946,0.0000,1.0000,0.0000,True,True
80.9136,4.1748,9.4048,-219.0539,0.03906,0.0000,1.0000,0.0000,True,True
80.9219,4.1481,9.4072,-219.0815,0.03859,0.0000,1.0000,0.0000,True,True
80.9303,4.1216,9.4096,-219.1089,0.03816,0.0000,1.0000,0.0000,True,True
80.9385,4.0954,9.4119,-219.1360,0.03769,0.0000,1.0000,0.0000,True,True
80.9469,4.0696,9.4142,-219.1627,0.03727,0.0000,1.0000,0.0000,True,True
80.9553,4.0440,9.4165,-219.1891,0.03678,0.0000,1.0000,0.0000,True,True
80.9636,4.0188,9.4187,-219.2151,0.03635,0.0000,1.0000,0.0000,True,True
80.9719,3.9939,9.4209,-219.2409,0.03587,0.0000,1.0000,0.0000,True,True
80.9803,3.9693,9.4231,-219.2663,0.03546,0.0000,1.0000,0.0000,True,True
80.9885,3.9450,9.4253,-219.2914,0.03497,0.0000,1.0000,0.0000,True,True
80.9970,3.9211,9.4274,-219.3162,0.03455,0.0000,1.0000,0.0000,True,True
81.0052,3.8974,9.4295,-219.3406,0.03406,0.0000,1.0000,0.0000,True,True
81.0136,3.8741,9.4316,-219.3647,0.03364,0.0000,1.0000,0.0000,True,True
81.0219,3.8511,9.4337,-219.3885,0.03314,0.0000,1.0000,0.0000,True,True
81.0303,3.8284,9.4357,-219.4120,0.03272,0.0000,1.0000,0.0000,True,True
81.0386,3.8060,9.4377,-219.4351,0.03221,0.0000,1.0000,0.0000,True,True
81.0469,3.7839,9.4397,-219.4579,0.03180,0.0000,1.0000,0.0000,True,True
81.0552,3.7622,9.4416,-219.4803,0.03131,0.0000,1.0000,0.0000,True,True
81.0636,3.7408,9.4435,-219.5025,0.03087,0.0000,1.0000,0.0000,True,True
81.0719,3.7197,9.4454,-219.5243,0.03038,0.0000,1.0000,0.0000,True,True
81.0803,3.6989,9.4472,-219.5458,0.02995,0.0000,1.0000,0.0000,True,True
81.0885,3.6785,9.4491,-219.5669,0.02948,0.0000,1.0000,0.0000,True,True
81.0970,3.6583,9.4509,-219.5877,0.02902,0.0000,1.0000,0.0000,True,True
81.1052,3.6385,9.4526,-219.6082,0.02852,0.0000,1.0000,0.0000,True,True
81.1136,3.6191,9.4544,-219.6283,0.02808,0.0000,1.0000,0.0000,True,True
81.1219,3.5999,9.4561,-219.6481,0.02759,0.0000,1.0000,0.0000,True,True
81.1303,3.5811,9.4577,-219.6676,0.02714,0.0000,1.0000,0.0000,True,True
81.1386,3.5626,9.4594,-219.6867,0.02666,0.0000,1.0000,0.0000,True,True
81.1469,3.5444,9.4610,-219.7055,0.02621,0.0000,1.0000,0.0000,True,True
81.1552,3.5265,9.4626,-219.7240,0.02571,0.0000,1.0000,0.0000,True,True
81.1636,3.5090,9.4642,-219.7421,0.02527,0.0000,1.0000,0.0000,True,True
81.1719,3.4918,9.4657,-219.7598,0.02476,0.0000,1.0000,0.0000,True,True
81.1803,3.4749,9.4672,-219.7773,0.02432,0.0000,1.0000,0.0000,True,True
81.1886,3.4584,9.4687,-219.7944,0.02382,0.0000,1.0000,0.0000,True,True
81.1970,3.4422,9.4701,-219.8111,0.02336,0.0000,1.0000,0.0000,True,True
81.2052,3.4263,9.4715,-219.8275,0.02287,0.0000,1.0000,0.0000,True,True
81.2136,3.4108,9.4729,-219.8436,0.02240,0.0000,1.0000,0.0000,True,True
81.2219,3.3956,9.4743,-219.8593,0.02189,0.0000,1.0000,0.0000,True,True
81.2303,3.3807,9.4756,-219.8747,0.02144,0.0000,1.0000,0.0000,True,True
81.2386,3.3662,9.4769,-219.8897,0.02095,0.0000,1.0000,0.0000,True,True
81.2469,3.3520,9.4782,-219.9044,0.02048,0.0000,1.0000,0.0000,True,True
81.2553,3.3381,9.4794,-219.9187,0.01998,0.0000,1.0000,0.0000,True,True
81.2637,3.3245,9.4806,-219.9327,0.01952,0.0000,1.0000,0.0000,True,True
81.2719,3.3113,9.4818,-219.9464,0.01902,0.0000,1.0000,0.0000,True,True
81.2803,3.2985,9.4829,-219.9597,0.01855,0.0000,1.0000,0.0000,True,True
81.2886,3.2859,9.4840,-219.9726,0.01804,0.0000,1.0000,0.0000,True,True
81.2969,3.2738,9.4851,-219.9852,0.01757,0.0000,1.0000,0.0000,True,True
81.3052,3.2738,9.4851,-219.9852,0.00000,0.0000,1.0000,0.0000,True,True
81.3136,3.2733,9.4852,-219.9855,0.00053,0.0000,1.0000,0.0000,True,True
81.3219,3.2725,9.4852,-219.9862,0.00105,0.0000,1.0000,0.0000,True,True
81.3303,3.2712,9.4853,-219.9871,0.00157,0.0000,1.0000,0.0000,True,True
81.3385,3.2696,9.4854,-219.9884,0.00209,0.0000,1.0000,0.0000,True,True
81.3469,3.2675,9.4855,-219.9899,0.00262,0.0000,1.0000,0.0000,True,True
81.3553,3.2650,9.4857,-219.9918,0.00314,0.0000,1.0000,0.0000,True,True
81.3636,3.2621,9.4859,-219.9940,0.00368,0.0000,1.0000,0.0000,True,True
81.3719,3.2587,9.4861,-219.9966,0.00420,0.0000,1.0000,0.0000,True,True
81.3803,3.2549,9.4864,-219.9994,0.00473,0.0000,1.0000,0.0000,True,True
81.3886,3.2507,9.4867,-220.0026,0.00526,0.0000,1.0000,0.0000,True,True
81.3970,3.2461,9.4870,-220.0060,0.00579,0.0000,1.0000,0.0000,True,True
81.4053,3.2411,9.4874,-220.0098,0.00633,0.0000,1.0000,0.0000,True,True
81.4136,3.2356,9.4879,-220.0140,0.00686,0.0000,1.0000,0.0000,True,True
81.4220,3.2297,9.4883,-220.0184,0.00740,0.0000,1.0000,0.0000,True,True
81.4303,3.2234,9.4888,-220.0232,0.00793,0.0000,1.0000,0.0000,True,True
81.4386,3.2166,9.4893,-220.0282,0.00846,0.0000,1.0000,0.0000,True,True
81.4472,3.2094,9.4899,-220.0337,0.00907,0.0000,1.0000,0.0000,True,True
81.4557,3.2018,9.4905,-220.0394,0.00956,0.0000,1.0000,0.0000,True,True
81.4637,3.1937,9.4911,-220.0455,0.01009,0.0000,1.0000,0.0000,True,True
81.4720,3.1852,9.4918,-220.0519,0.01063,0.0000,1.0000,0.0000,True,True
81.4803,3.1763,9.4925,-220.0586,0.01118,0.0000,1.0000,0.0000,True,True
81.4886,3.1670,9.4932,-220.0656,0.01172,0.0000,1.0000,0.0000,True,True
81.4970,3.1572,9.4940,-220.0730,0.01227,0.0000,1.0000,0.0000,True,True
81.5053,3.1470,9.4948,-220.0807,0.01281,0.0000,1.0000,0.0000,True,True
81.5137,3.1363,9.4956,-220.0887,0.01337,0.0000,1.0000,0.0000,True,True
81.5220,3.1252,9.4965,-220.0970,0.01391,0.0000,1.0000,0.0000,True,True
81.5304,3.1137,9.4974,-220.1057,0.01446,0.0000,1.0000,0.0000,True,True
81.5387,3.1017,9.4983,-220.1147,0.01500,0.0000,1.0000,0.0000,True,True
81.5470,3.0893,9.4993,-220.1241,0.01556,0.0000,1.0000,0.0000,True,True
81.5553,3.0765,9.5003,-220.1337,0.01612,0.0000,1.0000,0.0000,True,True
81.5637,3.0632,9.5014,-220.1438,0.01668,0.0000,1.0000,0.0000,True,True
81.5722,3.0494,9.5024,-220.1541,0.01723,0.0000,1.0000,0.0000,True,True
81.5803,3.0353,9.5036,-220.1648,0.01777,0.0000,1.0000,0.0000,True,True
81.5886,3.0206,9.5047,-220.1758,0.01833,0.0000,1.0000,0.0000,True,True
81.5970,3.0056,9.5059,-220.1871,0.01889,0.0000,1.0000,0.0000,True,True
81.6053,2.9901,9.5071,-220.1988,0.01945,0.0000,1.0000,0.0000,True,True
81.6137,2.9741,9.5083,-220.2108,0.02003,0.0000,1.0000,0.0000,True,True
81.6220,2.9577,9.5096,-220.2231,0.02057,0.0000,1.0000,0.0000,True,True
81.6304,2.9408,9.5109,-220.2358,0.02115,0.0000,1.0000,0.0000,True,True
81.6387,2.9235,9.5123,-220.2489,0.02170,0.0000,1.0000,0.0000,True,True
81.6471,2.9058,9.5137,-220.2623,0.02229,0.0000,1.0000,0.0000,True,True
81.6553,2.8876,9.5151,-220.2760,0.02282,0.0000,1.0000,0.0000,True,True
81.6637,2.8689,9.5166,-220.2900,0.02342,0.0000,1.0000,0.0000,True,True
81.6720,2.8498,9.5181,-220.3044,0.02397,0.0000,1.0000,0.0000,True,True
81.6804,2.8302,9.5196,-220.3191,0.02456,0.0000,1.0000,0.0000,True,True
81.6887,2.8102,9.5212,-220.3342,0.02510,0.0000,1.0000,0.0000,True,True
81.6970,2.7897,9.5228,-220.3496,0.02570,0.0000,1.0000,0.0000,True,True
81.7053,2.7688,9.5244,-220.3654,0.02624,0.0000,1.0000,0.0000,True,True
81.7137,2.7474,9.5261,-220.3815,0.02683,0.0000,1.0000,0.0000,True,True
81.7220,2.7255,9.5278,-220.3979,0.02739,0.0000,1.0000,0.0000,True,True
81.7304,2.7032,9.5296,-220.4147,0.02801,0.0000,1.0000,0.0000,True,True
81.7387,2.6805,9.5313,-220.4318,0.02852,0.0000,1.0000,0.0000,True,True
81.7470,2.6572,9.5332,-220.4493,0.02913,0.0000,1.0000,0.0000,True,True
81.7556,2.6335,9.5350,-220.4672,0.02972,0.0000,1.0000,0.0000,True,True
81.7637,2.6094,9.5369,-220.4854,0.03030,0.0000,1.0000,0.0000,True,True
81.7720,2.5847,9.5388,-220.5039,0.03088,0.0000,1.0000,0.0000,True,True
81.7803,2.5596,9.5408,-220.5228,0.03147,0.0000,1.0000,0.0000,True,True
81.7886,2.5341,9.5428,-220.5420,0.03203,0.0000,1.0000,0.0000,True,True
81.7970,2.5081,9.5448,-220.5616,0.03267,0.0000,1.0000,0.0000,True,True
81.8053,2.4816,9.5469,-220.5815,0.03318,0.0000,1.0000,0.0000,True,True
81.8137,2.4546,9.5490,-220.6018,0.03381,0.0000,1.0000,0.0000,True,True
81.8220,2.4272,9.5512,-220.6225,0.03438,0.0000,1.0000,0.0000,True,True
81.8305,2.3993,9.5534,-220.6435,0.03500,0.0000,1.0000,0.0000,True,True
81.8387,2.3710,9.5556,-220.6648,0.03555,0.0000,1.0000,0.0000,True,True
81.8470,2.3421,9.5578,-220.6865,0.03617,0.0000,1.0000,0.0000,True,True
81.8553,2.3128,9.5601,-220.7086,0.03674,0.0000,1.0000,0.0000,True,True
81.8637,2.2830,9.5625,-220.7310,0.03737,0.0000,1.0000,0.0000,True,True
81.8720,2.2528,9.5648,-220.7538,0.03794,0.0000,1.0000,0.0000,True,True
81.8804,2.2220,9.5673,-220.7769,0.03856,0.0000,1.0000,0.0000,True,True
81.8886,2.1908,9.5697,-220.8004,0.03912,0.0000,1.0000,0.0000,True,True
81.8970,2.1591,9.5722,-220.8242,0.03976,0.0000,1.0000,0.0000,True,True
81.9053,2.1270,9.5747,-220.8484,0.04032,0.0000,1.0000,0.0000,True,True
81.9137,2.0943,9.5773,-220.8730,0.04096,0.0000,1.0000,0.0000,True,True
81.9220,2.0612,9.5799,-220.8980,0.04157,0.0000,1.0000,0.0000,True,True
81.9304,2.0276,9.5825,-220.9233,0.04212,0.0000,1.0000,0.0000,True,True
81.9387,1.9935,9.5852,-220.9489,0.04274,0.0000,1.0000,0.0000,True,True
81.9470,1.9589,9.5879,-220.9749,0.04335,0.0000,1.0000,0.0000,True,True
81.9553,1.9239,9.5906,-221.0013,0.04394,0.0000,1.0000,0.0000,True,True
81.9637,1.8883,9.5934,-221.0281,0.04459,0.0000,1.0000,0.0000,True,True
81.9720,1.8524,9.5962,-221.0551,0.04507,0.0000,1.0000,0.0000,True,True
81.9804,1.8164,9.5990,-221.0822,0.04512,0.0000,1.0000,0.0000,True,True
81.9886,1.7805,9.6018,-221.1092,0.04505,0.0000,1.0000,0.0000,True,True
81.9971,1.7445,9.6047,-221.1363,0.04513,0.0000,1.0000,0.0000,True,True
82.0053,1.7086,9.6075,-221.1634,0.04505,0.0000,1.0000,0.0000,True,True
82.0137,1.6726,9.6103,-221.1904,0.04511,0.0000,1.0000,0.0000,True,True
82.0220,1.6367,9.6131,-221.2175,0.04507,0.0000,1.0000,0.0000,True,True
82.0304,1.6007,9.6159,-221.2446,0.04512,0.0000,1.0000,0.0000,True,True
82.0386,1.5648,9.6187,-221.2716,0.04507,0.0000,1.0000,0.0000,True,True
82.0470,1.5288,9.6216,-221.2987,0.04512,0.0000,1.0000,0.0000,True,True
82.0553,1.4929,9.6244,-221.3258,0.04507,0.0000,1.0000,0.0000,True,True
82.0637,1.4569,9.6272,-221.3528,0.04512,0.0000,1.0000,0.0000,True,True
82.0720,1.4209,9.6300,-221.3799,0.04505,0.0000,1.0000,0.0000,True,True
82.0804,1.3850,9.6328,-221.4070,0.04513,0.0000,1.0000,0.0000,True,True
82.0886,1.3490,9.6356,-221.4340,0.04505,0.0000,1.0000,0.0000,True,True
82.0970,1.3130,9.6384,-221.4611,0.04513,0.0000,1.0000,0.0000,True,True
82.1053,1.2771,9.6413,-221.4881,0.04505,0.0000,1.0000,0.0000,True,True
82.1138,1.2410,9.6441,-221.5153,0.04530,0.0000,1.0000,0.0000,True,True
82.1220,1.2052,9.6469,-221.5423,0.04489,0.0000,1.0000,0.0000,True,True
82.1304,1.1692,9.6497,-221.5694,0.04513,0.0000,1.0000,0.0000,True,True
82.1387,1.1333,9.6525,-221.5964,0.04505,0.0000,1.0000,0.0000,True,True
82.1470,1.0973,9.6553,-221.6235,0.04512,0.0000,1.0000,0.0000,True,True
82.1553,1.0614,9.6582,-221.6505,0.04506,0.0000,1.0000,0.0000,True,True
82.1637,1.0254,9.6610,-221.6776,0.04512,0.0000,1.0000,0.0000,True,True
82.1720,0.9895,9.6638,-221.7046,0.04506,0.0000,1.0000,0.0000,True,True
82.1804,0.9535,9.6666,-221.7317,0.04513,0.0000,1.0000,0.0000,True,True
82.1886,0.9176,9.6694,-221.7588,0.04505,0.0000,1.0000,0.0000,True,True
82.1971,0.8816,9.6722,-221.7858,0.04513,0.0000,1.0000,0.0000,True,True
82.2053,0.8457,9.6751,-221.8129,0.04505,0.0000,1.0000,0.0000,True,True
82.2137,0.8097,9.6779,-221.8400,0.04512,0.0000,1.0000,0.0000,True,True
82.2220,0.7738,9.6807,-221.8670,0.04505,0.0000,1.0000,0.0000,True,True
82.2304,0.7378,9.6835,-221.8941,0.04513,0.0000,1.0000,0.0000,True,True
82.2387,0.7018,9.6863,-221.9211,0.04507,0.0000,1.0000,0.0000,True,True
82.2470,0.6659,9.6891,-221.9482,0.04511,0.0000,1.0000,0.0000,True,True
82.2553,0.6299,9.6920,-221.9753,0.04507,0.0000,1.0000,0.0000,True,True
82.2637,0.5940,9.6948,-222.0023,0.04513,0.0000,1.0000,0.0000,True,True
82.2720,0.5580,9.6981,-222.0294,0.04509,0.0000,1.0000,0.0000,True,True
82.2804,0.5220,9.7014,-222.0565,0.04515,0.0000,1.0000,0.0000,True,True
82.2887,0.4861,9.7047,-222.0835,0.04509,0.0000,1.0000,0.0000,True,True
82.2970,0.4502,9.7080,-222.1106,0.04513,0.0000,1.0000,0.0000,True,True
82.3053,0.4142,9.7112,-222.1376,0.04511,0.0000,1.0000,0.0000,True,True
82.3137,0.3782,9.7145,-222.1647,0.04515,0.0000,1.0000,0.0000,True,True
82.3220,0.3423,9.7178,-222.1918,0.04511,0.0000,1.0000,0.0000,True,True
82.3304,0.3063,9.7211,-222.2188,0.04514,0.0000,1.0000,0.0000,True,True
82.3387,0.2704,9.7244,-222.2459,0.04511,0.0000,1.0000,0.0000,True,True
82.3471,0.2344,9.7277,-222.2730,0.04515,0.0000,1.0000,0.0000,True,True
82.3553,0.1985,9.7309,-222.3000,0.04509,0.0000,1.0000,0.0000,True,True
82.3638,0.1625,9.7342,-222.3271,0.04515,0.0000,1.0000,0.0000,True,True
82.3720,0.1266,9.7375,-222.3542,0.04510,0.0000,1.0000,0.0000,True,True
82.3804,0.0906,9.7408,-222.3812,0.04514,0.0000,1.0000,0.0000,True,True
82.3887,0.0546,9.7441,-222.4083,0.04511,0.0000,1.0000,0.0000,True,True
82.3971,0.0187,9.7474,-222.4353,0.04514,0.0000,1.0000,0.0000,True,True
82.4054,-0.0173,9.7507,-222.4624,0.04511,0.0000,1.0000,0.0000,True,True
82.4137,-0.0532,9.7539,-222.4895,0.04513,0.0000,1.0000,0.0000,True,True
82.4221,-0.0892,9.7572,-222.5165,0.04511,0.0000,1.0000,0.0000,True,True
82.4307,-0.1251,9.7605,-222.5436,0.04510,0.0000,1.0000,0.0000,True,True
82.4387,-0.1611,9.7638,-222.5706,0.04513,0.0000,1.0000,0.0000,True,True
82.4470,-0.1971,9.7671,-222.5977,0.04513,0.0000,1.0000,0.0000,True,True
82.4554,-0.2330,9.7704,-222.6248,0.04518,0.0000,1.0000,0.0000,True,True
82.4637,-0.2690,9.7737,-222.6519,0.04513,0.0000,1.0000,0.0000,True,True
82.4721,-0.3050,9.7769,-222.6789,0.04511,0.0000,1.0000,0.0000,True,True
82.4804,-0.3409,9.7802,-222.7060,0.04513,0.0000,1.0000,0.0000,True,True
82.4887,-0.3769,9.7835,-222.7331,0.04511,0.0000,1.0000,0.0000,True,True
82.4971,-0.4128,9.7868,-222.7601,0.04512,0.0000,1.0000,0.0000,True,True
82.5055,-0.4488,9.7901,-222.7872,0.04513,0.0000,1.0000,0.0000,True,True
82.5137,-0.4847,9.7934,-222.8143,0.04513,0.0000,1.0000,0.0000,True,True
82.5220,-0.5207,9.7967,-222.8413,0.04510,0.0000,1.0000,0.0000,True,True
82.5304,-0.5566,9.7999,-222.8684,0.04513,0.0000,1.0000,0.0000,True,True
82.5387,-0.5926,9.8032,-222.8954,0.04511,0.0000,1.0000,0.0000,True,True
82.5470,-0.6286,9.8065,-222.9225,0.04513,0.0000,1.0000,0.0000,True,True
82.5554,-0.6645,9.8098,-222.9496,0.04510,0.0000,1.0000,0.0000,True,True
82.5637,-0.7005,9.8131,-222.9766,0.04514,0.0000,1.0000,0.0000,True,True
82.5720,-0.7364,9.8164,-223.0037,0.04513,0.0000,1.0000,0.0000,True,True
82.5804,-0.7724,9.8197,-223.0308,0.04513,0.0000,1.0000,0.0000,True,True
82.5887,-0.8083,9.8229,-223.0578,0.04510,0.0000,1.0000,0.0000,True,True
82.5971,-0.8443,9.8262,-223.0849,0.04513,0.0000,1.0000,0.0000,True,True
82.6054,-0.8802,9.8295,-223.1120,0.04511,0.0000,1.0000,0.0000,True,True
82.6137,-0.9162,9.8328,-223.1390,0.04512,0.0000,1.0000,0.0000,True,True
82.6221,-0.9521,9.8361,-223.1661,0.04513,0.0000,1.0000,0.0000,True,True
82.6304,-0.9881,9.8394,-223.1932,0.04514,0.0000,1.0000,0.0000,True,True
82.6387,-1.0241,9.8426,-223.2202,0.04511,0.0000,1.0000,0.0000,True,True
82.6471,-1.0600,9.8459,-223.2473,0.04514,0.0000,1.0000,0.0000,True,True
82.6554,-1.0960,9.8492,-223.2743,0.04510,0.0000,1.0000,0.0000,True,True
82.6637,-1.1319,9.8525,-223.3014,0.04513,0.0000,1.0000,0.0000,True,True
82.6720,-1.1679,9.8558,-223.3285,0.04511,0.0000,1.0000,0.0000,True,True
82.6804,-1.2038,9.8591,-223.3555,0.04513,0.0000,1.0000,0.0000,True,True
82.6887,-1.2398,9.8624,-223.3826,0.04511,0.0000,1.0000,0.0000,True,True
82.6971,-1.2757,9.8656,-223.4097,0.04513,0.0000,1.0000,0.0000,True,True
82.7054,-1.3117,9.8689,-223.4367,0.04511,0.0000,1.0000,0.0000,True,True
82.7137,-1.3477,9.8722,-223.4638,0.04513,0.0000,1.0000,0.0000,True,True
82.7221,-1.3836,9.8755,-223.4908,0.04511,0.0000,1.0000,0.0000,True,True
82.7304,-1.4196,9.8788,-223.5179,0.04514,0.0000,1.0000,0.0000,True,True
82.7387,-1.4555,9.8821,-223.5450,0.04511,0.0000,1.0000,0.0000,True,True
82.7471,-1.4915,9.8854,-223.5720,0.04514,0.0000,1.0000,0.0000,True,True
82.7554,-1.5274,9.8886,-223.5991,0.04511,0.0000,1.0000,0.0000,True,True
82.7637,-1.5634,9.8919,-223.6261,0.04512,0.0000,1.0000,0.0000,True,True
82.7720,-1.5993,9.8952,-223.6532,0.04511,0.0000,1.0000,0.0000,True,True
82.7804,-1.6353,9.8985,-223.6803,0.04514,0.0000,1.0000,0.0000,True,True
82.7887,-1.6713,9.9018,-223.7073,0.04513,0.0000,1.0000,0.0000,True,True
82.7971,-1.7072,9.9051,-223.7344,0.04512,0.0000,1.0000,0.0000,True,True
82.8054,-1.7432,9.9083,-223.7615,0.04513,0.0000,1.0000,0.0000,True,True
82.8138,-1.7791,9.9116,-223.7885,0.04513,0.0000,1.0000,0.0000,True,True
82.8220,-1.8151,9.9149,-223.8156,0.04511,0.0000,1.0000,0.0000,True,True
82.8310,-1.8510,9.9182,-223.8427,0.04513,0.0000,1.0000,0.0000,True,True
82.8387,-1.8869,9.9215,-223.8696,0.04498,0.0000,1.0000,0.0000,True,True
82.8471,-1.9224,9.9247,-223.8964,0.04460,0.0000,1.0000,0.0000,True,True
82.8554,-1.9576,9.9279,-223.9229,0.04417,0.0000,1.0000,0.0000,True,True
82.8637,-1.9925,9.9311,-223.9491,0.04379,0.0000,1.0000,0.0000,True,True
82.8720,-2.0271,9.9343,-223.9752,0.04337,0.0000,1.0000,0.0000,True,True
82.8804,-2.0613,9.9374,-224.0009,0.04299,0.0000,1.0000,0.0000,True,True
82.8887,-2.0952,9.9410,-224.0265,0.04258,0.0000,1.0000,0.0000,True,True
82.8971,-2.1289,9.9445,-224.0518,0.04224,0.0000,1.0000,0.0000,True,True
82.9054,-2.1622,9.9479,-224.0768,0.04181,0.0000,1.0000,0.0000,True,True
82.9137,-2.1952,9.9514,-224.1017,0.04148,0.0000,1.0000,0.0000,True,True
82.9220,-2.2279,9.9548,-224.1263,0.04106,0.0000,1.0000,0.0000,True,True
82.9304,-2.2603,9.9581,-224.1507,0.04071,0.0000,1.0000,0.0000,True,True
82.9387,-2.2924,9.9615,-224.1748,0.04029,0.0000,1.0000,0.0000,True,True
82.9471,-2.3242,9.9648,-224.1988,0.03997,0.0000,1.0000,0.0000,True,True
82.9554,-2.3557,9.9681,-224.2225,0.03951,0.0000,1.0000,0.0000,True,True
82.9637,-2.3869,9.9713,-224.2460,0.03918,0.0000,1.0000,0.0000,True,True
82.9721,-2.4177,9.9745,-224.2692,0.03876,0.0000,1.0000,0.0000,True,True
82.9804,-2.4483,9.9777,-224.2922,0.03839,0.0000,1.0000,0.0000,True,True
82.9887,-2.4785,9.9808,-224.3150,0.03799,0.0000,1.0000,0.0000,True,True
82.9971,-2.5085,9.9840,-224.3375,0.03760,0.0000,1.0000,0.0000,True,True
83.0053,-2.5381,9.9870,-224.3598,0.03720,0.0000,1.0000,0.0000,True,True
83.0138,-2.5674,9.9901,-224.3819,0.03684,0.0000,1.0000,0.0000,True,True
83.0220,-2.5964,9.9931,-224.4037,0.03640,0.0000,1.0000,0.0000,True,True
83.0305,-2.6251,9.9961,-224.4253,0.03603,0.0000,1.0000,0.0000,True,True
83.0387,-2.6535,9.9990,-224.4466,0.03562,0.0000,1.0000,0.0000,True,True
83.0471,-2.6815,10.0020,-224.4677,0.03524,0.0000,1.0000,0.0000,True,True
83.0554,-2.7092,10.0048,-224.4886,0.03481,0.0000,1.0000,0.0000,True,True
83.0637,-2.7367,10.0077,-224.5092,0.03443,0.0000,1.0000,0.0000,True,True
83.0720,-2.7637,10.0105,-224.5296,0.03399,0.0000,1.0000,0.0000,True,True
83.0804,-2.7905,10.0133,-224.5498,0.03363,0.0000,1.0000,0.0000,True,True
83.0887,-2.8169,10.0160,-224.5696,0.03317,0.0000,1.0000,0.0000,True,True
83.0971,-2.8430,10.0188,-224.5893,0.03282,0.0000,1.0000,0.0000,True,True
83.1054,-2.8688,10.0214,-224.6087,0.03236,0.0000,1.0000,0.0000,True,True
83.1138,-2.8943,10.0241,-224.6279,0.03198,0.0000,1.0000,0.0000,True,True
83.1220,-2.9194,10.0267,-224.6468,0.03154,0.0000,1.0000,0.0000,True,True
83.1304,-2.9442,10.0293,-224.6655,0.03116,0.0000,1.0000,0.0000,True,True
83.1387,-2.9687,10.0318,-224.6839,0.03071,0.0000,1.0000,0.0000,True,True
83.1471,-2.9928,10.0343,-224.7020,0.03032,0.0000,1.0000,0.0000,True,True
83.1554,-3.0166,10.0368,-224.7199,0.02988,0.0000,1.0000,0.0000,True,True
83.1637,-3.0401,10.0393,-224.7376,0.02950,0.0000,1.0000,0.0000,True,True
83.1720,-3.0632,10.0417,-224.7550,0.02903,0.0000,1.0000,0.0000,True,True
83.1804,-3.0860,10.0440,-224.7722,0.02865,0.0000,1.0000,0.0000,True,True
83.1887,-3.1085,10.0464,-224.7891,0.02819,0.0000,1.0000,0.0000,True,True
83.1972,-3.1306,10.0487,-224.8057,0.02780,0.0000,1.0000,0.0000,True,True
83.2054,-3.1524,10.0509,-224.8221,0.02734,0.0000,1.0000,0.0000,True,True
83.2138,-3.1738,10.0532,-224.8383,0.02695,0.0000,1.0000,0.0000,True,True
83.2221,-3.1949,10.0554,-224.8541,0.02648,0.0000,1.0000,0.0000,True,True
83.2304,-3.2157,10.0575,-224.8698,0.02607,0.0000,1.0000,0.0000,True,True
83.2387,-3.2361,10.0596,-224.8851,0.02562,0.0000,1.0000,0.0000,True,True
83.2471,-3.2561,10.0617,-224.9002,0.02521,0.0000,1.0000,0.0000,True,True
83.2554,-3.2758,10.0638,-224.9151,0.02474,0.0000,1.0000,0.0000,True,True
83.2637,-3.2952,10.0658,-224.9296,0.02434,0.0000,1.0000,0.0000,True,True
83.2721,-3.3142,10.0678,-224.9439,0.02386,0.0000,1.0000,0.0000,True,True
83.2804,-3.3329,10.0697,-224.9580,0.02345,0.0000,1.0000,0.0000,True,True
83.2887,-3.3512,10.0716,-224.9718,0.02299,0.0000,1.0000,0.0000,True,True
83.2973,-3.3695,10.0735,-224.9856,0.02306,0.0000,1.0000,0.0000,True,True
83.3056,-3.3695,10.0735,-224.9856,0.00000,0.0000,1.0000,0.0000,True,True
83.3256,-3.3700,10.0736,-224.9859,0.00059,0.0000,1.0000,0.0000,True,True
83.3337,-3.3709,10.0737,-224.9865,0.00107,0.0000,1.0000,0.0000,True,True
83.3422,-3.3722,10.0738,-224.9875,0.00161,0.0000,1.0000,0.0000,True,True
83.3504,-3.3740,10.0740,-224.9887,0.00213,0.0000,1.0000,0.0000,True,True
83.3588,-3.3762,10.0742,-224.9902,0.00266,0.0000,1.0000,0.0000,True,True
83.3670,-3.3788,10.0744,-224.9920,0.00319,0.0000,1.0000,0.0000,True,True
83.3754,-3.3818,10.0747,-224.9941,0.00373,0.0000,1.0000,0.0000,True,True
83.3837,-3.3853,10.0750,-224.9965,0.00426,0.0000,1.0000,0.0000,True,True
83.3924,-3.3893,10.0754,-224.9993,0.00481,0.0000,1.0000,0.0000,True,True
83.4004,-3.3936,10.0758,-225.0023,0.00533,0.0000,1.0000,0.0000,True,True
83.4088,-3.3985,10.0763,-225.0056,0.00587,0.0000,1.0000,0.0000,True,True
83.4170,-3.4037,10.0768,-225.0092,0.00641,0.0000,1.0000,0.0000,True,True
83.4255,-3.4094,10.0773,-225.0132,0.00696,0.0000,1.0000,0.0000,True,True
83.4337,-3.4156,10.0779,-225.0174,0.00750,0.0000,1.0000,0.0000,True,True
83.4421,-3.4222,10.0786,-225.0220,0.00805,0.0000,1.0000,0.0000,True,True
83.4504,-3.4292,10.0792,-225.0269,0.00859,0.0000,1.0000,0.0000,True,True
83.4588,-3.4367,10.0800,-225.0321,0.00915,0.0000,1.0000,0.0000,True,True
83.4670,-3.4446,10.0807,-225.0376,0.00968,0.0000,1.0000,0.0000,True,True
83.4754,-3.4530,10.0815,-225.0434,0.01025,0.0000,1.0000,0.0000,True,True
83.4838,-3.4619,10.0824,-225.0495,0.01079,0.0000,1.0000,0.0000,True,True
83.4921,-3.4712,10.0833,-225.0559,0.01135,0.0000,1.0000,0.0000,True,True
83.5004,-3.4810,10.0842,-225.0627,0.01190,0.0000,1.0000,0.0000,True,True
83.5088,-3.4912,10.0852,-225.0697,0.01246,0.0000,1.0000,0.0000,True,True
83.5171,-3.5019,10.0862,-225.0771,0.01302,0.0000,1.0000,0.0000,True,True
83.5254,-3.5130,10.0873,-225.0848,0.01359,0.0000,1.0000,0.0000,True,True
83.5337,-3.5246,10.0884,-225.0928,0.01414,0.0000,1.0000,0.0000,True,True
83.5421,-3.5367,10.0895,-225.1012,0.01472,0.0000,1.0000,0.0000,True,True
83.5504,-3.5492,10.0907,-225.1099,0.01528,0.0000,1.0000,0.0000,True,True
83.5588,-3.5622,10.0920,-225.1189,0.01587,0.0000,1.0000,0.0000,True,True
83.5671,-3.5757,10.0932,-225.1282,0.01643,0.0000,1.0000,0.0000,True,True
83.5754,-3.5896,10.0946,-225.1378,0.01701,0.0000,1.0000,0.0000,True,True
83.5837,-3.6040,10.0960,-225.1478,0.01757,0.0000,1.0000,0.0000,True,True
83.5921,-3.6189,10.0974,-225.1581,0.01816,0.0000,1.0000,0.0000,True,True
83.6004,-3.6343,10.0988,-225.1687,0.01875,0.0000,1.0000,0.0000,True,True
83.6088,-3.6501,10.1004,-225.1797,0.01929,0.0000,1.0000,0.0000,True,True
83.6171,-3.6664,10.1019,-225.1909,0.01988,0.0000,1.0000,0.0000,True,True
83.6258,-3.6833,10.1035,-225.2026,0.02060,0.0000,1.0000,0.0000,True,True
83.6339,-3.7006,10.1052,-225.2146,0.02108,0.0000,1.0000,0.0000,True,True
83.6421,-3.7183,10.1069,-225.2269,0.02166,0.0000,1.0000,0.0000,True,True
83.6505,-3.7366,10.1086,-225.2395,0.02224,0.0000,1.0000,0.0000,True,True
83.6588,-3.7553,10.1104,-225.2525,0.02285,0.0000,1.0000,0.0000,True,True
83.6671,-3.7745,10.1123,-225.2657,0.02341,0.0000,1.0000,0.0000,True,True
83.6755,-3.7942,10.1141,-225.2794,0.02403,0.0000,1.0000,0.0000,True,True
83.6838,-3.8144,10.1161,-225.2933,0.02461,0.0000,1.0000,0.0000,True,True
83.6922,-3.8351,10.1180,-225.3076,0.02522,0.0000,1.0000,0.0000,True,True
83.7004,-3.8562,10.1201,-225.3223,0.02580,0.0000,1.0000,0.0000,True,True
83.7088,-3.8779,10.1221,-225.3372,0.02643,0.0000,1.0000,0.0000,True,True
83.7171,-3.9000,10.1243,-225.3526,0.02700,0.0000,1.0000,0.0000,True,True
83.7255,-3.9227,10.1264,-225.3682,0.02763,0.0000,1.0000,0.0000,True,True
83.7338,-3.9458,10.1286,-225.3842,0.02823,0.0000,1.0000,0.0000,True,True
83.7422,-3.9695,10.1309,-225.4006,0.02885,0.0000,1.0000,0.0000,True,True
83.7505,-3.9936,10.1332,-225.4173,0.02945,0.0000,1.0000,0.0000,True,True
83.7588,-4.0183,10.1356,-225.4344,0.03007,0.0000,1.0000,0.0000,True,True
83.7671,-4.0434,10.1380,-225.4518,0.03068,0.0000,1.0000,0.0000,True,True
83.7757,-4.0691,10.1404,-225.4695,0.03134,0.0000,1.0000,0.0000,True,True
83.7838,-4.0953,10.1429,-225.4876,0.03191,0.0000,1.0000,0.0000,True,True
83.7922,-4.1219,10.1455,-225.5061,0.03255,0.0000,1.0000,0.0000,True,True
83.8005,-4.1491,10.1481,-225.5249,0.03317,0.0000,1.0000,0.0000,True,True
83.8088,-4.1768,10.1507,-225.5441,0.03380,0.0000,1.0000,0.0000,True,True
83.8171,-4.2050,10.1534,-225.5636,0.03440,0.0000,1.0000,0.0000,True,True
83.8255,-4.2338,10.1562,-225.5835,0.03506,0.0000,1.0000,0.0000,True,True
83.8338,-4.2630,10.1590,-225.6037,0.03566,0.0000,1.0000,0.0000,True,True
83.8421,-4.2928,10.1618,-225.6243,0.03632,0.0000,1.0000,0.0000,True,True
83.8505,-4.3231,10.1647,-225.6452,0.03691,0.0000,1.0000,0.0000,True,True
83.8589,-4.3539,10.1677,-225.6665,0.03761,0.0000,1.0000,0.0000,True,True
83.8671,-4.3852,10.1707,-225.6882,0.03820,0.0000,1.0000,0.0000,True,True
83.8755,-4.4171,10.1737,-225.7103,0.03887,0.0000,1.0000,0.0000,True,True
83.8838,-4.4495,10.1768,-225.7327,0.03947,0.0000,1.0000,0.0000,True,True
83.8922,-4.4824,10.1799,-225.7554,0.04017,0.0000,1.0000,0.0000,True,True
83.9005,-4.5158,10.1831,-225.7785,0.04077,0.0000,1.0000,0.0000,True,True
83.9089,-4.5498,10.1864,-225.8020,0.04144,0.0000,1.0000,0.0000,True,True
83.9171,-4.5843,10.1897,-225.8259,0.04205,0.0000,1.0000,0.0000,True,True
83.9255,-4.6193,10.1930,-225.8501,0.04276,0.0000,1.0000,0.0000,True,True
83.9338,-4.6549,10.1964,-225.8747,0.04334,0.0000,1.0000,0.0000,True,True
83.9422,-4.6910,10.1999,-225.8997,0.04407,0.0000,1.0000,0.0000,True,True
83.9505,-4.7276,10.2034,-225.9250,0.04466,0.0000,1.0000,0.0000,True,True
83.9589,-4.7647,10.2069,-225.9507,0.04518,0.0000,1.0000,0.0000,True,True
83.9671,-4.8016,10.2105,-225.9762,0.04510,0.0000,1.0000,0.0000,True,True
83.9755,-4.8387,10.2140,-226.0019,0.04518,0.0000,1.0000,0.0000,True,True
83.9838,-4.8756,10.2180,-226.0275,0.04514,0.0000,1.0000,0.0000,True,True
83.9922,-4.9127,10.2220,-226.0531,0.04521,0.0000,1.0000,0.0000,True,True
84.0005,-4.9497,10.2259,-226.0787,0.04514,0.0000,1.0000,0.0000,True,True
84.0089,-4.9867,10.2299,-226.1043,0.04521,0.0000,1.0000,0.0000,True,True
84.0172,-5.0237,10.2338,-226.1299,0.04515,0.0000,1.0000,0.0000,True,True
84.0256,-5.0607,10.2378,-226.1555,0.04521,0.0000,1.0000,0.0000,True,True
84.0338,-5.0977,10.2417,-226.1811,0.04515,0.0000,1.0000,0.0000,True,True
84.0422,-5.1347,10.2457,-226.2067,0.04520,0.0000,1.0000,0.0000,True,True
84.0505,-5.1717,10.2497,-226.2323,0.04515,0.0000,1.0000,0.0000,True,True
84.0588,-5.2088,10.2536,-226.2579,0.04521,0.0000,1.0000,0.0000,True,True
84.0671,-5.2457,10.2576,-226.2835,0.04515,0.0000,1.0000,0.0000,True,True
84.0755,-5.2828,10.2615,-226.3091,0.04520,0.0000,1.0000,0.0000,True,True
84.0838,-5.3198,10.2655,-226.3347,0.04516,0.0000,1.0000,0.0000,True,True
84.0922,-5.3568,10.2694,-226.3603,0.04520,0.0000,1.0000,0.0000,True,True
84.1005,-5.3938,10.2734,-226.3859,0.04515,0.0000,1.0000,0.0000,True,True
84.1088,-5.4308,10.2774,-226.4115,0.04520,0.0000,1.0000,0.0000,True,True
84.1172,-5.4678,10.2813,-226.4371,0.04516,0.0000,1.0000,0.0000,True,True
84.1256,-5.5048,10.2853,-226.4627,0.04520,0.0000,1.0000,0.0000,True,True
84.1338,-5.5418,10.2892,-226.4883,0.04515,0.0000,1.0000,0.0000,True,True
84.1422,-5.5789,10.2932,-226.5139,0.04520,0.0000,1.0000,0.0000,True,True
84.1505,-5.6158,10.2971,-226.5395,0.04515,0.0000,1.0000,0.0000,True,True
84.1588,-5.6529,10.3011,-226.5652,0.04520,0.0000,1.0000,0.0000,True,True
84.1671,-5.6899,10.3051,-226.5907,0.04515,0.0000,1.0000,0.0000,True,True
84.1755,-5.7269,10.3090,-226.6164,0.04521,0.0000,1.0000,0.0000,True,True
84.1838,-5.7639,10.3130,-226.6420,0.04515,0.0000,1.0000,0.0000,True,True
84.1922,-5.8009,10.3169,-226.6676,0.04521,0.0000,1.0000,0.0000,True,True
84.2005,-5.8379,10.3209,-226.6932,0.04514,0.0000,1.0000,0.0000,True,True
84.2088,-5.8749,10.3248,-226.7188,0.04521,0.0000,1.0000,0.0000,True,True
84.2172,-5.9119,10.3288,-226.7444,0.04514,0.0000,1.0000,0.0000,True,True
84.2255,-5.9489,10.3328,-226.7700,0.04520,0.0000,1.0000,0.0000,True,True
84.2338,-5.9859,10.3367,-226.7956,0.04516,0.0000,1.0000,0.0000,True,True
84.2422,-6.0230,10.3407,-226.8212,0.04520,0.0000,1.0000,0.0000,True,True
84.2505,-6.0599,10.3446,-226.8468,0.04515,0.0000,1.0000,0.0000,True,True
84.2588,-6.0970,10.3486,-226.8724,0.04520,0.0000,1.0000,0.0000,True,True
84.2671,-6.1340,10.3525,-226.8980,0.04515,0.0000,1.0000,0.0000,True,True
84.2755,-6.1710,10.3565,-226.9236,0.04520,0.0000,1.0000,0.0000,True,True
84.2838,-6.2080,10.3605,-226.9492,0.04515,0.0000,1.0000,0.0000,True,True
84.2922,-6.2450,10.3644,-226.9748,0.04520,0.0000,1.0000,0.0000,True,True
84.3005,-6.2820,10.3684,-227.0004,0.04515,0.0000,1.0000,0.0000,True,True
84.3088,-6.3190,10.3723,-227.0260,0.04520,0.0000,1.0000,0.0000,True,True
84.3172,-6.3560,10.3763,-227.0516,0.04515,0.0000,1.0000,0.0000,True,True
84.3255,-6.3931,10.3803,-227.0772,0.04521,0.0000,1.0000,0.0000,True,True
84.3338,-6.4300,10.3842,-227.1028,0.04515,0.0000,1.0000,0.0000,True,True
84.3422,-6.4671,10.3882,-227.1284,0.04520,0.0000,1.0000,0.0000,True,True
84.3505,-6.5041,10.3921,-227.1540,0.04515,0.0000,1.0000,0.0000,True,True
84.3589,-6.5411,10.3961,-227.1796,0.04519,0.0000,1.0000,0.0000,True,True
84.3672,-6.5782,10.4001,-227.2053,0.04534,0.0000,1.0000,0.0000,True,True
84.3756,-6.6153,10.4040,-227.2310,0.04520,0.0000,1.0000,0.0000,True,True
84.3839,-6.6522,10.4080,-227.2565,0.04515,0.0000,1.0000,0.0000,True,True
84.3922,-6.6893,10.4119,-227.2822,0.04521,0.0000,1.0000,0.0000,True,True
84.4005,-6.7263,10.4159,-227.3078,0.04515,0.0000,1.0000,0.0000,True,True
84.4090,-6.7633,10.4198,-227.3334,0.04526,0.0000,1.0000,0.0000,True,True
84.4173,-6.8003,10.4238,-227.3590,0.04517,0.0000,1.0000,0.0000,True,True
84.4262,-6.8374,10.4278,-227.3846,0.04518,0.0000,1.0000,0.0000,True,True
84.4339,-6.8744,10.4317,-227.4102,0.04518,0.0000,1.0000,0.0000,True,True
84.4423,-6.9114,10.4357,-227.4358,0.04518,0.0000,1.0000,0.0000,True,True
84.4506,-6.9484,10.4396,-227.4614,0.04516,0.0000,1.0000,0.0000,True,True
84.4590,-6.9854,10.4436,-227.4870,0.04518,0.0000,1.0000,0.0000,True,True
84.4672,-7.0224,10.4475,-227.5126,0.04518,0.0000,1.0000,0.0000,True,True
84.4758,-7.0594,10.4515,-227.5382,0.04519,0.0000,1.0000,0.0000,True,True
84.4839,-7.0964,10.4555,-227.5638,0.04516,0.0000,1.0000,0.0000,True,True
84.4923,-7.1334,10.4594,-227.5894,0.04518,0.0000,1.0000,0.0000,True,True
84.5007,-7.1706,10.4634,-227.6151,0.04536,0.0000,1.0000,0.0000,True,True
84.5090,-7.2076,10.4673,-227.6407,0.04519,0.0000,1.0000,0.0000,True,True
84.5176,-7.2446,10.4713,-227.6664,0.04520,0.0000,1.0000,0.0000,True,True
84.5259,-7.2816,10.4753,-227.6919,0.04515,0.0000,1.0000,0.0000,True,True
84.5339,-7.3186,10.4792,-227.7175,0.04517,0.0000,1.0000,0.0000,True,True
84.5423,-7.3557,10.4832,-227.7431,0.04518,0.0000,1.0000,0.0000,True,True
84.5506,-7.3926,10.4871,-227.7687,0.04516,0.0000,1.0000,0.0000,True,True
84.5591,-7.4297,10.4911,-227.7944,0.04523,0.0000,1.0000,0.0000,True,True
84.5672,-7.4667,10.4950,-227.8199,0.04512,0.0000,1.0000,0.0000,True,True
84.5757,-7.5037,10.4990,-227.8456,0.04520,0.0000,1.0000,0.0000,True,True
84.5839,-7.5407,10.5030,-227.8712,0.04515,0.0000,1.0000,0.0000,True,True
84.5923,-7.5777,10.5069,-227.8968,0.04520,0.0000,1.0000,0.0000,True,True
84.6006,-7.6147,10.5109,-227.9224,0.04515,0.0000,1.0000,0.0000,True,True
84.6090,-7.6517,10.5148,-227.9480,0.04521,0.0000,1.0000,0.0000,True,True
84.6173,-7.6887,10.5188,-227.9736,0.04515,0.0000,1.0000,0.0000,True,True
84.6257,-7.7257,10.5228,-227.9992,0.04520,0.0000,1.0000,0.0000,True,True
84.6340,-7.7627,10.5271,-228.0248,0.04519,0.0000,1.0000,0.0000,True,True
84.6426,-7.7998,10.5315,-228.0504,0.04522,0.0000,1.0000,0.0000,True,True
84.6506,-7.8368,10.5358,-228.0760,0.04519,0.0000,1.0000,0.0000,True,True
84.6590,-7.8738,10.5402,-228.1016,0.04524,0.0000,1.0000,0.0000,True,True
84.6673,-7.9108,10.5446,-228.1272,0.04519,0.0000,1.0000,0.0000,True,True
84.6758,-7.9479,10.5489,-228.1529,0.04536,0.0000,1.0000,0.0000,True,True
84.6839,-7.9849,10.5533,-228.1785,0.04519,0.0000,1.0000,0.0000,True,True
84.6924,-8.0219,10.5577,-228.2041,0.04524,0.0000,1.0000,0.0000,True,True
84.7006,-8.0589,10.5620,-228.2297,0.04519,0.0000,1.0000,0.0000,True,True
84.7090,-8.0959,10.5664,-228.2553,0.04524,0.0000,1.0000,0.0000,True,True
84.7173,-8.1329,10.5707,-228.2809,0.04519,0.0000,1.0000,0.0000,True,True
84.7257,-8.1700,10.5751,-228.3065,0.04524,0.0000,1.0000,0.0000,True,True
84.7340,-8.2070,10.5795,-228.3321,0.04520,0.0000,1.0000,0.0000,True,True
84.7423,-8.2440,10.5838,-228.3577,0.04522,0.0000,1.0000,0.0000,True,True
84.7507,-8.2810,10.5882,-228.3833,0.04521,0.0000,1.0000,0.0000,True,True
84.7590,-8.3180,10.5926,-228.4089,0.04522,0.0000,1.0000,0.0000,True,True
84.7673,-8.3550,10.5969,-228.4345,0.04519,0.0000,1.0000,0.0000,True,True
84.7757,-8.3920,10.6013,-228.4601,0.04522,0.0000,1.0000,0.0000,True,True
84.7839,-8.4290,10.6056,-228.4857,0.04519,0.0000,1.0000,0.0000,True,True
84.7923,-8.4660,10.6100,-228.5113,0.04525,0.0000,1.0000,0.0000,True,True
84.8006,-8.5030,10.6144,-228.5369,0.04519,0.0000,1.0000,0.0000,True,True
84.8090,-8.5401,10.6187,-228.5625,0.04524,0.0000,1.0000,0.0000,True,True
84.8173,-8.5771,10.6231,-228.5881,0.04519,0.0000,1.0000,0.0000,True,True
84.8257,-8.6141,10.6275,-228.6137,0.04522,0.0000,1.0000,0.0000,True,True
84.8340,-8.6511,10.6318,-228.6393,0.04519,0.0000,1.0000,0.0000,True,True
84.8425,-8.6881,10.6362,-228.6649,0.04524,0.0000,1.0000,0.0000,True,True
84.8506,-8.7251,10.6405,-228.6905,0.04519,0.0000,1.0000,0.0000,True,True
84.8592,-8.7630,10.6450,-228.7167,0.04628,0.0000,1.0000,0.0000,True,True
84.8674,-8.8000,10.6494,-228.7423,0.04519,0.0000,1.0000,0.0000,True,True
84.8759,-8.8370,10.6537,-228.7679,0.04524,0.0000,1.0000,0.0000,True,True
84.8841,-8.8740,10.6581,-228.7935,0.04518,0.0000,1.0000,0.0000,True,True
84.8925,-8.9110,10.6625,-228.8191,0.04524,0.0000,1.0000,0.0000,True,True
84.9008,-8.9480,10.6668,-228.8447,0.04519,0.0000,1.0000,0.0000,True,True
84.9092,-8.9850,10.6712,-228.8703,0.04524,0.0000,1.0000,0.0000,True,True
84.9175,-9.0220,10.6756,-228.8959,0.04519,0.0000,1.0000,0.0000,True,True
84.9259,-9.0590,10.6799,-228.9215,0.04522,0.0000,1.0000,0.0000,True,True
84.9342,-9.0958,10.6843,-228.9469,0.04489,0.0000,1.0000,0.0000,True,True
84.9425,-9.1323,10.6886,-228.9722,0.04459,0.0000,1.0000,0.0000,True,True
84.9508,-9.1685,10.6928,-228.9973,0.04427,0.0000,1.0000,0.0000,True,True
84.9592,-9.2045,10.6971,-229.0222,0.04397,0.0000,1.0000,0.0000,True,True
84.9675,-9.2402,10.7013,-229.0469,0.04364,0.0000,1.0000,0.0000,True,True
84.9761,-9.2762,10.7055,-229.0717,0.04395,0.0000,1.0000,0.0000,True,True
84.9843,-9.3114,10.7097,-229.0961,0.04298,0.0000,1.0000,0.0000,True,True
84.9927,-9.3464,10.7138,-229.1203,0.04279,0.0000,1.0000,0.0000,True,True
85.0010,-9.3811,10.7179,-229.1443,0.04234,0.0000,1.0000,0.0000,True,True
85.0094,-9.4156,10.7220,-229.1682,0.04220,0.0000,1.0000,0.0000,True,True
85.0176,-9.4496,10.7260,-229.1917,0.04150,0.0000,1.0000,0.0000,True,True
85.0261,-9.4835,10.7300,-229.2151,0.04140,0.0000,1.0000,0.0000,True,True
85.0343,-9.5170,10.7339,-229.2383,0.04101,0.0000,1.0000,0.0000,True,True
85.0426,-9.5504,10.7378,-229.2614,0.04073,0.0000,1.0000,0.0000,True,True
85.0509,-9.5834,10.7417,-229.2842,0.04034,0.0000,1.0000,0.0000,True,True
85.0593,-9.6162,10.7456,-229.3069,0.04006,0.0000,1.0000,0.0000,True,True
85.0676,-9.6487,10.7494,-229.3294,0.03967,0.0000,1.0000,0.0000,True,True
85.0760,-9.6810,10.7532,-229.3518,0.03953,0.0000,1.0000,0.0000,True,True
85.0843,-9.7130,10.7570,-229.3739,0.03900,0.0000,1.0000,0.0000,True,True
85.0927,-9.7446,10.7607,-229.3958,0.03869,0.0000,1.0000,0.0000,True,True
85.1010,-9.7760,10.7644,-229.4175,0.03834,0.0000,1.0000,0.0000,True,True
85.1093,-9.8071,10.7681,-229.4390,0.03799,0.0000,1.0000,0.0000,True,True
85.1176,-9.8379,10.7717,-229.4603,0.03763,0.0000,1.0000,0.0000,True,True
85.1261,-9.8685,10.7753,-229.4814,0.03733,0.0000,1.0000,0.0000,True,True
85.1343,-9.8987,10.7789,-229.5023,0.03692,0.0000,1.0000,0.0000,True,True
85.1427,-9.9287,10.7824,-229.5231,0.03662,0.0000,1.0000,0.0000,True,True
85.1510,-9.9583,10.7859,-229.5436,0.03622,0.0000,1.0000,0.0000,True,True
85.1593,-9.9877,10.7894,-229.5639,0.03592,0.0000,1.0000,0.0000,True,True
85.1676,-10.0168,10.7928,-229.5840,0.03551,0.0000,1.0000,0.0000,True,True
85.1760,-10.0456,10.7962,-229.6040,0.03521,0.0000,1.0000,0.0000,True,True
85.1844,-10.0741,10.7996,-229.6237,0.03481,0.0000,1.0000,0.0000,True,True
85.1927,-10.1023,10.8029,-229.6432,0.03449,0.0000,1.0000,0.0000,True,True
85.2010,-10.1302,10.8062,-229.6625,0.03409,0.0000,1.0000,0.0000,True,True
85.2094,-10.1579,10.8095,-229.6816,0.03377,0.0000,1.0000,0.0000,True,True
85.2177,-10.1852,10.8127,-229.7005,0.03336,0.0000,1.0000,0.0000,True,True
85.2260,-10.2122,10.8159,-229.7192,0.03303,0.0000,1.0000,0.0000,True,True
85.2343,-10.2389,10.8190,-229.7377,0.03263,0.0000,1.0000,0.0000,True,True
85.2427,-10.2654,10.8221,-229.7560,0.03230,0.0000,1.0000,0.0000,True,True
85.2510,-10.2915,10.8252,-229.7741,0.03190,0.0000,1.0000,0.0000,True,True
85.2593,-10.3173,10.8283,-229.7919,0.03156,0.0000,1.0000,0.0000,True,True
85.2676,-10.3428,10.8313,-229.8096,0.03115,0.0000,1.0000,0.0000,True,True
85.2760,-10.3680,10.8342,-229.8270,0.03081,0.0000,1.0000,0.0000,True,True
85.2843,-10.3929,10.8372,-229.8442,0.03039,0.0000,1.0000,0.0000,True,True
85.2927,-10.4175,10.8401,-229.8613,0.03005,0.0000,1.0000,0.0000,True,True
85.3010,-10.4417,10.8429,-229.8780,0.02964,0.0000,1.0000,0.0000,True,True
85.3094,-10.4657,10.8458,-229.8946,0.02929,0.0000,1.0000,0.0000,True,True
85.3176,-10.4893,10.8485,-229.9110,0.02886,0.0000,1.0000,0.0000,True,True
85.3260,-10.5127,10.8513,-229.9271,0.02851,0.0000,1.0000,0.0000,True,True
85.3343,-10.5357,10.8540,-229.9430,0.02809,0.0000,1.0000,0.0000,True,True
85.3427,-10.5584,10.8567,-229.9587,0.02773,0.0000,1.0000,0.0000,True,True
85.3510,-10.5807,10.8593,-229.9742,0.02730,0.0000,1.0000,0.0000,True,True
85.3593,-10.6028,10.8619,-229.9894,0.02693,0.0000,1.0000,0.0000,True,True
85.3676,-10.6028,10.8619,-229.9894,0.00000,0.0000,1.0000,0.0000,True,True
85.3762,-10.6032,10.8620,-229.9897,0.00053,0.0000,1.0000,0.0000,True,True
85.3844,-10.6040,10.8621,-229.9904,0.00105,0.0000,1.0000,0.0000,True,True
85.3927,-10.6053,10.8622,-229.9913,0.00158,0.0000,1.0000,0.0000,True,True
85.4010,-10.6070,10.8624,-229.9926,0.00211,0.0000,1.0000,0.0000,True,True
85.4095,-10.6091,10.8627,-229.9942,0.00265,0.0000,1.0000,0.0000,True,True
85.4177,-10.6116,10.8630,-229.9961,0.00319,0.0000,1.0000,0.0000,True,True
85.4261,-10.6146,10.8634,-229.9983,0.00373,0.0000,1.0000,0.0000,True,True
85.4344,-10.6180,10.8639,-230.0008,0.00427,0.0000,1.0000,0.0000,True,True
85.4427,-10.6218,10.8644,-230.0037,0.00482,0.0000,1.0000,0.0000,True,True
85.4510,-10.6261,10.8650,-230.0069,0.00537,0.0000,1.0000,0.0000,True,True
85.4594,-10.6308,10.8657,-230.0105,0.00593,0.0000,1.0000,0.0000,True,True
85.4677,-10.6359,10.8664,-230.0143,0.00649,0.0000,1.0000,0.0000,True,True
85.4762,-10.6416,10.8672,-230.0186,0.00718,0.0000,1.0000,0.0000,True,True
85.4845,-10.6477,10.8680,-230.0232,0.00763,0.0000,1.0000,0.0000,True,True
85.4929,-10.6542,10.8689,-230.0281,0.00821,0.0000,1.0000,0.0000,True,True
85.5012,-10.6612,10.8699,-230.0333,0.00877,0.0000,1.0000,0.0000,True,True
85.5095,-10.6686,10.8709,-230.0389,0.00935,0.0000,1.0000,0.0000,True,True
85.5178,-10.6765,10.8720,-230.0448,0.00993,0.0000,1.0000,0.0000,True,True
85.5262,-10.6848,10.8732,-230.0511,0.01052,0.0000,1.0000,0.0000,True,True
85.5345,-10.6937,10.8744,-230.0578,0.01111,0.0000,1.0000,0.0000,True,True
85.5429,-10.7030,10.8757,-230.0648,0.01171,0.0000,1.0000,0.0000,True,True
85.5511,-10.7127,10.8771,-230.0721,0.01229,0.0000,1.0000,0.0000,True,True
85.5595,-10.7230,10.8785,-230.0798,0.01290,0.0000,1.0000,0.0000,True,True
85.5678,-10.7337,10.8800,-230.0879,0.01349,0.0000,1.0000,0.0000,True,True
85.5762,-10.7449,10.8816,-230.0963,0.01410,0.0000,1.0000,0.0000,True,True
85.5845,-10.7566,10.8832,-230.1051,0.01471,0.0000,1.0000,0.0000,True,True
85.5929,-10.7688,10.8849,-230.1142,0.01533,0.0000,1.0000,0.0000,True,True
85.6012,-10.7814,10.8867,-230.1237,0.01594,0.0000,1.0000,0.0000,True,True
85.6096,-10.7946,10.8885,-230.1337,0.01657,0.0000,1.0000,0.0000,True,True
85.6178,-10.8082,10.8904,-230.1439,0.01719,0.0000,1.0000,0.0000,True,True
85.6262,-10.8224,10.8924,-230.1546,0.01784,0.0000,1.0000,0.0000,True,True
85.6346,-10.8371,10.8945,-230.1656,0.01846,0.0000,1.0000,0.0000,True,True
85.6439,-10.8523,10.8966,-230.1771,0.01918,0.0000,1.0000,0.0000,True,True
85.6512,-10.8680,10.8988,-230.1889,0.01975,0.0000,1.0000,0.0000,True,True
85.6595,-10.8842,10.9011,-230.2010,0.02041,0.0000,1.0000,0.0000,True,True
85.6678,-10.9009,10.9034,-230.2136,0.02104,0.0000,1.0000,0.0000,True,True
85.6762,-10.9182,10.9058,-230.2266,0.02172,0.0000,1.0000,0.0000,True,True
85.6845,-10.9359,10.9083,-230.2399,0.02235,0.0000,1.0000,0.0000,True,True
85.6929,-10.9542,10.9108,-230.2537,0.02304,0.0000,1.0000,0.0000,True,True
85.7012,-10.9730,10.9135,-230.2679,0.02368,0.0000,1.0000,0.0000,True,True
85.7096,-10.9924,10.9162,-230.2824,0.02437,0.0000,1.0000,0.0000,True,True
85.7179,-11.0123,10.9190,-230.2974,0.02503,0.0000,1.0000,0.0000,True,True
85.7262,-11.0327,10.9218,-230.3127,0.02572,0.0000,1.0000,0.0000,True,True
85.7345,-11.0537,10.9247,-230.3285,0.02639,0.0000,1.0000,0.0000,True,True
85.7429,-11.0752,10.9277,-230.3447,0.02710,0.0000,1.0000,0.0000,True,True
85.7512,-11.0972,10.9308,-230.3613,0.02777,0.0000,1.0000,0.0000,True,True
85.7596,-11.1199,10.9340,-230.3783,0.02848,0.0000,1.0000,0.0000,True,True
85.7679,-11.1430,10.9372,-230.3957,0.02916,0.0000,1.0000,0.0000,True,True
85.7762,-11.1668,10.9405,-230.4136,0.02991,0.0000,1.0000,0.0000,True,True
85.7845,-11.1911,10.9439,-230.4318,0.03058,0.0000,1.0000,0.0000,True,True
85.7929,-11.2159,10.9474,-230.4505,0.03132,0.0000,1.0000,0.0000,True,True
85.8012,-11.2414,10.9510,-230.4697,0.03201,0.0000,1.0000,0.0000,True,True
85.8096,-11.2674,10.9546,-230.4892,0.03277,0.0000,1.0000,0.0000,True,True
85.8179,-11.2940,10.9583,-230.5092,0.03346,0.0000,1.0000,0.0000,True,True
85.8262,-11.3211,10.9621,-230.5297,0.03422,0.0000,1.0000,0.0000,True,True
85.8345,-11.3489,10.9660,-230.5506,0.03494,0.0000,1.0000,0.0000,True,True
85.8429,-11.3773,10.9700,-230.5719,0.03573,0.0000,1.0000,0.0000,True,True
85.8512,-11.4062,10.9740,-230.5937,0.03643,0.0000,1.0000,0.0000,True,True
85.8596,-11.4358,10.9781,-230.6160,0.03732,0.0000,1.0000,0.0000,True,True
85.8679,-11.4660,10.9823,-230.6386,0.03793,0.0000,1.0000,0.0000,True,True
85.8763,-11.4967,10.9866,-230.6618,0.03874,0.0000,1.0000,0.0000,True,True
85.8846,-11.5281,10.9910,-230.6853,0.03946,0.0000,1.0000,0.0000,True,True
85.8930,-11.5601,10.9955,-230.7094,0.04026,0.0000,1.0000,0.0000,True,True
85.9012,-11.5926,11.0000,-230.7339,0.04100,0.0000,1.0000,0.0000,True,True
85.9096,-11.6258,11.0047,-230.7589,0.04181,0.0000,1.0000,0.0000,True,True
85.9179,-11.6596,11.0094,-230.7843,0.04257,0.0000,1.0000,0.0000,True,True
85.9263,-11.6941,11.0142,-230.8102,0.04340,0.0000,1.0000,0.0000,True,True
85.9346,-11.7292,11.0191,-230.8366,0.04416,0.0000,1.0000,0.0000,True,True
85.9429,-11.7649,11.0241,-230.8635,0.04498,0.0000,1.0000,0.0000,True,True
85.9513,-11.8009,11.0291,-230.8905,0.04527,0.0000,1.0000,0.0000,True,True
85.9596,-11.8369,11.0342,-230.9176,0.04529,0.0000,1.0000,0.0000,True,True
85.9679,-11.8728,11.0392,-230.9446,0.04529,0.0000,1.0000,0.0000,True,True
85.9763,-11.9088,11.0442,-230.9716,0.04527,0.0000,1.0000,0.0000,True,True
85.9847,-11.9447,11.0492,-230.9987,0.04529,0.0000,1.0000,0.0000,True,True
85.9930,-11.9807,11.0543,-231.0258,0.04529,0.0000,1.0000,0.0000,True,True
86.0012,-12.0167,11.0593,-231.0528,0.04527,0.0000,1.0000,0.0000,True,True
86.0096,-12.0526,11.0643,-231.0798,0.04529,0.0000,1.0000,0.0000,True,True
86.0181,-12.0893,11.0694,-231.1074,0.04611,0.0000,1.0000,0.0000,True,True
86.0265,-12.1252,11.0745,-231.1344,0.04529,0.0000,1.0000,0.0000,True,True
86.0348,-12.1612,11.0795,-231.1615,0.04528,0.0000,1.0000,0.0000,True,True
86.0431,-12.1972,11.0845,-231.1885,0.04527,0.0000,1.0000,0.0000,True,True
86.0515,-12.2331,11.0895,-231.2156,0.04528,0.0000,1.0000,0.0000,True,True
86.0598,-12.2691,11.0946,-231.2426,0.04529,0.0000,1.0000,0.0000,True,True
86.0682,-12.3051,11.0996,-231.2697,0.04529,0.0000,1.0000,0.0000,True,True
86.0764,-12.3410,11.1046,-231.2967,0.04527,0.0000,1.0000,0.0000,True,True
86.0847,-12.3770,11.1096,-231.3238,0.04525,0.0000,1.0000,0.0000,True,True
86.0931,-12.4130,11.1147,-231.3508,0.04531,0.0000,1.0000,0.0000,True,True
86.1014,-12.4489,11.1197,-231.3779,0.04526,0.0000,1.0000,0.0000,True,True
86.1101,-12.4851,11.1247,-231.4051,0.04554,0.0000,1.0000,0.0000,True,True
86.1181,-12.5208,11.1297,-231.4320,0.04503,0.0000,1.0000,0.0000,True,True
86.1264,-12.5568,11.1348,-231.4591,0.04531,0.0000,1.0000,0.0000,True,True
86.1347,-12.5928,11.1398,-231.4861,0.04527,0.0000,1.0000,0.0000,True,True
86.1431,-12.6287,11.1448,-231.5132,0.04529,0.0000,1.0000,0.0000,True,True
86.1514,-12.6647,11.1498,-231.5402,0.04526,0.0000,1.0000,0.0000,True,True
86.1597,-12.7007,11.1549,-231.5673,0.04531,0.0000,1.0000,0.0000,True,True
86.1681,-12.7366,11.1599,-231.5943,0.04526,0.0000,1.0000,0.0000,True,True
86.1766,-12.7726,11.1649,-231.6214,0.04532,0.0000,1.0000,0.0000,True,True
86.1847,-12.8086,11.1699,-231.6484,0.04524,0.0000,1.0000,0.0000,True,True
86.1931,-12.8445,11.1750,-231.6754,0.04529,0.0000,1.0000,0.0000,True,True
86.2014,-12.8805,11.1800,-231.7025,0.04527,0.0000,1.0000,0.0000,True,True
86.2098,-12.9165,11.1850,-231.7296,0.04531,0.0000,1.0000,0.0000,True,True
86.2181,-12.9524,11.1900,-231.7566,0.04526,0.0000,1.0000,0.0000,True,True
86.2265,-12.9884,11.1951,-231.7836,0.04530,0.0000,1.0000,0.0000,True,True
86.2347,-13.0244,11.2001,-231.8107,0.04526,0.0000,1.0000,0.0000,True,True
86.2431,-13.0603,11.2051,-231.8377,0.04529,0.0000,1.0000,0.0000,True,True
86.2514,-13.0963,11.2101,-231.8648,0.04526,0.0000,1.0000,0.0000,True,True
86.2597,-13.1323,11.2152,-231.8918,0.04531,0.0000,1.0000,0.0000,True,True
86.2681,-13.1682,11.2202,-231.9189,0.04526,0.0000,1.0000,0.0000,True,True
86.2764,-13.2042,11.2252,-231.9459,0.04529,0.0000,1.0000,0.0000,True,True
86.2847,-13.2401,11.2302,-231.9730,0.04526,0.0000,1.0000,0.0000,True,True
86.2931,-13.2761,11.2353,-232.0000,0.04531,0.0000,1.0000,0.0000,True,True
86.3016,-13.3128,11.2408,-232.0276,0.04623,0.0000,1.0000,0.0000,True,True
86.3099,-13.3488,11.2462,-232.0547,0.04534,0.0000,1.0000,0.0000,True,True
86.3182,-13.3847,11.2517,-232.0817,0.04530,0.0000,1.0000,0.0000,True,True
86.3266,-13.4207,11.2571,-232.1088,0.04536,0.0000,1.0000,0.0000,True,True
86.3349,-13.4567,11.2625,-232.1358,0.04530,0.0000,1.0000,0.0000,True,True
86.3433,-13.4926,11.2679,-232.1629,0.04534,0.0000,1.0000,0.0000,True,True
86.3516,-13.5286,11.2734,-232.1899,0.04531,0.0000,1.0000,0.0000,True,True
86.3599,-13.5646,11.2788,-232.2170,0.04536,0.0000,1.0000,0.0000,True,True
86.3685,-13.6014,11.2844,-232.2447,0.04643,0.0000,1.0000,0.0000,True,True
86.3768,-13.6374,11.2898,-232.2718,0.04534,0.0000,1.0000,0.0000,True,True
86.3851,-13.6733,11.2952,-232.2988,0.04530,0.0000,1.0000,0.0000,True,True
86.3935,-13.7093,11.3006,-232.3259,0.04536,0.0000,1.0000,0.0000,True,True
86.4018,-13.7452,11.3061,-232.3529,0.04529,0.0000,1.0000,0.0000,True,True
86.4101,-13.7812,11.3115,-232.3799,0.04534,0.0000,1.0000,0.0000,True,True
86.4184,-13.8172,11.3169,-232.4070,0.04533,0.0000,1.0000,0.0000,True,True
86.4268,-13.8532,11.3224,-232.4341,0.04534,0.0000,1.0000,0.0000,True,True
86.4351,-13.8891,11.3278,-232.4611,0.04529,0.0000,1.0000,0.0000,True,True
86.4435,-13.9251,11.3332,-232.4881,0.04536,0.0000,1.0000,0.0000,True,True
86.4518,-13.9610,11.3386,-232.5152,0.04529,0.0000,1.0000,0.0000,True,True
86.4601,-13.9970,11.3441,-232.5422,0.04535,0.0000,1.0000,0.0000,True,True
86.4684,-14.0330,11.3495,-232.5693,0.04532,0.0000,1.0000,0.0000,True,True
86.4769,-14.0690,11.3549,-232.5963,0.04534,0.0000,1.0000,0.0000,True,True
86.4851,-14.1049,11.3603,-232.6234,0.04531,0.0000,1.0000,0.0000,True,True
86.4935,-14.1409,11.3658,-232.6504,0.04534,0.0000,1.0000,0.0000,True,True
86.5019,-14.1768,11.3712,-232.6775,0.04531,0.0000,1.0000,0.0000,True,True
86.5102,-14.2128,11.3766,-232.7045,0.04534,0.0000,1.0000,0.0000,True,True
86.5185,-14.2488,11.3821,-232.7316,0.04533,0.0000,1.0000,0.0000,True,True
86.5268,-14.2847,11.3875,-232.7586,0.04533,0.0000,1.0000,0.0000,True,True
86.5352,-14.3207,11.3929,-232.7857,0.04532,0.0000,1.0000,0.0000,True,True
86.5435,-14.3567,11.3983,-232.8127,0.04534,0.0000,1.0000,0.0000,True,True
86.5518,-14.3926,11.4038,-232.8398,0.04532,0.0000,1.0000,0.0000,True,True
86.5603,-14.4286,11.4092,-232.8668,0.04533,0.0000,1.0000,0.0000,True,True
86.5686,-14.4646,11.4146,-232.8939,0.04533,0.0000,1.0000,0.0000,True,True
86.5768,-14.5005,11.4200,-232.9209,0.04533,0.0000,1.0000,0.0000,True,True
86.5853,-14.5365,11.4255,-232.9480,0.04533,0.0000,1.0000,0.0000,True,True
86.5935,-14.5725,11.4309,-232.9750,0.04534,0.0000,1.0000,0.0000,True,True
86.6018,-14.6084,11.4363,-233.0020,0.04529,0.0000,1.0000,0.0000,True,True
86.6101,-14.6444,11.4418,-233.0291,0.04535,0.0000,1.0000,0.0000,True,True
86.6184,-14.6803,11.4472,-233.0562,0.04531,0.0000,1.0000,0.0000,True,True
86.6268,-14.7163,11.4526,-233.0832,0.04536,0.0000,1.0000,0.0000,True,True
86.6351,-14.7523,11.4580,-233.1102,0.04529,0.0000,1.0000,0.0000,True,True
86.6435,-14.7883,11.4635,-233.1373,0.04536,0.0000,1.0000,0.0000,True,True
86.6518,-14.8242,11.4689,-233.1644,0.04530,0.0000,1.0000,0.0000,True,True
86.6601,-14.8602,11.4743,-233.1914,0.04535,0.0000,1.0000,0.0000,True,True
86.6684,-14.8961,11.4797,-233.2185,0.04531,0.0000,1.0000,0.0000,True,True
86.6768,-14.9321,11.4852,-233.2455,0.04536,0.0000,1.0000,0.0000,True,True
86.6851,-14.9681,11.4906,-233.2726,0.04530,0.0000,1.0000,0.0000,True,True
86.6935,-15.0040,11.4960,-233.2996,0.04534,0.0000,1.0000,0.0000,True,True
86.7018,-15.0400,11.5015,-233.3267,0.04531,0.0000,1.0000,0.0000,True,True
86.7102,-15.0760,11.5069,-233.3537,0.04536,0.0000,1.0000,0.0000,True,True
86.7185,-15.1119,11.5123,-233.3808,0.04531,0.0000,1.0000,0.0000,True,True
86.7268,-15.1479,11.5177,-233.4078,0.04534,0.0000,1.0000,0.0000,True,True
86.7351,-15.1839,11.5232,-233.4349,0.04531,0.0000,1.0000,0.0000,True,True
86.7435,-15.2198,11.5286,-233.4619,0.04534,0.0000,1.0000,0.0000,True,True
86.7518,-15.2558,11.5340,-233.4890,0.04531,0.0000,1.0000,0.0000,True,True
86.7602,-15.2920,11.5395,-233.5162,0.04564,0.0000,1.0000,0.0000,True,True
86.7686,-15.3280,11.5449,-233.5432,0.04531,0.0000,1.0000,0.0000,True,True
86.7769,-15.3641,11.5504,-233.5704,0.04552,0.0000,1.0000,0.0000,True,True
86.7852,-15.4000,11.5558,-233.5974,0.04530,0.0000,1.0000,0.0000,True,True
86.7936,-15.4360,11.5612,-233.6245,0.04534,0.0000,1.0000,0.0000,True,True
86.8019,-15.4720,11.5666,-233.6515,0.04531,0.0000,1.0000,0.0000,True,True
86.8102,-15.5079,11.5721,-233.6786,0.04535,0.0000,1.0000,0.0000,True,True
86.8185,-15.5439,11.5775,-233.7056,0.04531,0.0000,1.0000,0.0000,True,True
86.8270,-15.5799,11.5829,-233.7328,0.04546,0.0000,1.0000,0.0000,True,True
86.8352,-15.6159,11.5884,-233.7598,0.04530,0.0000,1.0000,0.0000,True,True
86.8436,-15.6519,11.5938,-233.7869,0.04536,0.0000,1.0000,0.0000,True,True
86.8519,-15.6878,11.5992,-233.8139,0.04530,0.0000,1.0000,0.0000,True,True
86.8603,-15.7238,11.6046,-233.8410,0.04535,0.0000,1.0000,0.0000,True,True
86.8685,-15.7598,11.6101,-233.8680,0.04530,0.0000,1.0000,0.0000,True,True
86.8769,-15.7956,11.6155,-233.8950,0.04516,0.0000,1.0000,0.0000,True,True
86.8853,-15.8312,11.6209,-233.9218,0.04491,0.0000,1.0000,0.0000,True,True
86.8936,-15.8667,11.6262,-233.9485,0.04475,0.0000,1.0000,0.0000,True,True
86.9019,-15.9020,11.6315,-233.9750,0.04451,0.0000,1.0000,0.0000,True,True
86.9103,-15.9372,11.6369,-234.0015,0.04436,0.0000,1.0000,0.0000,True,True
86.9186,-15.9722,11.6425,-234.0278,0.04416,0.0000,1.0000,0.0000,True,True
86.9270,-16.0071,11.6482,-234.0541,0.04403,0.0000,1.0000,0.0000,True,True
86.9352,-16.0419,11.6538,-234.0802,0.04383,0.0000,1.0000,0.0000,True,True
86.9436,-16.0765,11.6594,-234.1062,0.04372,0.0000,1.0000,0.0000,True,True
86.9519,-16.1110,11.6650,-234.1322,0.04351,0.0000,1.0000,0.0000,True,True
86.9603,-16.1454,11.6705,-234.1581,0.04340,0.0000,1.0000,0.0000,True,True
86.9687,-16.1802,11.6762,-234.1842,0.04390,0.0000,1.0000,0.0000,True,True
86.9771,-16.2143,11.6817,-234.2099,0.04305,0.0000,1.0000,0.0000,True,True
86.9854,-16.2483,11.6872,-234.2354,0.04285,0.0000,1.0000,0.0000,True,True
86.9937,-16.2822,11.6927,-234.2609,0.04272,0.0000,1.0000,0.0000,True,True
87.0020,-16.3159,11.6981,-234.2863,0.04251,0.0000,1.0000,0.0000,True,True
87.0104,-16.3495,11.7035,-234.3115,0.04239,0.0000,1.0000,0.0000,True,True
87.0187,-16.3829,11.7089,-234.3367,0.04216,0.0000,1.0000,0.0000,True,True
87.0271,-16.4162,11.7143,-234.3617,0.04204,0.0000,1.0000,0.0000,True,True
87.0354,-16.4493,11.7197,-234.3866,0.04182,0.0000,1.0000,0.0000,True,True
87.0437,-16.4824,11.7250,-234.4115,0.04168,0.0000,1.0000,0.0000,True,True
87.0520,-16.5152,11.7303,-234.4362,0.04144,0.0000,1.0000,0.0000,True,True
87.0604,-16.5480,11.7356,-234.4608,0.04134,0.0000,1.0000,0.0000,True,True
87.0687,-16.5806,11.7409,-234.4853,0.04109,0.0000,1.0000,0.0000,True,True
87.0771,-16.6130,11.7462,-234.5097,0.04095,0.0000,1.0000,0.0000,True,True
87.0854,-16.6453,11.7514,-234.5340,0.04073,0.0000,1.0000,0.0000,True,True
87.0938,-16.6776,11.7566,-234.5583,0.04072,0.0000,1.0000,0.0000,True,True
87.1020,-16.7096,11.7618,-234.5824,0.04036,0.0000,1.0000,0.0000,True,True
87.1105,-16.7414,11.7669,-234.6063,0.04021,0.0000,1.0000,0.0000,True,True
87.1187,-16.7731,11.7721,-234.6302,0.03998,0.0000,1.0000,0.0000,True,True
87.1271,-16.8047,11.7772,-234.6539,0.03982,0.0000,1.0000,0.0000,True,True
87.1354,-16.8361,11.7822,-234.6775,0.03958,0.0000,1.0000,0.0000,True,True
87.1438,-16.8673,11.7873,-234.7010,0.03944,0.0000,1.0000,0.0000,True,True
87.1521,-16.8984,11.7923,-234.7244,0.03920,0.0000,1.0000,0.0000,True,True
87.1604,-16.9293,11.7973,-234.7476,0.03904,0.0000,1.0000,0.0000,True,True
87.1687,-16.9601,11.8023,-234.7708,0.03879,0.0000,1.0000,0.0000,True,True
87.1771,-16.9907,11.8072,-234.7938,0.03863,0.0000,1.0000,0.0000,True,True
87.1854,-17.0211,11.8122,-234.8167,0.03839,0.0000,1.0000,0.0000,True,True
87.1938,-17.0514,11.8171,-234.8394,0.03822,0.0000,1.0000,0.0000,True,True
87.2021,-17.0815,11.8219,-234.8621,0.03796,0.0000,1.0000,0.0000,True,True
87.2105,-17.1115,11.8268,-234.8846,0.03781,0.0000,1.0000,0.0000,True,True
87.2188,-17.1412,11.8316,-234.9070,0.03755,0.0000,1.0000,0.0000,True,True
87.2271,-17.1708,11.8364,-234.9293,0.03737,0.0000,1.0000,0.0000,True,True
87.2354,-17.2003,11.8411,-234.9514,0.03714,0.0000,1.0000,0.0000,True,True
87.2438,-17.2296,11.8459,-234.9734,0.03694,0.0000,1.0000,0.0000,True,True
87.2521,-17.2586,11.8506,-234.9953,0.03670,0.0000,1.0000,0.0000,True,True
87.2606,-17.2586,11.8506,-234.9953,0.00000,0.0000,1.0000,0.0000,True,True
87.2689,-17.2590,11.8506,-234.9957,0.00052,0.0000,1.0000,0.0000,True,True
87.2772,-17.2597,11.8508,-234.9964,0.00106,0.0000,1.0000,0.0000,True,True
87.2855,-17.2608,11.8511,-234.9976,0.00159,0.0000,1.0000,0.0000,True,True
87.2938,-17.2623,11.8514,-234.9991,0.00213,0.0000,1.0000,0.0000,True,True
87.3021,-17.2641,11.8518,-235.0010,0.00269,0.0000,1.0000,0.0000,True,True
87.3105,-17.2664,11.8523,-235.0033,0.00325,0.0000,1.0000,0.0000,True,True
87.3189,-17.2690,11.8529,-235.0060,0.00381,0.0000,1.0000,0.0000,True,True
87.3273,-17.2720,11.8535,-235.0091,0.00439,0.0000,1.0000,0.0000,True,True
87.3354,-17.2754,11.8543,-235.0126,0.00497,0.0000,1.0000,0.0000,True,True
87.3438,-17.2793,11.8551,-235.0166,0.00556,0.0000,1.0000,0.0000,True,True
87.3521,-17.2835,11.8561,-235.0209,0.00614,0.0000,1.0000,0.0000,True,True
87.3605,-17.2881,11.8571,-235.0257,0.00674,0.0000,1.0000,0.0000,True,True
87.3688,-17.2932,11.8582,-235.0309,0.00734,0.0000,1.0000,0.0000,True,True
87.3772,-17.2987,11.8594,-235.0365,0.00796,0.0000,1.0000,0.0000,True,True
87.3854,-17.3046,11.8607,-235.0426,0.00857,0.0000,1.0000,0.0000,True,True
87.3939,-17.3109,11.8621,-235.0491,0.00921,0.0000,1.0000,0.0000,True,True
87.4021,-17.3177,11.8636,-235.0561,0.00983,0.0000,1.0000,0.0000,True,True
87.4105,-17.3249,11.8652,-235.0636,0.01050,0.0000,1.0000,0.0000,True,True
87.4188,-17.3326,11.8669,-235.0715,0.01114,0.0000,1.0000,0.0000,True,True
87.4273,-17.3407,11.8687,-235.0798,0.01181,0.0000,1.0000,0.0000,True,True
87.4354,-17.3493,11.8706,-235.0887,0.01246,0.0000,1.0000,0.0000,True,True
87.4438,-17.3583,11.8726,-235.0980,0.01315,0.0000,1.0000,0.0000,True,True
87.4521,-17.3678,11.8748,-235.1078,0.01382,0.0000,1.0000,0.0000,True,True
87.4606,-17.3778,11.8770,-235.1181,0.01452,0.0000,1.0000,0.0000,True,True
87.4688,-17.3883,11.8793,-235.1289,0.01521,0.0000,1.0000,0.0000,True,True
87.4773,-17.3993,11.8817,-235.1403,0.01606,0.0000,1.0000,0.0000,True,True
87.4858,-17.4108,11.8843,-235.1520,0.01659,0.0000,1.0000,0.0000,True,True
87.4940,-17.4227,11.8869,-235.1644,0.01739,0.0000,1.0000,0.0000,True,True
87.5022,-17.4352,11.8897,-235.1772,0.01808,0.0000,1.0000,0.0000,True,True
87.5106,-17.4481,11.8925,-235.1905,0.01883,0.0000,1.0000,0.0000,True,True
87.5190,-17.4616,11.8955,-235.2044,0.01958,0.0000,1.0000,0.0000,True,True
87.5272,-17.4756,11.8986,-235.2188,0.02034,0.0000,1.0000,0.0000,True,True
87.5357,-17.4901,11.9018,-235.2338,0.02110,0.0000,1.0000,0.0000,True,True
87.5440,-17.5053,11.9052,-235.2494,0.02195,0.0000,1.0000,0.0000,True,True
87.5523,-17.5208,11.9086,-235.2654,0.02260,0.0000,1.0000,0.0000,True,True
87.5606,-17.5370,11.9122,-235.2820,0.02347,0.0000,1.0000,0.0000,True,True
87.5688,-17.5537,11.9159,-235.2992,0.02425,0.0000,1.0000,0.0000,True,True
87.5772,-17.5709,11.9197,-235.3170,0.02508,0.0000,1.0000,0.0000,True,True
87.5856,-17.5888,11.9237,-235.3354,0.02589,0.0000,1.0000,0.0000,True,True
87.5939,-17.6072,11.9278,-235.3543,0.02674,0.0000,1.0000,0.0000,True,True
87.6022,-17.6261,11.9320,-235.3739,0.02757,0.0000,1.0000,0.0000,True,True
87.6107,-17.6457,11.9363,-235.3941,0.02844,0.0000,1.0000,0.0000,True,True
87.6189,-17.6659,11.9408,-235.4148,0.02929,0.0000,1.0000,0.0000,True,True
87.6272,-17.6866,11.9454,-235.4362,0.03017,0.0000,1.0000,0.0000,True,True
87.6355,-17.7080,11.9501,-235.4582,0.03105,0.0000,1.0000,0.0000,True,True
87.6438,-17.7300,11.9550,-235.4809,0.03195,0.0000,1.0000,0.0000,True,True
87.6522,-17.7526,11.9600,-235.5042,0.03283,0.0000,1.0000,0.0000,True,True
87.6605,-17.7759,11.9651,-235.5281,0.03378,0.0000,1.0000,0.0000,True,True
87.6688,-17.7997,11.9704,-235.5527,0.03468,0.0000,1.0000,0.0000,True,True
87.6772,-17.8243,11.9759,-235.5780,0.03565,0.0000,1.0000,0.0000,True,True
87.6855,-17.8495,11.9814,-235.6039,0.03656,0.0000,1.0000,0.0000,True,True
87.6939,-17.8753,11.9872,-235.6306,0.03756,0.0000,1.0000,0.0000,True,True
87.7022,-17.9018,11.9930,-235.6579,0.03851,0.0000,1.0000,0.0000,True,True
87.7106,-17.9291,11.9991,-235.6861,0.03972,0.0000,1.0000,0.0000,True,True
87.7189,-17.9570,12.0053,-235.7148,0.04051,0.0000,1.0000,0.0000,True,True
87.7274,-17.9856,12.0116,-235.7442,0.04153,0.0000,1.0000,0.0000,True,True
87.7358,-18.0149,12.0181,-235.7744,0.04251,0.0000,1.0000,0.0000,True,True
87.7440,-18.0449,12.0247,-235.8053,0.04357,0.0000,1.0000,0.0000,True,True
87.7523,-18.0756,12.0315,-235.8369,0.04458,0.0000,1.0000,0.0000,True,True
87.7606,-18.1069,12.0385,-235.8692,0.04555,0.0000,1.0000,0.0000,True,True
87.7689,-18.1383,12.0454,-235.9015,0.04552,0.0000,1.0000,0.0000,True,True
87.7773,-18.1696,12.0524,-235.9338,0.04559,0.0000,1.0000,0.0000,True,True
87.7856,-18.2010,12.0593,-235.9662,0.04557,0.0000,1.0000,0.0000,True,True
87.7940,-18.2324,12.0663,-235.9985,0.04560,0.0000,1.0000,0.0000,True,True
87.8023,-18.2638,12.0737,-236.0308,0.04566,0.0000,1.0000,0.0000,True,True
87.8107,-18.2953,12.0811,-236.0632,0.04578,0.0000,1.0000,0.0000,True,True
87.8191,-18.3267,12.0885,-236.0957,0.04582,0.0000,1.0000,0.0000,True,True
87.8273,-18.3583,12.0959,-236.1282,0.04592,0.0000,1.0000,0.0000,True,True
87.8359,-18.3911,12.1037,-236.1620,0.04774,0.0000,1.0000,0.0000,True,True
87.8442,-18.4223,12.1110,-236.1941,0.04530,0.0000,1.0000,0.0000,True,True
87.8526,-18.4540,12.1185,-236.2267,0.04616,0.0000,1.0000,0.0000,True,True
87.8608,-18.4858,12.1260,-236.2595,0.04629,0.0000,1.0000,0.0000,True,True
87.8692,-18.5176,12.1335,-236.2923,0.04633,0.0000,1.0000,0.0000,True,True
87.8775,-18.5496,12.1410,-236.3252,0.04646,0.0000,1.0000,0.0000,True,True
87.8858,-18.5816,12.1486,-236.3582,0.04655,0.0000,1.0000,0.0000,True,True
87.8942,-18.6139,12.1562,-236.3915,0.04711,0.0000,1.0000,0.0000,True,True
87.9025,-18.6460,12.1638,-236.4246,0.04668,0.0000,1.0000,0.0000,True,True
87.9110,-18.6782,12.1714,-236.4577,0.04683,0.0000,1.0000,0.0000,True,True
87.9191,-18.7104,12.1790,-236.4909,0.04681,0.0000,1.0000,0.0000,True,True
87.9278,-18.7431,12.1867,-236.5246,0.04767,0.0000,1.0000,0.0000,True,True
87.9360,-18.7755,12.1943,-236.5580,0.04709,0.0000,1.0000,0.0000,True,True
87.9445,-18.8080,12.2020,-236.5914,0.04721,0.0000,1.0000,0.0000,True,True
87.9526,-18.8405,12.2096,-236.6249,0.04732,0.0000,1.0000,0.0000,True,True
87.9611,-18.8731,12.2173,-236.6585,0.04745,0.0000,1.0000,0.0000,True,True
87.9694,-18.9058,12.2250,-236.6922,0.04754,0.0000,1.0000,0.0000,True,True
87.9778,-18.9385,12.2328,-236.7259,0.04767,0.0000,1.0000,0.0000,True,True
87.9861,-18.9717,12.2406,-236.7601,0.04825,0.0000,1.0000,0.0000,True,True
87.9945,-19.0046,12.2484,-236.7940,0.04793,0.0000,1.0000,0.0000,True,True
88.0027,-19.0376,12.2561,-236.8280,0.04793,0.0000,1.0000,0.0000,True,True
88.0111,-19.0706,12.2639,-236.8620,0.04813,0.0000,1.0000,0.0000,True,True
88.0194,-19.1038,12.2717,-236.8962,0.04821,0.0000,1.0000,0.0000,True,True
88.0277,-19.1370,12.2796,-236.9304,0.04834,0.0000,1.0000,0.0000,True,True
88.0361,-19.1703,12.2874,-236.9647,0.04845,0.0000,1.0000,0.0000,True,True
88.0443,-19.2037,12.2953,-236.9991,0.04858,0.0000,1.0000,0.0000,True,True
88.0527,-19.2372,12.3032,-237.0336,0.04870,0.0000,1.0000,0.0000,True,True
88.0610,-19.2707,12.3111,-237.0682,0.04883,0.0000,1.0000,0.0000,True,True
88.0694,-19.3044,12.3190,-237.1028,0.04892,0.0000,1.0000,0.0000,True,True
88.0777,-19.3381,12.3270,-237.1376,0.04909,0.0000,1.0000,0.0000,True,True
88.0860,-19.3719,12.3350,-237.1724,0.04920,0.0000,1.0000,0.0000,True,True
88.0944,-19.4058,12.3430,-237.2073,0.04935,0.0000,1.0000,0.0000,True,True
88.1027,-19.4398,12.3510,-237.2424,0.04946,0.0000,1.0000,0.0000,True,True
88.1111,-19.4739,12.3590,-237.2775,0.04963,0.0000,1.0000,0.0000,True,True
88.1194,-19.5081,12.3671,-237.3127,0.04974,0.0000,1.0000,0.0000,True,True
88.1278,-19.5424,12.3752,-237.3480,0.04987,0.0000,1.0000,0.0000,True,True
88.1361,-19.5768,12.3833,-237.3834,0.05002,0.0000,1.0000,0.0000,True,True
88.1444,-19.6112,12.3914,-237.4190,0.05016,0.0000,1.0000,0.0000,True,True
88.1528,-19.6458,12.3996,-237.4546,0.05028,0.0000,1.0000,0.0000,True,True
88.1612,-19.6805,12.4077,-237.4903,0.05049,0.0000,1.0000,0.0000,True,True
88.1693,-19.7153,12.4159,-237.5261,0.05056,0.0000,1.0000,0.0000,True,True
88.1778,-19.7501,12.4242,-237.5620,0.05075,0.0000,1.0000,0.0000,True,True
88.1860,-19.7851,12.4324,-237.5981,0.05087,0.0000,1.0000,0.0000,True,True
88.1945,-19.8202,12.4407,-237.6342,0.05107,0.0000,1.0000,0.0000,True,True
88.2027,-19.8554,12.4490,-237.6705,0.05118,0.0000,1.0000,0.0000,True,True
88.2110,-19.8907,12.4573,-237.7068,0.05138,0.0000,1.0000,0.0000,True,True
88.2194,-19.9261,12.4657,-237.7433,0.05149,0.0000,1.0000,0.0000,True,True
88.2277,-19.9616,12.4740,-237.7799,0.05172,0.0000,1.0000,0.0000,True,True
88.2361,-19.9973,12.4824,-237.8166,0.05185,0.0000,1.0000,0.0000,True,True
88.2444,-20.0330,12.4909,-237.8535,0.05200,0.0000,1.0000,0.0000,True,True
88.2527,-20.0689,12.4993,-237.8904,0.05217,0.0000,1.0000,0.0000,True,True
88.2610,-20.1049,12.5078,-237.9275,0.05237,0.0000,1.0000,0.0000,True,True
88.2693,-20.1410,12.5163,-237.9647,0.05251,0.0000,1.0000,0.0000,True,True
88.2777,-20.1772,12.5249,-238.0020,0.05274,0.0000,1.0000,0.0000,True,True
88.2861,-20.2136,12.5340,-238.0395,0.05303,0.0000,1.0000,0.0000,True,True
88.2946,-20.2501,12.5431,-238.0771,0.05320,0.0000,1.0000,0.0000,True,True
88.3027,-20.2868,12.5523,-238.1149,0.05349,0.0000,1.0000,0.0000,True,True
88.3111,-20.3237,12.5615,-238.1530,0.05381,0.0000,1.0000,0.0000,True,True
88.3194,-20.3608,12.5707,-238.1912,0.05404,0.0000,1.0000,0.0000,True,True
88.3277,-20.3981,12.5800,-238.2296,0.05437,0.0000,1.0000,0.0000,True,True
88.3361,-20.4356,12.5894,-238.2682,0.05466,0.0000,1.0000,0.0000,True,True
88.3444,-20.4733,12.5988,-238.3071,0.05493,0.0000,1.0000,0.0000,True,True
88.3527,-20.5112,12.6083,-238.3461,0.05523,0.0000,1.0000,0.0000,True,True
88.3611,-20.5493,12.6178,-238.3854,0.05554,0.0000,1.0000,0.0000,True,True
88.3694,-20.5876,12.6274,-238.4249,0.05584,0.0000,1.0000,0.0000,True,True
88.3778,-20.6262,12.6370,-238.4646,0.05617,0.0000,1.0000,0.0000,True,True
88.3861,-20.6649,12.6466,-238.5045,0.05644,0.0000,1.0000,0.0000,True,True
88.3944,-20.7039,12.6564,-238.5446,0.05677,0.0000,1.0000,0.0000,True,True
88.4029,-20.7430,12.6661,-238.5849,0.05709,0.0000,1.0000,0.0000,True,True
88.4112,-20.7825,12.6760,-238.6256,0.05754,0.0000,1.0000,0.0000,True,True
88.4195,-20.8221,12.6859,-238.6664,0.05773,0.0000,1.0000,0.0000,True,True
88.4280,-20.8620,12.6958,-238.7075,0.05811,0.0000,1.0000,0.0000,True,True
88.4361,-20.9021,12.7059,-238.7488,0.05841,0.0000,1.0000,0.0000,True,True
88.4445,-20.9424,12.7159,-238.7904,0.05879,0.0000,1.0000,0.0000,True,True
88.4527,-20.9830,12.7261,-238.8322,0.05916,0.0000,1.0000,0.0000,True,True
88.4613,-21.0239,12.7363,-238.8743,0.05950,0.0000,1.0000,0.0000,True,True
88.4696,-21.0650,12.7465,-238.9166,0.05992,0.0000,1.0000,0.0000,True,True
88.4778,-21.1063,12.7568,-238.9592,0.06026,0.0000,1.0000,0.0000,True,True
88.4862,-21.1479,12.7672,-239.0021,0.06059,0.0000,1.0000,0.0000,True,True
88.4944,-21.1898,12.7777,-239.0452,0.06102,0.0000,1.0000,0.0000,True,True
88.5027,-21.2319,12.7882,-239.0886,0.06136,0.0000,1.0000,0.0000,True,True
88.5111,-21.2743,12.7988,-239.1323,0.06179,0.0000,1.0000,0.0000,True,True
88.5195,-21.3171,12.8095,-239.1764,0.06242,0.0000,1.0000,0.0000,True,True
88.5278,-21.3601,12.8202,-239.2206,0.06258,0.0000,1.0000,0.0000,True,True
88.5361,-21.4033,12.8310,-239.2651,0.06296,0.0000,1.0000,0.0000,True,True
88.5446,-21.4477,12.8420,-239.3109,0.06471,0.0000,1.0000,0.0000,True,True
88.5529,-21.4915,12.8530,-239.3560,0.06382,0.0000,1.0000,0.0000,True,True
88.5613,-21.5356,12.8640,-239.4015,0.06432,0.0000,1.0000,0.0000,True,True
88.5696,-21.5799,12.8751,-239.4471,0.06456,0.0000,1.0000,0.0000,True,True
88.5780,-21.6246,12.8862,-239.4931,0.06512,0.0000,1.0000,0.0000,True,True
88.5863,-21.6696,12.8974,-239.5395,0.06555,0.0000,1.0000,0.0000,True,True
88.5946,-21.7149,12.9087,-239.5862,0.06602,0.0000,1.0000,0.0000,True,True
88.6029,-21.7605,12.9201,-239.6331,0.06646,0.0000,1.0000,0.0000,True,True
88.6114,-21.8064,12.9316,-239.6805,0.06695,0.0000,1.0000,0.0000,True,True
88.6196,-21.8527,12.9431,-239.7281,0.06739,0.0000,1.0000,0.0000,True,True
88.6281,-21.8993,12.9548,-239.7762,0.06794,0.0000,1.0000,0.0000,True,True
88.6367,-21.9462,12.9665,-239.8245,0.06840,0.0000,1.0000,0.0000,True,True
88.6689,-22.1134,13.0082,-239.9967,0.24360,0.0000,1.0000,0.0000,True,True
88.6781,-22.1134,13.0082,-239.9967,0.00000,0.0000,1.0000,0.0000,True,True
